initialized from checkpoint: previous step=8393, tokens=1100087296, source=/home/xia/code/j3/runs/20260905-021323/checkpoints/step_000008393
step=1 tokens=131072/1000000000 loss=3.6313 lr=1.97e-06 tok/s=19,516 eta=51233.880754407284
step=2 tokens=262144/1000000000 loss=3.5664 lr=3.93e-06 tok/s=44,957 eta=22237.60247385027
step=3 tokens=393216/1000000000 loss=3.7364 lr=5.9e-06 tok/s=44,937 eta=22244.730333992713
step=4 tokens=524288/1000000000 loss=3.6726 lr=7.86e-06 tok/s=44,940 eta=22240.462618468435
step=5 tokens=655360/1000000000 loss=3.8042 lr=9.83e-06 tok/s=44,950 eta=22232.35109092513
step=6 tokens=786432/1000000000 loss=3.5176 lr=1.18e-05 tok/s=44,947 eta=22230.933976769305
step=7 tokens=917504/1000000000 loss=3.7364 lr=1.38e-05 tok/s=44,933 eta=22234.88673613587
step=8 tokens=1048576/1000000000 loss=3.6058 lr=1.57e-05 tok/s=44,829 eta=22283.599903601043
step=9 tokens=1179648/1000000000 loss=3.5779 lr=1.77e-05 tok/s=44,835 eta=22277.677799494508
step=10 tokens=1310720/1000000000 loss=3.6335 lr=1.97e-05 tok/s=44,486 eta=22449.65551529786
step=11 tokens=1441792/1000000000 loss=3.5401 lr=2.16e-05 tok/s=44,813 eta=22282.656170973576
step=12 tokens=1572864/1000000000 loss=3.6548 lr=2.36e-05 tok/s=44,834 eta=22269.61544443752
step=13 tokens=1703936/1000000000 loss=3.5568 lr=2.56e-05 tok/s=44,834 eta=22266.269731122684
step=14 tokens=1835008/1000000000 loss=3.7078 lr=2.75e-05 tok/s=44,822 eta=22269.398013665246
step=15 tokens=1966080/1000000000 loss=3.6926 lr=2.95e-05 tok/s=44,831 eta=22262.32964924758
step=16 tokens=2097152/1000000000 loss=3.6364 lr=3.15e-05 tok/s=44,817 eta=22266.083922991573
step=17 tokens=2228224/1000000000 loss=3.6855 lr=3.34e-05 tok/s=44,822 eta=22260.797766859916
step=18 tokens=2359296/1000000000 loss=3.6045 lr=3.54e-05 tok/s=44,824 eta=22256.754296617743
step=19 tokens=2490368/1000000000 loss=3.6434 lr=3.74e-05 tok/s=44,714 eta=22308.82731565059
step=20 tokens=2621440/1000000000 loss=3.5869 lr=3.93e-05 tok/s=44,713 eta=22306.292957776714
step=21 tokens=2752512/1000000000 loss=3.6912 lr=4.13e-05 tok/s=44,643 eta=22338.233942161143
step=22 tokens=2883584/1000000000 loss=3.6362 lr=4.33e-05 tok/s=44,420 eta=22447.230210361664
step=23 tokens=3014656/1000000000 loss=3.6586 lr=4.52e-05 tok/s=44,323 eta=22493.40711649171
step=24 tokens=3145728/1000000000 loss=3.7511 lr=4.72e-05 tok/s=44,121 eta=22593.46443672973
step=25 tokens=3276800/1000000000 loss=3.5640 lr=4.92e-05 tok/s=43,905 eta=22702.05313175274
step=26 tokens=3407872/1000000000 loss=3.6274 lr=5.11e-05 tok/s=43,932 eta=22685.129833962765
step=27 tokens=3538944/1000000000 loss=3.6096 lr=5.31e-05 tok/s=43,427 eta=22945.584676855982
step=28 tokens=3670016/1000000000 loss=3.5946 lr=5.51e-05 tok/s=43,454 eta=22928.572684627172
step=29 tokens=3801088/1000000000 loss=3.6222 lr=5.7e-05 tok/s=43,358 eta=22976.216621190746
step=30 tokens=3932160/1000000000 loss=3.6131 lr=5.9e-05 tok/s=43,783 eta=22749.915347835562
step=31 tokens=4063232/1000000000 loss=3.7513 lr=6.09e-05 tok/s=43,552 eta=22867.960902551797
step=32 tokens=4194304/1000000000 loss=3.5132 lr=6.29e-05 tok/s=43,082 eta=23114.109648501046
step=33 tokens=4325376/1000000000 loss=3.7295 lr=6.49e-05 tok/s=43,397 eta=22943.46620711128
step=34 tokens=4456448/1000000000 loss=3.7340 lr=6.68e-05 tok/s=43,311 eta=22985.876974822797
step=35 tokens=4587520/1000000000 loss=3.7352 lr=6.88e-05 tok/s=43,139 eta=23074.344068126273
step=36 tokens=4718592/1000000000 loss=3.8292 lr=7.08e-05 tok/s=43,031 eta=23129.223692912805
step=37 tokens=4849664/1000000000 loss=3.8886 lr=7.27e-05 tok/s=43,053 eta=23114.799961604916
step=38 tokens=4980736/1000000000 loss=3.7902 lr=7.47e-05 tok/s=42,774 eta=23262.05256454583
step=39 tokens=5111808/1000000000 loss=3.5749 lr=7.67e-05 tok/s=42,831 eta=23228.08907002166
step=40 tokens=5242880/1000000000 loss=3.7792 lr=7.86e-05 tok/s=42,769 eta=23258.7548919688
step=41 tokens=5373952/1000000000 loss=3.7560 lr=8.06e-05 tok/s=42,708 eta=23288.726335906398
step=42 tokens=5505024/1000000000 loss=3.7176 lr=8.26e-05 tok/s=42,760 eta=23257.810042508456
step=43 tokens=5636096/1000000000 loss=3.7166 lr=8.45e-05 tok/s=42,686 eta=23294.970583326132
step=44 tokens=5767168/1000000000 loss=3.7130 lr=8.65e-05 tok/s=42,813 eta=23222.833674619884
step=45 tokens=5898240/1000000000 loss=3.7206 lr=8.85e-05 tok/s=42,579 eta=23347.36412096199
step=46 tokens=6029312/1000000000 loss=3.7797 lr=9.04e-05 tok/s=42,632 eta=23315.247686700663
step=47 tokens=6160384/1000000000 loss=3.4350 lr=9.24e-05 tok/s=42,306 eta=23491.418834319975
step=48 tokens=6291456/1000000000 loss=3.7782 lr=9.44e-05 tok/s=42,362 eta=23457.775841614086
step=49 tokens=6422528/1000000000 loss=3.7785 lr=9.63e-05 tok/s=42,515 eta=23370.26290381055
step=50 tokens=6553600/1000000000 loss=3.6244 lr=9.83e-05 tok/s=42,287 eta=23492.745933956405
step=51 tokens=6684672/1000000000 loss=3.6336 lr=0.0001 tok/s=42,417 eta=23418.11425462765
step=52 tokens=6815744/1000000000 loss=3.8769 lr=0.000102 tok/s=42,520 eta=23357.8068237179
step=53 tokens=6946816/1000000000 loss=3.7146 lr=0.000104 tok/s=42,147 eta=23561.523493685985
step=54 tokens=7077888/1000000000 loss=3.6996 lr=0.000106 tok/s=42,463 eta=23383.09905109885
step=55 tokens=7208960/1000000000 loss=3.6326 lr=0.000108 tok/s=42,247 eta=23499.830938794214
step=56 tokens=7340032/1000000000 loss=3.7570 lr=0.00011 tok/s=42,472 eta=23372.108112643848
step=57 tokens=7471104/1000000000 loss=3.7175 lr=0.000112 tok/s=42,475 eta=23367.096114299595
step=58 tokens=7602176/1000000000 loss=3.7244 lr=0.000114 tok/s=42,141 eta=23549.18364145666
step=59 tokens=7733248/1000000000 loss=3.8144 lr=0.000116 tok/s=42,477 eta=23360.145391931048
step=60 tokens=7864320/1000000000 loss=3.6775 lr=0.000118 tok/s=42,772 eta=23195.73420726254
step=61 tokens=7995392/1000000000 loss=3.7846 lr=0.00012 tok/s=42,405 eta=23393.712821784044
step=62 tokens=8126464/1000000000 loss=3.7982 lr=0.000122 tok/s=42,583 eta=23292.88747164096
step=63 tokens=8257536/1000000000 loss=3.7064 lr=0.000124 tok/s=42,650 eta=23253.116885790376
step=64 tokens=8388608/1000000000 loss=3.7494 lr=0.000126 tok/s=42,461 eta=23353.439582821113
step=65 tokens=8519680/1000000000 loss=3.6647 lr=0.000128 tok/s=42,252 eta=23465.7780292634
step=66 tokens=8650752/1000000000 loss=3.6700 lr=0.00013 tok/s=42,437 eta=23360.66435270004
step=67 tokens=8781824/1000000000 loss=3.7460 lr=0.000132 tok/s=42,264 eta=23452.788308714367
step=68 tokens=8912896/1000000000 loss=3.5982 lr=0.000134 tok/s=42,142 eta=23517.911854556092
step=69 tokens=9043968/1000000000 loss=3.7630 lr=0.000136 tok/s=42,264 eta=23446.753922154086
step=70 tokens=9175040/1000000000 loss=3.5869 lr=0.000138 tok/s=42,001 eta=23590.573100117123
step=71 tokens=9306112/1000000000 loss=3.5893 lr=0.00014 tok/s=41,801 eta=23700.133614764345
step=72 tokens=9437184/1000000000 loss=3.5664 lr=0.000142 tok/s=41,997 eta=23586.304875495636
step=73 tokens=9568256/1000000000 loss=3.6368 lr=0.000144 tok/s=42,208 eta=23465.23516623826
step=74 tokens=9699328/1000000000 loss=3.6837 lr=0.000145 tok/s=42,112 eta=23516.1240597737
step=75 tokens=9830400/1000000000 loss=3.6561 lr=0.000147 tok/s=42,028 eta=23559.76217009922
step=76 tokens=9961472/1000000000 loss=3.6156 lr=0.000149 tok/s=42,152 eta=23487.245209445762
step=77 tokens=10092544/1000000000 loss=3.7927 lr=0.000151 tok/s=16,411 eta=60318.69167728647
step=78 tokens=10223616/1000000000 loss=3.6045 lr=0.000153 tok/s=43,163 eta=22931.098441634913
step=79 tokens=10354688/1000000000 loss=3.6973 lr=0.000155 tok/s=42,459 eta=23308.13165083414
step=80 tokens=10485760/1000000000 loss=3.7005 lr=0.000157 tok/s=42,410 eta=23332.36711663851
step=81 tokens=10616832/1000000000 loss=3.6849 lr=0.000159 tok/s=42,564 eta=23244.8066631722
step=82 tokens=10747904/1000000000 loss=3.5849 lr=0.000161 tok/s=42,391 eta=23336.163879303946
step=83 tokens=10878976/1000000000 loss=3.7016 lr=0.000163 tok/s=42,134 eta=23475.631759227344
step=84 tokens=11010048/1000000000 loss=3.6286 lr=0.000165 tok/s=42,189 eta=23441.73043454075
step=85 tokens=11141120/1000000000 loss=3.7087 lr=0.000167 tok/s=42,330 eta=23360.524321105313
step=86 tokens=11272192/1000000000 loss=3.6594 lr=0.000169 tok/s=42,327 eta=23359.322255467807
step=87 tokens=11403264/1000000000 loss=3.7419 lr=0.000171 tok/s=42,128 eta=23466.516455120414
step=88 tokens=11534336/1000000000 loss=3.6065 lr=0.000173 tok/s=41,876 eta=23604.516406741233
step=89 tokens=11665408/1000000000 loss=3.6729 lr=0.000175 tok/s=41,933 eta=23569.480319439688
step=90 tokens=11796480/1000000000 loss=3.6581 lr=0.000177 tok/s=41,833 eta=23622.479076875796
step=91 tokens=11927552/1000000000 loss=3.7015 lr=0.000179 tok/s=41,969 eta=23542.893515959655
step=92 tokens=12058624/1000000000 loss=3.6606 lr=0.000181 tok/s=42,082 eta=23476.467635806082
step=93 tokens=12189696/1000000000 loss=3.6105 lr=0.000183 tok/s=42,006 eta=23516.192112263107
step=94 tokens=12320768/1000000000 loss=3.6266 lr=0.000185 tok/s=41,928 eta=23556.547702702534
step=95 tokens=12451840/1000000000 loss=3.6411 lr=0.000187 tok/s=41,600 eta=23739.21459827673
step=96 tokens=12582912/1000000000 loss=3.5901 lr=0.000189 tok/s=41,726 eta=23664.46881047355
step=97 tokens=12713984/1000000000 loss=2.8576 lr=0.000191 tok/s=41,823 eta=23606.558590154305
step=98 tokens=12845056/1000000000 loss=2.7438 lr=0.000193 tok/s=42,000 eta=23503.513602941803
step=99 tokens=12976128/1000000000 loss=2.6475 lr=0.000195 tok/s=41,826 eta=23598.422177359535
step=100 tokens=13107200/1000000000 loss=2.5865 lr=0.000197 tok/s=41,810 eta=23604.191613630148
step=101 tokens=13238272/1000000000 loss=2.5206 lr=0.000199 tok/s=41,904 eta=23548.211372921847
step=102 tokens=13369344/1000000000 loss=2.4685 lr=0.000201 tok/s=41,859 eta=23570.401664390363
step=103 tokens=13500416/1000000000 loss=2.4387 lr=0.000203 tok/s=41,879 eta=23555.9253953848
step=104 tokens=13631488/1000000000 loss=2.3992 lr=0.000204 tok/s=41,854 eta=23566.863900903878
step=105 tokens=13762560/1000000000 loss=2.4007 lr=0.000206 tok/s=41,681 eta=23661.55982879115
step=106 tokens=13893632/1000000000 loss=2.3206 lr=0.000208 tok/s=42,046 eta=23452.898546258697
step=107 tokens=14024704/1000000000 loss=2.3165 lr=0.00021 tok/s=41,804 eta=23585.841031119275
step=108 tokens=14155776/1000000000 loss=2.2840 lr=0.000212 tok/s=42,074 eta=23431.29955134911
step=109 tokens=14286848/1000000000 loss=2.2546 lr=0.000214 tok/s=42,040 eta=23447.008037894593
step=110 tokens=14417920/1000000000 loss=2.2182 lr=0.000216 tok/s=42,186 eta=23362.72150494008
step=111 tokens=14548992/1000000000 loss=2.2141 lr=0.000218 tok/s=42,030 eta=23446.53591702334
step=112 tokens=14680064/1000000000 loss=2.2131 lr=0.00022 tok/s=41,904 eta=23513.936858761357
step=113 tokens=14811136/1000000000 loss=2.1636 lr=0.000222 tok/s=41,828 eta=23553.579401305156
step=114 tokens=14942208/1000000000 loss=2.1453 lr=0.000224 tok/s=41,702 eta=23621.152627392214
step=115 tokens=15073280/1000000000 loss=2.1460 lr=0.000226 tok/s=41,675 eta=23633.693500801463
step=116 tokens=15204352/1000000000 loss=2.1350 lr=0.000228 tok/s=41,805 eta=23556.793906959847
step=117 tokens=15335424/1000000000 loss=2.1248 lr=0.00023 tok/s=41,746 eta=23587.126911715797
step=118 tokens=15466496/1000000000 loss=2.1031 lr=0.000232 tok/s=41,666 eta=23629.17112520807
step=119 tokens=15597568/1000000000 loss=2.0886 lr=0.000234 tok/s=41,851 eta=23521.673463401363
step=120 tokens=15728640/1000000000 loss=2.0578 lr=0.000236 tok/s=41,914 eta=23482.970179695014
step=121 tokens=15859712/1000000000 loss=2.0548 lr=0.000238 tok/s=41,878 eta=23500.021739302887
step=122 tokens=15990784/1000000000 loss=2.0456 lr=0.00024 tok/s=41,619 eta=23643.53999210023
step=123 tokens=16121856/1000000000 loss=2.0249 lr=0.000242 tok/s=41,774 eta=23552.67064353607
step=124 tokens=16252928/1000000000 loss=2.0118 lr=0.000244 tok/s=41,804 eta=23532.098096122936
step=125 tokens=16384000/1000000000 loss=2.0100 lr=0.000246 tok/s=41,427 eta=23743.476216207222
step=126 tokens=16515072/1000000000 loss=2.0006 lr=0.000248 tok/s=41,638 eta=23620.13032801846
step=127 tokens=16646144/1000000000 loss=1.9980 lr=0.00025 tok/s=41,657 eta=23605.862090270737
step=128 tokens=16777216/1000000000 loss=1.9708 lr=0.000252 tok/s=41,783 eta=23531.48577975352
step=129 tokens=16908288/1000000000 loss=4.1212 lr=0.000254 tok/s=41,794 eta=23522.253861008747
step=130 tokens=17039360/1000000000 loss=4.0619 lr=0.000256 tok/s=41,870 eta=23476.499903700587
step=131 tokens=17170432/1000000000 loss=3.9550 lr=0.000258 tok/s=41,507 eta=23678.65793954735
step=132 tokens=17301504/1000000000 loss=3.9779 lr=0.00026 tok/s=41,676 eta=23579.456363430756
step=133 tokens=17432576/1000000000 loss=4.0012 lr=0.000261 tok/s=41,644 eta=23594.43039878222
step=134 tokens=17563648/1000000000 loss=3.8972 lr=0.000263 tok/s=41,630 eta=23599.020487560847
step=135 tokens=17694720/1000000000 loss=3.8450 lr=0.000265 tok/s=41,618 eta=23602.77432539411
step=136 tokens=17825792/1000000000 loss=3.9764 lr=0.000267 tok/s=41,295 eta=23784.508184347174
step=137 tokens=17956864/1000000000 loss=3.7658 lr=0.000269 tok/s=41,808 eta=23489.426346888366
step=138 tokens=18087936/1000000000 loss=3.8534 lr=0.000271 tok/s=41,823 eta=23477.62447237839
step=139 tokens=18219008/1000000000 loss=3.8997 lr=0.000273 tok/s=41,757 eta=23511.594188251674
step=140 tokens=18350080/1000000000 loss=3.8216 lr=0.000275 tok/s=41,731 eta=23523.269625971054
step=141 tokens=18481152/1000000000 loss=3.8927 lr=0.000277 tok/s=41,826 eta=23466.93180037461
step=142 tokens=18612224/1000000000 loss=3.8847 lr=0.000279 tok/s=41,643 eta=23566.776192193607
step=143 tokens=18743296/1000000000 loss=3.8760 lr=0.000281 tok/s=41,669 eta=23549.06125699991
step=144 tokens=18874368/1000000000 loss=3.7376 lr=0.000283 tok/s=41,464 eta=23661.83957804165
step=145 tokens=19005440/1000000000 loss=3.8293 lr=0.000285 tok/s=41,479 eta=23650.346822517364
step=146 tokens=19136512/1000000000 loss=3.8528 lr=0.000287 tok/s=41,519 eta=23624.497193221257
step=147 tokens=19267584/1000000000 loss=3.9377 lr=0.000289 tok/s=41,696 eta=23521.229161427847
step=148 tokens=19398656/1000000000 loss=3.7091 lr=0.000291 tok/s=41,643 eta=23547.632129281534
step=149 tokens=19529728/1000000000 loss=3.7621 lr=0.000293 tok/s=41,595 eta=23571.584019225866
step=150 tokens=19660800/1000000000 loss=3.7743 lr=0.000295 tok/s=41,663 eta=23529.97984095851
step=151 tokens=19791872/1000000000 loss=3.8492 lr=0.000297 tok/s=41,692 eta=23510.539200835894
step=152 tokens=19922944/1000000000 loss=3.9140 lr=0.000299 tok/s=41,719 eta=23492.174324252566
step=153 tokens=20054016/1000000000 loss=3.7417 lr=0.0003 tok/s=30,121 eta=32534.00822282406
step=154 tokens=20185088/1000000000 loss=3.7662 lr=0.0003 tok/s=41,290 eta=23729.857056326782
step=155 tokens=20316160/1000000000 loss=3.7590 lr=0.0003 tok/s=41,909 eta=23376.309415101277
step=156 tokens=20447232/1000000000 loss=3.7602 lr=0.0003 tok/s=41,545 eta=23578.369525756796
step=157 tokens=20578304/1000000000 loss=3.7423 lr=0.0003 tok/s=41,379 eta=23669.694895051307
step=158 tokens=20709376/1000000000 loss=3.7837 lr=0.0003 tok/s=41,499 eta=23597.830702601892
step=159 tokens=20840448/1000000000 loss=3.8487 lr=0.0003 tok/s=41,704 eta=23478.836072340277
step=160 tokens=20971520/1000000000 loss=3.7977 lr=0.0003 tok/s=41,617 eta=23524.871409008727
step=161 tokens=21102592/1000000000 loss=3.7061 lr=0.0003 tok/s=41,684 eta=23483.765995223846
step=162 tokens=21233664/1000000000 loss=3.7221 lr=0.0003 tok/s=41,627 eta=23512.848498216073
step=163 tokens=21364736/1000000000 loss=3.7531 lr=0.0003 tok/s=41,712 eta=23461.911955904143
step=164 tokens=21495808/1000000000 loss=3.6673 lr=0.0003 tok/s=41,574 eta=23536.24467922276
step=165 tokens=21626880/1000000000 loss=3.6592 lr=0.0003 tok/s=41,587 eta=23525.838620238726
step=166 tokens=21757952/1000000000 loss=3.6624 lr=0.0003 tok/s=41,474 eta=23586.640975608567
step=167 tokens=21889024/1000000000 loss=3.6776 lr=0.0003 tok/s=41,483 eta=23578.47613747872
step=168 tokens=22020096/1000000000 loss=3.6320 lr=0.0003 tok/s=41,381 eta=23633.410438341325
step=169 tokens=22151168/1000000000 loss=3.6347 lr=0.0003 tok/s=41,664 eta=23470.005481068925
step=170 tokens=22282240/1000000000 loss=3.6134 lr=0.0003 tok/s=41,718 eta=23436.10661367586
step=171 tokens=22413312/1000000000 loss=3.6367 lr=0.0003 tok/s=41,600 eta=23499.596736207786
step=172 tokens=22544384/1000000000 loss=3.5581 lr=0.0003 tok/s=41,520 eta=23541.999457698123
step=173 tokens=22675456/1000000000 loss=3.5985 lr=0.0003 tok/s=41,459 eta=23573.086373820566
step=174 tokens=22806528/1000000000 loss=3.6305 lr=0.0003 tok/s=41,660 eta=23456.48516731894
step=175 tokens=22937600/1000000000 loss=3.5561 lr=0.0003 tok/s=41,280 eta=23669.02704410881
step=176 tokens=23068672/1000000000 loss=3.5439 lr=0.0003 tok/s=41,556 eta=23508.996423221128
step=177 tokens=23199744/1000000000 loss=3.5814 lr=0.0003 tok/s=41,431 eta=23576.340571461173
step=178 tokens=23330816/1000000000 loss=3.5785 lr=0.0003 tok/s=41,684 eta=23430.147870541892
step=179 tokens=23461888/1000000000 loss=3.5296 lr=0.0003 tok/s=41,703 eta=23416.660946883232
step=180 tokens=23592960/1000000000 loss=3.5469 lr=0.0003 tok/s=41,614 eta=23463.532859415198
step=181 tokens=23724032/1000000000 loss=3.5411 lr=0.0003 tok/s=41,435 eta=23561.6103035125
step=182 tokens=23855104/1000000000 loss=3.5750 lr=0.0003 tok/s=41,421 eta=23566.173795329443
step=183 tokens=23986176/1000000000 loss=3.5211 lr=0.0003 tok/s=41,499 eta=23518.86458114468
step=184 tokens=24117248/1000000000 loss=3.5226 lr=0.0003 tok/s=41,516 eta=23506.282209460536
step=185 tokens=24248320/1000000000 loss=3.5331 lr=0.0003 tok/s=41,320 eta=23614.396298011503
step=186 tokens=24379392/1000000000 loss=3.5509 lr=0.0003 tok/s=41,406 eta=23562.173690041236
step=187 tokens=24510464/1000000000 loss=3.5874 lr=0.0003 tok/s=41,512 eta=23498.826718362263
step=188 tokens=24641536/1000000000 loss=3.5131 lr=0.0003 tok/s=41,461 eta=23524.563205544335
step=189 tokens=24772608/1000000000 loss=3.4820 lr=0.0003 tok/s=41,390 eta=23561.69965891571
step=190 tokens=24903680/1000000000 loss=3.5295 lr=0.0003 tok/s=41,364 eta=23573.338308987368
step=191 tokens=25034752/1000000000 loss=3.5142 lr=0.0003 tok/s=41,594 eta=23439.832212775407
step=192 tokens=25165824/1000000000 loss=3.4872 lr=0.0003 tok/s=41,556 eta=23458.24074518135
step=193 tokens=25296896/1000000000 loss=3.6879 lr=0.0003 tok/s=41,563 eta=23451.200569999528
step=194 tokens=25427968/1000000000 loss=3.6866 lr=0.0003 tok/s=41,683 eta=23380.5366722822
step=195 tokens=25559040/1000000000 loss=3.7395 lr=0.0003 tok/s=41,739 eta=23346.167849904155
step=196 tokens=25690112/1000000000 loss=3.7401 lr=0.0003 tok/s=41,641 eta=23397.863471752902
step=197 tokens=25821184/1000000000 loss=3.6833 lr=0.0003 tok/s=41,539 eta=23452.431260075617
step=198 tokens=25952256/1000000000 loss=3.7790 lr=0.0003 tok/s=41,604 eta=23412.140879865936
step=199 tokens=26083328/1000000000 loss=3.6640 lr=0.0003 tok/s=41,531 eta=23450.247530166933
step=200 tokens=26214400/1000000000 loss=3.7133 lr=0.0003 tok/s=41,350 eta=23550.050259442207
step=201 tokens=26345472/1000000000 loss=3.6353 lr=0.0003 tok/s=41,523 eta=23448.561554009644
step=202 tokens=26476544/1000000000 loss=3.6330 lr=0.0003 tok/s=41,710 eta=23340.19250382893
step=203 tokens=26607616/1000000000 loss=3.7163 lr=0.0003 tok/s=41,483 eta=23464.855232366004
step=204 tokens=26738688/1000000000 loss=3.5784 lr=0.0003 tok/s=41,469 eta=23469.37249835822
step=205 tokens=26869760/1000000000 loss=3.6486 lr=0.0003 tok/s=41,392 eta=23510.23632930867
step=206 tokens=27000832/1000000000 loss=3.6400 lr=0.0003 tok/s=41,552 eta=23416.365560242873
step=207 tokens=27131904/1000000000 loss=3.5806 lr=0.0003 tok/s=41,445 eta=23473.54186616578
step=208 tokens=27262976/1000000000 loss=3.7524 lr=0.0003 tok/s=41,522 eta=23426.855336323923
step=209 tokens=27394048/1000000000 loss=3.6796 lr=0.0003 tok/s=41,641 eta=23357.01801946975
step=210 tokens=27525120/1000000000 loss=3.6559 lr=0.0003 tok/s=41,494 eta=23436.629561450718
step=211 tokens=27656192/1000000000 loss=3.6479 lr=0.0003 tok/s=41,429 eta=23470.06333169592
step=212 tokens=27787264/1000000000 loss=3.7424 lr=0.0003 tok/s=41,939 eta=23181.671239779265
step=213 tokens=27918336/1000000000 loss=3.6356 lr=0.0003 tok/s=41,906 eta=23196.475106142727
step=214 tokens=28049408/1000000000 loss=3.6308 lr=0.0003 tok/s=41,753 eta=23278.83438071494
step=215 tokens=28180480/1000000000 loss=3.6508 lr=0.0003 tok/s=41,501 eta=23416.56567566401
step=216 tokens=28311552/1000000000 loss=3.6359 lr=0.0003 tok/s=41,779 eta=23257.558634894645
step=217 tokens=28442624/1000000000 loss=3.6514 lr=0.0003 tok/s=41,844 eta=23218.740445636515
step=218 tokens=28573696/1000000000 loss=3.6912 lr=0.0003 tok/s=41,696 eta=23298.0359167544
step=219 tokens=28704768/1000000000 loss=3.7054 lr=0.0003 tok/s=41,919 eta=23170.61899784389
step=220 tokens=28835840/1000000000 loss=4.0492 lr=0.0003 tok/s=41,533 eta=23382.68732356177
step=221 tokens=28966912/1000000000 loss=4.7622 lr=0.0003 tok/s=41,690 eta=23291.8492761007
step=222 tokens=29097984/1000000000 loss=4.8248 lr=0.0003 tok/s=41,939 eta=23150.14777328325
step=223 tokens=29229056/1000000000 loss=4.6894 lr=0.0003 tok/s=41,908 eta=23164.520897382252
step=224 tokens=29360128/1000000000 loss=4.3501 lr=0.0003 tok/s=41,584 eta=23341.76051498968
step=225 tokens=29491200/1000000000 loss=4.5626 lr=0.0003 tok/s=41,321 eta=23486.829231382035
step=226 tokens=29622272/1000000000 loss=4.4509 lr=0.0003 tok/s=41,623 eta=23313.398201375257
step=227 tokens=29753344/1000000000 loss=4.4610 lr=0.0003 tok/s=41,659 eta=23290.26612656792
step=228 tokens=29884416/1000000000 loss=4.7404 lr=0.0003 tok/s=41,552 eta=23346.990032299524
step=229 tokens=30015488/1000000000 loss=4.6494 lr=0.0003 tok/s=30,175 eta=32145.213707982904
step=230 tokens=30146560/1000000000 loss=4.0737 lr=0.0003 tok/s=41,359 eta=23449.793864684212
step=231 tokens=30277632/1000000000 loss=3.8805 lr=0.0003 tok/s=41,681 eta=23265.05898289857
step=232 tokens=30408704/1000000000 loss=3.9115 lr=0.0003 tok/s=41,854 eta=23166.120370826517
step=233 tokens=30539776/1000000000 loss=3.6875 lr=0.0003 tok/s=41,326 eta=23458.662711469162
step=234 tokens=30670848/1000000000 loss=3.8640 lr=0.0003 tok/s=41,455 eta=23382.819736689577
step=235 tokens=30801920/1000000000 loss=3.6058 lr=0.0003 tok/s=41,302 eta=23466.003796579967
step=236 tokens=30932992/1000000000 loss=3.5059 lr=0.0003 tok/s=41,117 eta=23568.80551306878
step=237 tokens=31064064/1000000000 loss=3.6050 lr=0.0003 tok/s=41,528 eta=23331.88348507276
step=238 tokens=31195136/1000000000 loss=3.6637 lr=0.0003 tok/s=41,386 eta=23409.128848499364
step=239 tokens=31326208/1000000000 loss=3.5289 lr=0.0003 tok/s=41,177 eta=23524.622269358922
step=240 tokens=31457280/1000000000 loss=3.6468 lr=0.0003 tok/s=41,654 eta=23251.937142293125
step=241 tokens=31588352/1000000000 loss=3.6489 lr=0.0003 tok/s=41,772 eta=23183.19368937535
step=242 tokens=31719424/1000000000 loss=3.5166 lr=0.0003 tok/s=41,558 eta=23299.4199403793
step=243 tokens=31850496/1000000000 loss=3.4539 lr=0.0003 tok/s=41,768 eta=23179.447486759476
step=244 tokens=31981568/1000000000 loss=3.6767 lr=0.0003 tok/s=41,466 eta=23345.04254497795
step=245 tokens=32112640/1000000000 loss=3.6600 lr=0.0003 tok/s=41,642 eta=23243.11835828855
step=246 tokens=32243712/1000000000 loss=3.6169 lr=0.0003 tok/s=41,316 eta=23423.14540084397
step=247 tokens=32374784/1000000000 loss=3.7011 lr=0.0003 tok/s=41,462 eta=23337.7243837504
step=248 tokens=32505856/1000000000 loss=3.4185 lr=0.0003 tok/s=41,297 eta=23427.753458259478
step=249 tokens=32636928/1000000000 loss=3.5890 lr=0.0003 tok/s=41,286 eta=23430.925081303907
step=250 tokens=32768000/1000000000 loss=3.6702 lr=0.0003 tok/s=41,617 eta=23241.344992954233
step=251 tokens=32899072/1000000000 loss=3.6717 lr=0.0003 tok/s=41,472 eta=23319.46917323395
step=252 tokens=33030144/1000000000 loss=3.6204 lr=0.0003 tok/s=41,702 eta=23187.608985624534
step=253 tokens=33161216/1000000000 loss=3.6281 lr=0.0003 tok/s=41,292 eta=23414.508641841636
step=254 tokens=33292288/1000000000 loss=3.4587 lr=0.0003 tok/s=41,667 eta=23201.012797372503
step=255 tokens=33423360/1000000000 loss=3.5297 lr=0.0003 tok/s=41,658 eta=23202.659655118114
step=256 tokens=33554432/1000000000 loss=3.5758 lr=0.0003 tok/s=41,370 eta=23360.97302809276
step=257 tokens=33685504/1000000000 loss=3.5483 lr=0.0003 tok/s=41,545 eta=23259.27186292817
step=258 tokens=33816576/1000000000 loss=3.6743 lr=0.0003 tok/s=41,639 eta=23203.801992236735
step=259 tokens=33947648/1000000000 loss=3.5478 lr=0.0003 tok/s=41,411 eta=23328.537905219386
step=260 tokens=34078720/1000000000 loss=3.8231 lr=0.0003 tok/s=41,385 eta=23340.01540731337
step=261 tokens=34209792/1000000000 loss=3.6396 lr=0.0003 tok/s=41,640 eta=23193.54442161703
step=262 tokens=34340864/1000000000 loss=3.7762 lr=0.0003 tok/s=41,522 eta=23256.314665151174
step=263 tokens=34471936/1000000000 loss=3.7144 lr=0.0003 tok/s=41,530 eta=23249.19438272785
step=264 tokens=34603008/1000000000 loss=3.6798 lr=0.0003 tok/s=41,560 eta=23228.835386359537
step=265 tokens=34734080/1000000000 loss=3.7433 lr=0.0003 tok/s=41,722 eta=23135.479850666525
step=266 tokens=34865152/1000000000 loss=3.7236 lr=0.0003 tok/s=41,748 eta=23118.006796785266
step=267 tokens=34996224/1000000000 loss=3.6531 lr=0.0003 tok/s=41,725 eta=23127.974496994753
step=268 tokens=35127296/1000000000 loss=3.7489 lr=0.0003 tok/s=41,473 eta=23265.20274921473
step=269 tokens=35258368/1000000000 loss=3.6554 lr=0.0003 tok/s=41,211 eta=23409.811435673782
step=270 tokens=35389440/1000000000 loss=3.7318 lr=0.0003 tok/s=41,720 eta=23120.977483697945
step=271 tokens=35520512/1000000000 loss=3.5774 lr=0.0003 tok/s=41,404 eta=23294.3434153216
step=272 tokens=35651584/1000000000 loss=3.7097 lr=0.0003 tok/s=41,603 eta=23179.841797809095
step=273 tokens=35782656/1000000000 loss=3.5865 lr=0.0003 tok/s=41,421 eta=23278.62431168078
step=274 tokens=35913728/1000000000 loss=3.6511 lr=0.0003 tok/s=41,553 eta=23201.630316315575
step=275 tokens=36044800/1000000000 loss=3.7227 lr=0.0003 tok/s=41,030 eta=23494.168505995647
step=276 tokens=36175872/1000000000 loss=3.7086 lr=0.0003 tok/s=41,374 eta=23295.54952171363
step=277 tokens=36306944/1000000000 loss=3.6459 lr=0.0003 tok/s=41,498 eta=23222.843868994012
step=278 tokens=36438016/1000000000 loss=3.7150 lr=0.0003 tok/s=41,484 eta=23227.344421787275
step=279 tokens=36569088/1000000000 loss=3.6625 lr=0.0003 tok/s=41,036 eta=23477.43689719195
step=280 tokens=36700160/1000000000 loss=3.5825 lr=0.0003 tok/s=41,598 eta=23157.09797244634
step=281 tokens=36831232/1000000000 loss=3.6568 lr=0.0003 tok/s=41,341 eta=23298.041211886404
step=282 tokens=36962304/1000000000 loss=3.7889 lr=0.0003 tok/s=41,467 eta=23224.18941423957
step=283 tokens=37093376/1000000000 loss=3.5794 lr=0.0003 tok/s=41,403 eta=23256.96854211824
step=284 tokens=37224448/1000000000 loss=3.6951 lr=0.0003 tok/s=41,386 eta=23263.448402637463
step=285 tokens=37355520/1000000000 loss=3.6711 lr=0.0003 tok/s=41,498 eta=23197.6196319878
step=286 tokens=37486592/1000000000 loss=3.6157 lr=0.0003 tok/s=41,709 eta=23076.76646612107
checkpoint saved: runs/20260905-135527/checkpoints/step_000000286 (time)
step=287 tokens=37617664/1000000000 loss=3.6046 lr=0.0003 tok/s=35,440 eta=27155.09095716693
step=288 tokens=37748736/1000000000 loss=3.6933 lr=0.0003 tok/s=41,612 eta=23124.55782196836
step=289 tokens=37879808/1000000000 loss=3.6568 lr=0.0003 tok/s=41,930 eta=22945.863963978107
step=290 tokens=38010880/1000000000 loss=3.6757 lr=0.0003 tok/s=41,689 eta=23075.516630270908
step=291 tokens=38141952/1000000000 loss=3.5653 lr=0.0003 tok/s=41,437 eta=23212.709008565067
step=292 tokens=38273024/1000000000 loss=3.5909 lr=0.0003 tok/s=41,654 eta=23088.425961308745
step=293 tokens=38404096/1000000000 loss=3.6722 lr=0.0003 tok/s=41,449 eta=23199.524383573935
step=294 tokens=38535168/1000000000 loss=4.1207 lr=0.0003 tok/s=41,278 eta=23292.607782495055
step=295 tokens=38666240/1000000000 loss=4.4348 lr=0.0003 tok/s=41,466 eta=23183.388382403973
step=296 tokens=38797312/1000000000 loss=4.5168 lr=0.0003 tok/s=41,569 eta=23122.93129786321
step=297 tokens=38928384/1000000000 loss=4.4353 lr=0.0003 tok/s=41,399 eta=23215.02841455239
step=298 tokens=39059456/1000000000 loss=4.5381 lr=0.0003 tok/s=41,360 eta=23233.547019516547
step=299 tokens=39190528/1000000000 loss=4.6885 lr=0.0003 tok/s=41,144 eta=23352.470984342355
step=300 tokens=39321600/1000000000 loss=4.6294 lr=0.0003 tok/s=41,457 eta=23172.659573299294
step=301 tokens=39452672/1000000000 loss=4.3994 lr=0.0003 tok/s=41,507 eta=23141.583877866266
step=302 tokens=39583744/1000000000 loss=4.4600 lr=0.0003 tok/s=41,397 eta=23199.878432576403
step=303 tokens=39714816/1000000000 loss=4.4240 lr=0.0003 tok/s=41,117 eta=23354.898396493507
step=304 tokens=39845888/1000000000 loss=4.6024 lr=0.0003 tok/s=40,956 eta=23443.785402547746
step=305 tokens=39976960/1000000000 loss=4.3589 lr=0.0003 tok/s=41,340 eta=23222.708645100465
step=306 tokens=40108032/1000000000 loss=4.9334 lr=0.0003 tok/s=30,130 eta=31857.871582110143
step=307 tokens=40239104/1000000000 loss=4.5837 lr=0.0003 tok/s=41,069 eta=23369.368019389607
step=308 tokens=40370176/1000000000 loss=4.4466 lr=0.0003 tok/s=41,493 eta=23127.386125150028
step=309 tokens=40501248/1000000000 loss=4.3249 lr=0.0003 tok/s=41,523 eta=23107.73436255997
step=310 tokens=40632320/1000000000 loss=4.2331 lr=0.0003 tok/s=41,302 eta=23228.288168456846
step=311 tokens=40763392/1000000000 loss=4.3574 lr=0.0003 tok/s=41,397 eta=23171.45441009471
step=312 tokens=40894464/1000000000 loss=4.5018 lr=0.0003 tok/s=41,283 eta=23232.31550648452
step=313 tokens=41025536/1000000000 loss=4.4099 lr=0.0003 tok/s=41,602 eta=23051.227957840147
step=314 tokens=41156608/1000000000 loss=4.6263 lr=0.0003 tok/s=41,353 eta=23186.564428625712
step=315 tokens=41287680/1000000000 loss=4.2110 lr=0.0003 tok/s=41,467 eta=23120.01222656793
step=316 tokens=41418752/1000000000 loss=4.3844 lr=0.0003 tok/s=41,273 eta=23225.274916906772
step=317 tokens=41549824/1000000000 loss=4.7138 lr=0.0003 tok/s=41,314 eta=23199.11728665905
step=318 tokens=41680896/1000000000 loss=4.4628 lr=0.0003 tok/s=41,508 eta=23087.337572630244
step=319 tokens=41811968/1000000000 loss=4.3630 lr=0.0003 tok/s=41,608 eta=23028.92072659624
step=320 tokens=41943040/1000000000 loss=4.5464 lr=0.0003 tok/s=41,648 eta=23003.840210966882
step=321 tokens=42074112/1000000000 loss=4.5803 lr=0.0003 tok/s=41,479 eta=23094.295305719123
step=322 tokens=42205184/1000000000 loss=4.6572 lr=0.0003 tok/s=41,730 eta=22952.137498444496
step=323 tokens=42336256/1000000000 loss=4.2548 lr=0.0003 tok/s=41,286 eta=23195.84508563688
step=324 tokens=42467328/1000000000 loss=4.2694 lr=0.0003 tok/s=41,485 eta=23081.616258828286
step=325 tokens=42598400/1000000000 loss=4.4860 lr=0.0003 tok/s=41,554 eta=23039.82754025893
step=326 tokens=42729472/1000000000 loss=4.1608 lr=0.0003 tok/s=41,493 eta=23070.78939685953
step=327 tokens=42860544/1000000000 loss=3.8581 lr=0.0003 tok/s=41,641 eta=22985.554424384503
step=328 tokens=42991616/1000000000 loss=3.9913 lr=0.0003 tok/s=41,555 eta=23029.723554927783
step=329 tokens=43122688/1000000000 loss=3.9219 lr=0.0003 tok/s=41,447 eta=23086.51027557941
step=330 tokens=43253760/1000000000 loss=3.9219 lr=0.0003 tok/s=41,598 eta=22999.75085783318
step=331 tokens=43384832/1000000000 loss=3.9247 lr=0.0003 tok/s=41,285 eta=23171.048185972628
step=332 tokens=43515904/1000000000 loss=3.9529 lr=0.0003 tok/s=41,436 eta=23083.209219284916
step=333 tokens=43646976/1000000000 loss=3.7989 lr=0.0003 tok/s=41,449 eta=23072.962798261768
step=334 tokens=43778048/1000000000 loss=3.7932 lr=0.0003 tok/s=41,351 eta=23124.47574500144
step=335 tokens=43909120/1000000000 loss=3.8581 lr=0.0003 tok/s=41,600 eta=22982.728779319972
step=336 tokens=44040192/1000000000 loss=3.7972 lr=0.0003 tok/s=41,593 eta=22983.673274630226
step=337 tokens=44171264/1000000000 loss=3.8990 lr=0.0003 tok/s=41,249 eta=23172.36111626494
step=338 tokens=44302336/1000000000 loss=3.7896 lr=0.0003 tok/s=41,039 eta=23287.580364767662
step=339 tokens=44433408/1000000000 loss=3.8642 lr=0.0003 tok/s=41,400 eta=23081.152534472796
step=340 tokens=44564480/1000000000 loss=3.8111 lr=0.0003 tok/s=41,301 eta=23133.552637466237
step=341 tokens=44695552/1000000000 loss=3.8032 lr=0.0003 tok/s=41,365 eta=23094.515452110052
step=342 tokens=44826624/1000000000 loss=3.8274 lr=0.0003 tok/s=41,494 eta=23019.29229734882
step=343 tokens=44957696/1000000000 loss=3.8491 lr=0.0003 tok/s=41,187 eta=23187.822035152436
step=344 tokens=45088768/1000000000 loss=3.8317 lr=0.0003 tok/s=41,230 eta=23160.619307247784
step=345 tokens=45219840/1000000000 loss=3.8408 lr=0.0003 tok/s=41,427 eta=23047.296659028154
step=346 tokens=45350912/1000000000 loss=3.8313 lr=0.0003 tok/s=41,139 eta=23205.29692518669
step=347 tokens=45481984/1000000000 loss=3.7691 lr=0.0003 tok/s=41,386 eta=23063.60281390539
step=348 tokens=45613056/1000000000 loss=3.8109 lr=0.0003 tok/s=41,078 eta=23233.324802145475
step=349 tokens=45744128/1000000000 loss=3.7996 lr=0.0003 tok/s=41,201 eta=23161.037538187764
step=350 tokens=45875200/1000000000 loss=3.7446 lr=0.0003 tok/s=41,297 eta=23104.159788340043
step=351 tokens=46006272/1000000000 loss=3.7388 lr=0.0003 tok/s=41,253 eta=23125.47658185426
step=352 tokens=46137344/1000000000 loss=3.7468 lr=0.0003 tok/s=41,409 eta=23035.14235329598
step=353 tokens=46268416/1000000000 loss=3.9119 lr=0.0003 tok/s=41,323 eta=23080.189089193587
step=354 tokens=46399488/1000000000 loss=3.7339 lr=0.0003 tok/s=41,468 eta=22995.78389061794
step=355 tokens=46530560/1000000000 loss=3.7762 lr=0.0003 tok/s=41,331 eta=23069.147897645707
step=356 tokens=46661632/1000000000 loss=3.6537 lr=0.0003 tok/s=41,418 eta=23017.336132832188
step=357 tokens=46792704/1000000000 loss=3.4765 lr=0.0003 tok/s=41,267 eta=23098.7513786269
step=358 tokens=46923776/1000000000 loss=3.6800 lr=0.000299 tok/s=41,560 eta=22932.52165864527
step=359 tokens=47054848/1000000000 loss=3.6646 lr=0.000299 tok/s=41,308 eta=23069.11812473587
step=360 tokens=47185920/1000000000 loss=3.5423 lr=0.000299 tok/s=41,495 eta=22962.25626253441
step=361 tokens=47316992/1000000000 loss=3.6124 lr=0.000299 tok/s=41,616 eta=22892.330875743934
step=362 tokens=47448064/1000000000 loss=3.5476 lr=0.000299 tok/s=41,316 eta=23055.53176118206
step=363 tokens=47579136/1000000000 loss=3.6512 lr=0.000299 tok/s=41,211 eta=23110.92847386916
step=364 tokens=47710208/1000000000 loss=3.6221 lr=0.000299 tok/s=41,362 eta=23023.501088708515
step=365 tokens=47841280/1000000000 loss=3.6207 lr=0.000299 tok/s=41,591 eta=22893.338486897155
step=366 tokens=47972352/1000000000 loss=3.5270 lr=0.000299 tok/s=41,632 eta=22867.73771269733
step=367 tokens=48103424/1000000000 loss=3.5391 lr=0.000299 tok/s=41,557 eta=22905.936109739345
step=368 tokens=48234496/1000000000 loss=3.5363 lr=0.000299 tok/s=41,538 eta=22913.129382515675
step=369 tokens=48365568/1000000000 loss=3.4948 lr=0.000299 tok/s=41,661 eta=22842.564632092373
step=370 tokens=48496640/1000000000 loss=3.5829 lr=0.000299 tok/s=41,701 eta=22817.21848257587
step=371 tokens=48627712/1000000000 loss=3.4560 lr=0.000299 tok/s=41,387 eta=22986.995707816583
step=372 tokens=48758784/1000000000 loss=3.4491 lr=0.000299 tok/s=41,324 eta=23019.253033458142
step=373 tokens=48889856/1000000000 loss=3.5140 lr=0.000299 tok/s=41,347 eta=23003.284097575626
step=374 tokens=49020928/1000000000 loss=3.6711 lr=0.000299 tok/s=41,202 eta=23080.85310904329
step=375 tokens=49152000/1000000000 loss=3.6158 lr=0.000299 tok/s=41,340 eta=23000.520111395625
step=376 tokens=49283072/1000000000 loss=3.5896 lr=0.000299 tok/s=41,279 eta=23031.26085711015
step=377 tokens=49414144/1000000000 loss=3.5021 lr=0.000299 tok/s=41,436 eta=22941.205927727973
step=378 tokens=49545216/1000000000 loss=3.5255 lr=0.000299 tok/s=41,272 eta=23029.043325998424
step=379 tokens=49676288/1000000000 loss=3.4630 lr=0.000299 tok/s=41,264 eta=23030.545892155238
step=380 tokens=49807360/1000000000 loss=3.5633 lr=0.000299 tok/s=41,409 eta=22946.300401455665
step=381 tokens=49938432/1000000000 loss=3.6755 lr=0.000299 tok/s=41,376 eta=22961.46979905459
step=382 tokens=50069504/1000000000 loss=3.5585 lr=0.000299 tok/s=29,995 eta=31669.176633898733
checkpoint saved: runs/20260905-135527/checkpoints/tokens_000050m (permanent_tokens)
step=383 tokens=50200576/1000000000 loss=3.5792 lr=0.000299 tok/s=36,124 eta=26292.60922102791
step=384 tokens=50331648/1000000000 loss=3.5560 lr=0.000299 tok/s=41,306 eta=22990.843865105235
step=385 tokens=50462720/1000000000 loss=3.5545 lr=0.000299 tok/s=41,513 eta=22873.449713753947
step=386 tokens=50593792/1000000000 loss=3.4454 lr=0.000299 tok/s=41,454 eta=22902.770086915247
step=387 tokens=50724864/1000000000 loss=3.5944 lr=0.000299 tok/s=41,581 eta=22829.452177764397
step=388 tokens=50855936/1000000000 loss=3.7668 lr=0.000299 tok/s=41,331 eta=22964.272436200794
step=389 tokens=50987008/1000000000 loss=3.7284 lr=0.000299 tok/s=41,381 eta=22933.61139919748
step=390 tokens=51118080/1000000000 loss=3.7147 lr=0.000299 tok/s=41,282 eta=22985.46428550619
step=391 tokens=51249152/1000000000 loss=3.6430 lr=0.000299 tok/s=41,109 eta=23078.636772871094
step=392 tokens=51380224/1000000000 loss=3.6288 lr=0.000299 tok/s=41,234 eta=23005.72900232629
step=393 tokens=51511296/1000000000 loss=3.5981 lr=0.000299 tok/s=41,335 eta=22946.383446839485
step=394 tokens=51642368/1000000000 loss=3.6096 lr=0.000299 tok/s=41,163 eta=23039.281376401217
step=395 tokens=51773440/1000000000 loss=3.6309 lr=0.000299 tok/s=41,097 eta=23072.85942165922
step=396 tokens=51904512/1000000000 loss=3.7266 lr=0.000299 tok/s=41,449 eta=22873.66519588643
step=397 tokens=52035584/1000000000 loss=3.7039 lr=0.000299 tok/s=41,342 eta=22929.634096751954
step=398 tokens=52166656/1000000000 loss=3.6120 lr=0.000299 tok/s=41,156 eta=23030.32460818454
step=399 tokens=52297728/1000000000 loss=3.6922 lr=0.000299 tok/s=41,427 eta=22876.68832878463
step=400 tokens=52428800/1000000000 loss=3.6764 lr=0.000299 tok/s=41,380 eta=22899.320220810216
step=401 tokens=52559872/1000000000 loss=3.5387 lr=0.000299 tok/s=41,345 eta=22915.261067806005
step=402 tokens=52690944/1000000000 loss=3.6345 lr=0.000299 tok/s=41,162 eta=23014.038339557548
step=403 tokens=52822016/1000000000 loss=3.6333 lr=0.000299 tok/s=41,428 eta=22863.077580603185
step=404 tokens=52953088/1000000000 loss=3.6335 lr=0.000299 tok/s=41,169 eta=23003.755359675357
step=405 tokens=53084160/1000000000 loss=3.6336 lr=0.000299 tok/s=41,395 eta=22875.322554764618
step=406 tokens=53215232/1000000000 loss=3.5917 lr=0.000299 tok/s=41,281 eta=22935.04936971682
step=407 tokens=53346304/1000000000 loss=3.6129 lr=0.000299 tok/s=41,164 eta=22997.044456634834
step=408 tokens=53477376/1000000000 loss=3.6343 lr=0.000299 tok/s=41,552 eta=22779.217979058434
step=409 tokens=53608448/1000000000 loss=4.0206 lr=0.000299 tok/s=41,219 eta=22960.19798666842
step=410 tokens=53739520/1000000000 loss=3.7242 lr=0.000299 tok/s=41,365 eta=22875.66312492683
step=411 tokens=53870592/1000000000 loss=3.6801 lr=0.000299 tok/s=41,118 eta=23010.032908065943
step=412 tokens=54001664/1000000000 loss=3.6597 lr=0.000299 tok/s=41,272 eta=22920.96280211909
step=413 tokens=54132736/1000000000 loss=3.6401 lr=0.000299 tok/s=41,204 eta=22955.96748609244
step=414 tokens=54263808/1000000000 loss=3.8135 lr=0.000299 tok/s=41,215 eta=22946.356206919772
step=415 tokens=54394880/1000000000 loss=3.5889 lr=0.000299 tok/s=41,421 eta=22829.356667393924
step=416 tokens=54525952/1000000000 loss=3.6062 lr=0.000299 tok/s=41,555 eta=22752.575951832347
step=417 tokens=54657024/1000000000 loss=3.6136 lr=0.000299 tok/s=41,449 eta=22807.618096931274
step=418 tokens=54788096/1000000000 loss=3.5707 lr=0.000299 tok/s=41,479 eta=22787.659627054207
step=419 tokens=54919168/1000000000 loss=3.6092 lr=0.000299 tok/s=41,435 eta=22808.69154400452
step=420 tokens=55050240/1000000000 loss=3.7164 lr=0.000299 tok/s=41,326 eta=22865.529598072128
step=421 tokens=55181312/1000000000 loss=3.7873 lr=0.000299 tok/s=41,370 eta=22838.432117462955
step=422 tokens=55312384/1000000000 loss=3.7445 lr=0.000299 tok/s=41,337 eta=22853.436719094523
step=423 tokens=55443456/1000000000 loss=3.8374 lr=0.000299 tok/s=41,394 eta=22818.756943028544
step=424 tokens=55574528/1000000000 loss=3.6599 lr=0.000299 tok/s=41,561 eta=22723.91985884866
step=425 tokens=55705600/1000000000 loss=3.8156 lr=0.000299 tok/s=41,322 eta=22852.066161626888
step=426 tokens=55836672/1000000000 loss=3.7676 lr=0.000299 tok/s=41,091 eta=22977.614069490977
step=427 tokens=55967744/1000000000 loss=3.6966 lr=0.000299 tok/s=41,444 eta=22778.32053694778
step=428 tokens=56098816/1000000000 loss=3.7189 lr=0.000299 tok/s=41,527 eta=22729.854665819348
step=429 tokens=56229888/1000000000 loss=3.6740 lr=0.000299 tok/s=41,199 eta=22907.56152051109
step=430 tokens=56360960/1000000000 loss=3.6244 lr=0.000299 tok/s=41,296 eta=22850.48540001541
step=431 tokens=56492032/1000000000 loss=3.7500 lr=0.000299 tok/s=41,229 eta=22884.498087245523
step=432 tokens=56623104/1000000000 loss=3.6516 lr=0.000299 tok/s=41,521 eta=22720.58996394502
step=433 tokens=56754176/1000000000 loss=3.7131 lr=0.000299 tok/s=41,371 eta=22799.418288742385
step=434 tokens=56885248/1000000000 loss=3.6727 lr=0.000299 tok/s=41,366 eta=22799.48131624036
step=435 tokens=57016320/1000000000 loss=3.6639 lr=0.000299 tok/s=41,134 eta=22924.786343281237
step=436 tokens=57147392/1000000000 loss=3.7825 lr=0.000299 tok/s=41,335 eta=22810.100285440538
step=437 tokens=57278464/1000000000 loss=3.8053 lr=0.000299 tok/s=41,187 eta=22888.734775021996
step=438 tokens=57409536/1000000000 loss=3.7250 lr=0.000299 tok/s=41,471 eta=22728.879823900475
step=439 tokens=57540608/1000000000 loss=3.7012 lr=0.000299 tok/s=41,399 eta=22765.405554463494
step=440 tokens=57671680/1000000000 loss=3.7851 lr=0.000299 tok/s=41,248 eta=22845.37496693146
step=441 tokens=57802752/1000000000 loss=3.7882 lr=0.000299 tok/s=41,252 eta=22839.89590279223
step=442 tokens=57933824/1000000000 loss=3.7437 lr=0.000299 tok/s=41,289 eta=22816.304439650856
step=443 tokens=58064896/1000000000 loss=3.7337 lr=0.000299 tok/s=41,449 eta=22725.162624802884
step=444 tokens=58195968/1000000000 loss=3.7859 lr=0.000299 tok/s=41,407 eta=22745.11816916717
step=445 tokens=58327040/1000000000 loss=3.7114 lr=0.000299 tok/s=40,930 eta=23006.88045634147
step=446 tokens=58458112/1000000000 loss=3.7197 lr=0.000299 tok/s=41,364 eta=22762.259152341536
step=447 tokens=58589184/1000000000 loss=3.7163 lr=0.000299 tok/s=41,230 eta=22832.918604725917
step=448 tokens=58720256/1000000000 loss=3.6825 lr=0.000299 tok/s=41,446 eta=22711.14393922106
step=449 tokens=58851328/1000000000 loss=3.6717 lr=0.000299 tok/s=41,461 eta=22699.542431521935
step=450 tokens=58982400/1000000000 loss=3.7355 lr=0.000299 tok/s=41,430 eta=22713.474507868486
step=451 tokens=59113472/1000000000 loss=3.8130 lr=0.000299 tok/s=41,428 eta=22711.20282784572
step=452 tokens=59244544/1000000000 loss=3.8275 lr=0.000299 tok/s=41,372 eta=22739.028427417437
step=453 tokens=59375616/1000000000 loss=3.7352 lr=0.000299 tok/s=41,286 eta=22783.292819768943
step=454 tokens=59506688/1000000000 loss=3.8923 lr=0.000299 tok/s=41,251 eta=22799.502386071417
step=455 tokens=59637760/1000000000 loss=3.7312 lr=0.000299 tok/s=41,181 eta=22834.65213815462
step=456 tokens=59768832/1000000000 loss=3.7681 lr=0.000299 tok/s=41,357 eta=22734.305230071022
step=457 tokens=59899904/1000000000 loss=3.8048 lr=0.000299 tok/s=41,419 eta=22697.49312850871
step=458 tokens=60030976/1000000000 loss=3.7151 lr=0.000299 tok/s=29,841 eta=31498.959794492534
step=459 tokens=60162048/1000000000 loss=3.7034 lr=0.000299 tok/s=41,376 eta=22714.770347104146
step=460 tokens=60293120/1000000000 loss=3.9625 lr=0.000299 tok/s=41,313 eta=22746.171584640186
step=461 tokens=60424192/1000000000 loss=3.8340 lr=0.000299 tok/s=41,149 eta=22833.486010709083
step=462 tokens=60555264/1000000000 loss=3.7267 lr=0.000299 tok/s=41,275 eta=22760.577106921333
step=463 tokens=60686336/1000000000 loss=3.7488 lr=0.000299 tok/s=41,301 eta=22743.180591775414
step=464 tokens=60817408/1000000000 loss=3.7439 lr=0.000299 tok/s=40,989 eta=22912.948157730494
step=465 tokens=60948480/1000000000 loss=3.7232 lr=0.000299 tok/s=41,096 eta=22850.107229867208
step=466 tokens=61079552/1000000000 loss=3.7548 lr=0.000299 tok/s=41,348 eta=22707.948959024237
step=467 tokens=61210624/1000000000 loss=3.7312 lr=0.000299 tok/s=41,189 eta=22791.960250080865
step=468 tokens=61341696/1000000000 loss=3.5842 lr=0.000299 tok/s=41,269 eta=22744.689720417624
step=469 tokens=61472768/1000000000 loss=3.7390 lr=0.000299 tok/s=41,325 eta=22710.679651346167
step=470 tokens=61603840/1000000000 loss=3.7853 lr=0.000299 tok/s=41,446 eta=22641.558049429583
step=471 tokens=61734912/1000000000 loss=3.7658 lr=0.000299 tok/s=41,424 eta=22650.02939043258
step=472 tokens=61865984/1000000000 loss=3.7211 lr=0.000299 tok/s=41,324 eta=22701.8797159522
step=473 tokens=61997056/1000000000 loss=3.6684 lr=0.000299 tok/s=41,306 eta=22708.87182052398
step=474 tokens=62128128/1000000000 loss=3.7860 lr=0.000299 tok/s=41,380 eta=22665.076780840114
step=475 tokens=62259200/1000000000 loss=3.8344 lr=0.000299 tok/s=41,451 eta=22622.944014947207
step=476 tokens=62390272/1000000000 loss=3.6027 lr=0.000299 tok/s=41,091 eta=22817.912425795254
step=477 tokens=62521344/1000000000 loss=3.8396 lr=0.000299 tok/s=41,076 eta=22823.243385789323
step=478 tokens=62652416/1000000000 loss=3.7352 lr=0.000299 tok/s=41,383 eta=22650.740859898982
step=479 tokens=62783488/1000000000 loss=3.7536 lr=0.000299 tok/s=41,291 eta=22697.633117930152
step=480 tokens=62914560/1000000000 loss=3.7357 lr=0.000299 tok/s=41,308 eta=22685.12141082633
step=481 tokens=63045632/1000000000 loss=3.5947 lr=0.000299 tok/s=41,330 eta=22670.001028795545
step=482 tokens=63176704/1000000000 loss=3.7833 lr=0.000299 tok/s=41,382 eta=22638.644272850182
step=483 tokens=63307776/1000000000 loss=3.8003 lr=0.000299 tok/s=41,311 eta=22674.14756619091
step=484 tokens=63438848/1000000000 loss=3.5953 lr=0.000299 tok/s=41,348 eta=22650.970603146918
step=485 tokens=63569920/1000000000 loss=3.6491 lr=0.000299 tok/s=41,190 eta=22734.57738811714
step=486 tokens=63700992/1000000000 loss=3.7461 lr=0.000299 tok/s=41,176 eta=22738.84642135378
step=487 tokens=63832064/1000000000 loss=3.8654 lr=0.000299 tok/s=41,460 eta=22580.1878996144
step=488 tokens=63963136/1000000000 loss=3.7665 lr=0.000299 tok/s=41,280 eta=22675.209674178695
step=489 tokens=64094208/1000000000 loss=3.6953 lr=0.000299 tok/s=41,280 eta=22672.031566989517
step=490 tokens=64225280/1000000000 loss=4.0141 lr=0.000299 tok/s=41,312 eta=22651.43547286253
step=491 tokens=64356352/1000000000 loss=3.6898 lr=0.000299 tok/s=41,208 eta=22705.464131152512
step=492 tokens=64487424/1000000000 loss=3.6689 lr=0.000299 tok/s=41,187 eta=22713.964917062338
step=493 tokens=64618496/1000000000 loss=3.6546 lr=0.000299 tok/s=40,989 eta=22820.05669254943
step=494 tokens=64749568/1000000000 loss=3.7423 lr=0.000299 tok/s=41,418 eta=22580.98394047789
step=495 tokens=64880640/1000000000 loss=3.6422 lr=0.000299 tok/s=41,426 eta=22573.272817906196
step=496 tokens=65011712/1000000000 loss=3.6536 lr=0.000299 tok/s=41,301 eta=22638.382144961673
step=497 tokens=65142784/1000000000 loss=3.7013 lr=0.000299 tok/s=41,169 eta=22707.989824774446
step=498 tokens=65273856/1000000000 loss=3.7187 lr=0.000299 tok/s=41,211 eta=22681.599080018757
step=499 tokens=65404928/1000000000 loss=3.7047 lr=0.000299 tok/s=41,117 eta=22730.013673314286
step=500 tokens=65536000/1000000000 loss=3.5679 lr=0.000299 tok/s=41,369 eta=22588.60430971625
step=501 tokens=65667072/1000000000 loss=3.7718 lr=0.000299 tok/s=41,508 eta=22509.662532415583
step=502 tokens=65798144/1000000000 loss=3.7574 lr=0.000299 tok/s=40,932 eta=22823.148902811365
step=503 tokens=65929216/1000000000 loss=3.6969 lr=0.000299 tok/s=41,200 eta=22671.50804388337
step=504 tokens=66060288/1000000000 loss=3.6878 lr=0.000299 tok/s=41,236 eta=22648.811128389065
step=505 tokens=66191360/1000000000 loss=3.6269 lr=0.000299 tok/s=41,189 eta=22671.295675942853
step=506 tokens=66322432/1000000000 loss=3.8023 lr=0.000299 tok/s=40,879 eta=22839.89303859288
step=507 tokens=66453504/1000000000 loss=3.7496 lr=0.000299 tok/s=41,234 eta=22640.298632090482
step=508 tokens=66584576/1000000000 loss=3.6536 lr=0.000298 tok/s=41,332 eta=22583.511599696354
step=509 tokens=66715648/1000000000 loss=3.6926 lr=0.000298 tok/s=41,073 eta=22722.437208403164
step=510 tokens=66846720/1000000000 loss=3.7525 lr=0.000298 tok/s=41,127 eta=22689.386344056584
step=511 tokens=66977792/1000000000 loss=3.7035 lr=0.000298 tok/s=41,107 eta=22697.422179719324
step=512 tokens=67108864/1000000000 loss=3.7211 lr=0.000298 tok/s=41,387 eta=22540.546987265432
step=513 tokens=67239936/1000000000 loss=3.6808 lr=0.000298 tok/s=41,218 eta=22629.90104928023
step=514 tokens=67371008/1000000000 loss=3.6551 lr=0.000298 tok/s=41,043 eta=22723.38173164071
step=515 tokens=67502080/1000000000 loss=3.7620 lr=0.000298 tok/s=41,141 eta=22666.07736129592
step=516 tokens=67633152/1000000000 loss=3.6919 lr=0.000298 tok/s=41,344 eta=22551.40569374739
step=517 tokens=67764224/1000000000 loss=3.7993 lr=0.000298 tok/s=41,205 eta=22624.435360727737
step=518 tokens=67895296/1000000000 loss=3.8798 lr=0.000298 tok/s=41,302 eta=22568.203505503385
step=519 tokens=68026368/1000000000 loss=3.6939 lr=0.000298 tok/s=41,321 eta=22554.324639464903
step=520 tokens=68157440/1000000000 loss=4.0390 lr=0.000298 tok/s=40,972 eta=22743.62276779216
step=521 tokens=68288512/1000000000 loss=3.7287 lr=0.000298 tok/s=41,168 eta=22631.990965178673
step=522 tokens=68419584/1000000000 loss=3.7527 lr=0.000298 tok/s=40,865 eta=22796.317333834828
step=523 tokens=68550656/1000000000 loss=3.8966 lr=0.000298 tok/s=41,285 eta=22561.488465452283
step=524 tokens=68681728/1000000000 loss=3.8391 lr=0.000298 tok/s=41,250 eta=22577.651571277238
step=525 tokens=68812800/1000000000 loss=3.6500 lr=0.000298 tok/s=41,007 eta=22707.88312587033
step=526 tokens=68943872/1000000000 loss=3.6734 lr=0.000298 tok/s=41,300 eta=22543.895956164684
step=527 tokens=69074944/1000000000 loss=3.6472 lr=0.000298 tok/s=41,103 eta=22648.35072085419
step=528 tokens=69206016/1000000000 loss=3.7212 lr=0.000298 tok/s=41,334 eta=22518.847522586435
step=529 tokens=69337088/1000000000 loss=3.6899 lr=0.000298 tok/s=40,904 eta=22752.361035136
step=530 tokens=69468160/1000000000 loss=3.6455 lr=0.000298 tok/s=41,067 eta=22658.678748393104
step=531 tokens=69599232/1000000000 loss=3.7852 lr=0.000298 tok/s=41,143 eta=22613.932706699055
step=532 tokens=69730304/1000000000 loss=3.7981 lr=0.000298 tok/s=41,167 eta=22597.41801145733
step=533 tokens=69861376/1000000000 loss=3.6535 lr=0.000298 tok/s=41,167 eta=22594.276459333432
step=534 tokens=69992448/1000000000 loss=3.5972 lr=0.000298 tok/s=41,156 eta=22596.880717447104
step=535 tokens=70123520/1000000000 loss=3.6567 lr=0.000298 tok/s=29,878 eta=31122.773733325517
step=536 tokens=70254592/1000000000 loss=3.7189 lr=0.000298 tok/s=41,273 eta=22526.62873780011
step=537 tokens=70385664/1000000000 loss=3.6922 lr=0.000298 tok/s=41,275 eta=22522.550015177912
step=538 tokens=70516736/1000000000 loss=3.7519 lr=0.000298 tok/s=41,006 eta=22667.1653965802
step=539 tokens=70647808/1000000000 loss=3.7193 lr=0.000298 tok/s=41,250 eta=22529.485833827745
step=540 tokens=70778880/1000000000 loss=3.7565 lr=0.000298 tok/s=40,894 eta=22722.78158651473
step=541 tokens=70909952/1000000000 loss=3.6817 lr=0.000298 tok/s=40,839 eta=22749.91471437628
step=542 tokens=71041024/1000000000 loss=3.6969 lr=0.000298 tok/s=41,177 eta=22560.137602667804
step=543 tokens=71172096/1000000000 loss=3.6609 lr=0.000298 tok/s=41,205 eta=22541.589328475522
step=544 tokens=71303168/1000000000 loss=3.7207 lr=0.000298 tok/s=41,291 eta=22491.482182766304
step=545 tokens=71434240/1000000000 loss=3.7242 lr=0.000298 tok/s=41,111 eta=22586.685488555388
step=546 tokens=71565312/1000000000 loss=3.7577 lr=0.000298 tok/s=41,336 eta=22460.768748998766
step=547 tokens=71696384/1000000000 loss=3.6832 lr=0.000298 tok/s=40,836 eta=22732.6080526411
step=548 tokens=71827456/1000000000 loss=3.6876 lr=0.000298 tok/s=41,214 eta=22521.034210984068
step=549 tokens=71958528/1000000000 loss=3.6563 lr=0.000298 tok/s=41,209 eta=22520.32563762687
step=550 tokens=72089600/1000000000 loss=3.6245 lr=0.000298 tok/s=40,973 eta=22646.6514005017
step=551 tokens=72220672/1000000000 loss=3.6604 lr=0.000298 tok/s=41,257 eta=22487.602239357995
step=552 tokens=72351744/1000000000 loss=3.6676 lr=0.000298 tok/s=41,295 eta=22463.79143614404
step=553 tokens=72482816/1000000000 loss=3.6221 lr=0.000298 tok/s=41,013 eta=22615.062550440027
step=554 tokens=72613888/1000000000 loss=3.6062 lr=0.000298 tok/s=41,319 eta=22444.671835137175
step=555 tokens=72744960/1000000000 loss=3.6837 lr=0.000298 tok/s=41,224 eta=22493.298690666357
step=556 tokens=72876032/1000000000 loss=3.6919 lr=0.000298 tok/s=41,076 eta=22570.77678159264
step=557 tokens=73007104/1000000000 loss=3.7158 lr=0.000298 tok/s=40,984 eta=22618.149028253978
step=558 tokens=73138176/1000000000 loss=3.7967 lr=0.000298 tok/s=40,799 eta=22717.77365433716
step=559 tokens=73269248/1000000000 loss=3.6682 lr=0.000298 tok/s=41,079 eta=22559.588072777544
step=560 tokens=73400320/1000000000 loss=3.6275 lr=0.000298 tok/s=40,935 eta=22635.71685874786
step=561 tokens=73531392/1000000000 loss=3.7584 lr=0.000298 tok/s=41,063 eta=22561.885684299545
step=562 tokens=73662464/1000000000 loss=3.6535 lr=0.000298 tok/s=41,251 eta=22456.296463750932
step=563 tokens=73793536/1000000000 loss=4.2588 lr=0.000298 tok/s=41,369 eta=22389.141608313686
step=564 tokens=73924608/1000000000 loss=4.1189 lr=0.000298 tok/s=41,347 eta=22397.433571281603
step=565 tokens=74055680/1000000000 loss=3.6976 lr=0.000298 tok/s=41,078 eta=22540.95113415399
step=566 tokens=74186752/1000000000 loss=3.7948 lr=0.000298 tok/s=41,272 eta=22431.818304580764
step=567 tokens=74317824/1000000000 loss=3.7583 lr=0.000298 tok/s=41,150 eta=22495.14353143982
step=568 tokens=74448896/1000000000 loss=3.6940 lr=0.000298 tok/s=40,914 eta=22622.080759197514
step=569 tokens=74579968/1000000000 loss=3.7818 lr=0.000298 tok/s=41,036 eta=22551.296016239052
step=570 tokens=74711040/1000000000 loss=3.6260 lr=0.000298 tok/s=41,201 eta=22457.82358499804
step=571 tokens=74842112/1000000000 loss=3.7854 lr=0.000298 tok/s=40,893 eta=22624.066252870933
step=572 tokens=74973184/1000000000 loss=3.6065 lr=0.000298 tok/s=41,290 eta=22403.206340405584
step=573 tokens=75104256/1000000000 loss=3.7064 lr=0.000298 tok/s=41,354 eta=22365.37264319822
step=574 tokens=75235328/1000000000 loss=3.6840 lr=0.000298 tok/s=41,246 eta=22420.76243366009
step=575 tokens=75366400/1000000000 loss=3.6390 lr=0.000298 tok/s=41,162 eta=22463.51444478567
step=576 tokens=75497472/1000000000 loss=3.7078 lr=0.000298 tok/s=41,099 eta=22494.325579836473
step=577 tokens=75628544/1000000000 loss=4.4145 lr=0.000298 tok/s=41,133 eta=22472.80812502583
step=578 tokens=75759616/1000000000 loss=4.5496 lr=0.000298 tok/s=40,988 eta=22549.027053743182
step=579 tokens=75890688/1000000000 loss=4.4537 lr=0.000298 tok/s=40,977 eta=22551.915665068926
step=580 tokens=76021760/1000000000 loss=4.6181 lr=0.000298 tok/s=41,128 eta=22465.92536969044
step=581 tokens=76152832/1000000000 loss=4.6958 lr=0.000298 tok/s=41,187 eta=22430.397135355455
step=582 tokens=76283904/1000000000 loss=4.5553 lr=0.000298 tok/s=41,215 eta=22412.11663207417
step=583 tokens=76414976/1000000000 loss=4.6670 lr=0.000298 tok/s=41,032 eta=22508.7338636558
step=584 tokens=76546048/1000000000 loss=4.5611 lr=0.000298 tok/s=41,475 eta=22265.202424058378
step=585 tokens=76677120/1000000000 loss=4.5933 lr=0.000298 tok/s=41,216 eta=22401.995725150453
step=586 tokens=76808192/1000000000 loss=4.4374 lr=0.000298 tok/s=41,111 eta=22456.344533686788
step=587 tokens=76939264/1000000000 loss=4.4291 lr=0.000298 tok/s=41,192 eta=22408.968751902066
step=588 tokens=77070336/1000000000 loss=4.4813 lr=0.000298 tok/s=40,972 eta=22526.011639052267
step=589 tokens=77201408/1000000000 loss=4.7472 lr=0.000298 tok/s=40,800 eta=22617.850474960786
step=590 tokens=77332480/1000000000 loss=4.4011 lr=0.000298 tok/s=40,789 eta=22620.507240588457
step=591 tokens=77463552/1000000000 loss=4.6465 lr=0.000298 tok/s=41,032 eta=22483.535864785772
step=592 tokens=77594624/1000000000 loss=4.2037 lr=0.000298 tok/s=41,296 eta=22336.614970160208
step=593 tokens=77725696/1000000000 loss=4.3370 lr=0.000298 tok/s=41,112 eta=22433.29941634914
step=594 tokens=77856768/1000000000 loss=4.3560 lr=0.000298 tok/s=41,379 eta=22285.3653378842
step=595 tokens=77987840/1000000000 loss=4.3914 lr=0.000298 tok/s=40,929 eta=22527.294501472097
step=596 tokens=78118912/1000000000 loss=4.5877 lr=0.000298 tok/s=41,222 eta=22363.575105982225
step=597 tokens=78249984/1000000000 loss=4.4745 lr=0.000298 tok/s=41,180 eta=22383.174093516744
step=598 tokens=78381056/1000000000 loss=4.0357 lr=0.000298 tok/s=40,963 eta=22498.634590536753
step=599 tokens=78512128/1000000000 loss=4.0866 lr=0.000298 tok/s=41,336 eta=22292.86928802698
step=600 tokens=78643200/1000000000 loss=4.2573 lr=0.000298 tok/s=41,189 eta=22369.059177786225
step=601 tokens=78774272/1000000000 loss=4.4931 lr=0.000298 tok/s=41,312 eta=22299.11634250462
step=602 tokens=78905344/1000000000 loss=4.4016 lr=0.000298 tok/s=41,154 eta=22381.897724542756
step=603 tokens=79036416/1000000000 loss=4.4017 lr=0.000298 tok/s=41,324 eta=22286.36768928263
step=604 tokens=79167488/1000000000 loss=4.3579 lr=0.000298 tok/s=41,028 eta=22444.215367556295
step=605 tokens=79298560/1000000000 loss=4.2438 lr=0.000298 tok/s=40,932 eta=22493.410190900482
step=606 tokens=79429632/1000000000 loss=4.4126 lr=0.000298 tok/s=41,044 eta=22428.933987705306
step=607 tokens=79560704/1000000000 loss=4.3681 lr=0.000298 tok/s=41,365 eta=22251.86669156261
step=608 tokens=79691776/1000000000 loss=4.3149 lr=0.000298 tok/s=41,325 eta=22270.085418389073
step=609 tokens=79822848/1000000000 loss=4.0727 lr=0.000298 tok/s=41,309 eta=22275.312913730628
step=610 tokens=79953920/1000000000 loss=3.7907 lr=0.000298 tok/s=41,260 eta=22298.825701039084
step=611 tokens=80084992/1000000000 loss=3.7623 lr=0.000298 tok/s=29,780 eta=30890.04816474044
step=612 tokens=80216064/1000000000 loss=3.7498 lr=0.000297 tok/s=40,886 eta=22496.359970821995
step=613 tokens=80347136/1000000000 loss=3.7264 lr=0.000297 tok/s=41,132 eta=22358.306162041732
step=614 tokens=80478208/1000000000 loss=3.6648 lr=0.000297 tok/s=41,265 eta=22283.57445535447
step=615 tokens=80609280/1000000000 loss=3.6506 lr=0.000297 tok/s=40,990 eta=22429.886471474605
step=616 tokens=80740352/1000000000 loss=3.6104 lr=0.000297 tok/s=41,151 eta=22338.9110463391
step=617 tokens=80871424/1000000000 loss=3.6238 lr=0.000297 tok/s=41,245 eta=22284.668518407656
step=618 tokens=81002496/1000000000 loss=3.6213 lr=0.000297 tok/s=41,238 eta=22285.4585446298
step=619 tokens=81133568/1000000000 loss=3.5537 lr=0.000297 tok/s=40,997 eta=22413.131948813523
step=620 tokens=81264640/1000000000 loss=3.5959 lr=0.000297 tok/s=40,894 eta=22466.420846327266
step=621 tokens=81395712/1000000000 loss=3.5664 lr=0.000297 tok/s=41,056 eta=22374.403790792854
step=622 tokens=81526784/1000000000 loss=3.5588 lr=0.000297 tok/s=40,785 eta=22520.021911006763
step=623 tokens=81657856/1000000000 loss=3.5912 lr=0.000297 tok/s=41,189 eta=22295.756986968587
step=624 tokens=81788928/1000000000 loss=3.6059 lr=0.000297 tok/s=41,245 eta=22262.14782126994
step=625 tokens=81920000/1000000000 loss=3.5371 lr=0.000297 tok/s=40,983 eta=22401.58184573165
step=626 tokens=82051072/1000000000 loss=3.5554 lr=0.000297 tok/s=41,292 eta=22230.5414087674
step=627 tokens=82182144/1000000000 loss=3.5699 lr=0.000297 tok/s=41,160 eta=22298.682217164656
step=628 tokens=82313216/1000000000 loss=3.4974 lr=0.000297 tok/s=41,188 eta=22280.451363590033
step=629 tokens=82444288/1000000000 loss=3.5490 lr=0.000297 tok/s=40,943 eta=22410.629517866
step=630 tokens=82575360/1000000000 loss=3.5434 lr=0.000297 tok/s=40,940 eta=22408.86796937174
step=631 tokens=82706432/1000000000 loss=3.4770 lr=0.000297 tok/s=40,842 eta=22459.817965785216
step=632 tokens=82837504/1000000000 loss=3.5429 lr=0.000297 tok/s=41,126 eta=22301.444658568376
step=633 tokens=82968576/1000000000 loss=3.5219 lr=0.000297 tok/s=41,356 eta=22174.341392495327
step=634 tokens=83099648/1000000000 loss=3.4705 lr=0.000297 tok/s=41,219 eta=22244.435470497494
step=635 tokens=83230720/1000000000 loss=3.4883 lr=0.000297 tok/s=41,168 eta=22268.980430580566
step=636 tokens=83361792/1000000000 loss=3.4705 lr=0.000297 tok/s=41,055 eta=22327.02659251095
step=637 tokens=83492864/1000000000 loss=3.4842 lr=0.000297 tok/s=41,165 eta=22264.491754895582
step=638 tokens=83623936/1000000000 loss=3.4670 lr=0.000297 tok/s=41,093 eta=22299.965094601015
step=639 tokens=83755008/1000000000 loss=3.5152 lr=0.000297 tok/s=41,125 eta=22279.450714974584
step=640 tokens=83886080/1000000000 loss=3.4797 lr=0.000297 tok/s=41,141 eta=22267.749480791295
step=641 tokens=84017152/1000000000 loss=3.6131 lr=0.000297 tok/s=40,898 eta=22396.69173158486
step=642 tokens=84148224/1000000000 loss=3.7230 lr=0.000297 tok/s=41,223 eta=22216.78764552675
step=643 tokens=84279296/1000000000 loss=3.6308 lr=0.000297 tok/s=40,798 eta=22445.207211461475
step=644 tokens=84410368/1000000000 loss=3.6887 lr=0.000297 tok/s=41,203 eta=22221.383266762397
step=645 tokens=84541440/1000000000 loss=3.6280 lr=0.000297 tok/s=41,272 eta=22180.979409074713
step=646 tokens=84672512/1000000000 loss=3.6833 lr=0.000297 tok/s=41,187 eta=22223.94245842639
step=647 tokens=84803584/1000000000 loss=3.6351 lr=0.000297 tok/s=41,565 eta=22018.436304110455
step=648 tokens=84934656/1000000000 loss=3.6877 lr=0.000297 tok/s=41,452 eta=22075.534502080154
step=649 tokens=85065728/1000000000 loss=3.6004 lr=0.000297 tok/s=41,001 eta=22314.698200202005
step=650 tokens=85196800/1000000000 loss=3.6072 lr=0.000297 tok/s=41,033 eta=22294.530232235335
step=651 tokens=85327872/1000000000 loss=3.6338 lr=0.000297 tok/s=41,193 eta=22204.5817098637
step=652 tokens=85458944/1000000000 loss=3.6703 lr=0.000297 tok/s=41,213 eta=22190.45048061006
step=653 tokens=85590016/1000000000 loss=3.6092 lr=0.000297 tok/s=41,120 eta=22237.822509760692
step=654 tokens=85721088/1000000000 loss=3.6193 lr=0.000297 tok/s=41,362 eta=22104.4042850364
step=655 tokens=85852160/1000000000 loss=3.7516 lr=0.000297 tok/s=41,277 eta=22146.830694569933
step=656 tokens=85983232/1000000000 loss=3.5518 lr=0.000297 tok/s=40,961 eta=22314.151360129898
step=657 tokens=86114304/1000000000 loss=3.6232 lr=0.000297 tok/s=41,296 eta=22130.08640454895
step=658 tokens=86245376/1000000000 loss=3.6383 lr=0.000297 tok/s=41,181 eta=22188.49418361533
step=659 tokens=86376448/1000000000 loss=3.7120 lr=0.000297 tok/s=41,201 eta=22174.839775553784
step=660 tokens=86507520/1000000000 loss=3.6189 lr=0.000297 tok/s=41,168 eta=22189.385176376913
step=661 tokens=86638592/1000000000 loss=3.5644 lr=0.000297 tok/s=41,144 eta=22199.290134927927
step=662 tokens=86769664/1000000000 loss=3.6922 lr=0.000297 tok/s=41,111 eta=22213.5708530825
step=663 tokens=86900736/1000000000 loss=3.6376 lr=0.000297 tok/s=41,163 eta=22182.728215589443
step=664 tokens=87031808/1000000000 loss=3.5690 lr=0.000297 tok/s=41,183 eta=22168.66159732634
checkpoint saved: runs/20260905-135527/checkpoints/step_000000664 (time)
step=665 tokens=87162880/1000000000 loss=3.6300 lr=0.000297 tok/s=36,218 eta=25204.08305122914
step=666 tokens=87293952/1000000000 loss=3.5202 lr=0.000297 tok/s=41,173 eta=22167.75056934525
step=667 tokens=87425024/1000000000 loss=3.5983 lr=0.000297 tok/s=41,214 eta=22142.363132946215
step=668 tokens=87556096/1000000000 loss=3.5701 lr=0.000297 tok/s=41,409 eta=22035.03760631272
step=669 tokens=87687168/1000000000 loss=3.5397 lr=0.000297 tok/s=41,358 eta=22059.011136596317
step=670 tokens=87818240/1000000000 loss=3.3778 lr=0.000297 tok/s=41,080 eta=22204.88371986425
step=671 tokens=87949312/1000000000 loss=3.6684 lr=0.000297 tok/s=41,405 eta=22027.706251437092
step=672 tokens=88080384/1000000000 loss=3.7694 lr=0.000297 tok/s=41,381 eta=22037.242638626096
step=673 tokens=88211456/1000000000 loss=3.8494 lr=0.000297 tok/s=41,030 eta=22222.51179925088
step=674 tokens=88342528/1000000000 loss=3.7216 lr=0.000297 tok/s=41,338 eta=22053.576323778674
step=675 tokens=88473600/1000000000 loss=3.7158 lr=0.000297 tok/s=41,456 eta=21987.89494128705
step=676 tokens=88604672/1000000000 loss=3.8807 lr=0.000297 tok/s=41,204 eta=22119.18541418113
step=677 tokens=88735744/1000000000 loss=3.7373 lr=0.000297 tok/s=41,124 eta=22158.873601488885
step=678 tokens=88866816/1000000000 loss=3.8348 lr=0.000297 tok/s=41,352 eta=22033.35382690138
step=679 tokens=88997888/1000000000 loss=3.7164 lr=0.000297 tok/s=41,083 eta=22174.9345513518
step=680 tokens=89128960/1000000000 loss=3.7749 lr=0.000297 tok/s=41,162 eta=22129.113534027983
step=681 tokens=89260032/1000000000 loss=3.6789 lr=0.000297 tok/s=41,154 eta=22130.28021280922
step=682 tokens=89391104/1000000000 loss=3.6347 lr=0.000297 tok/s=41,146 eta=22130.950137093136
step=683 tokens=89522176/1000000000 loss=3.6369 lr=0.000297 tok/s=40,987 eta=22213.867715239572
step=684 tokens=89653248/1000000000 loss=3.8495 lr=0.000297 tok/s=41,184 eta=22104.557654926564
step=685 tokens=89784320/1000000000 loss=3.6657 lr=0.000297 tok/s=41,116 eta=22137.681800978255
step=686 tokens=89915392/1000000000 loss=3.6365 lr=0.000297 tok/s=41,048 eta=22171.233472800304
step=687 tokens=90046464/1000000000 loss=3.7663 lr=0.000297 tok/s=29,775 eta=30560.965822551192
step=688 tokens=90177536/1000000000 loss=3.5843 lr=0.000297 tok/s=40,998 eta=22191.92830011912
step=689 tokens=90308608/1000000000 loss=3.7357 lr=0.000297 tok/s=41,101 eta=22132.985364016975
step=690 tokens=90439680/1000000000 loss=3.7215 lr=0.000297 tok/s=41,185 eta=22084.66729274049
step=691 tokens=90570752/1000000000 loss=3.6666 lr=0.000297 tok/s=41,149 eta=22101.039894996327
step=692 tokens=90701824/1000000000 loss=3.7514 lr=0.000297 tok/s=41,301 eta=22016.492640719498
step=693 tokens=90832896/1000000000 loss=3.6730 lr=0.000297 tok/s=41,026 eta=22160.77461837316
step=694 tokens=90963968/1000000000 loss=3.7080 lr=0.000297 tok/s=41,100 eta=22117.804630662045
step=695 tokens=91095040/1000000000 loss=3.8268 lr=0.000297 tok/s=40,935 eta=22203.695734638204
step=696 tokens=91226112/1000000000 loss=3.6530 lr=0.000296 tok/s=41,082 eta=22120.8128413274
step=697 tokens=91357184/1000000000 loss=3.7834 lr=0.000296 tok/s=41,140 eta=22086.402904128965
step=698 tokens=91488256/1000000000 loss=3.7267 lr=0.000296 tok/s=40,913 eta=22206.130992791703
step=699 tokens=91619328/1000000000 loss=3.6886 lr=0.000296 tok/s=40,911 eta=22203.793498666037
step=700 tokens=91750400/1000000000 loss=3.6667 lr=0.000296 tok/s=41,082 eta=22108.42544567869
step=701 tokens=91881472/1000000000 loss=3.5940 lr=0.000296 tok/s=41,087 eta=22102.102098810217
step=702 tokens=92012544/1000000000 loss=3.5650 lr=0.000296 tok/s=41,185 eta=22046.416338345254
step=703 tokens=92143616/1000000000 loss=3.5575 lr=0.000296 tok/s=41,300 eta=21981.865458767163
step=704 tokens=92274688/1000000000 loss=3.5533 lr=0.000296 tok/s=41,176 eta=22045.03811206234
step=705 tokens=92405760/1000000000 loss=3.5505 lr=0.000296 tok/s=41,091 eta=22087.47085281887
step=706 tokens=92536832/1000000000 loss=3.5318 lr=0.000296 tok/s=41,128 eta=22064.147553133367
step=707 tokens=92667904/1000000000 loss=3.4570 lr=0.000296 tok/s=41,081 eta=22086.190520202053
step=708 tokens=92798976/1000000000 loss=3.4855 lr=0.000296 tok/s=40,902 eta=22179.909447660153
step=709 tokens=92930048/1000000000 loss=3.4851 lr=0.000296 tok/s=41,072 eta=22085.044527833998
step=710 tokens=93061120/1000000000 loss=3.5088 lr=0.000296 tok/s=40,803 eta=22227.451661889158
step=711 tokens=93192192/1000000000 loss=3.4631 lr=0.000296 tok/s=41,070 eta=22079.64778131768
step=712 tokens=93323264/1000000000 loss=3.5009 lr=0.000296 tok/s=41,293 eta=21957.272821437033
step=713 tokens=93454336/1000000000 loss=3.5248 lr=0.000296 tok/s=41,194 eta=22006.753813274445
step=714 tokens=93585408/1000000000 loss=3.4508 lr=0.000296 tok/s=41,271 eta=21962.5927715244
step=715 tokens=93716480/1000000000 loss=3.4528 lr=0.000296 tok/s=41,250 eta=21970.29573214264
step=716 tokens=93847552/1000000000 loss=3.4521 lr=0.000296 tok/s=40,917 eta=22146.329831119496
step=717 tokens=93978624/1000000000 loss=3.4895 lr=0.000296 tok/s=41,110 eta=22038.960722424694
step=718 tokens=94109696/1000000000 loss=3.4918 lr=0.000296 tok/s=41,061 eta=22062.11512234515
step=719 tokens=94240768/1000000000 loss=3.4433 lr=0.000296 tok/s=41,208 eta=21980.19664771036
step=720 tokens=94371840/1000000000 loss=3.4492 lr=0.000296 tok/s=41,390 eta=21880.37781599557
step=721 tokens=94502912/1000000000 loss=3.4231 lr=0.000296 tok/s=41,295 eta=21927.42297613401
step=722 tokens=94633984/1000000000 loss=3.4215 lr=0.000296 tok/s=41,214 eta=21967.597934883142
step=723 tokens=94765056/1000000000 loss=3.4491 lr=0.000296 tok/s=41,365 eta=21884.14072125467
step=724 tokens=94896128/1000000000 loss=3.4249 lr=0.000296 tok/s=41,281 eta=21925.47188331797
step=725 tokens=95027200/1000000000 loss=3.4404 lr=0.000296 tok/s=41,345 eta=21888.12707823924
step=726 tokens=95158272/1000000000 loss=3.3917 lr=0.000296 tok/s=41,232 eta=21945.166662233256
step=727 tokens=95289344/1000000000 loss=3.4139 lr=0.000296 tok/s=41,440 eta=21831.87105787693
step=728 tokens=95420416/1000000000 loss=3.4528 lr=0.000296 tok/s=41,099 eta=22009.572741896154
step=729 tokens=95551488/1000000000 loss=3.4637 lr=0.000296 tok/s=40,872 eta=22128.721212392502
step=730 tokens=95682560/1000000000 loss=3.3304 lr=0.000296 tok/s=41,134 eta=21984.678898281236
step=731 tokens=95813632/1000000000 loss=3.4257 lr=0.000296 tok/s=41,126 eta=21985.609436667946
step=732 tokens=95944704/1000000000 loss=3.5655 lr=0.000296 tok/s=41,148 eta=21970.771889161144
step=733 tokens=96075776/1000000000 loss=4.5772 lr=0.000296 tok/s=41,220 eta=21929.114552101248
step=734 tokens=96206848/1000000000 loss=4.5231 lr=0.000296 tok/s=41,306 eta=21880.39893780877
step=735 tokens=96337920/1000000000 loss=4.4374 lr=0.000296 tok/s=41,256 eta=21903.646315245143
step=736 tokens=96468992/1000000000 loss=4.6845 lr=0.000296 tok/s=40,968 eta=22054.40006105672
step=737 tokens=96600064/1000000000 loss=4.4930 lr=0.000296 tok/s=41,173 eta=21941.824176089714
step=738 tokens=96731136/1000000000 loss=4.6299 lr=0.000296 tok/s=41,087 eta=21984.112305253795
step=739 tokens=96862208/1000000000 loss=4.3656 lr=0.000296 tok/s=40,781 eta=22146.25578630569
step=740 tokens=96993280/1000000000 loss=4.5439 lr=0.000296 tok/s=40,896 eta=22080.426310767212
step=741 tokens=97124352/1000000000 loss=4.6187 lr=0.000296 tok/s=41,177 eta=21926.560747974876
step=742 tokens=97255424/1000000000 loss=4.6453 lr=0.000296 tok/s=41,099 eta=21964.982646373177
step=743 tokens=97386496/1000000000 loss=4.5825 lr=0.000296 tok/s=41,092 eta=21965.6097226644
step=744 tokens=97517568/1000000000 loss=4.1106 lr=0.000296 tok/s=41,211 eta=21899.033634001484
step=745 tokens=97648640/1000000000 loss=4.3420 lr=0.000296 tok/s=41,251 eta=21874.73334835421
step=746 tokens=97779712/1000000000 loss=4.5886 lr=0.000296 tok/s=40,930 eta=22042.76382966579
step=747 tokens=97910784/1000000000 loss=4.5013 lr=0.000296 tok/s=41,015 eta=21994.2880822483
step=748 tokens=98041856/1000000000 loss=4.6225 lr=0.000296 tok/s=41,197 eta=21893.77857973553
step=749 tokens=98172928/1000000000 loss=4.3679 lr=0.000296 tok/s=41,044 eta=21972.201399494537
step=750 tokens=98304000/1000000000 loss=4.1751 lr=0.000296 tok/s=41,115 eta=21931.15534603347
step=751 tokens=98435072/1000000000 loss=4.4177 lr=0.000296 tok/s=41,132 eta=21918.775888500546
step=752 tokens=98566144/1000000000 loss=4.4624 lr=0.000296 tok/s=41,101 eta=21932.170543776778
step=753 tokens=98697216/1000000000 loss=4.3591 lr=0.000296 tok/s=41,186 eta=21883.9143184414
step=754 tokens=98828288/1000000000 loss=4.3293 lr=0.000296 tok/s=41,287 eta=21827.08689281474
step=755 tokens=98959360/1000000000 loss=4.4174 lr=0.000296 tok/s=41,326 eta=21803.28194109416
step=756 tokens=99090432/1000000000 loss=4.4715 lr=0.000296 tok/s=40,979 eta=21984.874729142462
step=757 tokens=99221504/1000000000 loss=4.4764 lr=0.000296 tok/s=41,136 eta=21897.351214160415
step=758 tokens=99352576/1000000000 loss=4.3384 lr=0.000296 tok/s=40,913 eta=22013.833502632417
step=759 tokens=99483648/1000000000 loss=4.2838 lr=0.000296 tok/s=40,935 eta=21998.53145096046
step=760 tokens=99614720/1000000000 loss=4.2656 lr=0.000296 tok/s=41,053 eta=21932.175315109955
step=761 tokens=99745792/1000000000 loss=4.4120 lr=0.000296 tok/s=41,211 eta=21844.895206437806
step=762 tokens=99876864/1000000000 loss=4.5316 lr=0.000296 tok/s=41,195 eta=21850.181432819765
step=763 tokens=100007936/1000000000 loss=4.8221 lr=0.000296 tok/s=29,746 eta=30256.36911372806
checkpoint saved: runs/20260905-135527/checkpoints/tokens_000100m (permanent_tokens)
step=764 tokens=100139008/1000000000 loss=4.2420 lr=0.000296 tok/s=35,951 eta=25029.91246783095
step=765 tokens=100270080/1000000000 loss=3.8795 lr=0.000296 tok/s=41,290 eta=21790.252553942213
step=766 tokens=100401152/1000000000 loss=3.9422 lr=0.000296 tok/s=41,201 eta=21834.426013656608
step=767 tokens=100532224/1000000000 loss=3.9058 lr=0.000296 tok/s=40,897 eta=21993.228550966152
step=768 tokens=100663296/1000000000 loss=3.7946 lr=0.000296 tok/s=40,808 eta=22038.28112365007
step=769 tokens=100794368/1000000000 loss=3.8988 lr=0.000295 tok/s=41,135 eta=21859.73072113984
step=770 tokens=100925440/1000000000 loss=3.7662 lr=0.000295 tok/s=41,503 eta=21662.811943857356
step=771 tokens=101056512/1000000000 loss=3.8844 lr=0.000295 tok/s=41,176 eta=21831.750691837628
step=772 tokens=101187584/1000000000 loss=3.7894 lr=0.000295 tok/s=41,039 eta=21901.584333993655
step=773 tokens=101318656/1000000000 loss=3.7650 lr=0.000295 tok/s=41,143 eta=21842.63148603606
step=774 tokens=101449728/1000000000 loss=3.8493 lr=0.000295 tok/s=41,136 eta=21843.387901347214
step=775 tokens=101580800/1000000000 loss=3.8026 lr=0.000295 tok/s=41,088 eta=21865.652050938337
step=776 tokens=101711872/1000000000 loss=3.7019 lr=0.000295 tok/s=41,113 eta=21849.443494447973
step=777 tokens=101842944/1000000000 loss=3.7118 lr=0.000295 tok/s=40,903 eta=21958.319681452915
step=778 tokens=101974016/1000000000 loss=3.7508 lr=0.000295 tok/s=41,237 eta=21777.02228471855
step=779 tokens=102105088/1000000000 loss=3.7993 lr=0.000295 tok/s=41,098 eta=21847.3969974722
step=780 tokens=102236160/1000000000 loss=3.7306 lr=0.000295 tok/s=41,083 eta=21852.370018765072
step=781 tokens=102367232/1000000000 loss=3.6306 lr=0.000295 tok/s=40,992 eta=21897.603073362694
step=782 tokens=102498304/1000000000 loss=3.7749 lr=0.000295 tok/s=41,212 eta=21777.65645546055
step=783 tokens=102629376/1000000000 loss=3.7985 lr=0.000295 tok/s=40,870 eta=21956.440184357725
step=784 tokens=102760448/1000000000 loss=3.7881 lr=0.000295 tok/s=41,163 eta=21797.42430289326
step=785 tokens=102891520/1000000000 loss=3.8972 lr=0.000295 tok/s=41,355 eta=21692.697625057215
step=786 tokens=103022592/1000000000 loss=3.6656 lr=0.000295 tok/s=41,509 eta=21609.45496206885
step=787 tokens=103153664/1000000000 loss=3.7595 lr=0.000295 tok/s=41,020 eta=21863.77904215032
step=788 tokens=103284736/1000000000 loss=3.7183 lr=0.000295 tok/s=41,300 eta=21712.31301095712
step=789 tokens=103415808/1000000000 loss=3.6883 lr=0.000295 tok/s=41,053 eta=21839.882245958786
step=790 tokens=103546880/1000000000 loss=3.8201 lr=0.000295 tok/s=41,371 eta=21668.62255399664
step=791 tokens=103677952/1000000000 loss=3.6390 lr=0.000295 tok/s=40,903 eta=21913.108623300996
step=792 tokens=103809024/1000000000 loss=3.7247 lr=0.000295 tok/s=41,000 eta=21858.36806376301
step=793 tokens=103940096/1000000000 loss=3.8821 lr=0.000295 tok/s=41,103 eta=21800.296334787447
step=794 tokens=104071168/1000000000 loss=3.6873 lr=0.000295 tok/s=41,046 eta=21827.404159393813
step=795 tokens=104202240/1000000000 loss=3.7526 lr=0.000295 tok/s=40,974 eta=21862.404895835774
step=796 tokens=104333312/1000000000 loss=3.6791 lr=0.000295 tok/s=41,058 eta=21814.80106059595
step=797 tokens=104464384/1000000000 loss=3.5468 lr=0.000295 tok/s=41,327 eta=21669.641817266784
step=798 tokens=104595456/1000000000 loss=3.5224 lr=0.000295 tok/s=41,329 eta=21665.262786084244
step=799 tokens=104726528/1000000000 loss=3.4873 lr=0.000295 tok/s=41,376 eta=21637.333249354157
step=800 tokens=104857600/1000000000 loss=3.4941 lr=0.000295 tok/s=41,169 eta=21743.168314516377
step=801 tokens=104988672/1000000000 loss=3.5081 lr=0.000295 tok/s=41,168 eta=21740.420558938156
step=802 tokens=105119744/1000000000 loss=3.4483 lr=0.000295 tok/s=41,065 eta=21791.89724952109
step=803 tokens=105250816/1000000000 loss=3.4643 lr=0.000295 tok/s=40,707 eta=21980.177448965533
step=804 tokens=105381888/1000000000 loss=3.4744 lr=0.000295 tok/s=41,146 eta=21742.367973109605
step=805 tokens=105512960/1000000000 loss=3.4437 lr=0.000295 tok/s=41,213 eta=21703.900001336417
step=806 tokens=105644032/1000000000 loss=3.4846 lr=0.000295 tok/s=41,102 eta=21759.43710620272
step=807 tokens=105775104/1000000000 loss=3.5036 lr=0.000295 tok/s=41,162 eta=21724.553505234835
step=808 tokens=105906176/1000000000 loss=3.4722 lr=0.000295 tok/s=41,136 eta=21734.90566884095
step=809 tokens=106037248/1000000000 loss=3.4297 lr=0.000295 tok/s=41,125 eta=21737.747848843697
step=810 tokens=106168320/1000000000 loss=3.4417 lr=0.000295 tok/s=41,185 eta=21703.055541205293
step=811 tokens=106299392/1000000000 loss=3.4242 lr=0.000295 tok/s=41,004 eta=21795.481781985844
step=812 tokens=106430464/1000000000 loss=3.4520 lr=0.000295 tok/s=41,135 eta=21722.639567479644
step=813 tokens=106561536/1000000000 loss=3.4771 lr=0.000295 tok/s=41,260 eta=21653.635899451394
step=814 tokens=106692608/1000000000 loss=3.4576 lr=0.000295 tok/s=41,386 eta=21585.022062083408
step=815 tokens=106823680/1000000000 loss=3.4691 lr=0.000295 tok/s=41,338 eta=21606.831150979633
step=816 tokens=106954752/1000000000 loss=3.4447 lr=0.000295 tok/s=41,467 eta=21536.283070014284
step=817 tokens=107085824/1000000000 loss=3.3952 lr=0.000295 tok/s=41,313 eta=21613.56095434691
step=818 tokens=107216896/1000000000 loss=3.4479 lr=0.000295 tok/s=41,101 eta=21721.513027385634
step=819 tokens=107347968/1000000000 loss=3.4396 lr=0.000295 tok/s=40,853 eta=21850.255027847194
step=820 tokens=107479040/1000000000 loss=3.4165 lr=0.000295 tok/s=41,441 eta=21537.124659812114
step=821 tokens=107610112/1000000000 loss=3.4047 lr=0.000295 tok/s=41,422 eta=21543.754720701607
step=822 tokens=107741184/1000000000 loss=3.4011 lr=0.000295 tok/s=40,723 eta=21910.349378394058
step=823 tokens=107872256/1000000000 loss=3.4171 lr=0.000295 tok/s=41,321 eta=21590.38808608962
step=824 tokens=108003328/1000000000 loss=3.3579 lr=0.000295 tok/s=41,340 eta=21576.992192767597
step=825 tokens=108134400/1000000000 loss=3.3732 lr=0.000295 tok/s=41,374 eta=21555.959214382558
step=826 tokens=108265472/1000000000 loss=3.4248 lr=0.000295 tok/s=41,219 eta=21634.178255799416
step=827 tokens=108396544/1000000000 loss=3.4161 lr=0.000295 tok/s=41,192 eta=21644.95660158825
step=828 tokens=108527616/1000000000 loss=3.4413 lr=0.000295 tok/s=41,131 eta=21673.93802684458
step=829 tokens=108658688/1000000000 loss=3.6870 lr=0.000295 tok/s=41,090 eta=21692.56219424572
step=830 tokens=108789760/1000000000 loss=3.6239 lr=0.000295 tok/s=40,987 eta=21743.85340406243
step=831 tokens=108920832/1000000000 loss=3.5927 lr=0.000295 tok/s=41,335 eta=21557.473235919173
step=832 tokens=109051904/1000000000 loss=3.5243 lr=0.000295 tok/s=41,292 eta=21576.633023446808
step=833 tokens=109182976/1000000000 loss=3.5071 lr=0.000295 tok/s=40,882 eta=21789.902992411233
step=834 tokens=109314048/1000000000 loss=3.4562 lr=0.000295 tok/s=41,232 eta=21602.035269546206
step=835 tokens=109445120/1000000000 loss=3.4265 lr=0.000294 tok/s=41,090 eta=21673.072741016756
step=836 tokens=109576192/1000000000 loss=3.3934 lr=0.000294 tok/s=41,074 eta=21678.52460917162
step=837 tokens=109707264/1000000000 loss=3.3752 lr=0.000294 tok/s=41,216 eta=21600.550280084753
step=838 tokens=109838336/1000000000 loss=3.3714 lr=0.000294 tok/s=40,992 eta=21715.556688337263
step=839 tokens=109969408/1000000000 loss=3.3127 lr=0.000294 tok/s=41,155 eta=21626.507513495104
step=840 tokens=110100480/1000000000 loss=3.3150 lr=0.000294 tok/s=29,906 eta=29756.40468041613
step=841 tokens=110231552/1000000000 loss=3.3520 lr=0.000294 tok/s=41,380 eta=21502.398220623538
step=842 tokens=110362624/1000000000 loss=3.2784 lr=0.000294 tok/s=41,051 eta=21671.278517362527
step=843 tokens=110493696/1000000000 loss=3.3309 lr=0.000294 tok/s=41,385 eta=21493.646335352583
step=844 tokens=110624768/1000000000 loss=3.2529 lr=0.000294 tok/s=41,077 eta=21651.58409148504
step=845 tokens=110755840/1000000000 loss=3.2913 lr=0.000294 tok/s=41,280 eta=21542.006710889957
step=846 tokens=110886912/1000000000 loss=3.2558 lr=0.000294 tok/s=41,104 eta=21630.66446635427
step=847 tokens=111017984/1000000000 loss=3.2724 lr=0.000294 tok/s=40,957 eta=21705.225984399676
step=848 tokens=111149056/1000000000 loss=3.2418 lr=0.000294 tok/s=41,198 eta=21575.32609805131
step=849 tokens=111280128/1000000000 loss=3.2314 lr=0.000294 tok/s=40,981 eta=21686.23425614981
step=850 tokens=111411200/1000000000 loss=3.2151 lr=0.000294 tok/s=40,965 eta=21691.37564969651
step=851 tokens=111542272/1000000000 loss=3.2226 lr=0.000294 tok/s=40,932 eta=21705.52280483832
step=852 tokens=111673344/1000000000 loss=3.2061 lr=0.000294 tok/s=41,015 eta=21658.759501312496
step=853 tokens=111804416/1000000000 loss=3.1840 lr=0.000294 tok/s=41,033 eta=21645.89555858524
step=854 tokens=111935488/1000000000 loss=3.1388 lr=0.000294 tok/s=41,332 eta=21486.291084249497
step=855 tokens=112066560/1000000000 loss=3.1658 lr=0.000294 tok/s=41,272 eta=21514.42293546529
step=856 tokens=112197632/1000000000 loss=3.1767 lr=0.000294 tok/s=41,264 eta=21515.336121618653
step=857 tokens=112328704/1000000000 loss=3.1512 lr=0.000294 tok/s=41,209 eta=21540.897882641108
step=858 tokens=112459776/1000000000 loss=3.1631 lr=0.000294 tok/s=40,941 eta=21678.607267872983
step=859 tokens=112590848/1000000000 loss=3.1624 lr=0.000294 tok/s=41,003 eta=21642.368031816834
step=860 tokens=112721920/1000000000 loss=3.1578 lr=0.000294 tok/s=41,127 eta=21574.001863197653
step=861 tokens=112852992/1000000000 loss=3.2540 lr=0.000294 tok/s=41,145 eta=21561.32125771649
step=862 tokens=112984064/1000000000 loss=3.2659 lr=0.000294 tok/s=41,200 eta=21529.614281753078
step=863 tokens=113115136/1000000000 loss=3.1957 lr=0.000294 tok/s=41,176 eta=21538.939972087202
step=864 tokens=113246208/1000000000 loss=3.1282 lr=0.000294 tok/s=41,069 eta=21591.679223284526
step=865 tokens=113377280/1000000000 loss=3.1267 lr=0.000294 tok/s=41,030 eta=21609.25914750907
step=866 tokens=113508352/1000000000 loss=3.1001 lr=0.000294 tok/s=40,889 eta=21680.40027296021
step=867 tokens=113639424/1000000000 loss=3.0402 lr=0.000294 tok/s=41,291 eta=21465.983157114304
step=868 tokens=113770496/1000000000 loss=3.0167 lr=0.000294 tok/s=41,257 eta=21480.778726940352
step=869 tokens=113901568/1000000000 loss=3.0121 lr=0.000294 tok/s=41,165 eta=21525.78624798262
step=870 tokens=114032640/1000000000 loss=3.0290 lr=0.000294 tok/s=41,231 eta=21487.84547451391
step=871 tokens=114163712/1000000000 loss=2.9543 lr=0.000294 tok/s=41,184 eta=21509.142925441483
step=872 tokens=114294784/1000000000 loss=2.9450 lr=0.000294 tok/s=41,381 eta=21403.8475845627
step=873 tokens=114425856/1000000000 loss=2.9391 lr=0.000294 tok/s=41,304 eta=21440.526140105852
step=874 tokens=114556928/1000000000 loss=2.9345 lr=0.000294 tok/s=41,115 eta=21535.587476515837
step=875 tokens=114688000/1000000000 loss=2.9422 lr=0.000294 tok/s=41,224 eta=21475.761928856984
step=876 tokens=114819072/1000000000 loss=2.8996 lr=0.000294 tok/s=41,331 eta=21417.129768761588
step=877 tokens=114950144/1000000000 loss=2.9207 lr=0.000294 tok/s=40,884 eta=21647.666879115557
step=878 tokens=115081216/1000000000 loss=2.8569 lr=0.000294 tok/s=40,721 eta=21731.317233420523
step=879 tokens=115212288/1000000000 loss=2.9073 lr=0.000294 tok/s=41,118 eta=21518.29722833125
step=880 tokens=115343360/1000000000 loss=2.8499 lr=0.000294 tok/s=41,098 eta=21525.279425361616
step=881 tokens=115474432/1000000000 loss=2.8630 lr=0.000294 tok/s=41,076 eta=21533.831227882296
step=882 tokens=115605504/1000000000 loss=2.8364 lr=0.000294 tok/s=41,262 eta=21433.46607010424
step=883 tokens=115736576/1000000000 loss=2.8185 lr=0.000294 tok/s=41,263 eta=21429.947527500834
step=884 tokens=115867648/1000000000 loss=2.8483 lr=0.000294 tok/s=41,267 eta=21424.72099047474
step=885 tokens=115998720/1000000000 loss=2.8344 lr=0.000294 tok/s=41,314 eta=21397.187200669337
step=886 tokens=116129792/1000000000 loss=2.8010 lr=0.000294 tok/s=41,243 eta=21430.603596672798
step=887 tokens=116260864/1000000000 loss=2.8042 lr=0.000294 tok/s=40,843 eta=21637.517766886573
step=888 tokens=116391936/1000000000 loss=2.7706 lr=0.000294 tok/s=41,077 eta=21510.991026514785
step=889 tokens=116523008/1000000000 loss=2.7513 lr=0.000294 tok/s=40,924 eta=21588.308401484235
step=890 tokens=116654080/1000000000 loss=2.8391 lr=0.000294 tok/s=41,158 eta=21462.446566739116
step=891 tokens=116785152/1000000000 loss=2.7844 lr=0.000294 tok/s=40,971 eta=21556.897215002187
step=892 tokens=116916224/1000000000 loss=2.9206 lr=0.000294 tok/s=41,241 eta=21412.84521376633
step=893 tokens=117047296/1000000000 loss=3.9283 lr=0.000294 tok/s=41,065 eta=21501.59422303665
step=894 tokens=117178368/1000000000 loss=3.9786 lr=0.000294 tok/s=41,105 eta=21477.200174485173
step=895 tokens=117309440/1000000000 loss=3.8098 lr=0.000293 tok/s=40,995 eta=21531.784531688947
step=896 tokens=117440512/1000000000 loss=3.7075 lr=0.000293 tok/s=41,078 eta=21484.9736824425
step=897 tokens=117571584/1000000000 loss=3.8645 lr=0.000293 tok/s=41,137 eta=21451.06282294562
step=898 tokens=117702656/1000000000 loss=3.9937 lr=0.000293 tok/s=41,268 eta=21379.63326198389
step=899 tokens=117833728/1000000000 loss=3.7814 lr=0.000293 tok/s=41,023 eta=21504.212884267068
step=900 tokens=117964800/1000000000 loss=3.9037 lr=0.000293 tok/s=41,417 eta=21296.592530242066
step=901 tokens=118095872/1000000000 loss=3.7093 lr=0.000293 tok/s=41,250 eta=21379.57281977866
step=902 tokens=118226944/1000000000 loss=3.6603 lr=0.000293 tok/s=41,257 eta=21372.57871952534
step=903 tokens=118358016/1000000000 loss=3.7767 lr=0.000293 tok/s=41,113 eta=21444.277399703748
step=904 tokens=118489088/1000000000 loss=3.7700 lr=0.000293 tok/s=41,116 eta=21439.602423263557
step=905 tokens=118620160/1000000000 loss=3.7731 lr=0.000293 tok/s=41,161 eta=21413.108674715415
step=906 tokens=118751232/1000000000 loss=3.7942 lr=0.000293 tok/s=41,394 eta=21289.031456655706
step=907 tokens=118882304/1000000000 loss=3.7199 lr=0.000293 tok/s=40,999 eta=21491.169656758742
step=908 tokens=119013376/1000000000 loss=3.7695 lr=0.000293 tok/s=41,107 eta=21431.34261047096
step=909 tokens=119144448/1000000000 loss=3.6222 lr=0.000293 tok/s=41,369 eta=21292.49888837506
step=910 tokens=119275520/1000000000 loss=3.6619 lr=0.000293 tok/s=41,585 eta=21178.69827693336
step=911 tokens=119406592/1000000000 loss=3.7775 lr=0.000293 tok/s=41,596 eta=21170.058641643736
step=912 tokens=119537664/1000000000 loss=3.7478 lr=0.000293 tok/s=41,342 eta=21297.06723138196
step=913 tokens=119668736/1000000000 loss=3.6702 lr=0.000293 tok/s=41,345 eta=21292.252037955455
step=914 tokens=119799808/1000000000 loss=3.8437 lr=0.000293 tok/s=41,334 eta=21294.791067443562
step=915 tokens=119930880/1000000000 loss=3.7385 lr=0.000293 tok/s=41,071 eta=21428.173474678653
step=916 tokens=120061952/1000000000 loss=3.8123 lr=0.000293 tok/s=29,826 eta=29501.910391787536
step=917 tokens=120193024/1000000000 loss=3.8250 lr=0.000293 tok/s=41,076 eta=21418.906858473776
step=918 tokens=120324096/1000000000 loss=3.7111 lr=0.000293 tok/s=41,343 eta=21277.397679123296
step=919 tokens=120455168/1000000000 loss=3.7683 lr=0.000293 tok/s=41,193 eta=21352.05413332463
step=920 tokens=120586240/1000000000 loss=3.7934 lr=0.000293 tok/s=41,266 eta=21310.71974063223
step=921 tokens=120717312/1000000000 loss=3.6940 lr=0.000293 tok/s=41,416 eta=21230.684622182358
step=922 tokens=120848384/1000000000 loss=3.6853 lr=0.000293 tok/s=41,226 eta=21325.176461126935
step=923 tokens=120979456/1000000000 loss=3.6190 lr=0.000293 tok/s=40,866 eta=21509.594149860615
step=924 tokens=121110528/1000000000 loss=3.6182 lr=0.000293 tok/s=41,236 eta=21313.79450222396
step=925 tokens=121241600/1000000000 loss=3.7800 lr=0.000293 tok/s=41,277 eta=21289.189109080966
step=926 tokens=121372672/1000000000 loss=3.7502 lr=0.000293 tok/s=40,932 eta=21465.613467181072
step=927 tokens=121503744/1000000000 loss=3.6062 lr=0.000293 tok/s=41,324 eta=21258.614089569513
step=928 tokens=121634816/1000000000 loss=3.7003 lr=0.000293 tok/s=41,266 eta=21285.487200649954
step=929 tokens=121765888/1000000000 loss=3.5902 lr=0.000293 tok/s=41,222 eta=21305.081905907595
step=930 tokens=121896960/1000000000 loss=3.6486 lr=0.000293 tok/s=41,195 eta=21315.606337548237
step=931 tokens=122028032/1000000000 loss=3.8225 lr=0.000293 tok/s=40,930 eta=21450.822543536684
step=932 tokens=122159104/1000000000 loss=3.6316 lr=0.000293 tok/s=41,380 eta=21214.034288007162
step=933 tokens=122290176/1000000000 loss=3.7018 lr=0.000293 tok/s=41,037 eta=21388.290675217944
step=934 tokens=122421248/1000000000 loss=3.6912 lr=0.000293 tok/s=41,355 eta=21220.585842482076
step=935 tokens=122552320/1000000000 loss=3.6627 lr=0.000293 tok/s=41,351 eta=21219.706343777398
step=936 tokens=122683392/1000000000 loss=3.6456 lr=0.000293 tok/s=41,274 eta=21256.034687452484
step=937 tokens=122814464/1000000000 loss=3.7506 lr=0.000293 tok/s=41,171 eta=21306.026521580832
step=938 tokens=122945536/1000000000 loss=3.6836 lr=0.000293 tok/s=41,246 eta=21263.97288069485
step=939 tokens=123076608/1000000000 loss=3.6824 lr=0.000293 tok/s=41,156 eta=21307.079154303246
step=940 tokens=123207680/1000000000 loss=4.0109 lr=0.000293 tok/s=41,307 eta=21226.443206144868
step=941 tokens=123338752/1000000000 loss=4.0824 lr=0.000293 tok/s=40,914 eta=21427.181997373762
step=942 tokens=123469824/1000000000 loss=3.6606 lr=0.000293 tok/s=41,170 eta=21290.668174170394
step=943 tokens=123600896/1000000000 loss=3.6911 lr=0.000293 tok/s=41,401 eta=21168.594961815732
step=944 tokens=123731968/1000000000 loss=3.7608 lr=0.000293 tok/s=41,489 eta=21120.552514726245
step=945 tokens=123863040/1000000000 loss=3.7036 lr=0.000293 tok/s=41,534 eta=21094.702106669964
step=946 tokens=123994112/1000000000 loss=3.6576 lr=0.000293 tok/s=41,268 eta=21227.200742624533
step=947 tokens=124125184/1000000000 loss=3.5303 lr=0.000293 tok/s=41,233 eta=21241.88899141827
step=948 tokens=124256256/1000000000 loss=3.6533 lr=0.000293 tok/s=41,072 eta=21322.138930088917
step=949 tokens=124387328/1000000000 loss=3.7810 lr=0.000293 tok/s=41,142 eta=21282.87574671434
step=950 tokens=124518400/1000000000 loss=3.7497 lr=0.000292 tok/s=41,084 eta=21309.57784182707
step=951 tokens=124649472/1000000000 loss=3.6038 lr=0.000292 tok/s=41,170 eta=21261.782699326533
step=952 tokens=124780544/1000000000 loss=3.6904 lr=0.000292 tok/s=41,142 eta=21272.93005010186
step=953 tokens=124911616/1000000000 loss=3.7004 lr=0.000292 tok/s=41,216 eta=21231.830454612482
step=954 tokens=125042688/1000000000 loss=3.6278 lr=0.000292 tok/s=41,162 eta=21256.276707787605
step=955 tokens=125173760/1000000000 loss=3.6729 lr=0.000292 tok/s=41,046 eta=21313.12857383626
step=956 tokens=125304832/1000000000 loss=3.6210 lr=0.000292 tok/s=41,126 eta=21268.61726416291
step=957 tokens=125435904/1000000000 loss=3.5741 lr=0.000292 tok/s=40,986 eta=21338.14520281274
step=958 tokens=125566976/1000000000 loss=3.5375 lr=0.000292 tok/s=40,933 eta=21362.787204883363
step=959 tokens=125698048/1000000000 loss=3.5254 lr=0.000292 tok/s=41,132 eta=21255.869714697412
step=960 tokens=125829120/1000000000 loss=3.4961 lr=0.000292 tok/s=41,099 eta=21269.96937299064
step=961 tokens=125960192/1000000000 loss=3.4437 lr=0.000292 tok/s=40,777 eta=21434.67295238413
step=962 tokens=126091264/1000000000 loss=3.4866 lr=0.000292 tok/s=40,980 eta=21325.001016074253
step=963 tokens=126222336/1000000000 loss=3.4705 lr=0.000292 tok/s=40,906 eta=21360.558646438178
step=964 tokens=126353408/1000000000 loss=3.5096 lr=0.000292 tok/s=41,115 eta=21248.869923461953
step=965 tokens=126484480/1000000000 loss=3.4387 lr=0.000292 tok/s=41,084 eta=21261.90454039454
step=966 tokens=126615552/1000000000 loss=3.4661 lr=0.000292 tok/s=41,120 eta=21239.879616420996
step=967 tokens=126746624/1000000000 loss=3.4011 lr=0.000292 tok/s=40,976 eta=21311.425774940635
step=968 tokens=126877696/1000000000 loss=3.4217 lr=0.000292 tok/s=40,958 eta=21317.32654284187
step=969 tokens=127008768/1000000000 loss=3.4603 lr=0.000292 tok/s=40,995 eta=21295.017234978044
step=970 tokens=127139840/1000000000 loss=3.4249 lr=0.000292 tok/s=41,072 eta=21251.741693706816
step=971 tokens=127270912/1000000000 loss=3.4380 lr=0.000292 tok/s=41,212 eta=21176.668614549326
step=972 tokens=127401984/1000000000 loss=3.4140 lr=0.000292 tok/s=40,877 eta=21346.73592257222
step=973 tokens=127533056/1000000000 loss=3.4289 lr=0.000292 tok/s=41,176 eta=21188.892334858367
step=974 tokens=127664128/1000000000 loss=3.4408 lr=0.000292 tok/s=41,169 eta=21189.112897854855
step=975 tokens=127795200/1000000000 loss=3.3834 lr=0.000292 tok/s=41,112 eta=21215.423387463066
step=976 tokens=127926272/1000000000 loss=3.4497 lr=0.000292 tok/s=41,198 eta=21167.827116650617
step=977 tokens=128057344/1000000000 loss=3.3937 lr=0.000292 tok/s=41,087 eta=21221.797141742525
step=978 tokens=128188416/1000000000 loss=3.4224 lr=0.000292 tok/s=41,082 eta=21221.007896882147
step=979 tokens=128319488/1000000000 loss=3.3923 lr=0.000292 tok/s=41,122 eta=21197.49915148983
step=980 tokens=128450560/1000000000 loss=3.4597 lr=0.000292 tok/s=40,863 eta=21328.47521042723
step=981 tokens=128581632/1000000000 loss=3.3843 lr=0.000292 tok/s=41,266 eta=21117.214419271982
step=982 tokens=128712704/1000000000 loss=3.4175 lr=0.000292 tok/s=41,352 eta=21070.022189217467
step=983 tokens=128843776/1000000000 loss=3.4048 lr=0.000292 tok/s=41,346 eta=21070.105295042704
step=984 tokens=128974848/1000000000 loss=3.4090 lr=0.000292 tok/s=41,274 eta=21103.390291760184
step=985 tokens=129105920/1000000000 loss=3.3978 lr=0.000292 tok/s=41,210 eta=21132.98766793959
step=986 tokens=129236992/1000000000 loss=3.4033 lr=0.000292 tok/s=41,148 eta=21161.916898532367
step=987 tokens=129368064/1000000000 loss=3.4038 lr=0.000292 tok/s=41,075 eta=21196.256244508644
step=988 tokens=129499136/1000000000 loss=3.3799 lr=0.000292 tok/s=41,041 eta=21210.378865184273
step=989 tokens=129630208/1000000000 loss=3.1078 lr=0.000292 tok/s=41,054 eta=21200.618914058294
step=990 tokens=129761280/1000000000 loss=2.9561 lr=0.000292 tok/s=41,058 eta=21195.17596273636
step=991 tokens=129892352/1000000000 loss=2.9580 lr=0.000292 tok/s=41,033 eta=21205.044303207902
step=992 tokens=130023424/1000000000 loss=2.9092 lr=0.000292 tok/s=29,679 eta=29312.84605657701
step=993 tokens=130154496/1000000000 loss=2.9124 lr=0.000292 tok/s=41,114 eta=21156.68017645128
step=994 tokens=130285568/1000000000 loss=2.8762 lr=0.000292 tok/s=41,158 eta=21131.36953419317
step=995 tokens=130416640/1000000000 loss=2.8717 lr=0.000292 tok/s=41,353 eta=21028.332794100443
step=996 tokens=130547712/1000000000 loss=2.8573 lr=0.000292 tok/s=41,309 eta=21047.590628135065
step=997 tokens=130678784/1000000000 loss=2.8175 lr=0.000292 tok/s=41,182 eta=21109.361105923897
step=998 tokens=130809856/1000000000 loss=2.8386 lr=0.000292 tok/s=40,873 eta=21265.76279617881
step=999 tokens=130940928/1000000000 loss=2.8411 lr=0.000292 tok/s=40,828 eta=21286.02179977904
step=1000 tokens=131072000/1000000000 loss=2.8101 lr=0.000292 tok/s=40,843 eta=21274.752770550498
step=1001 tokens=131203072/1000000000 loss=2.7911 lr=0.000292 tok/s=40,975 eta=21203.339371642902
step=1002 tokens=131334144/1000000000 loss=2.7766 lr=0.000291 tok/s=40,984 eta=21195.036412076006
step=1003 tokens=131465216/1000000000 loss=2.7948 lr=0.000291 tok/s=41,222 eta=21069.58936927877
step=1004 tokens=131596288/1000000000 loss=2.7733 lr=0.000291 tok/s=41,253 eta=21050.77591231861
step=1005 tokens=131727360/1000000000 loss=2.7356 lr=0.000291 tok/s=41,045 eta=21154.046107760078
step=1006 tokens=131858432/1000000000 loss=2.7513 lr=0.000291 tok/s=41,155 eta=21094.33947957599
step=1007 tokens=131989504/1000000000 loss=2.7391 lr=0.000291 tok/s=41,078 eta=21130.626472366297
step=1008 tokens=132120576/1000000000 loss=2.7092 lr=0.000291 tok/s=40,972 eta=21182.13941915181
step=1009 tokens=132251648/1000000000 loss=2.6876 lr=0.000291 tok/s=41,181 eta=21071.435269659483
step=1010 tokens=132382720/1000000000 loss=2.7370 lr=0.000291 tok/s=41,057 eta=21131.922592109426
step=1011 tokens=132513792/1000000000 loss=2.6843 lr=0.000291 tok/s=41,191 eta=21060.106562084235
step=1012 tokens=132644864/1000000000 loss=2.7418 lr=0.000291 tok/s=41,326 eta=20988.170378480907
step=1013 tokens=132775936/1000000000 loss=2.6891 lr=0.000291 tok/s=41,054 eta=21123.829042610698
step=1014 tokens=132907008/1000000000 loss=2.6923 lr=0.000291 tok/s=41,113 eta=21090.47391854423
step=1015 tokens=133038080/1000000000 loss=2.8389 lr=0.000291 tok/s=41,036 eta=21126.857356511264
step=1016 tokens=133169152/1000000000 loss=3.3501 lr=0.000291 tok/s=41,151 eta=21064.85128541477
step=1017 tokens=133300224/1000000000 loss=3.3256 lr=0.000291 tok/s=41,020 eta=21128.675470255563
step=1018 tokens=133431296/1000000000 loss=3.2677 lr=0.000291 tok/s=41,138 eta=21064.71849214033
step=1019 tokens=133562368/1000000000 loss=3.2353 lr=0.000291 tok/s=41,059 eta=21102.33545198433
step=1020 tokens=133693440/1000000000 loss=3.2706 lr=0.000291 tok/s=41,146 eta=21054.468877130686
step=1021 tokens=133824512/1000000000 loss=3.2454 lr=0.000291 tok/s=41,149 eta=21049.663120633104
step=1022 tokens=133955584/1000000000 loss=3.2041 lr=0.000291 tok/s=41,463 eta=20887.040553389
step=1023 tokens=134086656/1000000000 loss=3.1942 lr=0.000291 tok/s=41,166 eta=21034.44777770049
step=1024 tokens=134217728/1000000000 loss=3.2035 lr=0.000291 tok/s=41,329 eta=20948.325256088574
step=1025 tokens=134348800/1000000000 loss=3.1433 lr=0.000291 tok/s=41,353 eta=20932.981088624507
step=1026 tokens=134479872/1000000000 loss=3.1185 lr=0.000291 tok/s=41,276 eta=20969.214796066513
step=1027 tokens=134610944/1000000000 loss=3.1552 lr=0.000291 tok/s=40,962 eta=21126.56604027309
step=1028 tokens=134742016/1000000000 loss=3.1531 lr=0.000291 tok/s=41,223 eta=20989.922521347355
step=1029 tokens=134873088/1000000000 loss=3.1628 lr=0.000291 tok/s=41,138 eta=21030.066016984867
step=1030 tokens=135004160/1000000000 loss=3.1205 lr=0.000291 tok/s=41,381 eta=20903.168336339844
step=1031 tokens=135135232/1000000000 loss=3.1240 lr=0.000291 tok/s=40,995 eta=21096.736545203326
step=1032 tokens=135266304/1000000000 loss=3.1089 lr=0.000291 tok/s=41,247 eta=20964.998461165018
step=1033 tokens=135397376/1000000000 loss=3.1242 lr=0.000291 tok/s=41,246 eta=20962.22786739676
step=1034 tokens=135528448/1000000000 loss=3.1104 lr=0.000291 tok/s=41,303 eta=20930.078882005757
step=1035 tokens=135659520/1000000000 loss=3.0694 lr=0.000291 tok/s=41,288 eta=20934.49478710718
step=1036 tokens=135790592/1000000000 loss=3.0662 lr=0.000291 tok/s=41,138 eta=21007.38966733806
step=1037 tokens=135921664/1000000000 loss=3.0478 lr=0.000291 tok/s=40,844 eta=21155.454094365574
step=1038 tokens=136052736/1000000000 loss=3.0367 lr=0.000291 tok/s=41,161 eta=20989.342802068262
step=1039 tokens=136183808/1000000000 loss=3.1126 lr=0.000291 tok/s=41,124 eta=21005.18202915832
step=1040 tokens=136314880/1000000000 loss=3.0378 lr=0.000291 tok/s=41,281 eta=20921.989297532604
step=1041 tokens=136445952/1000000000 loss=3.0736 lr=0.000291 tok/s=41,254 eta=20932.38642167311
step=1042 tokens=136577024/1000000000 loss=3.0576 lr=0.000291 tok/s=41,200 eta=20956.73068423938
step=1043 tokens=136708096/1000000000 loss=3.0518 lr=0.000291 tok/s=41,065 eta=21022.564650409924
step=1044 tokens=136839168/1000000000 loss=3.0584 lr=0.000291 tok/s=41,407 eta=20845.85951507218
step=1045 tokens=136970240/1000000000 loss=3.0423 lr=0.000291 tok/s=41,223 eta=20935.835745867567
checkpoint saved: runs/20260905-135527/checkpoints/step_000001045 (time)
step=1046 tokens=137101312/1000000000 loss=3.0796 lr=0.000291 tok/s=34,940 eta=24696.48422185006
step=1047 tokens=137232384/1000000000 loss=3.1830 lr=0.000291 tok/s=41,150 eta=20966.472628531294
step=1048 tokens=137363456/1000000000 loss=3.9033 lr=0.000291 tok/s=41,572 eta=20750.611794658285
step=1049 tokens=137494528/1000000000 loss=3.8161 lr=0.000291 tok/s=41,417 eta=20824.68168624474
step=1050 tokens=137625600/1000000000 loss=3.7758 lr=0.000291 tok/s=41,257 eta=20902.3249307054
step=1051 tokens=137756672/1000000000 loss=3.7717 lr=0.00029 tok/s=41,024 eta=21017.795989441
step=1052 tokens=137887744/1000000000 loss=3.6823 lr=0.00029 tok/s=41,452 eta=20797.63766575847
step=1053 tokens=138018816/1000000000 loss=3.6511 lr=0.00029 tok/s=41,295 eta=20873.815452648614
step=1054 tokens=138149888/1000000000 loss=3.7903 lr=0.00029 tok/s=41,172 eta=20932.797283825348
step=1055 tokens=138280960/1000000000 loss=3.8382 lr=0.00029 tok/s=41,123 eta=20954.43691821541
step=1056 tokens=138412032/1000000000 loss=3.7688 lr=0.00029 tok/s=40,792 eta=21121.52821721235
step=1057 tokens=138543104/1000000000 loss=3.6340 lr=0.00029 tok/s=41,026 eta=20997.7153856111
step=1058 tokens=138674176/1000000000 loss=3.7148 lr=0.00029 tok/s=41,017 eta=20999.29670589158
step=1059 tokens=138805248/1000000000 loss=3.7765 lr=0.00029 tok/s=41,068 eta=20970.04685582437
step=1060 tokens=138936320/1000000000 loss=3.7782 lr=0.00029 tok/s=41,144 eta=20928.215631210922
step=1061 tokens=139067392/1000000000 loss=3.7037 lr=0.00029 tok/s=41,131 eta=20931.5089481772
step=1062 tokens=139198464/1000000000 loss=3.6527 lr=0.00029 tok/s=41,102 eta=20942.985065486788
step=1063 tokens=139329536/1000000000 loss=3.5914 lr=0.00029 tok/s=41,125 eta=20927.956699198618
step=1064 tokens=139460608/1000000000 loss=3.8029 lr=0.00029 tok/s=41,179 eta=20897.759791702185
step=1065 tokens=139591680/1000000000 loss=3.6251 lr=0.00029 tok/s=41,167 eta=20900.481073780567
step=1066 tokens=139722752/1000000000 loss=3.7805 lr=0.00029 tok/s=41,027 eta=20968.783754084
step=1067 tokens=139853824/1000000000 loss=3.6006 lr=0.00029 tok/s=41,346 eta=20803.412608460123
step=1068 tokens=139984896/1000000000 loss=3.6866 lr=0.00029 tok/s=41,260 eta=20844.006555867472
step=1069 tokens=140115968/1000000000 loss=3.6891 lr=0.00029 tok/s=29,848 eta=28808.99969057871
step=1070 tokens=140247040/1000000000 loss=3.7078 lr=0.00029 tok/s=41,088 eta=20924.481673496277
step=1071 tokens=140378112/1000000000 loss=3.6459 lr=0.00029 tok/s=41,280 eta=20824.331271515155
step=1072 tokens=140509184/1000000000 loss=3.6854 lr=0.00029 tok/s=41,131 eta=20896.558772688848
step=1073 tokens=140640256/1000000000 loss=3.5960 lr=0.00029 tok/s=40,906 eta=21007.970731788326
step=1074 tokens=140771328/1000000000 loss=3.6416 lr=0.00029 tok/s=41,204 eta=20853.116562877356
step=1075 tokens=140902400/1000000000 loss=3.6924 lr=0.00029 tok/s=41,007 eta=20950.053300648233
step=1076 tokens=141033472/1000000000 loss=3.6372 lr=0.00029 tok/s=40,964 eta=20969.05158082565
step=1077 tokens=141164544/1000000000 loss=3.6363 lr=0.00029 tok/s=41,043 eta=20925.46133120336
step=1078 tokens=141295616/1000000000 loss=3.6431 lr=0.00029 tok/s=41,149 eta=20867.95960035754
step=1079 tokens=141426688/1000000000 loss=3.7255 lr=0.00029 tok/s=41,311 eta=20783.10130607307
step=1080 tokens=141557760/1000000000 loss=3.6438 lr=0.00029 tok/s=41,104 eta=20884.41880912519
step=1081 tokens=141688832/1000000000 loss=3.7264 lr=0.00029 tok/s=41,354 eta=20755.30079218054
step=1082 tokens=141819904/1000000000 loss=3.7270 lr=0.00029 tok/s=41,206 eta=20826.50541314928
step=1083 tokens=141950976/1000000000 loss=3.7522 lr=0.00029 tok/s=41,088 eta=20883.434014332666
step=1084 tokens=142082048/1000000000 loss=3.6682 lr=0.00029 tok/s=41,120 eta=20863.89483515946
step=1085 tokens=142213120/1000000000 loss=3.6026 lr=0.00029 tok/s=41,164 eta=20838.28888667695
step=1086 tokens=142344192/1000000000 loss=3.6989 lr=0.00029 tok/s=40,890 eta=20974.526689519407
step=1087 tokens=142475264/1000000000 loss=3.5492 lr=0.00029 tok/s=41,142 eta=20843.082900350357
step=1088 tokens=142606336/1000000000 loss=3.6861 lr=0.00029 tok/s=41,073 eta=20875.110424419436
step=1089 tokens=142737408/1000000000 loss=3.6644 lr=0.00029 tok/s=41,100 eta=20857.974109417442
step=1090 tokens=142868480/1000000000 loss=3.6602 lr=0.00029 tok/s=41,206 eta=20801.02450929544
step=1091 tokens=142999552/1000000000 loss=3.6221 lr=0.00029 tok/s=41,054 eta=20874.935093910528
step=1092 tokens=143130624/1000000000 loss=3.6157 lr=0.00029 tok/s=41,052 eta=20872.860743427627
step=1093 tokens=143261696/1000000000 loss=3.7609 lr=0.00029 tok/s=41,178 eta=20805.723439803976
step=1094 tokens=143392768/1000000000 loss=3.6633 lr=0.00029 tok/s=41,111 eta=20836.506624386395
step=1095 tokens=143523840/1000000000 loss=3.6379 lr=0.00029 tok/s=41,169 eta=20804.062303338203
step=1096 tokens=143654912/1000000000 loss=3.7175 lr=0.00029 tok/s=41,463 eta=20653.438724834472
step=1097 tokens=143785984/1000000000 loss=3.5513 lr=0.00029 tok/s=41,059 eta=20853.45275846927
step=1098 tokens=143917056/1000000000 loss=3.6906 lr=0.000289 tok/s=41,057 eta=20850.86430470354
step=1099 tokens=144048128/1000000000 loss=3.6318 lr=0.000289 tok/s=41,112 eta=20819.779133809032
step=1100 tokens=144179200/1000000000 loss=3.7343 lr=0.000289 tok/s=41,319 eta=20712.28500512813
step=1101 tokens=144310272/1000000000 loss=3.5954 lr=0.000289 tok/s=41,265 eta=20736.348386431717
step=1102 tokens=144441344/1000000000 loss=3.6858 lr=0.000289 tok/s=40,793 eta=20972.93029209646
step=1103 tokens=144572416/1000000000 loss=3.6024 lr=0.000289 tok/s=40,828 eta=20952.028839827843
step=1104 tokens=144703488/1000000000 loss=3.7295 lr=0.000289 tok/s=41,254 eta=20732.480829215565
step=1105 tokens=144834560/1000000000 loss=3.6230 lr=0.000289 tok/s=41,258 eta=20727.06584067828
step=1106 tokens=144965632/1000000000 loss=3.6973 lr=0.000289 tok/s=41,258 eta=20724.00200834785
step=1107 tokens=145096704/1000000000 loss=3.5859 lr=0.000289 tok/s=41,030 eta=20835.826807826834
step=1108 tokens=145227776/1000000000 loss=3.6455 lr=0.000289 tok/s=41,298 eta=20697.89623465154
step=1109 tokens=145358848/1000000000 loss=3.6378 lr=0.000289 tok/s=41,372 eta=20657.684305608527
step=1110 tokens=145489920/1000000000 loss=3.5640 lr=0.000289 tok/s=41,108 eta=20786.994344965166
step=1111 tokens=145620992/1000000000 loss=3.8229 lr=0.000289 tok/s=41,079 eta=20798.364432956478
step=1112 tokens=145752064/1000000000 loss=3.5993 lr=0.000289 tok/s=41,332 eta=20667.828589112312
step=1113 tokens=145883136/1000000000 loss=3.6668 lr=0.000289 tok/s=41,129 eta=20766.768836220544
step=1114 tokens=146014208/1000000000 loss=3.7554 lr=0.000289 tok/s=41,396 eta=20629.740406606375
step=1115 tokens=146145280/1000000000 loss=3.7017 lr=0.000289 tok/s=41,302 eta=20673.564186177828
step=1116 tokens=146276352/1000000000 loss=3.7001 lr=0.000289 tok/s=41,261 eta=20691.008132121337
step=1117 tokens=146407424/1000000000 loss=3.6078 lr=0.000289 tok/s=41,157 eta=20739.8210575907
step=1118 tokens=146538496/1000000000 loss=3.6491 lr=0.000289 tok/s=41,136 eta=20747.237290492965
step=1119 tokens=146669568/1000000000 loss=3.7069 lr=0.000289 tok/s=41,197 eta=20713.188611346013
step=1120 tokens=146800640/1000000000 loss=3.5670 lr=0.000289 tok/s=40,805 eta=20909.06473664644
step=1121 tokens=146931712/1000000000 loss=3.7759 lr=0.000289 tok/s=40,883 eta=20866.19173889956
step=1122 tokens=147062784/1000000000 loss=3.7382 lr=0.000289 tok/s=41,156 eta=20724.41815436717
step=1123 tokens=147193856/1000000000 loss=3.6487 lr=0.000289 tok/s=41,222 eta=20688.278888004148
step=1124 tokens=147324928/1000000000 loss=3.7007 lr=0.000289 tok/s=41,152 eta=20719.987426683892
step=1125 tokens=147456000/1000000000 loss=3.6415 lr=0.000289 tok/s=41,210 eta=20687.880979663416
step=1126 tokens=147587072/1000000000 loss=3.7608 lr=0.000289 tok/s=41,250 eta=20664.432341855154
step=1127 tokens=147718144/1000000000 loss=3.8082 lr=0.000289 tok/s=41,382 eta=20595.68592729491
step=1128 tokens=147849216/1000000000 loss=3.6668 lr=0.000289 tok/s=41,196 eta=20685.088399086348
step=1129 tokens=147980288/1000000000 loss=3.5790 lr=0.000289 tok/s=41,089 eta=20735.930583747693
step=1130 tokens=148111360/1000000000 loss=3.6081 lr=0.000289 tok/s=41,274 eta=20639.979371203146
step=1131 tokens=148242432/1000000000 loss=3.6740 lr=0.000289 tok/s=41,063 eta=20742.465132562775
step=1132 tokens=148373504/1000000000 loss=3.7779 lr=0.000289 tok/s=41,230 eta=20655.45175784683
step=1133 tokens=148504576/1000000000 loss=3.7585 lr=0.000289 tok/s=41,173 eta=20680.99945996022
step=1134 tokens=148635648/1000000000 loss=3.6788 lr=0.000289 tok/s=41,315 eta=20606.720946862715
step=1135 tokens=148766720/1000000000 loss=3.8773 lr=0.000289 tok/s=41,099 eta=20711.956147547855
step=1136 tokens=148897792/1000000000 loss=3.6349 lr=0.000289 tok/s=41,170 eta=20673.04612322423
step=1137 tokens=149028864/1000000000 loss=3.6545 lr=0.000289 tok/s=41,376 eta=20566.85056870239
step=1138 tokens=149159936/1000000000 loss=3.5554 lr=0.000289 tok/s=41,504 eta=20499.993322624636
step=1139 tokens=149291008/1000000000 loss=3.6429 lr=0.000289 tok/s=41,191 eta=20652.85067984577
step=1140 tokens=149422080/1000000000 loss=3.7066 lr=0.000289 tok/s=41,364 eta=20563.36559338564
step=1141 tokens=149553152/1000000000 loss=3.5524 lr=0.000289 tok/s=41,147 eta=20668.5607968264
step=1142 tokens=149684224/1000000000 loss=3.6043 lr=0.000289 tok/s=41,165 eta=20656.33152641883
step=1143 tokens=149815296/1000000000 loss=3.4066 lr=0.000288 tok/s=41,168 eta=20651.673070952635
step=1144 tokens=149946368/1000000000 loss=2.5609 lr=0.000288 tok/s=41,213 eta=20626.063711215855
step=1145 tokens=150077440/1000000000 loss=2.4467 lr=0.000288 tok/s=29,975 eta=28354.65676157865
checkpoint saved: runs/20260905-135527/checkpoints/tokens_000150m (permanent_tokens)
step=1146 tokens=150208512/1000000000 loss=2.4038 lr=0.000288 tok/s=34,871 eta=24369.324858318036
step=1147 tokens=150339584/1000000000 loss=2.3384 lr=0.000288 tok/s=41,218 eta=20613.950362386753
step=1148 tokens=150470656/1000000000 loss=2.2909 lr=0.000288 tok/s=41,529 eta=20456.09698616632
step=1149 tokens=150601728/1000000000 loss=2.2052 lr=0.000288 tok/s=41,165 eta=20634.220455329356
step=1150 tokens=150732800/1000000000 loss=2.1890 lr=0.000288 tok/s=41,316 eta=20555.527053624217
step=1151 tokens=150863872/1000000000 loss=2.1935 lr=0.000288 tok/s=41,615 eta=20404.630096775687
step=1152 tokens=150994944/1000000000 loss=2.1592 lr=0.000288 tok/s=41,289 eta=20562.455431836654
step=1153 tokens=151126016/1000000000 loss=2.1231 lr=0.000288 tok/s=41,362 eta=20522.90019235701
step=1154 tokens=151257088/1000000000 loss=2.1179 lr=0.000288 tok/s=41,234 eta=20583.648211885775
step=1155 tokens=151388160/1000000000 loss=2.0960 lr=0.000288 tok/s=41,312 eta=20541.448870668843
step=1156 tokens=151519232/1000000000 loss=2.0530 lr=0.000288 tok/s=41,353 eta=20518.156521957455
step=1157 tokens=151650304/1000000000 loss=2.0470 lr=0.000288 tok/s=41,336 eta=20523.328103769065
step=1158 tokens=151781376/1000000000 loss=2.0377 lr=0.000288 tok/s=41,336 eta=20520.207219294865
step=1159 tokens=151912448/1000000000 loss=2.0149 lr=0.000288 tok/s=41,330 eta=20519.822713828526
step=1160 tokens=152043520/1000000000 loss=2.0409 lr=0.000288 tok/s=41,220 eta=20571.703786161306
step=1161 tokens=152174592/1000000000 loss=1.9991 lr=0.000288 tok/s=41,280 eta=20538.44651610278
step=1162 tokens=152305664/1000000000 loss=1.9576 lr=0.000288 tok/s=41,254 eta=20548.224091020897
step=1163 tokens=152436736/1000000000 loss=1.9898 lr=0.000288 tok/s=41,074 eta=20634.86838674407
step=1164 tokens=152567808/1000000000 loss=1.9392 lr=0.000288 tok/s=41,334 eta=20502.267184785243
step=1165 tokens=152698880/1000000000 loss=1.9759 lr=0.000288 tok/s=41,147 eta=20591.87879930763
step=1166 tokens=152829952/1000000000 loss=1.9530 lr=0.000288 tok/s=41,385 eta=20470.263776428208
step=1167 tokens=152961024/1000000000 loss=1.9320 lr=0.000288 tok/s=41,380 eta=20469.83298924828
step=1168 tokens=153092096/1000000000 loss=1.9121 lr=0.000288 tok/s=41,315 eta=20498.60122412601
step=1169 tokens=153223168/1000000000 loss=1.9212 lr=0.000288 tok/s=41,204 eta=20550.8595237815
step=1170 tokens=153354240/1000000000 loss=1.9182 lr=0.000288 tok/s=41,273 eta=20513.459253136076
step=1171 tokens=153485312/1000000000 loss=1.8826 lr=0.000288 tok/s=41,267 eta=20513.199397892145
step=1172 tokens=153616384/1000000000 loss=1.8776 lr=0.000288 tok/s=41,375 eta=20456.23678133276
step=1173 tokens=153747456/1000000000 loss=1.8868 lr=0.000288 tok/s=41,304 eta=20488.325356634246
step=1174 tokens=153878528/1000000000 loss=1.8769 lr=0.000288 tok/s=41,196 eta=20538.78791584301
step=1175 tokens=154009600/1000000000 loss=2.1626 lr=0.000288 tok/s=41,150 eta=20558.656880120154
step=1176 tokens=154140672/1000000000 loss=3.1816 lr=0.000288 tok/s=41,126 eta=20567.461003935226
step=1177 tokens=154271744/1000000000 loss=3.0471 lr=0.000288 tok/s=41,171 eta=20541.734642278378
step=1178 tokens=154402816/1000000000 loss=2.9583 lr=0.000288 tok/s=41,484 eta=20383.8339864987
step=1179 tokens=154533888/1000000000 loss=2.9516 lr=0.000288 tok/s=41,241 eta=20500.84139737092
step=1180 tokens=154664960/1000000000 loss=2.9216 lr=0.000288 tok/s=41,137 eta=20549.087368928536
step=1181 tokens=154796032/1000000000 loss=2.8854 lr=0.000288 tok/s=41,156 eta=20536.529609875844
step=1182 tokens=154927104/1000000000 loss=2.8426 lr=0.000288 tok/s=41,206 eta=20508.589320589348
step=1183 tokens=155058176/1000000000 loss=2.8312 lr=0.000288 tok/s=41,229 eta=20494.029620492194
step=1184 tokens=155189248/1000000000 loss=2.7631 lr=0.000288 tok/s=41,026 eta=20592.04023599922
step=1185 tokens=155320320/1000000000 loss=2.7593 lr=0.000287 tok/s=41,204 eta=20499.954202635992
step=1186 tokens=155451392/1000000000 loss=2.7716 lr=0.000287 tok/s=41,194 eta=20501.50284703214
step=1187 tokens=155582464/1000000000 loss=2.7708 lr=0.000287 tok/s=41,082 eta=20554.491429218742
step=1188 tokens=155713536/1000000000 loss=2.7667 lr=0.000287 tok/s=41,591 eta=20299.753826683573
step=1189 tokens=155844608/1000000000 loss=2.7368 lr=0.000287 tok/s=41,400 eta=20390.44482113238
step=1190 tokens=155975680/1000000000 loss=2.6705 lr=0.000287 tok/s=41,390 eta=20391.8789780082
step=1191 tokens=156106752/1000000000 loss=2.7678 lr=0.000287 tok/s=41,202 eta=20481.66801557038
step=1192 tokens=156237824/1000000000 loss=2.7378 lr=0.000287 tok/s=41,071 eta=20543.900835814355
step=1193 tokens=156368896/1000000000 loss=2.7390 lr=0.000287 tok/s=41,114 eta=20519.404793975096
step=1194 tokens=156499968/1000000000 loss=2.6898 lr=0.000287 tok/s=41,225 eta=20460.688024885232
step=1195 tokens=156631040/1000000000 loss=2.6759 lr=0.000287 tok/s=41,443 eta=20350.150315354633
step=1196 tokens=156762112/1000000000 loss=2.6961 lr=0.000287 tok/s=41,291 eta=20421.815609682417
step=1197 tokens=156893184/1000000000 loss=2.6891 lr=0.000287 tok/s=41,281 eta=20423.5440740561
step=1198 tokens=157024256/1000000000 loss=2.6379 lr=0.000287 tok/s=41,330 eta=20396.06450160249
step=1199 tokens=157155328/1000000000 loss=2.6412 lr=0.000287 tok/s=41,385 eta=20365.73401603334
step=1200 tokens=157286400/1000000000 loss=2.6583 lr=0.000287 tok/s=41,254 eta=20427.37188396383
step=1201 tokens=157417472/1000000000 loss=2.6119 lr=0.000287 tok/s=41,371 eta=20366.631454357128
step=1202 tokens=157548544/1000000000 loss=2.6542 lr=0.000287 tok/s=41,182 eta=20456.76848970322
step=1203 tokens=157679616/1000000000 loss=2.6954 lr=0.000287 tok/s=41,122 eta=20483.45717355897
step=1204 tokens=157810688/1000000000 loss=2.6686 lr=0.000287 tok/s=41,320 eta=20381.90574621224
step=1205 tokens=157941760/1000000000 loss=2.6502 lr=0.000287 tok/s=41,379 eta=20349.67153646214
step=1206 tokens=158072832/1000000000 loss=2.6293 lr=0.000287 tok/s=41,514 eta=20280.44889987906
step=1207 tokens=158203904/1000000000 loss=2.9076 lr=0.000287 tok/s=41,316 eta=20374.368182236292
step=1208 tokens=158334976/1000000000 loss=3.7971 lr=0.000287 tok/s=41,611 eta=20226.938703716292
step=1209 tokens=158466048/1000000000 loss=3.6755 lr=0.000287 tok/s=41,604 eta=20227.36282842794
step=1210 tokens=158597120/1000000000 loss=3.6985 lr=0.000287 tok/s=41,692 eta=20181.339209118043
step=1211 tokens=158728192/1000000000 loss=3.7642 lr=0.000287 tok/s=41,707 eta=20171.073532163267
step=1212 tokens=158859264/1000000000 loss=3.7066 lr=0.000287 tok/s=41,566 eta=20236.071685708204
step=1213 tokens=158990336/1000000000 loss=3.6270 lr=0.000287 tok/s=41,376 eta=20326.26111314189
step=1214 tokens=159121408/1000000000 loss=3.7411 lr=0.000287 tok/s=41,491 eta=20266.746044145177
step=1215 tokens=159252480/1000000000 loss=3.8140 lr=0.000287 tok/s=41,407 eta=20304.55602895515
step=1216 tokens=159383552/1000000000 loss=3.6658 lr=0.000287 tok/s=41,653 eta=20181.263513388407
step=1217 tokens=159514624/1000000000 loss=3.5639 lr=0.000287 tok/s=41,462 eta=20271.206816242742
step=1218 tokens=159645696/1000000000 loss=3.7164 lr=0.000287 tok/s=41,449 eta=20274.506837655026
step=1219 tokens=159776768/1000000000 loss=3.6930 lr=0.000287 tok/s=41,467 eta=20262.58099616364
step=1220 tokens=159907840/1000000000 loss=3.6969 lr=0.000287 tok/s=41,606 eta=20191.707694115903
step=1221 tokens=160038912/1000000000 loss=3.5674 lr=0.000287 tok/s=30,111 eta=27895.354532622747
step=1222 tokens=160169984/1000000000 loss=3.6254 lr=0.000287 tok/s=41,254 eta=20357.67972273569
step=1223 tokens=160301056/1000000000 loss=3.6843 lr=0.000287 tok/s=41,476 eta=20245.272569896057
step=1224 tokens=160432128/1000000000 loss=3.6767 lr=0.000287 tok/s=41,384 eta=20287.159000202995
step=1225 tokens=160563200/1000000000 loss=3.6847 lr=0.000287 tok/s=41,610 eta=20174.141602469135
step=1226 tokens=160694272/1000000000 loss=4.0241 lr=0.000287 tok/s=41,766 eta=20095.394488725615
step=1227 tokens=160825344/1000000000 loss=3.6602 lr=0.000286 tok/s=41,429 eta=20255.88643209527
step=1228 tokens=160956416/1000000000 loss=3.5907 lr=0.000286 tok/s=41,695 eta=20123.545244441804
step=1229 tokens=161087488/1000000000 loss=3.6017 lr=0.000286 tok/s=41,625 eta=20154.040678339563
step=1230 tokens=161218560/1000000000 loss=3.6641 lr=0.000286 tok/s=41,539 eta=20192.781241849287
step=1231 tokens=161349632/1000000000 loss=3.5863 lr=0.000286 tok/s=41,583 eta=20168.207816175513
step=1232 tokens=161480704/1000000000 loss=3.5723 lr=0.000286 tok/s=41,439 eta=20234.99072301717
step=1233 tokens=161611776/1000000000 loss=3.9638 lr=0.000286 tok/s=41,532 eta=20186.430516697314
step=1234 tokens=161742848/1000000000 loss=3.7310 lr=0.000286 tok/s=41,158 eta=20366.80950063615
step=1235 tokens=161873920/1000000000 loss=3.7113 lr=0.000286 tok/s=41,693 eta=20102.098206325616
step=1236 tokens=162004992/1000000000 loss=3.6153 lr=0.000286 tok/s=41,630 eta=20129.77639663801
step=1237 tokens=162136064/1000000000 loss=3.6920 lr=0.000286 tok/s=41,603 eta=20139.510832813485
step=1238 tokens=162267136/1000000000 loss=3.5908 lr=0.000286 tok/s=41,585 eta=20145.090232153438
step=1239 tokens=162398208/1000000000 loss=3.7054 lr=0.000286 tok/s=41,462 eta=20201.508463307826
step=1240 tokens=162529280/1000000000 loss=3.6935 lr=0.000286 tok/s=41,633 eta=20115.690881829127
step=1241 tokens=162660352/1000000000 loss=3.6336 lr=0.000286 tok/s=41,785 eta=20039.245004787972
step=1242 tokens=162791424/1000000000 loss=3.5741 lr=0.000286 tok/s=41,505 eta=20171.361564023602
step=1243 tokens=162922496/1000000000 loss=3.6458 lr=0.000286 tok/s=41,733 eta=20058.019946948454
step=1244 tokens=163053568/1000000000 loss=3.6649 lr=0.000286 tok/s=41,572 eta=20132.386068326556
step=1245 tokens=163184640/1000000000 loss=3.4823 lr=0.000286 tok/s=41,453 eta=20187.272652396714
step=1246 tokens=163315712/1000000000 loss=3.5981 lr=0.000286 tok/s=41,461 eta=20179.835683409263
step=1247 tokens=163446784/1000000000 loss=3.7309 lr=0.000286 tok/s=41,491 eta=20162.356398639367
step=1248 tokens=163577856/1000000000 loss=3.6748 lr=0.000286 tok/s=41,505 eta=20152.121924566636
step=1249 tokens=163708928/1000000000 loss=3.6237 lr=0.000286 tok/s=41,549 eta=20127.98879797889
step=1250 tokens=163840000/1000000000 loss=3.5529 lr=0.000286 tok/s=41,532 eta=20132.996985913927
step=1251 tokens=163971072/1000000000 loss=3.5108 lr=0.000286 tok/s=41,531 eta=20130.36913701462
step=1252 tokens=164102144/1000000000 loss=3.6285 lr=0.000286 tok/s=41,600 eta=20093.84356151432
step=1253 tokens=164233216/1000000000 loss=3.7186 lr=0.000286 tok/s=41,494 eta=20142.099874328305
step=1254 tokens=164364288/1000000000 loss=3.5086 lr=0.000286 tok/s=41,489 eta=20141.00349232009
step=1255 tokens=164495360/1000000000 loss=3.6404 lr=0.000286 tok/s=41,328 eta=20216.42690704026
step=1256 tokens=164626432/1000000000 loss=3.6330 lr=0.000286 tok/s=41,521 eta=20119.176864541503
step=1257 tokens=164757504/1000000000 loss=3.5458 lr=0.000286 tok/s=41,490 eta=20130.953514532976
step=1258 tokens=164888576/1000000000 loss=3.4705 lr=0.000286 tok/s=41,442 eta=20151.295474893785
step=1259 tokens=165019648/1000000000 loss=3.4894 lr=0.000286 tok/s=41,499 eta=20120.655817354756
step=1260 tokens=165150720/1000000000 loss=3.6711 lr=0.000286 tok/s=41,580 eta=20077.953592435548
step=1261 tokens=165281792/1000000000 loss=3.5993 lr=0.000286 tok/s=41,349 eta=20186.97660819618
step=1262 tokens=165412864/1000000000 loss=3.5705 lr=0.000286 tok/s=41,363 eta=20177.10201912235
step=1263 tokens=165543936/1000000000 loss=3.5872 lr=0.000286 tok/s=41,362 eta=20174.292796203365
step=1264 tokens=165675008/1000000000 loss=3.4898 lr=0.000286 tok/s=41,380 eta=20162.555300525513
step=1265 tokens=165806080/1000000000 loss=3.4997 lr=0.000286 tok/s=41,613 eta=20046.28309579524
step=1266 tokens=165937152/1000000000 loss=3.5504 lr=0.000285 tok/s=41,489 eta=20103.44698150565
step=1267 tokens=166068224/1000000000 loss=3.4383 lr=0.000285 tok/s=41,618 eta=20037.643051836414
step=1268 tokens=166199296/1000000000 loss=3.4641 lr=0.000285 tok/s=41,633 eta=20027.30403579591
step=1269 tokens=166330368/1000000000 loss=3.5977 lr=0.000285 tok/s=41,392 eta=20140.99307802346
step=1270 tokens=166461440/1000000000 loss=3.5401 lr=0.000285 tok/s=41,460 eta=20104.47723351461
step=1271 tokens=166592512/1000000000 loss=3.5590 lr=0.000285 tok/s=41,555 eta=20055.567501446578
step=1272 tokens=166723584/1000000000 loss=3.6490 lr=0.000285 tok/s=41,598 eta=20031.420904862458
step=1273 tokens=166854656/1000000000 loss=3.7592 lr=0.000285 tok/s=41,558 eta=20047.818418174047
step=1274 tokens=166985728/1000000000 loss=3.6433 lr=0.000285 tok/s=41,369 eta=20136.389178302943
step=1275 tokens=167116800/1000000000 loss=3.6079 lr=0.000285 tok/s=41,567 eta=20037.083555333917
step=1276 tokens=167247872/1000000000 loss=3.6102 lr=0.000285 tok/s=41,524 eta=20054.62728728859
step=1277 tokens=167378944/1000000000 loss=3.8195 lr=0.000285 tok/s=41,832 eta=19903.720605336515
step=1278 tokens=167510016/1000000000 loss=3.7817 lr=0.000285 tok/s=41,492 eta=20063.809391948253
step=1279 tokens=167641088/1000000000 loss=3.6535 lr=0.000285 tok/s=41,507 eta=20053.30691685391
step=1280 tokens=167772160/1000000000 loss=3.7375 lr=0.000285 tok/s=41,485 eta=20061.14907612403
step=1281 tokens=167903232/1000000000 loss=3.7591 lr=0.000285 tok/s=41,596 eta=20004.415342110868
step=1282 tokens=168034304/1000000000 loss=3.6926 lr=0.000285 tok/s=41,503 eta=20046.139415482798
step=1283 tokens=168165376/1000000000 loss=3.8301 lr=0.000285 tok/s=41,642 eta=19975.734838153745
step=1284 tokens=168296448/1000000000 loss=3.6122 lr=0.000285 tok/s=41,564 eta=20010.36487050208
step=1285 tokens=168427520/1000000000 loss=3.6633 lr=0.000285 tok/s=41,386 eta=20093.217422616326
step=1286 tokens=168558592/1000000000 loss=3.5248 lr=0.000285 tok/s=41,350 eta=20107.422081878893
step=1287 tokens=168689664/1000000000 loss=3.6803 lr=0.000285 tok/s=41,622 eta=19973.056595797527
step=1288 tokens=168820736/1000000000 loss=3.6083 lr=0.000285 tok/s=41,474 eta=20040.83188751174
step=1289 tokens=168951808/1000000000 loss=3.7042 lr=0.000285 tok/s=41,596 eta=19979.132220778796
step=1290 tokens=169082880/1000000000 loss=3.7181 lr=0.000285 tok/s=41,500 eta=20022.254023131107
step=1291 tokens=169213952/1000000000 loss=3.7134 lr=0.000285 tok/s=41,216 eta=20156.987124981053
step=1292 tokens=169345024/1000000000 loss=3.6877 lr=0.000285 tok/s=41,274 eta=20125.231254060964
step=1293 tokens=169476096/1000000000 loss=3.5306 lr=0.000285 tok/s=41,648 eta=19941.60789922971
step=1294 tokens=169607168/1000000000 loss=3.6197 lr=0.000285 tok/s=41,346 eta=20084.212040048613
step=1295 tokens=169738240/1000000000 loss=3.7373 lr=0.000285 tok/s=41,280 eta=20112.923641967765
step=1296 tokens=169869312/1000000000 loss=3.6900 lr=0.000285 tok/s=41,389 eta=20056.666901623812
step=1297 tokens=170000384/1000000000 loss=3.6099 lr=0.000285 tok/s=30,081 eta=27592.229451123283
step=1298 tokens=170131456/1000000000 loss=3.5535 lr=0.000285 tok/s=41,325 eta=20081.485404812105
step=1299 tokens=170262528/1000000000 loss=3.5034 lr=0.000285 tok/s=41,644 eta=19924.381438318345
step=1300 tokens=170393600/1000000000 loss=3.6286 lr=0.000285 tok/s=41,627 eta=19929.63406616946
step=1301 tokens=170524672/1000000000 loss=3.6463 lr=0.000285 tok/s=41,425 eta=20023.659511263002
step=1302 tokens=170655744/1000000000 loss=3.6393 lr=0.000285 tok/s=41,537 eta=19966.44721430472
step=1303 tokens=170786816/1000000000 loss=3.7407 lr=0.000285 tok/s=41,434 eta=20012.732444296187
step=1304 tokens=170917888/1000000000 loss=3.6069 lr=0.000285 tok/s=41,630 eta=19915.64360626566
step=1305 tokens=171048960/1000000000 loss=3.5394 lr=0.000284 tok/s=41,418 eta=20014.122482076116
step=1306 tokens=171180032/1000000000 loss=3.6950 lr=0.000284 tok/s=41,499 eta=19971.923405766225
step=1307 tokens=171311104/1000000000 loss=3.7215 lr=0.000284 tok/s=41,471 eta=19982.32059995578
step=1308 tokens=171442176/1000000000 loss=3.6684 lr=0.000284 tok/s=41,589 eta=19922.35481713484
step=1309 tokens=171573248/1000000000 loss=4.0236 lr=0.000284 tok/s=41,785 eta=19825.799319475573
step=1310 tokens=171704320/1000000000 loss=3.6991 lr=0.000284 tok/s=41,780 eta=19825.33948039728
step=1311 tokens=171835392/1000000000 loss=3.7516 lr=0.000284 tok/s=41,453 eta=19978.321574011505
step=1312 tokens=171966464/1000000000 loss=3.8186 lr=0.000284 tok/s=41,657 eta=19877.188870527385
step=1313 tokens=172097536/1000000000 loss=3.7061 lr=0.000284 tok/s=41,585 eta=19908.762506977633
step=1314 tokens=172228608/1000000000 loss=3.6704 lr=0.000284 tok/s=41,324 eta=20031.110234720407
step=1315 tokens=172359680/1000000000 loss=3.6642 lr=0.000284 tok/s=41,441 eta=19971.642213212413
step=1316 tokens=172490752/1000000000 loss=3.6711 lr=0.000284 tok/s=41,657 eta=19865.060303960872
step=1317 tokens=172621824/1000000000 loss=3.5275 lr=0.000284 tok/s=41,425 eta=19972.759186175303
step=1318 tokens=172752896/1000000000 loss=3.6907 lr=0.000284 tok/s=41,293 eta=20033.358166206268
step=1319 tokens=172883968/1000000000 loss=3.6519 lr=0.000284 tok/s=41,280 eta=20036.707675895646
step=1320 tokens=173015040/1000000000 loss=3.6725 lr=0.000284 tok/s=41,644 eta=19858.528424050637
step=1321 tokens=173146112/1000000000 loss=3.6985 lr=0.000284 tok/s=41,372 eta=19985.767832991565
step=1322 tokens=173277184/1000000000 loss=3.6680 lr=0.000284 tok/s=41,202 eta=20064.940904178253
step=1323 tokens=173408256/1000000000 loss=3.6160 lr=0.000284 tok/s=41,604 eta=19868.04654018441
step=1324 tokens=173539328/1000000000 loss=3.6474 lr=0.000284 tok/s=41,680 eta=19828.513032686093
step=1325 tokens=173670400/1000000000 loss=3.7069 lr=0.000284 tok/s=41,395 eta=19962.250094146002
step=1326 tokens=173801472/1000000000 loss=3.6380 lr=0.000284 tok/s=41,661 eta=19831.343346516584
step=1327 tokens=173932544/1000000000 loss=3.5454 lr=0.000284 tok/s=41,609 eta=19852.888365250164
step=1328 tokens=174063616/1000000000 loss=3.6596 lr=0.000284 tok/s=41,591 eta=19858.600459357152
step=1329 tokens=174194688/1000000000 loss=3.6390 lr=0.000284 tok/s=41,534 eta=19882.502104695457
step=1330 tokens=174325760/1000000000 loss=3.7628 lr=0.000284 tok/s=41,491 eta=19900.16398394378
step=1331 tokens=174456832/1000000000 loss=3.6931 lr=0.000284 tok/s=41,213 eta=20031.299487571687
step=1332 tokens=174587904/1000000000 loss=3.6238 lr=0.000284 tok/s=41,467 eta=19905.339056480763
step=1333 tokens=174718976/1000000000 loss=3.6545 lr=0.000284 tok/s=41,048 eta=20105.107699457545
step=1334 tokens=174850048/1000000000 loss=3.6465 lr=0.000284 tok/s=41,279 eta=19989.673794630922
step=1335 tokens=174981120/1000000000 loss=3.6490 lr=0.000284 tok/s=41,298 eta=19977.191447590423
step=1336 tokens=175112192/1000000000 loss=3.6415 lr=0.000284 tok/s=41,517 eta=19868.76000692821
step=1337 tokens=175243264/1000000000 loss=3.7343 lr=0.000284 tok/s=41,576 eta=19837.12826067771
step=1338 tokens=175374336/1000000000 loss=3.6437 lr=0.000284 tok/s=41,348 eta=19943.324891307002
step=1339 tokens=175505408/1000000000 loss=3.6982 lr=0.000284 tok/s=41,385 eta=19922.571955395473
step=1340 tokens=175636480/1000000000 loss=3.8661 lr=0.000284 tok/s=41,125 eta=20045.454795721314
step=1341 tokens=175767552/1000000000 loss=4.0660 lr=0.000284 tok/s=41,400 eta=19909.144809052515
step=1342 tokens=175898624/1000000000 loss=3.7806 lr=0.000283 tok/s=41,558 eta=19830.25926261715
step=1343 tokens=176029696/1000000000 loss=3.7718 lr=0.000283 tok/s=41,318 eta=19942.070064003958
step=1344 tokens=176160768/1000000000 loss=3.7136 lr=0.000283 tok/s=41,421 eta=19889.50016053776
step=1345 tokens=176291840/1000000000 loss=3.7906 lr=0.000283 tok/s=41,091 eta=20046.03264539898
step=1346 tokens=176422912/1000000000 loss=3.6617 lr=0.000283 tok/s=41,167 eta=20005.74638294037
step=1347 tokens=176553984/1000000000 loss=3.6762 lr=0.000283 tok/s=41,321 eta=19927.884022266604
step=1348 tokens=176685056/1000000000 loss=3.5818 lr=0.000283 tok/s=41,362 eta=19905.091764578676
step=1349 tokens=176816128/1000000000 loss=3.6558 lr=0.000283 tok/s=41,283 eta=19939.825475630805
step=1350 tokens=176947200/1000000000 loss=3.6212 lr=0.000283 tok/s=41,680 eta=19747.10564460953
step=1351 tokens=177078272/1000000000 loss=3.6875 lr=0.000283 tok/s=41,430 eta=19862.822879250016
step=1352 tokens=177209344/1000000000 loss=3.7392 lr=0.000283 tok/s=41,218 eta=19961.81760071574
step=1353 tokens=177340416/1000000000 loss=3.7655 lr=0.000283 tok/s=41,447 eta=19848.5187390218
step=1354 tokens=177471488/1000000000 loss=3.6229 lr=0.000283 tok/s=41,407 eta=19864.269560943045
step=1355 tokens=177602560/1000000000 loss=3.6533 lr=0.000283 tok/s=41,299 eta=19913.103660745597
step=1356 tokens=177733632/1000000000 loss=3.5834 lr=0.000283 tok/s=41,461 eta=19832.11481602699
step=1357 tokens=177864704/1000000000 loss=3.5860 lr=0.000283 tok/s=41,396 eta=19860.15195594825
step=1358 tokens=177995776/1000000000 loss=3.7023 lr=0.000283 tok/s=41,509 eta=19802.99263225475
step=1359 tokens=178126848/1000000000 loss=3.6595 lr=0.000283 tok/s=41,491 eta=19808.513508399126
step=1360 tokens=178257920/1000000000 loss=3.3631 lr=0.000283 tok/s=41,253 eta=19919.750159422812
step=1361 tokens=178388992/1000000000 loss=3.7634 lr=0.000283 tok/s=41,334 eta=19877.324999096447
step=1362 tokens=178520064/1000000000 loss=3.5639 lr=0.000283 tok/s=41,354 eta=19864.467200208477
step=1363 tokens=178651136/1000000000 loss=3.6759 lr=0.000283 tok/s=41,528 eta=19778.335361483558
step=1364 tokens=178782208/1000000000 loss=3.6026 lr=0.000283 tok/s=41,567 eta=19756.532303058677
step=1365 tokens=178913280/1000000000 loss=3.6137 lr=0.000283 tok/s=41,252 eta=19904.02779049801
step=1366 tokens=179044352/1000000000 loss=3.5810 lr=0.000283 tok/s=41,442 eta=19809.550821950448
step=1367 tokens=179175424/1000000000 loss=3.6010 lr=0.000283 tok/s=41,491 eta=19783.190246350066
step=1368 tokens=179306496/1000000000 loss=3.4865 lr=0.000283 tok/s=41,641 eta=19708.986344025016
step=1369 tokens=179437568/1000000000 loss=3.5976 lr=0.000283 tok/s=41,830 eta=19616.684560402016
step=1370 tokens=179568640/1000000000 loss=3.5247 lr=0.000283 tok/s=41,556 eta=19742.961887092908
step=1371 tokens=179699712/1000000000 loss=3.5978 lr=0.000283 tok/s=41,066 eta=19975.333082383506
step=1372 tokens=179830784/1000000000 loss=3.6432 lr=0.000283 tok/s=41,626 eta=19703.44678623561
step=1373 tokens=179961856/1000000000 loss=3.5104 lr=0.000283 tok/s=41,450 eta=19783.738030083365
step=1374 tokens=180092928/1000000000 loss=3.5381 lr=0.000283 tok/s=30,039 eta=27295.10533335657
step=1375 tokens=180224000/1000000000 loss=3.6046 lr=0.000283 tok/s=41,559 eta=19725.64696286913
step=1376 tokens=180355072/1000000000 loss=3.5042 lr=0.000283 tok/s=41,607 eta=19699.72150950608
step=1377 tokens=180486144/1000000000 loss=3.6251 lr=0.000283 tok/s=41,681 eta=19661.67445031197
step=1378 tokens=180617216/1000000000 loss=3.5669 lr=0.000282 tok/s=41,652 eta=19672.323970606143
step=1379 tokens=180748288/1000000000 loss=3.4995 lr=0.000282 tok/s=41,586 eta=19700.085670745717
step=1380 tokens=180879360/1000000000 loss=3.5417 lr=0.000282 tok/s=41,358 eta=19805.58932257218
step=1381 tokens=181010432/1000000000 loss=3.6617 lr=0.000282 tok/s=41,380 eta=19791.71027939515
step=1382 tokens=181141504/1000000000 loss=3.5346 lr=0.000282 tok/s=41,583 eta=19692.29157108493
step=1383 tokens=181272576/1000000000 loss=3.5846 lr=0.000282 tok/s=41,352 eta=19799.159011257376
step=1384 tokens=181403648/1000000000 loss=3.5323 lr=0.000282 tok/s=41,593 eta=19681.16119982997
step=1385 tokens=181534720/1000000000 loss=3.4832 lr=0.000282 tok/s=41,590 eta=19679.161776760735
step=1386 tokens=181665792/1000000000 loss=3.6097 lr=0.000282 tok/s=41,631 eta=19656.967369046673
step=1387 tokens=181796864/1000000000 loss=3.4436 lr=0.000282 tok/s=41,491 eta=19719.913312696634
step=1388 tokens=181927936/1000000000 loss=3.6156 lr=0.000282 tok/s=41,415 eta=19752.95020776741
step=1389 tokens=182059008/1000000000 loss=3.3974 lr=0.000282 tok/s=41,468 eta=19724.849641471
step=1390 tokens=182190080/1000000000 loss=3.5415 lr=0.000282 tok/s=41,638 eta=19640.936361091743
step=1391 tokens=182321152/1000000000 loss=3.4827 lr=0.000282 tok/s=41,517 eta=19695.07400610153
step=1392 tokens=182452224/1000000000 loss=3.5116 lr=0.000282 tok/s=41,749 eta=19582.52427162564
step=1393 tokens=182583296/1000000000 loss=3.5473 lr=0.000282 tok/s=41,332 eta=19776.90573785189
step=1394 tokens=182714368/1000000000 loss=3.5094 lr=0.000282 tok/s=41,737 eta=19581.69558927311
step=1395 tokens=182845440/1000000000 loss=3.5398 lr=0.000282 tok/s=41,797 eta=19550.742460526963
step=1396 tokens=182976512/1000000000 loss=3.6479 lr=0.000282 tok/s=41,520 eta=19677.631917536226
step=1397 tokens=183107584/1000000000 loss=3.5159 lr=0.000282 tok/s=41,617 eta=19628.81519702533
step=1398 tokens=183238656/1000000000 loss=3.5390 lr=0.000282 tok/s=41,806 eta=19536.729289312494
step=1399 tokens=183369728/1000000000 loss=3.7975 lr=0.000282 tok/s=41,626 eta=19618.17256373338
step=1400 tokens=183500800/1000000000 loss=4.4416 lr=0.000282 tok/s=41,775 eta=19545.031628628014
step=1401 tokens=183631872/1000000000 loss=4.5864 lr=0.000282 tok/s=41,784 eta=19537.84526807675
step=1402 tokens=183762944/1000000000 loss=4.8213 lr=0.000282 tok/s=41,486 eta=19674.960434596695
step=1403 tokens=183894016/1000000000 loss=4.3449 lr=0.000282 tok/s=41,684 eta=19578.41788467297
step=1404 tokens=184025088/1000000000 loss=4.5827 lr=0.000282 tok/s=41,626 eta=19602.65019448289
step=1405 tokens=184156160/1000000000 loss=4.3975 lr=0.000282 tok/s=41,891 eta=19475.441802608042
step=1406 tokens=184287232/1000000000 loss=4.5240 lr=0.000282 tok/s=41,743 eta=19541.279258275805
step=1407 tokens=184418304/1000000000 loss=4.3507 lr=0.000282 tok/s=41,826 eta=19499.350236205988
step=1408 tokens=184549376/1000000000 loss=4.4324 lr=0.000282 tok/s=41,718 eta=19546.962485247375
step=1409 tokens=184680448/1000000000 loss=4.3096 lr=0.000282 tok/s=41,575 eta=19610.65630457444
step=1410 tokens=184811520/1000000000 loss=4.3522 lr=0.000282 tok/s=41,594 eta=19598.883902284928
step=1411 tokens=184942592/1000000000 loss=4.4085 lr=0.000282 tok/s=41,559 eta=19612.06195454023
step=1412 tokens=185073664/1000000000 loss=4.4669 lr=0.000282 tok/s=41,542 eta=19616.69772520685
step=1413 tokens=185204736/1000000000 loss=4.4147 lr=0.000282 tok/s=41,553 eta=19608.724987340713
step=1414 tokens=185335808/1000000000 loss=4.5228 lr=0.000281 tok/s=41,532 eta=19615.569491309805
step=1415 tokens=185466880/1000000000 loss=4.4783 lr=0.000281 tok/s=41,593 eta=19583.619023272277
step=1416 tokens=185597952/1000000000 loss=4.2830 lr=0.000281 tok/s=41,365 eta=19688.194103010817
step=1417 tokens=185729024/1000000000 loss=4.3119 lr=0.000281 tok/s=41,676 eta=19537.913247191365
step=1418 tokens=185860096/1000000000 loss=4.7109 lr=0.000281 tok/s=41,545 eta=19596.7971196985
step=1419 tokens=185991168/1000000000 loss=4.4813 lr=0.000281 tok/s=41,583 eta=19575.45895369975
step=1420 tokens=186122240/1000000000 loss=4.3148 lr=0.000281 tok/s=41,469 eta=19626.050321056344
step=1421 tokens=186253312/1000000000 loss=4.2422 lr=0.000281 tok/s=41,552 eta=19583.731746809834
step=1422 tokens=186384384/1000000000 loss=4.4944 lr=0.000281 tok/s=41,819 eta=19455.865239522973
step=1423 tokens=186515456/1000000000 loss=4.5003 lr=0.000281 tok/s=41,482 eta=19610.777292950585
step=1424 tokens=186646528/1000000000 loss=4.6702 lr=0.000281 tok/s=41,567 eta=19567.21997057214
step=1425 tokens=186777600/1000000000 loss=4.3011 lr=0.000281 tok/s=41,572 eta=19561.947165665097
step=1426 tokens=186908672/1000000000 loss=4.3802 lr=0.000281 tok/s=41,448 eta=19617.187526127193
step=1427 tokens=187039744/1000000000 loss=4.2463 lr=0.000281 tok/s=41,381 eta=19645.638979919797
step=1428 tokens=187170816/1000000000 loss=4.5172 lr=0.000281 tok/s=41,490 eta=19591.073476067668
step=1429 tokens=187301888/1000000000 loss=4.5023 lr=0.000281 tok/s=41,445 eta=19609.186928545354
checkpoint saved: runs/20260905-135527/checkpoints/step_000001429 (time)
step=1430 tokens=187432960/1000000000 loss=4.5041 lr=0.000281 tok/s=35,376 eta=22969.608107391196
step=1431 tokens=187564032/1000000000 loss=4.3835 lr=0.000281 tok/s=41,505 eta=19574.3631804846
step=1432 tokens=187695104/1000000000 loss=3.8926 lr=0.000281 tok/s=41,292 eta=19672.313337882028
step=1433 tokens=187826176/1000000000 loss=3.7550 lr=0.000281 tok/s=41,304 eta=19663.45514092407
step=1434 tokens=187957248/1000000000 loss=3.7196 lr=0.000281 tok/s=41,485 eta=19574.512895840675
step=1435 tokens=188088320/1000000000 loss=3.6768 lr=0.000281 tok/s=41,063 eta=19772.537622030308
step=1436 tokens=188219392/1000000000 loss=3.6967 lr=0.000281 tok/s=41,410 eta=19603.59290162021
step=1437 tokens=188350464/1000000000 loss=3.7753 lr=0.000281 tok/s=41,490 eta=19562.52043342067
step=1438 tokens=188481536/1000000000 loss=3.6729 lr=0.000281 tok/s=41,405 eta=19599.340837698554
step=1439 tokens=188612608/1000000000 loss=3.6845 lr=0.000281 tok/s=41,533 eta=19535.868888298533
step=1440 tokens=188743680/1000000000 loss=3.6550 lr=0.000281 tok/s=41,239 eta=19672.185599210246
step=1441 tokens=188874752/1000000000 loss=3.6065 lr=0.000281 tok/s=41,694 eta=19454.2111554686
step=1442 tokens=189005824/1000000000 loss=3.6208 lr=0.000281 tok/s=41,215 eta=19677.27122653128
step=1443 tokens=189136896/1000000000 loss=3.7663 lr=0.000281 tok/s=41,377 eta=19596.999988071595
step=1444 tokens=189267968/1000000000 loss=3.7399 lr=0.000281 tok/s=41,599 eta=19489.403929783028
step=1445 tokens=189399040/1000000000 loss=3.6030 lr=0.000281 tok/s=41,508 eta=19528.963429762513
step=1446 tokens=189530112/1000000000 loss=3.6155 lr=0.000281 tok/s=41,439 eta=19558.314709484894
step=1447 tokens=189661184/1000000000 loss=3.6681 lr=0.000281 tok/s=41,571 eta=19493.030569011058
step=1448 tokens=189792256/1000000000 loss=3.6620 lr=0.00028 tok/s=41,721 eta=19419.681940432332
step=1449 tokens=189923328/1000000000 loss=3.5533 lr=0.00028 tok/s=41,744 eta=19405.799608395097
step=1450 tokens=190054400/1000000000 loss=3.7097 lr=0.00028 tok/s=30,208 eta=26812.336317288227
step=1451 tokens=190185472/1000000000 loss=3.6041 lr=0.00028 tok/s=41,404 eta=19559.032802170106
step=1452 tokens=190316544/1000000000 loss=3.7512 lr=0.00028 tok/s=41,595 eta=19466.048203604434
step=1453 tokens=190447616/1000000000 loss=3.5046 lr=0.00028 tok/s=41,495 eta=19509.849683885917
step=1454 tokens=190578688/1000000000 loss=3.5830 lr=0.00028 tok/s=41,229 eta=19632.275768458898
step=1455 tokens=190709760/1000000000 loss=3.6349 lr=0.00028 tok/s=41,434 eta=19532.00020800827
step=1456 tokens=190840832/1000000000 loss=3.6577 lr=0.00028 tok/s=41,475 eta=19509.654886500764
step=1457 tokens=190971904/1000000000 loss=3.6619 lr=0.00028 tok/s=41,440 eta=19522.830212804314
step=1458 tokens=191102976/1000000000 loss=3.6265 lr=0.00028 tok/s=41,375 eta=19550.165108486362
step=1459 tokens=191234048/1000000000 loss=3.5458 lr=0.00028 tok/s=41,299 eta=19583.415322223933
step=1460 tokens=191365120/1000000000 loss=3.8304 lr=0.00028 tok/s=41,623 eta=19427.39239616635
step=1461 tokens=191496192/1000000000 loss=4.1779 lr=0.00028 tok/s=41,478 eta=19492.58539436927
step=1462 tokens=191627264/1000000000 loss=3.6648 lr=0.00028 tok/s=41,481 eta=19487.556186310747
step=1463 tokens=191758336/1000000000 loss=3.8963 lr=0.00028 tok/s=41,212 eta=19611.990796989532
step=1464 tokens=191889408/1000000000 loss=4.5094 lr=0.00028 tok/s=41,567 eta=19440.95920016294
step=1465 tokens=192020480/1000000000 loss=4.4098 lr=0.00028 tok/s=41,473 eta=19481.89633740538
step=1466 tokens=192151552/1000000000 loss=4.4201 lr=0.00028 tok/s=41,552 eta=19442.033986102873
step=1467 tokens=192282624/1000000000 loss=4.2828 lr=0.00028 tok/s=41,197 eta=19606.011645294773
step=1468 tokens=192413696/1000000000 loss=4.4302 lr=0.00028 tok/s=41,258 eta=19573.913203139597
step=1469 tokens=192544768/1000000000 loss=4.6083 lr=0.00028 tok/s=41,408 eta=19499.98189159681
step=1470 tokens=192675840/1000000000 loss=4.4301 lr=0.00028 tok/s=41,072 eta=19656.54342852268
step=1471 tokens=192806912/1000000000 loss=4.3743 lr=0.00028 tok/s=41,264 eta=19561.696971924604
step=1472 tokens=192937984/1000000000 loss=4.2691 lr=0.00028 tok/s=41,313 eta=19535.521511542083
step=1473 tokens=193069056/1000000000 loss=4.6418 lr=0.00028 tok/s=41,163 eta=19603.40058681954
step=1474 tokens=193200128/1000000000 loss=4.2051 lr=0.00028 tok/s=41,254 eta=19557.125027135087
step=1475 tokens=193331200/1000000000 loss=4.1403 lr=0.00028 tok/s=41,284 eta=19539.566937033847
step=1476 tokens=193462272/1000000000 loss=4.1014 lr=0.00028 tok/s=41,374 eta=19493.715037066046
step=1477 tokens=193593344/1000000000 loss=4.3427 lr=0.00028 tok/s=41,331 eta=19511.106329775554
step=1478 tokens=193724416/1000000000 loss=4.3159 lr=0.00028 tok/s=41,409 eta=19471.11063849438
step=1479 tokens=193855488/1000000000 loss=4.2177 lr=0.00028 tok/s=40,989 eta=19667.105343525836
step=1480 tokens=193986560/1000000000 loss=4.2609 lr=0.00028 tok/s=41,318 eta=19507.69972314958
step=1481 tokens=194117632/1000000000 loss=4.2798 lr=0.00028 tok/s=41,610 eta=19367.44210326455
step=1482 tokens=194248704/1000000000 loss=4.2654 lr=0.000279 tok/s=41,560 eta=19387.464688581316
step=1483 tokens=194379776/1000000000 loss=4.1507 lr=0.000279 tok/s=41,517 eta=19404.478444416287
step=1484 tokens=194510848/1000000000 loss=4.3347 lr=0.000279 tok/s=41,367 eta=19471.910812184356
step=1485 tokens=194641920/1000000000 loss=4.3587 lr=0.000279 tok/s=41,372 eta=19466.302219221947
step=1486 tokens=194772992/1000000000 loss=4.2521 lr=0.000279 tok/s=41,461 eta=19421.342255761632
step=1487 tokens=194904064/1000000000 loss=4.4089 lr=0.000279 tok/s=41,314 eta=19487.142791825652
step=1488 tokens=195035136/1000000000 loss=4.2858 lr=0.000279 tok/s=41,179 eta=19547.81600516386
step=1489 tokens=195166208/1000000000 loss=4.2964 lr=0.000279 tok/s=41,183 eta=19542.681590563927
step=1490 tokens=195297280/1000000000 loss=4.1367 lr=0.000279 tok/s=41,332 eta=19469.389008477196
step=1491 tokens=195428352/1000000000 loss=4.4078 lr=0.000279 tok/s=41,122 eta=19565.587325511682
step=1492 tokens=195559424/1000000000 loss=4.1739 lr=0.000279 tok/s=41,337 eta=19460.46314907175
step=1493 tokens=195690496/1000000000 loss=4.3872 lr=0.000279 tok/s=41,253 eta=19497.181764869914
step=1494 tokens=195821568/1000000000 loss=4.2035 lr=0.000279 tok/s=41,125 eta=19554.672262011096
step=1495 tokens=195952640/1000000000 loss=4.2290 lr=0.000279 tok/s=40,916 eta=19651.28342568304
step=1496 tokens=196083712/1000000000 loss=3.9185 lr=0.000279 tok/s=40,923 eta=19644.757359401767
step=1497 tokens=196214784/1000000000 loss=3.7217 lr=0.000279 tok/s=40,917 eta=19644.52483872633
step=1498 tokens=196345856/1000000000 loss=3.7338 lr=0.000279 tok/s=41,087 eta=19560.014908430592
step=1499 tokens=196476928/1000000000 loss=3.5934 lr=0.000279 tok/s=41,026 eta=19585.62916765995
step=1500 tokens=196608000/1000000000 loss=3.7281 lr=0.000279 tok/s=40,684 eta=19747.329463085563
step=1501 tokens=196739072/1000000000 loss=3.7133 lr=0.000279 tok/s=40,915 eta=19632.453164903225
step=1502 tokens=196870144/1000000000 loss=3.7823 lr=0.000279 tok/s=40,766 eta=19700.78026956193
step=1503 tokens=197001216/1000000000 loss=3.6795 lr=0.000279 tok/s=40,968 eta=19600.474082378016
step=1504 tokens=197132288/1000000000 loss=3.6946 lr=0.000279 tok/s=40,959 eta=19601.61550651854
step=1505 tokens=197263360/1000000000 loss=3.7208 lr=0.000279 tok/s=41,003 eta=19577.487994669373
step=1506 tokens=197394432/1000000000 loss=3.6684 lr=0.000279 tok/s=40,834 eta=19655.131300314195
step=1507 tokens=197525504/1000000000 loss=3.7686 lr=0.000279 tok/s=41,047 eta=19550.097637060848
step=1508 tokens=197656576/1000000000 loss=3.6010 lr=0.000279 tok/s=41,075 eta=19533.471184816364
step=1509 tokens=197787648/1000000000 loss=3.6539 lr=0.000279 tok/s=41,128 eta=19505.360363802152
step=1510 tokens=197918720/1000000000 loss=3.6489 lr=0.000279 tok/s=41,475 eta=19338.833952584686
step=1511 tokens=198049792/1000000000 loss=3.6680 lr=0.000279 tok/s=41,332 eta=19402.586695534177
step=1512 tokens=198180864/1000000000 loss=3.6487 lr=0.000279 tok/s=41,246 eta=19439.863829070422
step=1513 tokens=198311936/1000000000 loss=3.6114 lr=0.000279 tok/s=41,438 eta=19346.51564423016
step=1514 tokens=198443008/1000000000 loss=3.5931 lr=0.000279 tok/s=41,729 eta=19208.505622549244
step=1515 tokens=198574080/1000000000 loss=3.6487 lr=0.000278 tok/s=41,515 eta=19304.563438233243
step=1516 tokens=198705152/1000000000 loss=3.5712 lr=0.000278 tok/s=41,606 eta=19259.064737617788
step=1517 tokens=198836224/1000000000 loss=3.6440 lr=0.000278 tok/s=41,462 eta=19322.736008586096
step=1518 tokens=198967296/1000000000 loss=3.6442 lr=0.000278 tok/s=41,572 eta=19268.678337216978
step=1519 tokens=199098368/1000000000 loss=3.6923 lr=0.000278 tok/s=41,166 eta=19455.283240191922
step=1520 tokens=199229440/1000000000 loss=3.5596 lr=0.000278 tok/s=41,510 eta=19291.069619680384
step=1521 tokens=199360512/1000000000 loss=3.6513 lr=0.000278 tok/s=41,204 eta=19431.340139499112
step=1522 tokens=199491584/1000000000 loss=3.7200 lr=0.000278 tok/s=41,339 eta=19364.401223849334
step=1523 tokens=199622656/1000000000 loss=3.6195 lr=0.000278 tok/s=41,449 eta=19310.054061390212
step=1524 tokens=199753728/1000000000 loss=3.5689 lr=0.000278 tok/s=41,354 eta=19351.204600700003
step=1525 tokens=199884800/1000000000 loss=3.6196 lr=0.000278 tok/s=41,256 eta=19393.946238525947
step=1526 tokens=200015872/1000000000 loss=3.4938 lr=0.000278 tok/s=29,925 eta=26733.276754611248
checkpoint saved: runs/20260905-135527/checkpoints/tokens_000200m (permanent_tokens)
step=1527 tokens=200146944/1000000000 loss=3.6429 lr=0.000278 tok/s=36,052 eta=22185.852059322984
step=1528 tokens=200278016/1000000000 loss=3.6187 lr=0.000278 tok/s=41,394 eta=19319.855041052215
step=1529 tokens=200409088/1000000000 loss=3.6306 lr=0.000278 tok/s=40,876 eta=19561.58874320079
step=1530 tokens=200540160/1000000000 loss=3.6401 lr=0.000278 tok/s=41,319 eta=19348.246658522636
step=1531 tokens=200671232/1000000000 loss=3.5943 lr=0.000278 tok/s=41,395 eta=19309.723369192634
step=1532 tokens=200802304/1000000000 loss=3.7386 lr=0.000278 tok/s=41,474 eta=19269.736427155094
step=1533 tokens=200933376/1000000000 loss=3.5763 lr=0.000278 tok/s=41,149 eta=19418.934495548925
step=1534 tokens=201064448/1000000000 loss=3.5647 lr=0.000278 tok/s=41,250 eta=19367.97630083047
step=1535 tokens=201195520/1000000000 loss=3.6338 lr=0.000278 tok/s=41,485 eta=19255.21612507532
step=1536 tokens=201326592/1000000000 loss=3.5756 lr=0.000278 tok/s=41,619 eta=19190.10636640641
step=1537 tokens=201457664/1000000000 loss=3.6231 lr=0.000278 tok/s=41,597 eta=19197.302306697202
step=1538 tokens=201588736/1000000000 loss=3.6364 lr=0.000278 tok/s=41,650 eta=19169.386672130637
step=1539 tokens=201719808/1000000000 loss=3.5499 lr=0.000278 tok/s=41,385 eta=19289.090922007235
step=1540 tokens=201850880/1000000000 loss=3.5821 lr=0.000278 tok/s=41,534 eta=19216.631277478795
step=1541 tokens=201981952/1000000000 loss=3.6663 lr=0.000278 tok/s=41,635 eta=19167.04597470344
step=1542 tokens=202113024/1000000000 loss=3.7710 lr=0.000278 tok/s=41,856 eta=19062.841618660732
step=1543 tokens=202244096/1000000000 loss=3.6853 lr=0.000278 tok/s=41,472 eta=19236.068016966088
step=1544 tokens=202375168/1000000000 loss=3.5974 lr=0.000278 tok/s=41,631 eta=19159.576824233038
step=1545 tokens=202506240/1000000000 loss=3.5514 lr=0.000278 tok/s=41,588 eta=19176.019464777837
step=1546 tokens=202637312/1000000000 loss=3.6496 lr=0.000278 tok/s=41,623 eta=19156.734185877256
step=1547 tokens=202768384/1000000000 loss=3.5713 lr=0.000277 tok/s=41,725 eta=19106.732899941584
step=1548 tokens=202899456/1000000000 loss=3.6350 lr=0.000277 tok/s=41,366 eta=19269.63395270986
step=1549 tokens=203030528/1000000000 loss=3.6645 lr=0.000277 tok/s=41,314 eta=19290.521105463293
step=1550 tokens=203161600/1000000000 loss=3.7319 lr=0.000277 tok/s=41,328 eta=19281.035648582565
step=1551 tokens=203292672/1000000000 loss=3.6468 lr=0.000277 tok/s=41,322 eta=19280.259957478527
step=1552 tokens=203423744/1000000000 loss=3.7043 lr=0.000277 tok/s=41,382 eta=19249.229916608176
step=1553 tokens=203554816/1000000000 loss=3.4877 lr=0.000277 tok/s=41,441 eta=19218.6305142763
step=1554 tokens=203685888/1000000000 loss=3.5787 lr=0.000277 tok/s=40,958 eta=19442.247795290255
step=1555 tokens=203816960/1000000000 loss=3.6307 lr=0.000277 tok/s=41,288 eta=19283.610662246316
step=1556 tokens=203948032/1000000000 loss=3.4637 lr=0.000277 tok/s=41,269 eta=19289.41099904514
step=1557 tokens=204079104/1000000000 loss=3.6986 lr=0.000277 tok/s=41,193 eta=19321.535386697607
step=1558 tokens=204210176/1000000000 loss=3.5280 lr=0.000277 tok/s=41,285 eta=19275.59728057382
step=1559 tokens=204341248/1000000000 loss=3.6465 lr=0.000277 tok/s=40,958 eta=19426.031236589763
step=1560 tokens=204472320/1000000000 loss=3.5120 lr=0.000277 tok/s=41,334 eta=19246.44469669973
step=1561 tokens=204603392/1000000000 loss=3.6357 lr=0.000277 tok/s=41,420 eta=19203.263377528056
step=1562 tokens=204734464/1000000000 loss=3.6122 lr=0.000277 tok/s=41,500 eta=19163.11807546367
step=1563 tokens=204865536/1000000000 loss=3.5670 lr=0.000277 tok/s=41,421 eta=19196.30238839671
step=1564 tokens=204996608/1000000000 loss=3.6724 lr=0.000277 tok/s=41,564 eta=19127.16189805721
step=1565 tokens=205127680/1000000000 loss=3.5194 lr=0.000277 tok/s=41,557 eta=19127.463602705728
step=1566 tokens=205258752/1000000000 loss=3.6096 lr=0.000277 tok/s=41,666 eta=19074.039296988693
step=1567 tokens=205389824/1000000000 loss=3.7027 lr=0.000277 tok/s=41,540 eta=19128.572283085392
step=1568 tokens=205520896/1000000000 loss=3.6261 lr=0.000277 tok/s=41,335 eta=19220.66287430545
step=1569 tokens=205651968/1000000000 loss=3.7067 lr=0.000277 tok/s=41,684 eta=19056.346344356167
step=1570 tokens=205783040/1000000000 loss=3.5549 lr=0.000277 tok/s=41,863 eta=18971.74985960779
step=1571 tokens=205914112/1000000000 loss=3.5505 lr=0.000277 tok/s=41,609 eta=19084.381516382844
step=1572 tokens=206045184/1000000000 loss=3.6136 lr=0.000277 tok/s=41,696 eta=19041.566279689807
step=1573 tokens=206176256/1000000000 loss=3.5802 lr=0.000277 tok/s=41,632 eta=19067.596650274696
step=1574 tokens=206307328/1000000000 loss=3.6295 lr=0.000277 tok/s=41,905 eta=18940.365306206575
step=1575 tokens=206438400/1000000000 loss=3.6215 lr=0.000277 tok/s=41,769 eta=18999.000466006986
step=1576 tokens=206569472/1000000000 loss=3.6015 lr=0.000277 tok/s=41,854 eta=18957.32707419097
step=1577 tokens=206700544/1000000000 loss=3.6400 lr=0.000277 tok/s=41,817 eta=18970.908011155316
step=1578 tokens=206831616/1000000000 loss=3.5380 lr=0.000277 tok/s=42,031 eta=18871.192702575656
step=1579 tokens=206962688/1000000000 loss=3.5281 lr=0.000276 tok/s=42,060 eta=18854.83290332631
step=1580 tokens=207093760/1000000000 loss=3.5932 lr=0.000276 tok/s=41,904 eta=18921.888874026274
step=1581 tokens=207224832/1000000000 loss=3.5797 lr=0.000276 tok/s=42,012 eta=18870.40040855464
step=1582 tokens=207355904/1000000000 loss=3.6115 lr=0.000276 tok/s=41,639 eta=19036.28552319125
step=1583 tokens=207486976/1000000000 loss=3.6478 lr=0.000276 tok/s=41,853 eta=18935.6070690092
step=1584 tokens=207618048/1000000000 loss=3.6195 lr=0.000276 tok/s=41,576 eta=19058.845708264536
step=1585 tokens=207749120/1000000000 loss=3.6004 lr=0.000276 tok/s=41,580 eta=19053.613983459796
step=1586 tokens=207880192/1000000000 loss=3.7162 lr=0.000276 tok/s=41,691 eta=18999.63859426728
step=1587 tokens=208011264/1000000000 loss=3.5179 lr=0.000276 tok/s=41,557 eta=19057.792739556262
step=1588 tokens=208142336/1000000000 loss=3.5440 lr=0.000276 tok/s=41,627 eta=19022.544494492056
step=1589 tokens=208273408/1000000000 loss=3.4961 lr=0.000276 tok/s=41,677 eta=18996.750185297125
step=1590 tokens=208404480/1000000000 loss=3.6263 lr=0.000276 tok/s=41,555 eta=19049.12545380795
step=1591 tokens=208535552/1000000000 loss=3.7625 lr=0.000276 tok/s=41,600 eta=19025.813342436944
step=1592 tokens=208666624/1000000000 loss=3.6487 lr=0.000276 tok/s=41,705 eta=18974.422298565387
step=1593 tokens=208797696/1000000000 loss=3.7187 lr=0.000276 tok/s=41,581 eta=19027.906935559542
step=1594 tokens=208928768/1000000000 loss=3.7312 lr=0.000276 tok/s=41,199 eta=19201.247653633578
step=1595 tokens=209059840/1000000000 loss=3.4795 lr=0.000276 tok/s=41,380 eta=19113.9674394577
step=1596 tokens=209190912/1000000000 loss=3.5943 lr=0.000276 tok/s=41,275 eta=19159.601741251885
step=1597 tokens=209321984/1000000000 loss=3.6490 lr=0.000276 tok/s=41,432 eta=19083.524582420156
step=1598 tokens=209453056/1000000000 loss=3.6666 lr=0.000276 tok/s=41,393 eta=19098.346567009165
step=1599 tokens=209584128/1000000000 loss=3.5545 lr=0.000276 tok/s=41,395 eta=19094.30485022557
step=1600 tokens=209715200/1000000000 loss=3.6085 lr=0.000276 tok/s=41,594 eta=19000.168442349688
step=1601 tokens=209846272/1000000000 loss=3.7079 lr=0.000276 tok/s=41,563 eta=19011.016058493282
step=1602 tokens=209977344/1000000000 loss=3.6203 lr=0.000276 tok/s=41,683 eta=18952.978875626563
step=1603 tokens=210108416/1000000000 loss=3.5762 lr=0.000276 tok/s=30,057 eta=26280.10921867863
step=1604 tokens=210239488/1000000000 loss=3.5115 lr=0.000276 tok/s=41,588 eta=18990.24655478589
step=1605 tokens=210370560/1000000000 loss=3.6751 lr=0.000276 tok/s=41,486 eta=19033.616800037682
step=1606 tokens=210501632/1000000000 loss=3.6494 lr=0.000276 tok/s=41,742 eta=18913.62814578638
step=1607 tokens=210632704/1000000000 loss=3.5155 lr=0.000276 tok/s=41,825 eta=18873.14253847001
step=1608 tokens=210763776/1000000000 loss=3.6186 lr=0.000276 tok/s=41,490 eta=19022.51350419127
step=1609 tokens=210894848/1000000000 loss=3.6313 lr=0.000276 tok/s=41,557 eta=18988.36769835262
step=1610 tokens=211025920/1000000000 loss=3.6247 lr=0.000275 tok/s=41,602 eta=18964.89993217453
step=1611 tokens=211156992/1000000000 loss=3.5813 lr=0.000275 tok/s=41,777 eta=18882.253469780873
step=1612 tokens=211288064/1000000000 loss=3.5642 lr=0.000275 tok/s=41,730 eta=18900.48588403895
step=1613 tokens=211419136/1000000000 loss=3.6402 lr=0.000275 tok/s=41,453 eta=19023.67396673189
step=1614 tokens=211550208/1000000000 loss=3.5520 lr=0.000275 tok/s=41,580 eta=18962.140440393967
step=1615 tokens=211681280/1000000000 loss=3.7150 lr=0.000275 tok/s=41,708 eta=18900.919841975337
step=1616 tokens=211812352/1000000000 loss=3.6749 lr=0.000275 tok/s=41,244 eta=19110.563496620205
step=1617 tokens=211943424/1000000000 loss=3.5662 lr=0.000275 tok/s=41,355 eta=19055.80058331243
step=1618 tokens=212074496/1000000000 loss=3.6508 lr=0.000275 tok/s=41,504 eta=18984.40141500637
step=1619 tokens=212205568/1000000000 loss=3.4603 lr=0.000275 tok/s=41,407 eta=19025.77464113211
step=1620 tokens=212336640/1000000000 loss=3.5364 lr=0.000275 tok/s=41,300 eta=19071.958737277797
step=1621 tokens=212467712/1000000000 loss=3.6253 lr=0.000275 tok/s=41,213 eta=19108.823503683598
step=1622 tokens=212598784/1000000000 loss=3.5901 lr=0.000275 tok/s=41,532 eta=18958.812088350453
step=1623 tokens=212729856/1000000000 loss=3.5755 lr=0.000275 tok/s=41,540 eta=18951.926841406883
step=1624 tokens=212860928/1000000000 loss=3.6372 lr=0.000275 tok/s=41,348 eta=19036.95599411476
step=1625 tokens=212992000/1000000000 loss=3.6340 lr=0.000275 tok/s=41,476 eta=18975.09790716245
step=1626 tokens=213123072/1000000000 loss=3.6839 lr=0.000275 tok/s=41,186 eta=19105.277690607
step=1627 tokens=213254144/1000000000 loss=3.5026 lr=0.000275 tok/s=41,286 eta=19056.095135400552
step=1628 tokens=213385216/1000000000 loss=3.4816 lr=0.000275 tok/s=41,379 eta=19010.018301420765
step=1629 tokens=213516288/1000000000 loss=3.7189 lr=0.000275 tok/s=41,331 eta=19028.686454979113
step=1630 tokens=213647360/1000000000 loss=3.6497 lr=0.000275 tok/s=41,268 eta=19054.830039173215
step=1631 tokens=213778432/1000000000 loss=3.5269 lr=0.000275 tok/s=41,257 eta=19056.573664977208
step=1632 tokens=213909504/1000000000 loss=3.7902 lr=0.000275 tok/s=41,124 eta=19115.068329120757
step=1633 tokens=214040576/1000000000 loss=3.5826 lr=0.000275 tok/s=41,245 eta=19055.95690195125
step=1634 tokens=214171648/1000000000 loss=3.6266 lr=0.000275 tok/s=41,017 eta=19158.372388121552
step=1635 tokens=214302720/1000000000 loss=3.5843 lr=0.000275 tok/s=40,820 eta=19248.023378808313
step=1636 tokens=214433792/1000000000 loss=3.6482 lr=0.000275 tok/s=41,213 eta=19061.03771561145
step=1637 tokens=214564864/1000000000 loss=3.6585 lr=0.000275 tok/s=41,458 eta=18945.325676496952
step=1638 tokens=214695936/1000000000 loss=3.5753 lr=0.000275 tok/s=41,248 eta=19038.820874127166
step=1639 tokens=214827008/1000000000 loss=3.6063 lr=0.000275 tok/s=41,224 eta=19046.543559128902
step=1640 tokens=214958080/1000000000 loss=3.6377 lr=0.000274 tok/s=41,107 eta=19097.647431122285
step=1641 tokens=215089152/1000000000 loss=3.6518 lr=0.000274 tok/s=41,030 eta=19130.313934902275
step=1642 tokens=215220224/1000000000 loss=3.4877 lr=0.000274 tok/s=41,291 eta=19006.237221553667
step=1643 tokens=215351296/1000000000 loss=3.7095 lr=0.000274 tok/s=41,559 eta=18880.257080834926
step=1644 tokens=215482368/1000000000 loss=3.7027 lr=0.000274 tok/s=41,501 eta=18903.51081029755
step=1645 tokens=215613440/1000000000 loss=3.6291 lr=0.000274 tok/s=41,427 eta=18934.143331055286
step=1646 tokens=215744512/1000000000 loss=3.6742 lr=0.000274 tok/s=41,695 eta=18809.19389582484
step=1647 tokens=215875584/1000000000 loss=3.6507 lr=0.000274 tok/s=41,625 eta=18837.699183267512
step=1648 tokens=216006656/1000000000 loss=3.6161 lr=0.000274 tok/s=41,795 eta=18758.01966420221
step=1649 tokens=216137728/1000000000 loss=3.5838 lr=0.000274 tok/s=41,410 eta=18929.206398278584
step=1650 tokens=216268800/1000000000 loss=3.7796 lr=0.000274 tok/s=41,600 eta=18839.717434535814
step=1651 tokens=216399872/1000000000 loss=3.6998 lr=0.000274 tok/s=41,580 eta=18845.65404788414
step=1652 tokens=216530944/1000000000 loss=3.5716 lr=0.000274 tok/s=41,688 eta=18793.718366792084
step=1653 tokens=216662016/1000000000 loss=3.5819 lr=0.000274 tok/s=41,402 eta=18920.400702058803
step=1654 tokens=216793088/1000000000 loss=3.5595 lr=0.000274 tok/s=41,405 eta=18915.76023887016
step=1655 tokens=216924160/1000000000 loss=3.5166 lr=0.000274 tok/s=41,373 eta=18927.4402777366
step=1656 tokens=217055232/1000000000 loss=3.6860 lr=0.000274 tok/s=41,299 eta=18957.91136754814
step=1657 tokens=217186304/1000000000 loss=3.6298 lr=0.000274 tok/s=41,493 eta=18866.10181310568
step=1658 tokens=217317376/1000000000 loss=3.6504 lr=0.000274 tok/s=41,440 eta=18887.035392123264
step=1659 tokens=217448448/1000000000 loss=3.5193 lr=0.000274 tok/s=41,221 eta=18984.182188483497
step=1660 tokens=217579520/1000000000 loss=3.6944 lr=0.000274 tok/s=41,244 eta=18970.33791830764
step=1661 tokens=217710592/1000000000 loss=3.6635 lr=0.000274 tok/s=41,224 eta=18976.694423742032
step=1662 tokens=217841664/1000000000 loss=3.7673 lr=0.000274 tok/s=41,365 eta=18908.91267923664
step=1663 tokens=217972736/1000000000 loss=3.8828 lr=0.000274 tok/s=41,388 eta=18894.797818145133
step=1664 tokens=218103808/1000000000 loss=3.7352 lr=0.000274 tok/s=41,323 eta=18921.573285180606
step=1665 tokens=218234880/1000000000 loss=3.6791 lr=0.000274 tok/s=41,442 eta=18863.851776726042
step=1666 tokens=218365952/1000000000 loss=3.6897 lr=0.000274 tok/s=41,239 eta=18953.654716054738
step=1667 tokens=218497024/1000000000 loss=3.6949 lr=0.000274 tok/s=41,420 eta=18867.74668000337
step=1668 tokens=218628096/1000000000 loss=3.7235 lr=0.000274 tok/s=41,362 eta=18890.984970264708
step=1669 tokens=218759168/1000000000 loss=3.6867 lr=0.000274 tok/s=41,112 eta=19002.959461749448
step=1670 tokens=218890240/1000000000 loss=3.7001 lr=0.000273 tok/s=41,401 eta=18866.895840667014
step=1671 tokens=219021312/1000000000 loss=3.6931 lr=0.000273 tok/s=41,304 eta=18907.871685446116
step=1672 tokens=219152384/1000000000 loss=3.7465 lr=0.000273 tok/s=41,402 eta=18860.32338735914
step=1673 tokens=219283456/1000000000 loss=3.7671 lr=0.000273 tok/s=41,068 eta=19010.3224344819
step=1674 tokens=219414528/1000000000 loss=3.6261 lr=0.000273 tok/s=41,146 eta=18971.022342479915
step=1675 tokens=219545600/1000000000 loss=3.6437 lr=0.000273 tok/s=41,140 eta=18970.631399478836
step=1676 tokens=219676672/1000000000 loss=3.6570 lr=0.000273 tok/s=40,964 eta=19049.228608733833
step=1677 tokens=219807744/1000000000 loss=3.6260 lr=0.000273 tok/s=41,123 eta=18972.13811338576
step=1678 tokens=219938816/1000000000 loss=3.6619 lr=0.000273 tok/s=41,078 eta=18989.726780595644
step=1679 tokens=220069888/1000000000 loss=3.6725 lr=0.000273 tok/s=29,770 eta=26198.944555885075
step=1680 tokens=220200960/1000000000 loss=3.6548 lr=0.000273 tok/s=41,232 eta=18912.52712214679
step=1681 tokens=220332032/1000000000 loss=3.6496 lr=0.000273 tok/s=41,312 eta=18872.817252253455
step=1682 tokens=220463104/1000000000 loss=3.7376 lr=0.000273 tok/s=41,237 eta=18903.83282387416
step=1683 tokens=220594176/1000000000 loss=3.7908 lr=0.000273 tok/s=41,158 eta=18936.73296608772
step=1684 tokens=220725248/1000000000 loss=3.5335 lr=0.000273 tok/s=41,411 eta=18818.18460465487
step=1685 tokens=220856320/1000000000 loss=3.4457 lr=0.000273 tok/s=41,274 eta=18877.195132419038
step=1686 tokens=220987392/1000000000 loss=3.5404 lr=0.000273 tok/s=41,515 eta=18764.613329880227
step=1687 tokens=221118464/1000000000 loss=3.4552 lr=0.000273 tok/s=41,200 eta=18905.040612673296
step=1688 tokens=221249536/1000000000 loss=3.7872 lr=0.000273 tok/s=41,284 eta=18863.414674509968
step=1689 tokens=221380608/1000000000 loss=3.5545 lr=0.000273 tok/s=41,352 eta=18828.90047883025
step=1690 tokens=221511680/1000000000 loss=3.5656 lr=0.000273 tok/s=41,392 eta=18807.476497843985
step=1691 tokens=221642752/1000000000 loss=3.5685 lr=0.000273 tok/s=41,335 eta=18830.46686266013
step=1692 tokens=221773824/1000000000 loss=3.5354 lr=0.000273 tok/s=41,427 eta=18785.362985145777
step=1693 tokens=221904896/1000000000 loss=3.3335 lr=0.000273 tok/s=41,691 eta=18663.243473565017
step=1694 tokens=222035968/1000000000 loss=3.5038 lr=0.000273 tok/s=41,497 eta=18747.286591839755
step=1695 tokens=222167040/1000000000 loss=3.5278 lr=0.000273 tok/s=41,472 eta=18755.832232705525
step=1696 tokens=222298112/1000000000 loss=3.5552 lr=0.000273 tok/s=41,650 eta=18672.517392893187
step=1697 tokens=222429184/1000000000 loss=3.6124 lr=0.000273 tok/s=41,754 eta=18622.87830263436
step=1698 tokens=222560256/1000000000 loss=3.4576 lr=0.000273 tok/s=41,629 eta=18675.44763608686
step=1699 tokens=222691328/1000000000 loss=3.5658 lr=0.000272 tok/s=41,841 eta=18577.797416555713
step=1700 tokens=222822400/1000000000 loss=3.6008 lr=0.000272 tok/s=41,655 eta=18657.461180439248
step=1701 tokens=222953472/1000000000 loss=3.4384 lr=0.000272 tok/s=41,495 eta=18726.070179479728
step=1702 tokens=223084544/1000000000 loss=3.5677 lr=0.000272 tok/s=41,648 eta=18654.40122826299
step=1703 tokens=223215616/1000000000 loss=3.3944 lr=0.000272 tok/s=41,590 eta=18677.05352245975
step=1704 tokens=223346688/1000000000 loss=3.5288 lr=0.000272 tok/s=41,418 eta=18751.41519188091
step=1705 tokens=223477760/1000000000 loss=3.5754 lr=0.000272 tok/s=41,552 eta=18688.069860696934
step=1706 tokens=223608832/1000000000 loss=3.5432 lr=0.000272 tok/s=41,460 eta=18726.329249342813
step=1707 tokens=223739904/1000000000 loss=3.3820 lr=0.000272 tok/s=41,726 eta=18603.690509581724
step=1708 tokens=223870976/1000000000 loss=3.3594 lr=0.000272 tok/s=41,528 eta=18689.221064405752
step=1709 tokens=224002048/1000000000 loss=3.3796 lr=0.000272 tok/s=41,697 eta=18610.330713947926
step=1710 tokens=224133120/1000000000 loss=3.7340 lr=0.000272 tok/s=41,515 eta=18688.959572467716
step=1711 tokens=224264192/1000000000 loss=3.5839 lr=0.000272 tok/s=41,504 eta=18690.554026163747
step=1712 tokens=224395264/1000000000 loss=3.4826 lr=0.000272 tok/s=41,505 eta=18687.048476714826
step=1713 tokens=224526336/1000000000 loss=3.5253 lr=0.000272 tok/s=41,524 eta=18675.473360514567
step=1714 tokens=224657408/1000000000 loss=3.3937 lr=0.000272 tok/s=41,730 eta=18579.968242935767
step=1715 tokens=224788480/1000000000 loss=3.5355 lr=0.000272 tok/s=41,784 eta=18552.948295881164
step=1716 tokens=224919552/1000000000 loss=3.3199 lr=0.000272 tok/s=41,794 eta=18545.04292091048
step=1717 tokens=225050624/1000000000 loss=3.5059 lr=0.000272 tok/s=41,769 eta=18553.415490058094
step=1718 tokens=225181696/1000000000 loss=3.5532 lr=0.000272 tok/s=41,793 eta=18539.246383348174
step=1719 tokens=225312768/1000000000 loss=3.4404 lr=0.000272 tok/s=41,813 eta=18527.279439071357
step=1720 tokens=225443840/1000000000 loss=3.7326 lr=0.000272 tok/s=41,677 eta=18584.90395164049
step=1721 tokens=225574912/1000000000 loss=3.5498 lr=0.000272 tok/s=41,922 eta=18472.870230539364
step=1722 tokens=225705984/1000000000 loss=3.5999 lr=0.000272 tok/s=41,671 eta=18580.9472669301
step=1723 tokens=225837056/1000000000 loss=3.6555 lr=0.000272 tok/s=41,627 eta=18597.668697726476
step=1724 tokens=225968128/1000000000 loss=3.7443 lr=0.000272 tok/s=41,553 eta=18627.373037132707
step=1725 tokens=226099200/1000000000 loss=3.6000 lr=0.000272 tok/s=41,727 eta=18546.62034632192
step=1726 tokens=226230272/1000000000 loss=3.7022 lr=0.000272 tok/s=41,825 eta=18500.29221762311
step=1727 tokens=226361344/1000000000 loss=3.8071 lr=0.000272 tok/s=41,745 eta=18532.503893690468
step=1728 tokens=226492416/1000000000 loss=3.6717 lr=0.000271 tok/s=41,724 eta=18538.82204771023
step=1729 tokens=226623488/1000000000 loss=3.6788 lr=0.000271 tok/s=41,876 eta=18468.428763879314
step=1730 tokens=226754560/1000000000 loss=3.5713 lr=0.000271 tok/s=41,842 eta=18480.242428285565
step=1731 tokens=226885632/1000000000 loss=3.6650 lr=0.000271 tok/s=41,594 eta=18587.181631237316
step=1732 tokens=227016704/1000000000 loss=3.6028 lr=0.000271 tok/s=41,842 eta=18473.664646021574
step=1733 tokens=227147776/1000000000 loss=3.6829 lr=0.000271 tok/s=41,722 eta=18523.71941019418
step=1734 tokens=227278848/1000000000 loss=3.5971 lr=0.000271 tok/s=42,016 eta=18391.164440039218
step=1735 tokens=227409920/1000000000 loss=3.5779 lr=0.000271 tok/s=42,033 eta=18380.753834255323
step=1736 tokens=227540992/1000000000 loss=3.6514 lr=0.000271 tok/s=41,868 eta=18449.976901533584
step=1737 tokens=227672064/1000000000 loss=3.6490 lr=0.000271 tok/s=41,850 eta=18454.647812195944
step=1738 tokens=227803136/1000000000 loss=3.6532 lr=0.000271 tok/s=42,035 eta=18370.52072909472
step=1739 tokens=227934208/1000000000 loss=3.5621 lr=0.000271 tok/s=42,017 eta=18375.04160934435
step=1740 tokens=228065280/1000000000 loss=3.6984 lr=0.000271 tok/s=42,054 eta=18355.612245636414
step=1741 tokens=228196352/1000000000 loss=3.6933 lr=0.000271 tok/s=41,855 eta=18439.90832114071
step=1742 tokens=228327424/1000000000 loss=3.7624 lr=0.000271 tok/s=41,968 eta=18387.227775459916
step=1743 tokens=228458496/1000000000 loss=3.7398 lr=0.000271 tok/s=42,103 eta=18325.170712506195
step=1744 tokens=228589568/1000000000 loss=3.5928 lr=0.000271 tok/s=41,768 eta=18468.865708065106
step=1745 tokens=228720640/1000000000 loss=3.6477 lr=0.000271 tok/s=42,055 eta=18339.612044145342
step=1746 tokens=228851712/1000000000 loss=3.7319 lr=0.000271 tok/s=41,962 eta=18377.32078415344
step=1747 tokens=228982784/1000000000 loss=3.6721 lr=0.000271 tok/s=41,998 eta=18358.530176117292
step=1748 tokens=229113856/1000000000 loss=3.6350 lr=0.000271 tok/s=42,163 eta=18283.25948172361
step=1749 tokens=229244928/1000000000 loss=3.6905 lr=0.000271 tok/s=41,844 eta=18419.84264519551
step=1750 tokens=229376000/1000000000 loss=3.5901 lr=0.000271 tok/s=41,883 eta=18399.333813755788
step=1751 tokens=229507072/1000000000 loss=3.5118 lr=0.000271 tok/s=42,198 eta=18259.091935112683
step=1752 tokens=229638144/1000000000 loss=3.8094 lr=0.000271 tok/s=41,709 eta=18469.93877052269
step=1753 tokens=229769216/1000000000 loss=3.6563 lr=0.000271 tok/s=42,023 eta=18328.59478570944
step=1754 tokens=229900288/1000000000 loss=3.5328 lr=0.000271 tok/s=42,106 eta=18289.482781106475
step=1755 tokens=230031360/1000000000 loss=3.6677 lr=0.000271 tok/s=30,469 eta=25270.501810820013
step=1756 tokens=230162432/1000000000 loss=3.6021 lr=0.000271 tok/s=41,956 eta=18348.83098715159
step=1757 tokens=230293504/1000000000 loss=3.5849 lr=0.00027 tok/s=42,139 eta=18265.959763519048
step=1758 tokens=230424576/1000000000 loss=3.5879 lr=0.00027 tok/s=41,828 eta=18398.640836275506
step=1759 tokens=230555648/1000000000 loss=3.6252 lr=0.00027 tok/s=42,021 eta=18311.136293422824
step=1760 tokens=230686720/1000000000 loss=3.6526 lr=0.00027 tok/s=41,687 eta=18454.354405832564
step=1761 tokens=230817792/1000000000 loss=3.5476 lr=0.00027 tok/s=41,630 eta=18476.83225421331
step=1762 tokens=230948864/1000000000 loss=3.6720 lr=0.00027 tok/s=41,540 eta=18513.528593368548
step=1763 tokens=231079936/1000000000 loss=3.4199 lr=0.00027 tok/s=41,439 eta=18555.67819109025
step=1764 tokens=231211008/1000000000 loss=3.6120 lr=0.00027 tok/s=42,111 eta=18256.18097816379
step=1765 tokens=231342080/1000000000 loss=3.6468 lr=0.00027 tok/s=41,862 eta=18361.53410809659
step=1766 tokens=231473152/1000000000 loss=3.6481 lr=0.00027 tok/s=41,923 eta=18331.962046316028
step=1767 tokens=231604224/1000000000 loss=3.7290 lr=0.00027 tok/s=42,026 eta=18283.697994416325
step=1768 tokens=231735296/1000000000 loss=3.6247 lr=0.00027 tok/s=41,813 eta=18373.993500345423
step=1769 tokens=231866368/1000000000 loss=3.6203 lr=0.00027 tok/s=41,985 eta=18295.429263034588
step=1770 tokens=231997440/1000000000 loss=3.6874 lr=0.00027 tok/s=41,894 eta=18331.853371572997
step=1771 tokens=232128512/1000000000 loss=3.7011 lr=0.00027 tok/s=41,833 eta=18355.730052275023
step=1772 tokens=232259584/1000000000 loss=3.6700 lr=0.00027 tok/s=41,921 eta=18313.90789400445
step=1773 tokens=232390656/1000000000 loss=3.6434 lr=0.00027 tok/s=41,732 eta=18393.95982847803
step=1774 tokens=232521728/1000000000 loss=3.6500 lr=0.00027 tok/s=41,528 eta=18481.111544201383
step=1775 tokens=232652800/1000000000 loss=3.7812 lr=0.00027 tok/s=41,753 eta=18378.06183258626
step=1776 tokens=232783872/1000000000 loss=3.6974 lr=0.00027 tok/s=41,550 eta=18464.966246872205
step=1777 tokens=232914944/1000000000 loss=3.5512 lr=0.00027 tok/s=41,517 eta=18476.279412520056
step=1778 tokens=233046016/1000000000 loss=3.5703 lr=0.00027 tok/s=41,572 eta=18448.644736686707
step=1779 tokens=233177088/1000000000 loss=3.5779 lr=0.00027 tok/s=41,271 eta=18580.33654087204
step=1780 tokens=233308160/1000000000 loss=3.5793 lr=0.00027 tok/s=41,248 eta=18587.469619628675
step=1781 tokens=233439232/1000000000 loss=3.6364 lr=0.00027 tok/s=41,332 eta=18546.550565353453
step=1782 tokens=233570304/1000000000 loss=3.6938 lr=0.00027 tok/s=41,347 eta=18536.72290452958
step=1783 tokens=233701376/1000000000 loss=3.3768 lr=0.00027 tok/s=41,241 eta=18581.04044232319
step=1784 tokens=233832448/1000000000 loss=2.4136 lr=0.00027 tok/s=41,306 eta=18548.78298350964
step=1785 tokens=233963520/1000000000 loss=2.2835 lr=0.000269 tok/s=41,218 eta=18584.91718722385
step=1786 tokens=234094592/1000000000 loss=2.2625 lr=0.000269 tok/s=41,386 eta=18506.18026417873
step=1787 tokens=234225664/1000000000 loss=2.2352 lr=0.000269 tok/s=41,342 eta=18522.772958860485
step=1788 tokens=234356736/1000000000 loss=2.1816 lr=0.000269 tok/s=41,417 eta=18486.373100696826
step=1789 tokens=234487808/1000000000 loss=2.1395 lr=0.000269 tok/s=41,677 eta=18367.71749409124
step=1790 tokens=234618880/1000000000 loss=2.0959 lr=0.000269 tok/s=41,529 eta=18430.036973714625
step=1791 tokens=234749952/1000000000 loss=2.0621 lr=0.000269 tok/s=41,741 eta=18333.18647891898
step=1792 tokens=234881024/1000000000 loss=2.0538 lr=0.000269 tok/s=41,440 eta=18463.19647674981
step=1793 tokens=235012096/1000000000 loss=2.0403 lr=0.000269 tok/s=41,330 eta=18509.210196737364
step=1794 tokens=235143168/1000000000 loss=1.9849 lr=0.000269 tok/s=41,251 eta=18541.315412361382
step=1795 tokens=235274240/1000000000 loss=2.0035 lr=0.000269 tok/s=41,204 eta=18559.37797380782
step=1796 tokens=235405312/1000000000 loss=1.9687 lr=0.000269 tok/s=41,227 eta=18546.10290308585
step=1797 tokens=235536384/1000000000 loss=1.9670 lr=0.000269 tok/s=41,218 eta=18546.645226344044
step=1798 tokens=235667456/1000000000 loss=1.9529 lr=0.000269 tok/s=41,309 eta=18502.797464958556
step=1799 tokens=235798528/1000000000 loss=1.9410 lr=0.000269 tok/s=41,000 eta=18639.27296922697
step=1800 tokens=235929600/1000000000 loss=1.9215 lr=0.000269 tok/s=40,901 eta=18680.89800699291
step=1801 tokens=236060672/1000000000 loss=1.9212 lr=0.000269 tok/s=41,125 eta=18576.255675325458
step=1802 tokens=236191744/1000000000 loss=1.9091 lr=0.000269 tok/s=41,084 eta=18591.256310434386
step=1803 tokens=236322816/1000000000 loss=1.8770 lr=0.000269 tok/s=41,071 eta=18594.065201044556
step=1804 tokens=236453888/1000000000 loss=1.9000 lr=0.000269 tok/s=41,084 eta=18585.102580171253
step=1805 tokens=236584960/1000000000 loss=1.8649 lr=0.000269 tok/s=41,003 eta=18618.32781468636
step=1806 tokens=236716032/1000000000 loss=1.8794 lr=0.000269 tok/s=41,279 eta=18490.734766475576
step=1807 tokens=236847104/1000000000 loss=1.8652 lr=0.000269 tok/s=41,204 eta=18521.250842953083
step=1808 tokens=236978176/1000000000 loss=1.8653 lr=0.000269 tok/s=41,176 eta=18530.683615570488
step=1809 tokens=237109248/1000000000 loss=1.8529 lr=0.000269 tok/s=41,166 eta=18532.147287037587
step=1810 tokens=237240320/1000000000 loss=1.8464 lr=0.000269 tok/s=41,163 eta=18530.329696399633
checkpoint saved: runs/20260905-135527/checkpoints/step_000001810 (time)
step=1811 tokens=237371392/1000000000 loss=1.8611 lr=0.000269 tok/s=35,846 eta=21275.005568828168
step=1812 tokens=237502464/1000000000 loss=1.8321 lr=0.000268 tok/s=41,234 eta=18491.911137067476
step=1813 tokens=237633536/1000000000 loss=1.8350 lr=0.000268 tok/s=41,423 eta=18404.233929789058
step=1814 tokens=237764608/1000000000 loss=1.8116 lr=0.000268 tok/s=41,417 eta=18404.040588286494
step=1815 tokens=237895680/1000000000 loss=2.1171 lr=0.000268 tok/s=41,468 eta=18378.15349717966
step=1816 tokens=238026752/1000000000 loss=3.1488 lr=0.000268 tok/s=41,395 eta=18407.490098967155
step=1817 tokens=238157824/1000000000 loss=3.0921 lr=0.000268 tok/s=41,469 eta=18371.33882643488
step=1818 tokens=238288896/1000000000 loss=3.0030 lr=0.000268 tok/s=41,529 eta=18341.54089035458
step=1819 tokens=238419968/1000000000 loss=2.9476 lr=0.000268 tok/s=41,559 eta=18325.448331031308
step=1820 tokens=238551040/1000000000 loss=2.9018 lr=0.000268 tok/s=41,606 eta=18301.307822863793
step=1821 tokens=238682112/1000000000 loss=2.8495 lr=0.000268 tok/s=41,471 eta=18357.99506797282
step=1822 tokens=238813184/1000000000 loss=2.8163 lr=0.000268 tok/s=41,445 eta=18366.334598700272
step=1823 tokens=238944256/1000000000 loss=2.8479 lr=0.000268 tok/s=41,573 eta=18306.613523119235
step=1824 tokens=239075328/1000000000 loss=2.7919 lr=0.000268 tok/s=41,226 eta=18457.351390893473
step=1825 tokens=239206400/1000000000 loss=2.7720 lr=0.000268 tok/s=41,475 eta=18343.37556921378
step=1826 tokens=239337472/1000000000 loss=2.7571 lr=0.000268 tok/s=41,390 eta=18377.934144584695
step=1827 tokens=239468544/1000000000 loss=2.7479 lr=0.000268 tok/s=41,789 eta=18199.49560593235
step=1828 tokens=239599616/1000000000 loss=2.7302 lr=0.000268 tok/s=41,601 eta=18278.306806130437
step=1829 tokens=239730688/1000000000 loss=2.7735 lr=0.000268 tok/s=41,595 eta=18277.754307903386
step=1830 tokens=239861760/1000000000 loss=2.7335 lr=0.000268 tok/s=41,541 eta=18298.597055141123
step=1831 tokens=239992832/1000000000 loss=2.7365 lr=0.000268 tok/s=41,456 eta=18332.700782515225
step=1832 tokens=240123904/1000000000 loss=2.7012 lr=0.000268 tok/s=29,970 eta=25354.924200788006
step=1833 tokens=240254976/1000000000 loss=2.6604 lr=0.000268 tok/s=41,825 eta=18165.03573741838
step=1834 tokens=240386048/1000000000 loss=2.7010 lr=0.000268 tok/s=41,773 eta=18184.521380973383
step=1835 tokens=240517120/1000000000 loss=2.6459 lr=0.000268 tok/s=41,501 eta=18300.22481635766
step=1836 tokens=240648192/1000000000 loss=2.6841 lr=0.000268 tok/s=41,650 eta=18231.745316977802
step=1837 tokens=240779264/1000000000 loss=2.6707 lr=0.000268 tok/s=41,836 eta=18147.36958747488
step=1838 tokens=240910336/1000000000 loss=2.6693 lr=0.000268 tok/s=41,954 eta=18093.31918555237
step=1839 tokens=241041408/1000000000 loss=2.6304 lr=0.000268 tok/s=41,848 eta=18136.23171200837
step=1840 tokens=241172480/1000000000 loss=2.6572 lr=0.000267 tok/s=42,058 eta=18042.30489611299
step=1841 tokens=241303552/1000000000 loss=2.7182 lr=0.000267 tok/s=42,081 eta=18029.246615650012
step=1842 tokens=241434624/1000000000 loss=2.6252 lr=0.000267 tok/s=41,884 eta=18110.944440564508
step=1843 tokens=241565696/1000000000 loss=2.6019 lr=0.000267 tok/s=41,865 eta=18116.238907273157
step=1844 tokens=241696768/1000000000 loss=2.5757 lr=0.000267 tok/s=42,108 eta=18008.39502456466
step=1845 tokens=241827840/1000000000 loss=2.5886 lr=0.000267 tok/s=41,896 eta=18096.42494728199
step=1846 tokens=241958912/1000000000 loss=2.6646 lr=0.000267 tok/s=41,751 eta=18156.271243943225
step=1847 tokens=242089984/1000000000 loss=2.5442 lr=0.000267 tok/s=42,022 eta=18036.218138075714
step=1848 tokens=242221056/1000000000 loss=2.1320 lr=0.000267 tok/s=41,909 eta=18081.45121367374
step=1849 tokens=242352128/1000000000 loss=1.9958 lr=0.000267 tok/s=41,925 eta=18071.421014128653
step=1850 tokens=242483200/1000000000 loss=1.9513 lr=0.000267 tok/s=41,886 eta=18085.13544665487
step=1851 tokens=242614272/1000000000 loss=1.9236 lr=0.000267 tok/s=41,836 eta=18103.623633184638
step=1852 tokens=242745344/1000000000 loss=1.8962 lr=0.000267 tok/s=41,790 eta=18120.398937329846
step=1853 tokens=242876416/1000000000 loss=1.8925 lr=0.000267 tok/s=41,924 eta=18059.3806186272
step=1854 tokens=243007488/1000000000 loss=1.8710 lr=0.000267 tok/s=41,901 eta=18066.331549644463
step=1855 tokens=243138560/1000000000 loss=1.8436 lr=0.000267 tok/s=41,946 eta=18043.501962719405
step=1856 tokens=243269632/1000000000 loss=1.8539 lr=0.000267 tok/s=41,896 eta=18062.14877080537
step=1857 tokens=243400704/1000000000 loss=1.8403 lr=0.000267 tok/s=41,975 eta=18024.8499261295
step=1858 tokens=243531776/1000000000 loss=1.8287 lr=0.000267 tok/s=41,767 eta=18111.41593915684
step=1859 tokens=243662848/1000000000 loss=1.8118 lr=0.000267 tok/s=41,929 eta=18038.533665056657
step=1860 tokens=243793920/1000000000 loss=1.8000 lr=0.000267 tok/s=41,881 eta=18056.245636780455
step=1861 tokens=243924992/1000000000 loss=1.8054 lr=0.000267 tok/s=41,967 eta=18016.120977978855
step=1862 tokens=244056064/1000000000 loss=1.7741 lr=0.000267 tok/s=42,069 eta=17969.071950822203
step=1863 tokens=244187136/1000000000 loss=1.7985 lr=0.000267 tok/s=42,037 eta=17979.56350607567
step=1864 tokens=244318208/1000000000 loss=1.7658 lr=0.000267 tok/s=42,016 eta=17985.367319515826
step=1865 tokens=244449280/1000000000 loss=1.7732 lr=0.000267 tok/s=42,250 eta=17882.971245952343
step=1866 tokens=244580352/1000000000 loss=1.7634 lr=0.000266 tok/s=42,152 eta=17921.406792600843
step=1867 tokens=244711424/1000000000 loss=1.7679 lr=0.000266 tok/s=42,135 eta=17925.417232523938
step=1868 tokens=244842496/1000000000 loss=1.7485 lr=0.000266 tok/s=42,135 eta=17922.419541507177
step=1869 tokens=244973568/1000000000 loss=1.7485 lr=0.000266 tok/s=42,118 eta=17926.289618556864
step=1870 tokens=245104640/1000000000 loss=1.7540 lr=0.000266 tok/s=42,019 eta=17965.426531103574
step=1871 tokens=245235712/1000000000 loss=1.7454 lr=0.000266 tok/s=42,009 eta=17966.58391335206
step=1872 tokens=245366784/1000000000 loss=1.7463 lr=0.000266 tok/s=42,104 eta=17923.16088591854
step=1873 tokens=245497856/1000000000 loss=1.7510 lr=0.000266 tok/s=42,185 eta=17885.431250034067
step=1874 tokens=245628928/1000000000 loss=1.7323 lr=0.000266 tok/s=41,965 eta=17976.09001276939
step=1875 tokens=245760000/1000000000 loss=1.7452 lr=0.000266 tok/s=42,057 eta=17933.93924064645
step=1876 tokens=245891072/1000000000 loss=1.7231 lr=0.000266 tok/s=42,131 eta=17899.057684878855
step=1877 tokens=246022144/1000000000 loss=1.7497 lr=0.000266 tok/s=42,077 eta=17919.206696609635
step=1878 tokens=246153216/1000000000 loss=1.7294 lr=0.000266 tok/s=41,933 eta=17977.2008670068
step=1879 tokens=246284288/1000000000 loss=2.1149 lr=0.000266 tok/s=42,220 eta=17851.98992078621
step=1880 tokens=246415360/1000000000 loss=3.8597 lr=0.000266 tok/s=42,094 eta=17902.30013217794
step=1881 tokens=246546432/1000000000 loss=3.6692 lr=0.000266 tok/s=41,964 eta=17954.862344107005
step=1882 tokens=246677504/1000000000 loss=3.5389 lr=0.000266 tok/s=42,141 eta=17876.402539791263
step=1883 tokens=246808576/1000000000 loss=3.6300 lr=0.000266 tok/s=42,092 eta=17894.13630029313
step=1884 tokens=246939648/1000000000 loss=3.5300 lr=0.000266 tok/s=42,013 eta=17924.265705375827
step=1885 tokens=247070720/1000000000 loss=3.7330 lr=0.000266 tok/s=41,940 eta=17952.729681059252
step=1886 tokens=247201792/1000000000 loss=3.5073 lr=0.000266 tok/s=41,930 eta=17953.49620209641
step=1887 tokens=247332864/1000000000 loss=3.6893 lr=0.000266 tok/s=41,888 eta=17968.64954608649
step=1888 tokens=247463936/1000000000 loss=3.5095 lr=0.000266 tok/s=41,846 eta=17983.440884405307
step=1889 tokens=247595008/1000000000 loss=3.5044 lr=0.000266 tok/s=41,808 eta=17996.506714831667
step=1890 tokens=247726080/1000000000 loss=3.4831 lr=0.000266 tok/s=41,715 eta=18033.674453636617
step=1891 tokens=247857152/1000000000 loss=3.6383 lr=0.000266 tok/s=41,843 eta=17975.155430954757
step=1892 tokens=247988224/1000000000 loss=3.5332 lr=0.000266 tok/s=41,987 eta=17910.675674098115
step=1893 tokens=248119296/1000000000 loss=3.4007 lr=0.000265 tok/s=41,942 eta=17926.479684098424
step=1894 tokens=248250368/1000000000 loss=3.4107 lr=0.000265 tok/s=41,865 eta=17956.436867053857
step=1895 tokens=248381440/1000000000 loss=3.4343 lr=0.000265 tok/s=41,908 eta=17935.067946054885
step=1896 tokens=248512512/1000000000 loss=3.4359 lr=0.000265 tok/s=41,846 eta=17958.54719919656
step=1897 tokens=248643584/1000000000 loss=3.1494 lr=0.000265 tok/s=41,790 eta=17979.40646070983
step=1898 tokens=248774656/1000000000 loss=3.4021 lr=0.000265 tok/s=41,747 eta=17994.546280746195
step=1899 tokens=248905728/1000000000 loss=3.4125 lr=0.000265 tok/s=41,578 eta=18064.491009915142
step=1900 tokens=249036800/1000000000 loss=3.4912 lr=0.000265 tok/s=42,052 eta=17858.097392220792
step=1901 tokens=249167872/1000000000 loss=3.5858 lr=0.000265 tok/s=41,915 eta=17913.21268440929
step=1902 tokens=249298944/1000000000 loss=3.7061 lr=0.000265 tok/s=41,845 eta=17940.00364077042
step=1903 tokens=249430016/1000000000 loss=3.1036 lr=0.000265 tok/s=41,777 eta=17966.085684239373
step=1904 tokens=249561088/1000000000 loss=3.3561 lr=0.000265 tok/s=41,629 eta=18026.961945790656
step=1905 tokens=249692160/1000000000 loss=3.4601 lr=0.000265 tok/s=41,489 eta=18084.691064932584
step=1906 tokens=249823232/1000000000 loss=3.4713 lr=0.000265 tok/s=41,494 eta=18079.22986067461
step=1907 tokens=249954304/1000000000 loss=3.4839 lr=0.000265 tok/s=41,457 eta=18092.03557302083
step=1908 tokens=250085376/1000000000 loss=3.6429 lr=0.000265 tok/s=30,029 eta=24972.96607015122
checkpoint saved: runs/20260905-135527/checkpoints/tokens_000250m (permanent_tokens)
step=1909 tokens=250216448/1000000000 loss=3.3490 lr=0.000265 tok/s=36,363 eta=20619.477950977147
step=1910 tokens=250347520/1000000000 loss=3.3854 lr=0.000265 tok/s=41,557 eta=18039.33925246037
step=1911 tokens=250478592/1000000000 loss=3.5233 lr=0.000265 tok/s=41,717 eta=17966.80435324059
step=1912 tokens=250609664/1000000000 loss=3.5203 lr=0.000265 tok/s=41,681 eta=17979.32361736435
step=1913 tokens=250740736/1000000000 loss=3.2124 lr=0.000265 tok/s=41,533 eta=18040.279222115918
step=1914 tokens=250871808/1000000000 loss=3.3986 lr=0.000265 tok/s=41,549 eta=18030.003716698953
step=1915 tokens=251002880/1000000000 loss=3.3521 lr=0.000265 tok/s=41,718 eta=17953.843922297623
step=1916 tokens=251133952/1000000000 loss=3.4173 lr=0.000265 tok/s=41,744 eta=17939.47721592638
step=1917 tokens=251265024/1000000000 loss=3.4713 lr=0.000265 tok/s=41,351 eta=18107.0044555959
step=1918 tokens=251396096/1000000000 loss=3.3899 lr=0.000265 tok/s=41,560 eta=18012.724898911685
step=1919 tokens=251527168/1000000000 loss=3.3631 lr=0.000264 tok/s=41,562 eta=18008.62295094316
step=1920 tokens=251658240/1000000000 loss=3.4613 lr=0.000264 tok/s=41,522 eta=18022.699453529753
step=1921 tokens=251789312/1000000000 loss=3.4852 lr=0.000264 tok/s=41,639 eta=17968.81241963895
step=1922 tokens=251920384/1000000000 loss=3.5624 lr=0.000264 tok/s=41,672 eta=17951.616080418866
step=1923 tokens=252051456/1000000000 loss=3.3552 lr=0.000264 tok/s=41,387 eta=18071.915658023598
step=1924 tokens=252182528/1000000000 loss=3.4366 lr=0.000264 tok/s=41,624 eta=17965.893746554477
step=1925 tokens=252313600/1000000000 loss=3.4932 lr=0.000264 tok/s=41,528 eta=18004.406524539147
step=1926 tokens=252444672/1000000000 loss=3.5428 lr=0.000264 tok/s=41,545 eta=17993.881105061577
step=1927 tokens=252575744/1000000000 loss=3.4596 lr=0.000264 tok/s=41,384 eta=18060.802073741615
step=1928 tokens=252706816/1000000000 loss=3.3287 lr=0.000264 tok/s=41,480 eta=18015.80746794004
step=1929 tokens=252837888/1000000000 loss=2.9633 lr=0.000264 tok/s=41,455 eta=18023.234824633306
step=1930 tokens=252968960/1000000000 loss=2.8250 lr=0.000264 tok/s=41,386 eta=18050.16679890534
step=1931 tokens=253100032/1000000000 loss=2.8044 lr=0.000264 tok/s=41,633 eta=17940.209744580632
step=1932 tokens=253231104/1000000000 loss=2.7407 lr=0.000264 tok/s=41,704 eta=17906.36454043174
step=1933 tokens=253362176/1000000000 loss=2.6863 lr=0.000264 tok/s=41,529 eta=17978.636101048553
step=1934 tokens=253493248/1000000000 loss=2.6984 lr=0.000264 tok/s=41,596 eta=17946.693993041317
step=1935 tokens=253624320/1000000000 loss=2.6770 lr=0.000264 tok/s=41,494 eta=17987.554936513632
step=1936 tokens=253755392/1000000000 loss=2.6921 lr=0.000264 tok/s=41,516 eta=17974.883879757388
step=1937 tokens=253886464/1000000000 loss=2.6532 lr=0.000264 tok/s=41,361 eta=18039.052407571362
step=1938 tokens=254017536/1000000000 loss=2.6734 lr=0.000264 tok/s=41,400 eta=18018.975068485084
step=1939 tokens=254148608/1000000000 loss=2.6466 lr=0.000264 tok/s=41,707 eta=17883.107721512595
step=1940 tokens=254279680/1000000000 loss=2.6147 lr=0.000264 tok/s=41,418 eta=18004.60024311238
step=1941 tokens=254410752/1000000000 loss=2.6186 lr=0.000264 tok/s=41,501 eta=17965.55762921081
step=1942 tokens=254541824/1000000000 loss=2.6371 lr=0.000264 tok/s=41,590 eta=17923.989396862602
step=1943 tokens=254672896/1000000000 loss=2.6239 lr=0.000264 tok/s=41,494 eta=17962.34992962913
step=1944 tokens=254803968/1000000000 loss=2.6422 lr=0.000264 tok/s=41,389 eta=18004.49273321856
step=1945 tokens=254935040/1000000000 loss=2.6119 lr=0.000263 tok/s=41,391 eta=18000.52987619152
step=1946 tokens=255066112/1000000000 loss=2.6240 lr=0.000263 tok/s=41,454 eta=17970.08529498305
step=1947 tokens=255197184/1000000000 loss=2.5785 lr=0.000263 tok/s=41,260 eta=18051.43429874823
step=1948 tokens=255328256/1000000000 loss=2.6539 lr=0.000263 tok/s=41,394 eta=17990.047721533774
step=1949 tokens=255459328/1000000000 loss=2.5776 lr=0.000263 tok/s=41,155 eta=18091.19145233536
step=1950 tokens=255590400/1000000000 loss=2.5989 lr=0.000263 tok/s=41,156 eta=18087.586567897957
step=1951 tokens=255721472/1000000000 loss=2.6133 lr=0.000263 tok/s=41,371 eta=17990.534656087388
step=1952 tokens=255852544/1000000000 loss=2.5676 lr=0.000263 tok/s=41,172 eta=18074.16255680705
step=1953 tokens=255983616/1000000000 loss=2.5189 lr=0.000263 tok/s=41,023 eta=18136.353130541916
step=1954 tokens=256114688/1000000000 loss=2.5743 lr=0.000263 tok/s=41,262 eta=18028.16520762486
step=1955 tokens=256245760/1000000000 loss=2.5696 lr=0.000263 tok/s=41,348 eta=17987.518663119645
step=1956 tokens=256376832/1000000000 loss=2.6175 lr=0.000263 tok/s=41,261 eta=18022.45137201737
step=1957 tokens=256507904/1000000000 loss=2.5658 lr=0.000263 tok/s=41,396 eta=17960.668455228104
step=1958 tokens=256638976/1000000000 loss=2.5036 lr=0.000263 tok/s=41,578 eta=17878.687175904128
step=1959 tokens=256770048/1000000000 loss=2.5088 lr=0.000263 tok/s=41,094 eta=18086.092494461205
step=1960 tokens=256901120/1000000000 loss=2.5960 lr=0.000263 tok/s=41,421 eta=17940.125294242192
step=1961 tokens=257032192/1000000000 loss=3.4144 lr=0.000263 tok/s=41,651 eta=17837.924781562713
step=1962 tokens=257163264/1000000000 loss=3.3476 lr=0.000263 tok/s=41,495 eta=17901.671149779362
step=1963 tokens=257294336/1000000000 loss=3.2592 lr=0.000263 tok/s=41,626 eta=17842.472752800975
step=1964 tokens=257425408/1000000000 loss=3.2789 lr=0.000263 tok/s=41,674 eta=17818.58227463257
step=1965 tokens=257556480/1000000000 loss=3.2773 lr=0.000263 tok/s=41,641 eta=17829.714927326975
step=1966 tokens=257687552/1000000000 loss=3.2286 lr=0.000263 tok/s=41,282 eta=17981.6299281879
step=1967 tokens=257818624/1000000000 loss=3.2632 lr=0.000263 tok/s=41,590 eta=17845.045068389172
step=1968 tokens=257949696/1000000000 loss=3.1756 lr=0.000263 tok/s=41,492 eta=17884.13212742604
step=1969 tokens=258080768/1000000000 loss=3.1773 lr=0.000263 tok/s=41,655 eta=17810.94447337398
step=1970 tokens=258211840/1000000000 loss=3.1945 lr=0.000263 tok/s=41,010 eta=18088.142595287343
step=1971 tokens=258342912/1000000000 loss=3.1623 lr=0.000262 tok/s=41,247 eta=17980.81826498878
step=1972 tokens=258473984/1000000000 loss=3.0948 lr=0.000262 tok/s=41,390 eta=17915.672631631034
step=1973 tokens=258605056/1000000000 loss=3.1499 lr=0.000262 tok/s=41,438 eta=17891.657482076767
step=1974 tokens=258736128/1000000000 loss=3.1327 lr=0.000262 tok/s=41,306 eta=17945.648362669926
step=1975 tokens=258867200/1000000000 loss=3.0984 lr=0.000262 tok/s=41,307 eta=17942.233304758654
step=1976 tokens=258998272/1000000000 loss=3.0971 lr=0.000262 tok/s=41,298 eta=17942.716664393338
step=1977 tokens=259129344/1000000000 loss=3.0773 lr=0.000262 tok/s=41,256 eta=17957.76594046903
step=1978 tokens=259260416/1000000000 loss=3.1103 lr=0.000262 tok/s=41,309 eta=17931.790274507595
step=1979 tokens=259391488/1000000000 loss=3.0648 lr=0.000262 tok/s=41,143 eta=18000.957290502352
step=1980 tokens=259522560/1000000000 loss=3.0424 lr=0.000262 tok/s=41,113 eta=18010.584109195017
step=1981 tokens=259653632/1000000000 loss=3.0633 lr=0.000262 tok/s=41,439 eta=17865.949646858753
step=1982 tokens=259784704/1000000000 loss=3.0352 lr=0.000262 tok/s=41,123 eta=18000.247107440995
step=1983 tokens=259915776/1000000000 loss=3.0614 lr=0.000262 tok/s=41,256 eta=17938.8302537171
step=1984 tokens=260046848/1000000000 loss=3.0512 lr=0.000262 tok/s=29,840 eta=24797.33530425717
step=1985 tokens=260177920/1000000000 loss=3.0677 lr=0.000262 tok/s=41,191 eta=17960.78396618759
step=1986 tokens=260308992/1000000000 loss=2.9891 lr=0.000262 tok/s=41,170 eta=17966.557186369377
step=1987 tokens=260440064/1000000000 loss=2.9942 lr=0.000262 tok/s=41,214 eta=17944.38957095876
step=1988 tokens=260571136/1000000000 loss=2.7234 lr=0.000262 tok/s=41,224 eta=17936.73491572092
step=1989 tokens=260702208/1000000000 loss=2.6904 lr=0.000262 tok/s=41,242 eta=17926.01264849415
step=1990 tokens=260833280/1000000000 loss=2.6190 lr=0.000262 tok/s=41,272 eta=17909.8081582248
step=1991 tokens=260964352/1000000000 loss=2.5660 lr=0.000262 tok/s=41,278 eta=17903.7663403538
step=1992 tokens=261095424/1000000000 loss=2.5699 lr=0.000262 tok/s=41,018 eta=18013.986947115343
step=1993 tokens=261226496/1000000000 loss=2.5914 lr=0.000262 tok/s=41,095 eta=17977.0347064786
step=1994 tokens=261357568/1000000000 loss=2.5458 lr=0.000262 tok/s=40,962 eta=18032.550760963863
step=1995 tokens=261488640/1000000000 loss=2.6389 lr=0.000262 tok/s=41,349 eta=17860.374375406376
step=1996 tokens=261619712/1000000000 loss=2.5648 lr=0.000261 tok/s=41,198 eta=17922.926066648484
step=1997 tokens=261750784/1000000000 loss=2.5686 lr=0.000261 tok/s=41,081 eta=17970.455330335786
step=1998 tokens=261881856/1000000000 loss=2.5404 lr=0.000261 tok/s=41,222 eta=17906.072078661997
step=1999 tokens=262012928/1000000000 loss=2.5688 lr=0.000261 tok/s=41,174 eta=17923.71222799591
step=2000 tokens=262144000/1000000000 loss=2.5271 lr=0.000261 tok/s=40,922 eta=18030.749595993377
step=2001 tokens=262275072/1000000000 loss=2.5689 lr=0.000261 tok/s=41,260 eta=17880.069282531153
step=2002 tokens=262406144/1000000000 loss=2.4809 lr=0.000261 tok/s=41,165 eta=17918.0020276305
step=2003 tokens=262537216/1000000000 loss=2.5480 lr=0.000261 tok/s=41,196 eta=17901.295106951155
step=2004 tokens=262668288/1000000000 loss=2.5845 lr=0.000261 tok/s=41,271 eta=17865.60579025588
step=2005 tokens=262799360/1000000000 loss=2.5091 lr=0.000261 tok/s=41,278 eta=17859.3600938686
step=2006 tokens=262930432/1000000000 loss=2.5395 lr=0.000261 tok/s=41,360 eta=17820.703075306275
step=2007 tokens=263061504/1000000000 loss=2.5646 lr=0.000261 tok/s=41,364 eta=17815.899767573435
step=2008 tokens=263192576/1000000000 loss=2.5000 lr=0.000261 tok/s=41,215 eta=17877.127464689725
step=2009 tokens=263323648/1000000000 loss=2.5833 lr=0.000261 tok/s=41,400 eta=17794.17875296081
step=2010 tokens=263454720/1000000000 loss=2.5178 lr=0.000261 tok/s=41,067 eta=17935.22243586587
step=2011 tokens=263585792/1000000000 loss=2.5069 lr=0.000261 tok/s=41,190 eta=17878.57009549499
step=2012 tokens=263716864/1000000000 loss=2.4886 lr=0.000261 tok/s=41,521 eta=17732.88639860243
step=2013 tokens=263847936/1000000000 loss=2.5282 lr=0.000261 tok/s=41,422 eta=17772.131008929347
step=2014 tokens=263979008/1000000000 loss=2.4838 lr=0.000261 tok/s=41,336 eta=17805.598681780302
step=2015 tokens=264110080/1000000000 loss=2.4677 lr=0.000261 tok/s=41,004 eta=17946.822351691626
step=2016 tokens=264241152/1000000000 loss=2.4651 lr=0.000261 tok/s=41,195 eta=17860.23096103326
step=2017 tokens=264372224/1000000000 loss=2.5155 lr=0.000261 tok/s=41,268 eta=17825.814994729775
step=2018 tokens=264503296/1000000000 loss=2.5479 lr=0.000261 tok/s=41,324 eta=17798.170430376642
step=2019 tokens=264634368/1000000000 loss=2.5167 lr=0.000261 tok/s=41,391 eta=17766.374154027613
step=2020 tokens=264765440/1000000000 loss=3.1745 lr=0.000261 tok/s=41,027 eta=17920.562172475526
step=2021 tokens=264896512/1000000000 loss=3.1144 lr=0.00026 tok/s=41,096 eta=17887.326004573675
step=2022 tokens=265027584/1000000000 loss=3.0730 lr=0.00026 tok/s=41,273 eta=17807.436603043378
step=2023 tokens=265158656/1000000000 loss=3.0423 lr=0.00026 tok/s=41,299 eta=17793.2828645802
step=2024 tokens=265289728/1000000000 loss=3.0910 lr=0.00026 tok/s=41,267 eta=17803.94903749455
step=2025 tokens=265420800/1000000000 loss=3.0557 lr=0.00026 tok/s=41,165 eta=17844.699252231156
step=2026 tokens=265551872/1000000000 loss=3.0465 lr=0.00026 tok/s=41,122 eta=17860.365005494503
step=2027 tokens=265682944/1000000000 loss=3.0656 lr=0.00026 tok/s=41,612 eta=17646.817044843912
step=2028 tokens=265814016/1000000000 loss=3.0333 lr=0.00026 tok/s=41,501 eta=17690.855153627806
step=2029 tokens=265945088/1000000000 loss=3.0054 lr=0.00026 tok/s=41,430 eta=17718.00896613747
step=2030 tokens=266076160/1000000000 loss=2.9978 lr=0.00026 tok/s=41,209 eta=17809.97752736836
step=2031 tokens=266207232/1000000000 loss=2.9993 lr=0.00026 tok/s=41,136 eta=17838.31233171494
step=2032 tokens=266338304/1000000000 loss=3.0117 lr=0.00026 tok/s=41,360 eta=17738.411686974643
step=2033 tokens=266469376/1000000000 loss=2.9999 lr=0.00026 tok/s=41,252 eta=17781.67603646649
step=2034 tokens=266600448/1000000000 loss=3.0100 lr=0.00026 tok/s=41,040 eta=17870.5722288962
step=2035 tokens=266731520/1000000000 loss=2.9933 lr=0.00026 tok/s=41,530 eta=17656.298057328713
step=2036 tokens=266862592/1000000000 loss=2.9733 lr=0.00026 tok/s=40,914 eta=17919.167495403915
step=2037 tokens=266993664/1000000000 loss=2.9886 lr=0.00026 tok/s=41,051 eta=17855.875588065268
step=2038 tokens=267124736/1000000000 loss=2.9729 lr=0.00026 tok/s=41,439 eta=17685.70630057553
step=2039 tokens=267255808/1000000000 loss=2.9428 lr=0.00026 tok/s=41,151 eta=17806.339210754868
step=2040 tokens=267386880/1000000000 loss=2.9687 lr=0.00026 tok/s=41,330 eta=17725.936882694295
step=2041 tokens=267517952/1000000000 loss=2.9541 lr=0.00026 tok/s=41,205 eta=17776.353959201624
step=2042 tokens=267649024/1000000000 loss=2.9754 lr=0.00026 tok/s=41,145 eta=17799.332148943013
step=2043 tokens=267780096/1000000000 loss=2.9659 lr=0.00026 tok/s=41,385 eta=17692.883056531948
step=2044 tokens=267911168/1000000000 loss=2.9333 lr=0.00026 tok/s=41,336 eta=17710.80097818932
step=2045 tokens=268042240/1000000000 loss=2.9795 lr=0.00026 tok/s=40,885 eta=17902.9108245259
step=2046 tokens=268173312/1000000000 loss=2.9473 lr=0.000259 tok/s=40,880 eta=17902.030068764518
step=2047 tokens=268304384/1000000000 loss=2.9456 lr=0.000259 tok/s=41,323 eta=17706.613887810905
step=2048 tokens=268435456/1000000000 loss=2.9195 lr=0.000259 tok/s=41,245 eta=17737.16889758591
step=2049 tokens=268566528/1000000000 loss=2.9466 lr=0.000259 tok/s=41,083 eta=17803.937388317998
step=2050 tokens=268697600/1000000000 loss=2.9111 lr=0.000259 tok/s=41,141 eta=17775.708964755617
step=2051 tokens=268828672/1000000000 loss=3.0421 lr=0.000259 tok/s=41,049 eta=17812.221239934905
step=2052 tokens=268959744/1000000000 loss=3.7676 lr=0.000259 tok/s=41,341 eta=17682.97977567806
step=2053 tokens=269090816/1000000000 loss=4.0928 lr=0.000259 tok/s=41,309 eta=17693.82596040751
step=2054 tokens=269221888/1000000000 loss=3.8309 lr=0.000259 tok/s=41,138 eta=17763.86973481785
step=2055 tokens=269352960/1000000000 loss=3.7805 lr=0.000259 tok/s=41,004 eta=17819.13561890024
step=2056 tokens=269484032/1000000000 loss=4.0272 lr=0.000259 tok/s=41,408 eta=17642.047343699567
step=2057 tokens=269615104/1000000000 loss=3.6343 lr=0.000259 tok/s=41,090 eta=17775.107181244184
step=2058 tokens=269746176/1000000000 loss=3.7076 lr=0.000259 tok/s=41,124 eta=17757.29186268599
step=2059 tokens=269877248/1000000000 loss=3.6925 lr=0.000259 tok/s=41,445 eta=17616.583388568528
step=2060 tokens=270008320/1000000000 loss=3.7588 lr=0.000259 tok/s=29,805 eta=24491.92144927867
step=2061 tokens=270139392/1000000000 loss=3.7521 lr=0.000259 tok/s=41,059 eta=17775.69953527562
step=2062 tokens=270270464/1000000000 loss=3.7623 lr=0.000259 tok/s=40,960 eta=17815.532879892766
step=2063 tokens=270401536/1000000000 loss=3.6345 lr=0.000259 tok/s=41,202 eta=17707.983562471403
step=2064 tokens=270532608/1000000000 loss=3.6804 lr=0.000259 tok/s=41,039 eta=17774.990438669734
step=2065 tokens=270663680/1000000000 loss=3.7744 lr=0.000259 tok/s=41,467 eta=17588.272960506012
step=2066 tokens=270794752/1000000000 loss=3.6237 lr=0.000259 tok/s=41,181 eta=17707.2677711471
step=2067 tokens=270925824/1000000000 loss=3.6464 lr=0.000259 tok/s=41,190 eta=17700.32420777727
step=2068 tokens=271056896/1000000000 loss=3.5996 lr=0.000259 tok/s=41,196 eta=17694.54274876952
step=2069 tokens=271187968/1000000000 loss=3.6855 lr=0.000259 tok/s=40,859 eta=17837.342127280088
step=2070 tokens=271319040/1000000000 loss=3.5739 lr=0.000259 tok/s=41,175 eta=17697.308232914456
step=2071 tokens=271450112/1000000000 loss=3.6041 lr=0.000258 tok/s=41,248 eta=17662.631053835346
step=2072 tokens=271581184/1000000000 loss=3.6482 lr=0.000258 tok/s=41,210 eta=17675.575711138223
step=2073 tokens=271712256/1000000000 loss=3.7708 lr=0.000258 tok/s=41,373 eta=17603.141775911456
step=2074 tokens=271843328/1000000000 loss=3.6543 lr=0.000258 tok/s=41,451 eta=17566.489814833276
step=2075 tokens=271974400/1000000000 loss=3.4427 lr=0.000258 tok/s=41,131 eta=17700.0629235649
step=2076 tokens=272105472/1000000000 loss=3.6927 lr=0.000258 tok/s=41,119 eta=17702.327391645016
step=2077 tokens=272236544/1000000000 loss=3.5286 lr=0.000258 tok/s=41,065 eta=17722.206006566656
step=2078 tokens=272367616/1000000000 loss=3.4196 lr=0.000258 tok/s=41,124 eta=17693.592325968322
step=2079 tokens=272498688/1000000000 loss=3.5941 lr=0.000258 tok/s=41,206 eta=17655.214630612987
step=2080 tokens=272629760/1000000000 loss=3.6734 lr=0.000258 tok/s=41,062 eta=17713.96553494199
step=2081 tokens=272760832/1000000000 loss=3.6272 lr=0.000258 tok/s=41,259 eta=17626.103782159316
step=2082 tokens=272891904/1000000000 loss=3.5993 lr=0.000258 tok/s=41,146 eta=17671.582986405014
step=2083 tokens=273022976/1000000000 loss=3.7240 lr=0.000258 tok/s=41,051 eta=17709.182362663192
step=2084 tokens=273154048/1000000000 loss=3.7382 lr=0.000258 tok/s=40,977 eta=17737.891838883294
step=2085 tokens=273285120/1000000000 loss=3.7302 lr=0.000258 tok/s=41,107 eta=17678.43391945769
step=2086 tokens=273416192/1000000000 loss=3.6952 lr=0.000258 tok/s=40,997 eta=17722.898721154896
step=2087 tokens=273547264/1000000000 loss=3.8106 lr=0.000258 tok/s=41,325 eta=17578.989531595907
step=2088 tokens=273678336/1000000000 loss=3.7676 lr=0.000258 tok/s=41,195 eta=17631.2236324041
step=2089 tokens=273809408/1000000000 loss=3.6068 lr=0.000258 tok/s=41,058 eta=17687.12461386915
step=2090 tokens=273940480/1000000000 loss=3.7328 lr=0.000258 tok/s=41,035 eta=17693.581445827025
step=2091 tokens=274071552/1000000000 loss=3.5729 lr=0.000258 tok/s=41,108 eta=17658.96209348941
step=2092 tokens=274202624/1000000000 loss=3.7602 lr=0.000258 tok/s=41,150 eta=17637.953331959245
step=2093 tokens=274333696/1000000000 loss=3.5595 lr=0.000258 tok/s=41,399 eta=17528.51165525392
step=2094 tokens=274464768/1000000000 loss=3.6995 lr=0.000258 tok/s=40,980 eta=17704.72483480274
step=2095 tokens=274595840/1000000000 loss=3.7088 lr=0.000257 tok/s=41,434 eta=17507.487283904517
step=2096 tokens=274726912/1000000000 loss=3.6439 lr=0.000257 tok/s=41,246 eta=17583.976337506087
step=2097 tokens=274857984/1000000000 loss=3.5887 lr=0.000257 tok/s=41,118 eta=17635.645592995057
step=2098 tokens=274989056/1000000000 loss=3.7399 lr=0.000257 tok/s=41,032 eta=17669.2961008799
step=2099 tokens=275120128/1000000000 loss=3.6881 lr=0.000257 tok/s=41,122 eta=17627.383139067017
step=2100 tokens=275251200/1000000000 loss=3.7286 lr=0.000257 tok/s=41,183 eta=17598.418439520083
step=2101 tokens=275382272/1000000000 loss=3.6538 lr=0.000257 tok/s=41,050 eta=17652.273355301473
step=2102 tokens=275513344/1000000000 loss=3.6296 lr=0.000257 tok/s=41,136 eta=17612.130178316016
step=2103 tokens=275644416/1000000000 loss=3.6805 lr=0.000257 tok/s=41,061 eta=17641.005823756073
step=2104 tokens=275775488/1000000000 loss=3.7897 lr=0.000257 tok/s=41,035 eta=17648.85086721661
step=2105 tokens=275906560/1000000000 loss=3.6929 lr=0.000257 tok/s=41,423 eta=17480.436997465025
step=2106 tokens=276037632/1000000000 loss=3.8188 lr=0.000257 tok/s=41,268 eta=17543.05736071603
step=2107 tokens=276168704/1000000000 loss=3.7381 lr=0.000257 tok/s=41,065 eta=17626.525788178915
step=2108 tokens=276299776/1000000000 loss=3.7183 lr=0.000257 tok/s=41,055 eta=17627.48357111827
step=2109 tokens=276430848/1000000000 loss=3.6815 lr=0.000257 tok/s=41,152 eta=17582.897551149486
step=2110 tokens=276561920/1000000000 loss=3.6360 lr=0.000257 tok/s=40,893 eta=17691.027862991457
step=2111 tokens=276692992/1000000000 loss=3.6625 lr=0.000257 tok/s=40,996 eta=17643.312795541988
step=2112 tokens=276824064/1000000000 loss=3.7648 lr=0.000257 tok/s=40,934 eta=17666.91798478422
step=2113 tokens=276955136/1000000000 loss=3.7811 lr=0.000257 tok/s=41,201 eta=17549.19981994756
step=2114 tokens=277086208/1000000000 loss=3.6753 lr=0.000257 tok/s=41,054 eta=17608.699188970477
step=2115 tokens=277217280/1000000000 loss=3.6139 lr=0.000257 tok/s=41,066 eta=17600.446336572666
step=2116 tokens=277348352/1000000000 loss=3.2415 lr=0.000257 tok/s=40,915 eta=17662.26158267657
step=2117 tokens=277479424/1000000000 loss=3.1450 lr=0.000257 tok/s=41,122 eta=17570.34411669052
step=2118 tokens=277610496/1000000000 loss=3.0744 lr=0.000257 tok/s=41,456 eta=17425.62168271975
step=2119 tokens=277741568/1000000000 loss=3.0625 lr=0.000256 tok/s=41,188 eta=17535.578380578685
step=2120 tokens=277872640/1000000000 loss=3.0061 lr=0.000256 tok/s=41,183 eta=17534.64483884214
step=2121 tokens=278003712/1000000000 loss=2.9958 lr=0.000256 tok/s=41,220 eta=17515.590644521093
step=2122 tokens=278134784/1000000000 loss=2.9892 lr=0.000256 tok/s=41,009 eta=17602.751137745778
step=2123 tokens=278265856/1000000000 loss=2.9700 lr=0.000256 tok/s=41,152 eta=17538.11666045206
step=2124 tokens=278396928/1000000000 loss=3.0415 lr=0.000256 tok/s=41,121 eta=17548.4645739637
step=2125 tokens=278528000/1000000000 loss=2.9864 lr=0.000256 tok/s=41,165 eta=17526.439881897182
step=2126 tokens=278659072/1000000000 loss=2.9834 lr=0.000256 tok/s=40,912 eta=17631.471078020026
step=2127 tokens=278790144/1000000000 loss=2.9591 lr=0.000256 tok/s=41,035 eta=17575.69140886916
step=2128 tokens=278921216/1000000000 loss=2.9559 lr=0.000256 tok/s=40,997 eta=17588.44195495178
step=2129 tokens=279052288/1000000000 loss=2.9257 lr=0.000256 tok/s=41,162 eta=17514.708918757042
step=2130 tokens=279183360/1000000000 loss=2.9672 lr=0.000256 tok/s=40,934 eta=17609.327096728906
step=2131 tokens=279314432/1000000000 loss=2.9516 lr=0.000256 tok/s=41,283 eta=17457.156314145206
step=2132 tokens=279445504/1000000000 loss=2.9325 lr=0.000256 tok/s=41,101 eta=17531.390726608643
step=2133 tokens=279576576/1000000000 loss=2.9245 lr=0.000256 tok/s=41,058 eta=17546.26784443309
step=2134 tokens=279707648/1000000000 loss=2.9516 lr=0.000256 tok/s=41,074 eta=17536.422692125616
step=2135 tokens=279838720/1000000000 loss=2.9465 lr=0.000256 tok/s=41,346 eta=17417.739483480673
step=2136 tokens=279969792/1000000000 loss=2.9337 lr=0.000256 tok/s=41,355 eta=17410.79641764266
step=2137 tokens=280100864/1000000000 loss=2.9252 lr=0.000256 tok/s=29,875 eta=24097.131810270457
step=2138 tokens=280231936/1000000000 loss=2.8681 lr=0.000256 tok/s=41,091 eta=17516.286061098373
step=2139 tokens=280363008/1000000000 loss=2.9380 lr=0.000256 tok/s=41,051 eta=17530.111825296386
step=2140 tokens=280494080/1000000000 loss=2.8956 lr=0.000256 tok/s=41,268 eta=17434.80250235394
step=2141 tokens=280625152/1000000000 loss=2.9037 lr=0.000256 tok/s=40,956 eta=17564.43345961712
step=2142 tokens=280756224/1000000000 loss=2.9364 lr=0.000256 tok/s=41,141 eta=17482.410422008277
step=2143 tokens=280887296/1000000000 loss=2.8864 lr=0.000255 tok/s=41,002 eta=17538.523334085792
step=2144 tokens=281018368/1000000000 loss=2.8881 lr=0.000255 tok/s=41,077 eta=17503.391958793127
step=2145 tokens=281149440/1000000000 loss=2.8884 lr=0.000255 tok/s=41,296 eta=17407.128237140252
step=2146 tokens=281280512/1000000000 loss=2.8869 lr=0.000255 tok/s=41,464 eta=17333.58113206011
step=2147 tokens=281411584/1000000000 loss=2.9783 lr=0.000255 tok/s=41,149 eta=17463.24389715541
step=2148 tokens=281542656/1000000000 loss=3.8638 lr=0.000255 tok/s=41,137 eta=17465.06120422764
step=2149 tokens=281673728/1000000000 loss=3.8015 lr=0.000255 tok/s=40,902 eta=17561.9661181457
step=2150 tokens=281804800/1000000000 loss=3.7971 lr=0.000255 tok/s=41,096 eta=17475.884990215134
step=2151 tokens=281935872/1000000000 loss=3.7067 lr=0.000255 tok/s=41,371 eta=17356.611818785354
step=2152 tokens=282066944/1000000000 loss=3.7086 lr=0.000255 tok/s=40,799 eta=17596.786643852905
step=2153 tokens=282198016/1000000000 loss=3.6523 lr=0.000255 tok/s=41,019 eta=17499.37921654375
step=2154 tokens=282329088/1000000000 loss=3.7549 lr=0.000255 tok/s=41,340 eta=17360.3436278176
step=2155 tokens=282460160/1000000000 loss=3.6983 lr=0.000255 tok/s=41,175 eta=17426.44405141265
step=2156 tokens=282591232/1000000000 loss=3.7150 lr=0.000255 tok/s=41,450 eta=17307.890787410153
step=2157 tokens=282722304/1000000000 loss=3.7654 lr=0.000255 tok/s=41,076 eta=17462.233178532235
step=2158 tokens=282853376/1000000000 loss=3.6150 lr=0.000255 tok/s=41,051 eta=17469.680533328527
step=2159 tokens=282984448/1000000000 loss=3.5900 lr=0.000255 tok/s=41,245 eta=17384.290069507937
step=2160 tokens=283115520/1000000000 loss=3.6825 lr=0.000255 tok/s=40,978 eta=17494.508423863346
step=2161 tokens=283246592/1000000000 loss=3.5584 lr=0.000255 tok/s=41,050 eta=17460.554055857356
step=2162 tokens=283377664/1000000000 loss=3.6437 lr=0.000255 tok/s=41,132 eta=17422.617895838295
step=2163 tokens=283508736/1000000000 loss=3.7192 lr=0.000255 tok/s=41,238 eta=17374.737161434783
step=2164 tokens=283639808/1000000000 loss=3.6678 lr=0.000255 tok/s=41,078 eta=17438.83873173351
step=2165 tokens=283770880/1000000000 loss=3.6382 lr=0.000255 tok/s=41,350 eta=17320.96049680025
step=2166 tokens=283901952/1000000000 loss=3.7249 lr=0.000255 tok/s=40,979 eta=17474.735389177946
step=2167 tokens=284033024/1000000000 loss=3.6637 lr=0.000254 tok/s=41,022 eta=17453.214672694598
step=2168 tokens=284164096/1000000000 loss=3.5860 lr=0.000254 tok/s=41,073 eta=17428.48064289363
step=2169 tokens=284295168/1000000000 loss=3.6229 lr=0.000254 tok/s=41,053 eta=17433.7608046577
step=2170 tokens=284426240/1000000000 loss=3.6788 lr=0.000254 tok/s=41,312 eta=17321.015395217037
step=2171 tokens=284557312/1000000000 loss=3.6412 lr=0.000254 tok/s=40,990 eta=17454.145335887173
step=2172 tokens=284688384/1000000000 loss=3.6369 lr=0.000254 tok/s=41,286 eta=17325.81313465999
step=2173 tokens=284819456/1000000000 loss=3.6463 lr=0.000254 tok/s=41,072 eta=17412.68937595861
step=2174 tokens=284950528/1000000000 loss=3.4972 lr=0.000254 tok/s=41,046 eta=17420.473834236294
step=2175 tokens=285081600/1000000000 loss=3.5548 lr=0.000254 tok/s=41,079 eta=17403.388333027422
step=2176 tokens=285212672/1000000000 loss=3.6036 lr=0.000254 tok/s=41,030 eta=17421.18887343638
step=2177 tokens=285343744/1000000000 loss=3.7140 lr=0.000254 tok/s=41,158 eta=17363.876823659222
step=2178 tokens=285474816/1000000000 loss=3.5931 lr=0.000254 tok/s=41,221 eta=17334.177125268532
step=2179 tokens=285605888/1000000000 loss=3.4890 lr=0.000254 tok/s=41,007 eta=17421.11926984072
step=2180 tokens=285736960/1000000000 loss=2.2224 lr=0.000254 tok/s=41,275 eta=17305.001756461785
step=2181 tokens=285868032/1000000000 loss=2.0518 lr=0.000254 tok/s=41,084 eta=17382.29264648608
step=2182 tokens=285999104/1000000000 loss=2.0005 lr=0.000254 tok/s=41,123 eta=17362.43080576564
step=2183 tokens=286130176/1000000000 loss=1.9547 lr=0.000254 tok/s=41,320 eta=17276.473861960414
step=2184 tokens=286261248/1000000000 loss=1.9232 lr=0.000254 tok/s=40,905 eta=17448.791222084157
step=2185 tokens=286392320/1000000000 loss=1.9239 lr=0.000254 tok/s=41,044 eta=17386.331161921076
step=2186 tokens=286523392/1000000000 loss=1.8669 lr=0.000254 tok/s=41,126 eta=17348.614606249645
step=2187 tokens=286654464/1000000000 loss=1.8603 lr=0.000254 tok/s=41,091 eta=17360.06848885932
step=2188 tokens=286785536/1000000000 loss=1.8591 lr=0.000254 tok/s=41,183 eta=17318.219924644283
step=2189 tokens=286916608/1000000000 loss=1.8308 lr=0.000254 tok/s=41,012 eta=17387.238025691517
step=2190 tokens=287047680/1000000000 loss=1.8183 lr=0.000253 tok/s=41,194 eta=17307.224643564838
step=2191 tokens=287178752/1000000000 loss=1.7912 lr=0.000253 tok/s=41,204 eta=17299.712557903695
checkpoint saved: runs/20260905-135527/checkpoints/step_000002191 (time)
step=2192 tokens=287309824/1000000000 loss=1.8034 lr=0.000253 tok/s=35,763 eta=19928.034682905767
step=2193 tokens=287440896/1000000000 loss=1.8245 lr=0.000253 tok/s=41,412 eta=17206.706698276503
step=2194 tokens=287571968/1000000000 loss=1.7759 lr=0.000253 tok/s=41,456 eta=17185.23521593355
step=2195 tokens=287703040/1000000000 loss=1.7493 lr=0.000253 tok/s=41,407 eta=17202.298397627263
step=2196 tokens=287834112/1000000000 loss=1.7702 lr=0.000253 tok/s=41,064 eta=17343.007383118664
step=2197 tokens=287965184/1000000000 loss=1.7734 lr=0.000253 tok/s=41,174 eta=17293.45871869528
step=2198 tokens=288096256/1000000000 loss=1.7626 lr=0.000253 tok/s=41,325 eta=17227.140456803383
step=2199 tokens=288227328/1000000000 loss=1.7278 lr=0.000253 tok/s=41,422 eta=17183.4943803037
step=2200 tokens=288358400/1000000000 loss=1.7721 lr=0.000253 tok/s=41,252 eta=17251.0848136334
step=2201 tokens=288489472/1000000000 loss=1.7148 lr=0.000253 tok/s=41,298 eta=17228.589192026993
step=2202 tokens=288620544/1000000000 loss=1.7437 lr=0.000253 tok/s=41,182 eta=17274.188226156028
step=2203 tokens=288751616/1000000000 loss=1.7462 lr=0.000253 tok/s=41,244 eta=17244.870299469083
step=2204 tokens=288882688/1000000000 loss=1.7129 lr=0.000253 tok/s=41,325 eta=17207.738868514825
step=2205 tokens=289013760/1000000000 loss=1.7179 lr=0.000253 tok/s=41,321 eta=17206.593621936492
step=2206 tokens=289144832/1000000000 loss=1.7235 lr=0.000253 tok/s=41,321 eta=17203.18027498059
step=2207 tokens=289275904/1000000000 loss=1.6939 lr=0.000253 tok/s=41,246 eta=17231.49611534818
step=2208 tokens=289406976/1000000000 loss=1.7173 lr=0.000253 tok/s=41,154 eta=17266.887090891054
step=2209 tokens=289538048/1000000000 loss=1.7156 lr=0.000253 tok/s=41,173 eta=17255.3263382909
step=2210 tokens=289669120/1000000000 loss=1.6942 lr=0.000253 tok/s=40,879 eta=17376.42293000893
step=2211 tokens=289800192/1000000000 loss=1.9453 lr=0.000253 tok/s=40,950 eta=17342.921283864885
step=2212 tokens=289931264/1000000000 loss=4.0774 lr=0.000253 tok/s=40,972 eta=17330.58483029162
step=2213 tokens=290062336/1000000000 loss=3.8130 lr=0.000252 tok/s=29,815 eta=23811.73067314436
step=2214 tokens=290193408/1000000000 loss=3.7606 lr=0.000252 tok/s=41,338 eta=17170.767364681506
step=2215 tokens=290324480/1000000000 loss=3.7228 lr=0.000252 tok/s=41,350 eta=17162.54777437995
step=2216 tokens=290455552/1000000000 loss=3.8656 lr=0.000252 tok/s=41,235 eta=17207.218751055312
step=2217 tokens=290586624/1000000000 loss=3.5403 lr=0.000252 tok/s=41,039 eta=17286.38591305536
step=2218 tokens=290717696/1000000000 loss=3.7783 lr=0.000252 tok/s=41,058 eta=17275.32840138451
step=2219 tokens=290848768/1000000000 loss=3.5981 lr=0.000252 tok/s=41,169 eta=17225.44629981379
step=2220 tokens=290979840/1000000000 loss=3.6714 lr=0.000252 tok/s=41,283 eta=17174.476713052707
step=2221 tokens=291110912/1000000000 loss=3.6805 lr=0.000252 tok/s=41,131 eta=17234.81250624357
step=2222 tokens=291241984/1000000000 loss=3.6567 lr=0.000252 tok/s=41,169 eta=17215.891645712585
step=2223 tokens=291373056/1000000000 loss=3.5547 lr=0.000252 tok/s=41,121 eta=17232.584054278093
step=2224 tokens=291504128/1000000000 loss=3.7108 lr=0.000252 tok/s=40,992 eta=17283.767181161886
step=2225 tokens=291635200/1000000000 loss=3.6436 lr=0.000252 tok/s=40,911 eta=17314.9633041356
step=2226 tokens=291766272/1000000000 loss=3.7398 lr=0.000252 tok/s=41,272 eta=17160.14175851366
step=2227 tokens=291897344/1000000000 loss=3.6900 lr=0.000252 tok/s=41,006 eta=17268.333964154077
step=2228 tokens=292028416/1000000000 loss=3.6174 lr=0.000252 tok/s=41,416 eta=17094.10245427226
step=2229 tokens=292159488/1000000000 loss=3.4023 lr=0.000252 tok/s=41,326 eta=17128.228350089295
step=2230 tokens=292290560/1000000000 loss=3.6671 lr=0.000252 tok/s=41,007 eta=17258.23144182624
step=2231 tokens=292421632/1000000000 loss=3.7230 lr=0.000252 tok/s=41,024 eta=17247.868211443143
step=2232 tokens=292552704/1000000000 loss=3.6170 lr=0.000252 tok/s=41,207 eta=17168.258335746545
step=2233 tokens=292683776/1000000000 loss=3.6161 lr=0.000252 tok/s=40,802 eta=17335.135925801955
step=2234 tokens=292814848/1000000000 loss=3.5239 lr=0.000252 tok/s=41,055 eta=17225.436022983056
step=2235 tokens=292945920/1000000000 loss=3.6094 lr=0.000252 tok/s=41,095 eta=17205.300139973708
step=2236 tokens=293076992/1000000000 loss=3.5542 lr=0.000251 tok/s=41,219 eta=17150.460539289117
step=2237 tokens=293208064/1000000000 loss=3.6035 lr=0.000251 tok/s=41,047 eta=17219.2834382266
step=2238 tokens=293339136/1000000000 loss=3.6968 lr=0.000251 tok/s=41,105 eta=17191.419723977997
step=2239 tokens=293470208/1000000000 loss=3.5751 lr=0.000251 tok/s=41,358 eta=17083.473132441315
step=2240 tokens=293601280/1000000000 loss=3.6344 lr=0.000251 tok/s=40,956 eta=17247.812247844937
step=2241 tokens=293732352/1000000000 loss=3.7171 lr=0.000251 tok/s=41,426 eta=17049.0283752946
step=2242 tokens=293863424/1000000000 loss=3.5533 lr=0.000251 tok/s=41,200 eta=17139.44146218658
step=2243 tokens=293994496/1000000000 loss=3.7068 lr=0.000251 tok/s=41,224 eta=17126.19406793229
step=2244 tokens=294125568/1000000000 loss=4.2360 lr=0.000251 tok/s=40,814 eta=17294.735760722087
step=2245 tokens=294256640/1000000000 loss=4.6727 lr=0.000251 tok/s=41,166 eta=17143.73062574238
step=2246 tokens=294387712/1000000000 loss=4.5234 lr=0.000251 tok/s=41,199 eta=17126.77931699652
step=2247 tokens=294518784/1000000000 loss=4.5302 lr=0.000251 tok/s=41,260 eta=17098.4971919253
step=2248 tokens=294649856/1000000000 loss=4.3691 lr=0.000251 tok/s=41,195 eta=17122.08889671095
step=2249 tokens=294780928/1000000000 loss=4.5366 lr=0.000251 tok/s=41,156 eta=17135.11990904578
step=2250 tokens=294912000/1000000000 loss=4.5710 lr=0.000251 tok/s=41,288 eta=17077.225195189876
step=2251 tokens=295043072/1000000000 loss=4.6153 lr=0.000251 tok/s=41,272 eta=17080.80394910076
step=2252 tokens=295174144/1000000000 loss=4.0184 lr=0.000251 tok/s=41,373 eta=17036.043018079206
step=2253 tokens=295305216/1000000000 loss=4.0646 lr=0.000251 tok/s=41,321 eta=17054.189600795304
step=2254 tokens=295436288/1000000000 loss=4.5403 lr=0.000251 tok/s=41,403 eta=17017.296115641566
step=2255 tokens=295567360/1000000000 loss=4.3615 lr=0.000251 tok/s=41,307 eta=17053.550115201106
step=2256 tokens=295698432/1000000000 loss=4.3413 lr=0.000251 tok/s=41,082 eta=17143.99338538797
step=2257 tokens=295829504/1000000000 loss=4.3473 lr=0.000251 tok/s=41,097 eta=17134.21177832332
step=2258 tokens=295960576/1000000000 loss=4.4893 lr=0.000251 tok/s=41,080 eta=17138.167710502097
step=2259 tokens=296091648/1000000000 loss=4.4306 lr=0.00025 tok/s=41,004 eta=17166.905997374903
step=2260 tokens=296222720/1000000000 loss=4.6705 lr=0.00025 tok/s=41,047 eta=17145.697464808196
step=2261 tokens=296353792/1000000000 loss=4.3766 lr=0.00025 tok/s=41,063 eta=17135.607353570773
step=2262 tokens=296484864/1000000000 loss=4.2845 lr=0.00025 tok/s=41,007 eta=17155.927019715786
step=2263 tokens=296615936/1000000000 loss=4.2470 lr=0.00025 tok/s=41,211 eta=17067.716360251266
step=2264 tokens=296747008/1000000000 loss=4.2704 lr=0.00025 tok/s=40,760 eta=17253.49862004566
step=2265 tokens=296878080/1000000000 loss=4.3333 lr=0.00025 tok/s=41,036 eta=17134.474123349264
step=2266 tokens=297009152/1000000000 loss=4.3709 lr=0.00025 tok/s=41,491 eta=16943.25590273826
step=2267 tokens=297140224/1000000000 loss=4.3003 lr=0.00025 tok/s=40,988 eta=17148.11472820258
step=2268 tokens=297271296/1000000000 loss=4.6285 lr=0.00025 tok/s=41,434 eta=16960.001472772652
step=2269 tokens=297402368/1000000000 loss=4.5878 lr=0.00025 tok/s=41,188 eta=17058.13819833179
step=2270 tokens=297533440/1000000000 loss=4.7237 lr=0.00025 tok/s=41,313 eta=17003.722067186936
step=2271 tokens=297664512/1000000000 loss=4.4856 lr=0.00025 tok/s=41,193 eta=17049.85965527943
step=2272 tokens=297795584/1000000000 loss=4.1751 lr=0.00025 tok/s=41,153 eta=17063.198730720705
step=2273 tokens=297926656/1000000000 loss=4.3693 lr=0.00025 tok/s=41,178 eta=17049.785184360513
step=2274 tokens=298057728/1000000000 loss=4.1151 lr=0.00025 tok/s=41,289 eta=17000.88117671768
step=2275 tokens=298188800/1000000000 loss=4.4250 lr=0.00025 tok/s=41,219 eta=17026.462097392057
step=2276 tokens=298319872/1000000000 loss=3.8365 lr=0.00025 tok/s=41,231 eta=17018.154963515663
step=2277 tokens=298450944/1000000000 loss=3.7147 lr=0.00025 tok/s=41,230 eta=17015.339059150887
step=2278 tokens=298582016/1000000000 loss=3.9181 lr=0.00025 tok/s=41,333 eta=16969.9634962825
step=2279 tokens=298713088/1000000000 loss=4.1306 lr=0.00025 tok/s=41,215 eta=17015.207124002663
step=2280 tokens=298844160/1000000000 loss=3.6416 lr=0.00025 tok/s=41,342 eta=16959.86180103357
step=2281 tokens=298975232/1000000000 loss=3.6374 lr=0.00025 tok/s=41,281 eta=16981.617166159278
step=2282 tokens=299106304/1000000000 loss=3.5932 lr=0.000249 tok/s=41,300 eta=16970.836881180392
step=2283 tokens=299237376/1000000000 loss=3.6852 lr=0.000249 tok/s=40,800 eta=17175.551068837514
step=2284 tokens=299368448/1000000000 loss=3.7350 lr=0.000249 tok/s=41,061 eta=17063.090052589636
step=2285 tokens=299499520/1000000000 loss=3.5855 lr=0.000249 tok/s=41,205 eta=17000.33881764013
step=2286 tokens=299630592/1000000000 loss=3.6649 lr=0.000249 tok/s=41,129 eta=17028.794396543497
step=2287 tokens=299761664/1000000000 loss=3.7211 lr=0.000249 tok/s=41,188 eta=17000.942085365023
step=2288 tokens=299892736/1000000000 loss=3.6537 lr=0.000249 tok/s=41,172 eta=17004.311276029253
step=2289 tokens=300023808/1000000000 loss=3.6309 lr=0.000249 tok/s=29,825 eta=23469.476721861414
checkpoint saved: runs/20260905-135527/checkpoints/tokens_000300m (permanent_tokens)
step=2290 tokens=300154880/1000000000 loss=3.6381 lr=0.000249 tok/s=36,201 eta=19332.025634545644
step=2291 tokens=300285952/1000000000 loss=3.6546 lr=0.000249 tok/s=41,073 eta=17035.74058756361
step=2292 tokens=300417024/1000000000 loss=3.5074 lr=0.000249 tok/s=41,022 eta=17053.656285315235
step=2293 tokens=300548096/1000000000 loss=3.6069 lr=0.000249 tok/s=41,166 eta=16991.18509570982
step=2294 tokens=300679168/1000000000 loss=3.6358 lr=0.000249 tok/s=41,148 eta=16995.05408343835
step=2295 tokens=300810240/1000000000 loss=3.6530 lr=0.000249 tok/s=40,851 eta=17115.67517924173
step=2296 tokens=300941312/1000000000 loss=3.4769 lr=0.000249 tok/s=41,041 eta=17033.196705694794
step=2297 tokens=301072384/1000000000 loss=3.6801 lr=0.000249 tok/s=41,039 eta=17030.92599147977
step=2298 tokens=301203456/1000000000 loss=3.6177 lr=0.000249 tok/s=40,700 eta=17169.258018402525
step=2299 tokens=301334528/1000000000 loss=3.5968 lr=0.000249 tok/s=41,080 eta=17007.30587186445
step=2300 tokens=301465600/1000000000 loss=3.6660 lr=0.000249 tok/s=41,138 eta=16980.212344540974
step=2301 tokens=301596672/1000000000 loss=3.5778 lr=0.000249 tok/s=41,103 eta=16991.403419626808
step=2302 tokens=301727744/1000000000 loss=3.5461 lr=0.000249 tok/s=41,125 eta=16979.38610558493
step=2303 tokens=301858816/1000000000 loss=3.6427 lr=0.000249 tok/s=41,104 eta=16984.62578387099
step=2304 tokens=301989888/1000000000 loss=3.6046 lr=0.000248 tok/s=40,977 eta=17034.163637209916
step=2305 tokens=302120960/1000000000 loss=3.6734 lr=0.000248 tok/s=41,271 eta=16909.537174689194
step=2306 tokens=302252032/1000000000 loss=3.6687 lr=0.000248 tok/s=41,196 eta=16937.390709601543
step=2307 tokens=302383104/1000000000 loss=3.5216 lr=0.000248 tok/s=41,066 eta=16987.706562682153
step=2308 tokens=302514176/1000000000 loss=3.6560 lr=0.000248 tok/s=41,192 eta=16932.447359897145
step=2309 tokens=302645248/1000000000 loss=3.6309 lr=0.000248 tok/s=41,113 eta=16962.063853075048
step=2310 tokens=302776320/1000000000 loss=3.6480 lr=0.000248 tok/s=41,091 eta=16967.877546120133
step=2311 tokens=302907392/1000000000 loss=3.5911 lr=0.000248 tok/s=40,674 eta=17138.62036901147
step=2312 tokens=303038464/1000000000 loss=3.6272 lr=0.000248 tok/s=41,262 eta=16891.238541389117
step=2313 tokens=303169536/1000000000 loss=3.5574 lr=0.000248 tok/s=40,944 eta=17019.185830498027
step=2314 tokens=303300608/1000000000 loss=3.6598 lr=0.000248 tok/s=41,091 eta=16954.8509110979
step=2315 tokens=303431680/1000000000 loss=3.6775 lr=0.000248 tok/s=41,063 eta=16963.3340823786
step=2316 tokens=303562752/1000000000 loss=3.6225 lr=0.000248 tok/s=41,085 eta=16951.168601510668
step=2317 tokens=303693824/1000000000 loss=3.6104 lr=0.000248 tok/s=40,928 eta=17013.137951826455
step=2318 tokens=303824896/1000000000 loss=3.6264 lr=0.000248 tok/s=40,987 eta=16985.34738715635
step=2319 tokens=303955968/1000000000 loss=3.6383 lr=0.000248 tok/s=41,198 eta=16895.174505350627
step=2320 tokens=304087040/1000000000 loss=3.7143 lr=0.000248 tok/s=41,298 eta=16851.210083290553
step=2321 tokens=304218112/1000000000 loss=3.5630 lr=0.000248 tok/s=41,241 eta=16871.074009542233
step=2322 tokens=304349184/1000000000 loss=3.5875 lr=0.000248 tok/s=41,186 eta=16890.501166927577
step=2323 tokens=304480256/1000000000 loss=3.5365 lr=0.000248 tok/s=41,075 eta=16932.773481333617
step=2324 tokens=304611328/1000000000 loss=3.6342 lr=0.000248 tok/s=40,763 eta=17059.143900626077
step=2325 tokens=304742400/1000000000 loss=3.6279 lr=0.000248 tok/s=40,810 eta=17036.56078601752
step=2326 tokens=304873472/1000000000 loss=3.6153 lr=0.000248 tok/s=41,129 eta=16900.943723804474
step=2327 tokens=305004544/1000000000 loss=3.5832 lr=0.000247 tok/s=41,107 eta=16906.882100604435
step=2328 tokens=305135616/1000000000 loss=3.7103 lr=0.000247 tok/s=41,089 eta=16911.09890655337
step=2329 tokens=305266688/1000000000 loss=3.6787 lr=0.000247 tok/s=40,968 eta=16957.993561200736
step=2330 tokens=305397760/1000000000 loss=3.5753 lr=0.000247 tok/s=41,105 eta=16898.256421423062
step=2331 tokens=305528832/1000000000 loss=3.6736 lr=0.000247 tok/s=40,921 eta=16971.211385179075
step=2332 tokens=305659904/1000000000 loss=3.5986 lr=0.000247 tok/s=41,046 eta=16916.238706193097
step=2333 tokens=305790976/1000000000 loss=3.5755 lr=0.000247 tok/s=41,301 eta=16808.575780106046
step=2334 tokens=305922048/1000000000 loss=3.5110 lr=0.000247 tok/s=41,278 eta=16814.91359943456
step=2335 tokens=306053120/1000000000 loss=3.6327 lr=0.000247 tok/s=40,710 eta=17046.02920841191
step=2336 tokens=306184192/1000000000 loss=3.6649 lr=0.000247 tok/s=40,808 eta=17001.747704139147
step=2337 tokens=306315264/1000000000 loss=3.5183 lr=0.000247 tok/s=41,158 eta=16854.328689750506
step=2338 tokens=306446336/1000000000 loss=3.6762 lr=0.000247 tok/s=41,055 eta=16893.100884936397
step=2339 tokens=306577408/1000000000 loss=3.5871 lr=0.000247 tok/s=41,089 eta=16876.286615872228
step=2340 tokens=306708480/1000000000 loss=3.7472 lr=0.000247 tok/s=41,166 eta=16841.296043788607
step=2341 tokens=306839552/1000000000 loss=3.6412 lr=0.000247 tok/s=41,025 eta=16895.99499138132
step=2342 tokens=306970624/1000000000 loss=3.5660 lr=0.000247 tok/s=41,028 eta=16891.660458608192
step=2343 tokens=307101696/1000000000 loss=3.5900 lr=0.000247 tok/s=40,781 eta=16990.613883783804
step=2344 tokens=307232768/1000000000 loss=3.5302 lr=0.000247 tok/s=41,011 eta=16892.2103613027
step=2345 tokens=307363840/1000000000 loss=3.5724 lr=0.000247 tok/s=41,113 eta=16847.061768798907
step=2346 tokens=307494912/1000000000 loss=3.5935 lr=0.000247 tok/s=40,799 eta=16973.66250173145
step=2347 tokens=307625984/1000000000 loss=3.6378 lr=0.000247 tok/s=41,281 eta=16772.416849104222
step=2348 tokens=307757056/1000000000 loss=3.5783 lr=0.000247 tok/s=41,129 eta=16830.8371734922
step=2349 tokens=307888128/1000000000 loss=3.6729 lr=0.000246 tok/s=41,248 eta=16779.082671152846
step=2350 tokens=308019200/1000000000 loss=3.6301 lr=0.000246 tok/s=41,084 eta=16843.07401789417
step=2351 tokens=308150272/1000000000 loss=3.6437 lr=0.000246 tok/s=41,301 eta=16751.526967136713
step=2352 tokens=308281344/1000000000 loss=3.5560 lr=0.000246 tok/s=41,211 eta=16784.79974239488
step=2353 tokens=308412416/1000000000 loss=3.5242 lr=0.000246 tok/s=41,083 eta=16833.99344868279
step=2354 tokens=308543488/1000000000 loss=3.6636 lr=0.000246 tok/s=41,154 eta=16801.626178102044
step=2355 tokens=308674560/1000000000 loss=3.5321 lr=0.000246 tok/s=41,188 eta=16784.610993953924
step=2356 tokens=308805632/1000000000 loss=3.6408 lr=0.000246 tok/s=41,126 eta=16806.880281252666
step=2357 tokens=308936704/1000000000 loss=3.5536 lr=0.000246 tok/s=41,041 eta=16838.364354917892
step=2358 tokens=309067776/1000000000 loss=3.5478 lr=0.000246 tok/s=40,743 eta=16958.3485166961
step=2359 tokens=309198848/1000000000 loss=3.7631 lr=0.000246 tok/s=41,099 eta=16808.253259028024
step=2360 tokens=309329920/1000000000 loss=3.6530 lr=0.000246 tok/s=40,823 eta=16918.63162654487
step=2361 tokens=309460992/1000000000 loss=3.6067 lr=0.000246 tok/s=41,124 eta=16791.678663295155
step=2362 tokens=309592064/1000000000 loss=3.6074 lr=0.000246 tok/s=41,120 eta=16790.059129025558
step=2363 tokens=309723136/1000000000 loss=3.6152 lr=0.000246 tok/s=40,960 eta=16852.491017513625
step=2364 tokens=309854208/1000000000 loss=3.5603 lr=0.000246 tok/s=41,128 eta=16780.32733348997
step=2365 tokens=309985280/1000000000 loss=3.5851 lr=0.000246 tok/s=40,863 eta=16886.05808991485
step=2366 tokens=310116352/1000000000 loss=3.5747 lr=0.000246 tok/s=29,784 eta=23163.262479416164
step=2367 tokens=310247424/1000000000 loss=3.6831 lr=0.000246 tok/s=41,238 eta=16726.146340322946
step=2368 tokens=310378496/1000000000 loss=3.4397 lr=0.000246 tok/s=41,044 eta=16801.949325036912
step=2369 tokens=310509568/1000000000 loss=3.5518 lr=0.000246 tok/s=41,297 eta=16695.72519779232
step=2370 tokens=310640640/1000000000 loss=3.5977 lr=0.000246 tok/s=41,216 eta=16725.70558316419
step=2371 tokens=310771712/1000000000 loss=3.5877 lr=0.000245 tok/s=41,068 eta=16782.51241700685
step=2372 tokens=310902784/1000000000 loss=3.5766 lr=0.000245 tok/s=41,040 eta=16791.03311699459
step=2373 tokens=311033856/1000000000 loss=3.5605 lr=0.000245 tok/s=41,150 eta=16742.920635738174
step=2374 tokens=311164928/1000000000 loss=3.5880 lr=0.000245 tok/s=41,210 eta=16715.431368878948
step=2375 tokens=311296000/1000000000 loss=3.5618 lr=0.000245 tok/s=41,130 eta=16744.461602488307
step=2376 tokens=311427072/1000000000 loss=3.5900 lr=0.000245 tok/s=41,047 eta=16775.32705268412
step=2377 tokens=311558144/1000000000 loss=3.6588 lr=0.000245 tok/s=41,123 eta=16740.972064039033
step=2378 tokens=311689216/1000000000 loss=3.4342 lr=0.000245 tok/s=40,887 eta=16834.624745732126
step=2379 tokens=311820288/1000000000 loss=3.5233 lr=0.000245 tok/s=41,192 eta=16706.513302754855
step=2380 tokens=311951360/1000000000 loss=3.5588 lr=0.000245 tok/s=41,190 eta=16704.290449958167
step=2381 tokens=312082432/1000000000 loss=3.5214 lr=0.000245 tok/s=40,968 eta=16791.618241682794
step=2382 tokens=312213504/1000000000 loss=3.6621 lr=0.000245 tok/s=41,209 eta=16690.31308885183
step=2383 tokens=312344576/1000000000 loss=3.6727 lr=0.000245 tok/s=40,820 eta=16845.87656545134
step=2384 tokens=312475648/1000000000 loss=3.5462 lr=0.000245 tok/s=41,100 eta=16728.231622761294
step=2385 tokens=312606720/1000000000 loss=3.5473 lr=0.000245 tok/s=40,864 eta=16821.57961588723
step=2386 tokens=312737792/1000000000 loss=3.6071 lr=0.000245 tok/s=40,983 eta=16769.619921262944
step=2387 tokens=312868864/1000000000 loss=3.5338 lr=0.000245 tok/s=40,968 eta=16772.29419862299
step=2388 tokens=312999936/1000000000 loss=3.5982 lr=0.000245 tok/s=40,893 eta=16800.073338252736
step=2389 tokens=313131008/1000000000 loss=3.3536 lr=0.000245 tok/s=41,122 eta=16703.355818750322
step=2390 tokens=313262080/1000000000 loss=3.6713 lr=0.000245 tok/s=41,292 eta=16631.449434600403
step=2391 tokens=313393152/1000000000 loss=3.6101 lr=0.000245 tok/s=41,232 eta=16652.251185521374
step=2392 tokens=313524224/1000000000 loss=3.6562 lr=0.000245 tok/s=41,266 eta=16635.416224215394
step=2393 tokens=313655296/1000000000 loss=3.5306 lr=0.000244 tok/s=41,227 eta=16647.913559913144
step=2394 tokens=313786368/1000000000 loss=3.5989 lr=0.000244 tok/s=41,053 eta=16715.27032039787
step=2395 tokens=313917440/1000000000 loss=3.4947 lr=0.000244 tok/s=41,017 eta=16726.596149235545
step=2396 tokens=314048512/1000000000 loss=3.6405 lr=0.000244 tok/s=41,030 eta=16718.458277362875
step=2397 tokens=314179584/1000000000 loss=3.6478 lr=0.000244 tok/s=41,052 eta=16706.04252515331
step=2398 tokens=314310656/1000000000 loss=3.4828 lr=0.000244 tok/s=40,891 eta=16768.605200150374
step=2399 tokens=314441728/1000000000 loss=3.5680 lr=0.000244 tok/s=40,669 eta=16857.062861350325
step=2400 tokens=314572800/1000000000 loss=3.6257 lr=0.000244 tok/s=41,132 eta=16663.89579151116
step=2401 tokens=314703872/1000000000 loss=3.6177 lr=0.000244 tok/s=40,841 eta=16779.79530059206
step=2402 tokens=314834944/1000000000 loss=3.5254 lr=0.000244 tok/s=40,847 eta=16773.97049837888
step=2403 tokens=314966016/1000000000 loss=3.5783 lr=0.000244 tok/s=41,039 eta=16692.383778831027
step=2404 tokens=315097088/1000000000 loss=3.5437 lr=0.000244 tok/s=41,152 eta=16643.117738497127
step=2405 tokens=315228160/1000000000 loss=3.5398 lr=0.000244 tok/s=41,004 eta=16699.949404013656
step=2406 tokens=315359232/1000000000 loss=3.5360 lr=0.000244 tok/s=40,946 eta=16720.537221987153
step=2407 tokens=315490304/1000000000 loss=3.4930 lr=0.000244 tok/s=41,052 eta=16674.06293571403
step=2408 tokens=315621376/1000000000 loss=3.4334 lr=0.000244 tok/s=40,978 eta=16701.132789878855
step=2409 tokens=315752448/1000000000 loss=3.5108 lr=0.000244 tok/s=41,097 eta=16649.635348890148
step=2410 tokens=315883520/1000000000 loss=3.4479 lr=0.000244 tok/s=40,880 eta=16734.604876858026
step=2411 tokens=316014592/1000000000 loss=3.4158 lr=0.000244 tok/s=41,184 eta=16607.941519736705
step=2412 tokens=316145664/1000000000 loss=3.4829 lr=0.000244 tok/s=41,200 eta=16598.586086878797
step=2413 tokens=316276736/1000000000 loss=3.5039 lr=0.000244 tok/s=41,219 eta=16587.615499892003
step=2414 tokens=316407808/1000000000 loss=3.4558 lr=0.000244 tok/s=41,081 eta=16640.172859714265
step=2415 tokens=316538880/1000000000 loss=3.4352 lr=0.000243 tok/s=41,242 eta=16572.061850607937
step=2416 tokens=316669952/1000000000 loss=3.4214 lr=0.000243 tok/s=41,280 eta=16553.67280048759
step=2417 tokens=316801024/1000000000 loss=3.4772 lr=0.000243 tok/s=40,970 eta=16675.518370085996
step=2418 tokens=316932096/1000000000 loss=3.4548 lr=0.000243 tok/s=41,154 eta=16598.043639542808
step=2419 tokens=317063168/1000000000 loss=3.4349 lr=0.000243 tok/s=41,105 eta=16614.594510040897
step=2420 tokens=317194240/1000000000 loss=3.4041 lr=0.000243 tok/s=40,882 eta=16701.731081360493
step=2421 tokens=317325312/1000000000 loss=3.4078 lr=0.000243 tok/s=41,095 eta=16611.956656963677
step=2422 tokens=317456384/1000000000 loss=3.3745 lr=0.000243 tok/s=40,846 eta=16710.031104147027
step=2423 tokens=317587456/1000000000 loss=3.4162 lr=0.000243 tok/s=40,884 eta=16691.40697135641
step=2424 tokens=317718528/1000000000 loss=3.3582 lr=0.000243 tok/s=40,961 eta=16657.011782202473
step=2425 tokens=317849600/1000000000 loss=3.3622 lr=0.000243 tok/s=41,225 eta=16547.052997603445
step=2426 tokens=317980672/1000000000 loss=3.4044 lr=0.000243 tok/s=41,207 eta=16551.117459484467
step=2427 tokens=318111744/1000000000 loss=3.4075 lr=0.000243 tok/s=41,214 eta=16545.241148405723
step=2428 tokens=318242816/1000000000 loss=3.4376 lr=0.000243 tok/s=41,165 eta=16561.418439298777
step=2429 tokens=318373888/1000000000 loss=3.3929 lr=0.000243 tok/s=41,079 eta=16593.069382959507
step=2430 tokens=318504960/1000000000 loss=3.4056 lr=0.000243 tok/s=40,988 eta=16626.73720486146
step=2431 tokens=318636032/1000000000 loss=3.3622 lr=0.000243 tok/s=40,814 eta=16694.511701583975
step=2432 tokens=318767104/1000000000 loss=3.3572 lr=0.000243 tok/s=41,188 eta=16539.514020286162
step=2433 tokens=318898176/1000000000 loss=3.3875 lr=0.000243 tok/s=41,206 eta=16529.372395568098
step=2434 tokens=319029248/1000000000 loss=3.3551 lr=0.000243 tok/s=41,258 eta=16505.02479856154
step=2435 tokens=319160320/1000000000 loss=3.3895 lr=0.000243 tok/s=41,345 eta=16467.145963098512
step=2436 tokens=319291392/1000000000 loss=3.5617 lr=0.000242 tok/s=41,124 eta=16552.659848654148
step=2437 tokens=319422464/1000000000 loss=3.5881 lr=0.000242 tok/s=40,897 eta=16641.250630635248
step=2438 tokens=319553536/1000000000 loss=3.4697 lr=0.000242 tok/s=41,129 eta=16544.01037583089
step=2439 tokens=319684608/1000000000 loss=3.5135 lr=0.000242 tok/s=41,115 eta=16546.6056195573
step=2440 tokens=319815680/1000000000 loss=3.5739 lr=0.000242 tok/s=41,132 eta=16536.59210130181
step=2441 tokens=319946752/1000000000 loss=3.5720 lr=0.000242 tok/s=41,231 eta=16493.680924404714
step=2442 tokens=320077824/1000000000 loss=3.5512 lr=0.000242 tok/s=29,724 eta=22874.5494652491
step=2443 tokens=320208896/1000000000 loss=3.5749 lr=0.000242 tok/s=41,220 eta=16491.72655584841
step=2444 tokens=320339968/1000000000 loss=3.5405 lr=0.000242 tok/s=41,024 eta=16567.452426847613
step=2445 tokens=320471040/1000000000 loss=3.7180 lr=0.000242 tok/s=41,239 eta=16477.782927051547
step=2446 tokens=320602112/1000000000 loss=3.5940 lr=0.000242 tok/s=41,396 eta=16412.326358149003
step=2447 tokens=320733184/1000000000 loss=3.6003 lr=0.000242 tok/s=41,045 eta=16549.33763017161
step=2448 tokens=320864256/1000000000 loss=3.5962 lr=0.000242 tok/s=40,864 eta=16619.494297385732
step=2449 tokens=320995328/1000000000 loss=3.5463 lr=0.000242 tok/s=41,121 eta=16512.47188578343
step=2450 tokens=321126400/1000000000 loss=3.6194 lr=0.000242 tok/s=40,936 eta=16583.819293244887
step=2451 tokens=321257472/1000000000 loss=3.6025 lr=0.000242 tok/s=41,099 eta=16514.678881925152
step=2452 tokens=321388544/1000000000 loss=3.6215 lr=0.000242 tok/s=41,241 eta=16454.916041216107
step=2453 tokens=321519616/1000000000 loss=3.5641 lr=0.000242 tok/s=41,005 eta=16546.461070385438
step=2454 tokens=321650688/1000000000 loss=3.5083 lr=0.000242 tok/s=41,118 eta=16497.696073784646
step=2455 tokens=321781760/1000000000 loss=3.5852 lr=0.000242 tok/s=40,790 eta=16627.239720459173
step=2456 tokens=321912832/1000000000 loss=3.5483 lr=0.000242 tok/s=40,868 eta=16592.296582684066
step=2457 tokens=322043904/1000000000 loss=3.6721 lr=0.000242 tok/s=41,089 eta=16499.649195408725
step=2458 tokens=322174976/1000000000 loss=3.5038 lr=0.000241 tok/s=41,057 eta=16509.40194867488
step=2459 tokens=322306048/1000000000 loss=3.5648 lr=0.000241 tok/s=41,020 eta=16521.094524835586
step=2460 tokens=322437120/1000000000 loss=3.4512 lr=0.000241 tok/s=40,969 eta=16538.23249560035
step=2461 tokens=322568192/1000000000 loss=3.5995 lr=0.000241 tok/s=41,055 eta=16500.79228679585
step=2462 tokens=322699264/1000000000 loss=3.4129 lr=0.000241 tok/s=41,170 eta=16451.398159064232
step=2463 tokens=322830336/1000000000 loss=3.6070 lr=0.000241 tok/s=41,179 eta=16444.61874327259
step=2464 tokens=322961408/1000000000 loss=3.6291 lr=0.000241 tok/s=41,013 eta=16507.875829639535
step=2465 tokens=323092480/1000000000 loss=3.5004 lr=0.000241 tok/s=40,924 eta=16540.404565901692
step=2466 tokens=323223552/1000000000 loss=3.5025 lr=0.000241 tok/s=41,244 eta=16409.05906422926
step=2467 tokens=323354624/1000000000 loss=3.6119 lr=0.000241 tok/s=40,890 eta=16547.77786598148
step=2468 tokens=323485696/1000000000 loss=3.5960 lr=0.000241 tok/s=40,879 eta=16549.270424316106
step=2469 tokens=323616768/1000000000 loss=3.6319 lr=0.000241 tok/s=41,113 eta=16451.887342488124
step=2470 tokens=323747840/1000000000 loss=3.5538 lr=0.000241 tok/s=40,659 eta=16632.25704290016
step=2471 tokens=323878912/1000000000 loss=3.6172 lr=0.000241 tok/s=41,030 eta=16478.597242200984
step=2472 tokens=324009984/1000000000 loss=3.5773 lr=0.000241 tok/s=41,252 eta=16386.835626092627
step=2473 tokens=324141056/1000000000 loss=3.4674 lr=0.000241 tok/s=41,105 eta=16442.44642524717
step=2474 tokens=324272128/1000000000 loss=3.6444 lr=0.000241 tok/s=41,068 eta=16453.968398884634
step=2475 tokens=324403200/1000000000 loss=3.5827 lr=0.000241 tok/s=40,775 eta=16569.01574146605
step=2476 tokens=324534272/1000000000 loss=3.5703 lr=0.000241 tok/s=41,092 eta=16438.06147411868
step=2477 tokens=324665344/1000000000 loss=3.5556 lr=0.000241 tok/s=40,624 eta=16623.944984110334
step=2478 tokens=324796416/1000000000 loss=3.5136 lr=0.000241 tok/s=40,910 eta=16504.76466098979
step=2479 tokens=324927488/1000000000 loss=3.5543 lr=0.00024 tok/s=41,037 eta=16450.33194986807
step=2480 tokens=325058560/1000000000 loss=3.5495 lr=0.00024 tok/s=40,887 eta=16507.617614696515
step=2481 tokens=325189632/1000000000 loss=3.6900 lr=0.00024 tok/s=41,043 eta=16441.517996136303
step=2482 tokens=325320704/1000000000 loss=3.6436 lr=0.00024 tok/s=41,025 eta=16445.569924725783
step=2483 tokens=325451776/1000000000 loss=3.5825 lr=0.00024 tok/s=41,189 eta=16377.03069747709
step=2484 tokens=325582848/1000000000 loss=3.6327 lr=0.00024 tok/s=41,303 eta=16328.538654640151
step=2485 tokens=325713920/1000000000 loss=3.5132 lr=0.00024 tok/s=40,880 eta=16494.402875109867
step=2486 tokens=325844992/1000000000 loss=3.6371 lr=0.00024 tok/s=40,954 eta=16461.129137416287
step=2487 tokens=325976064/1000000000 loss=3.6863 lr=0.00024 tok/s=40,940 eta=16463.598546630816
step=2488 tokens=326107136/1000000000 loss=3.6736 lr=0.00024 tok/s=41,206 eta=16354.257509681065
step=2489 tokens=326238208/1000000000 loss=3.5945 lr=0.00024 tok/s=41,177 eta=16362.697299969665
step=2490 tokens=326369280/1000000000 loss=3.5006 lr=0.00024 tok/s=41,091 eta=16393.669908666583
step=2491 tokens=326500352/1000000000 loss=3.4575 lr=0.00024 tok/s=41,036 eta=16412.272661023868
step=2492 tokens=326631424/1000000000 loss=3.5139 lr=0.00024 tok/s=40,974 eta=16433.87697182859
step=2493 tokens=326762496/1000000000 loss=3.4859 lr=0.00024 tok/s=40,858 eta=16477.51483020163
step=2494 tokens=326893568/1000000000 loss=3.5961 lr=0.00024 tok/s=41,086 eta=16382.72530327143
step=2495 tokens=327024640/1000000000 loss=3.5391 lr=0.00024 tok/s=41,184 eta=16340.66472258592
step=2496 tokens=327155712/1000000000 loss=3.5288 lr=0.00024 tok/s=40,847 eta=16472.183607933657
step=2497 tokens=327286784/1000000000 loss=3.4763 lr=0.00024 tok/s=41,110 eta=16363.706749878706
step=2498 tokens=327417856/1000000000 loss=3.5761 lr=0.00024 tok/s=41,116 eta=16357.967502573178
step=2499 tokens=327548928/1000000000 loss=3.4231 lr=0.00024 tok/s=41,122 eta=16352.761112349936
step=2500 tokens=327680000/1000000000 loss=2.7633 lr=0.000239 tok/s=40,946 eta=16419.49168716334
step=2501 tokens=327811072/1000000000 loss=2.7325 lr=0.000239 tok/s=40,894 eta=16437.513073981125
step=2502 tokens=327942144/1000000000 loss=2.7085 lr=0.000239 tok/s=41,005 eta=16389.595494742513
step=2503 tokens=328073216/1000000000 loss=2.6743 lr=0.000239 tok/s=41,064 eta=16362.724374865267
step=2504 tokens=328204288/1000000000 loss=2.6611 lr=0.000239 tok/s=41,247 eta=16287.26694982038
step=2505 tokens=328335360/1000000000 loss=2.6278 lr=0.000239 tok/s=40,933 eta=16408.848135990873
step=2506 tokens=328466432/1000000000 loss=2.6646 lr=0.000239 tok/s=41,098 eta=16339.681752859402
step=2507 tokens=328597504/1000000000 loss=2.6221 lr=0.000239 tok/s=40,950 eta=16395.732554894694
step=2508 tokens=328728576/1000000000 loss=2.6456 lr=0.000239 tok/s=40,919 eta=16404.69474977798
step=2509 tokens=328859648/1000000000 loss=2.6164 lr=0.000239 tok/s=41,026 eta=16358.928828084592
step=2510 tokens=328990720/1000000000 loss=2.5938 lr=0.000239 tok/s=41,272 eta=16258.29867984116
step=2511 tokens=329121792/1000000000 loss=2.5820 lr=0.000239 tok/s=40,878 eta=16411.908539066746
step=2512 tokens=329252864/1000000000 loss=2.5348 lr=0.000239 tok/s=41,289 eta=16245.101221001352
step=2513 tokens=329383936/1000000000 loss=2.5792 lr=0.000239 tok/s=41,087 eta=16321.977397912913
step=2514 tokens=329515008/1000000000 loss=2.5528 lr=0.000239 tok/s=41,010 eta=16349.186464008348
step=2515 tokens=329646080/1000000000 loss=2.5895 lr=0.000239 tok/s=41,004 eta=16348.42968382212
step=2516 tokens=329777152/1000000000 loss=2.5400 lr=0.000239 tok/s=40,829 eta=16415.262301917835
step=2517 tokens=329908224/1000000000 loss=2.5743 lr=0.000239 tok/s=40,903 eta=16382.454868676348
step=2518 tokens=330039296/1000000000 loss=2.5149 lr=0.000239 tok/s=29,759 eta=22512.75884195161
step=2519 tokens=330170368/1000000000 loss=2.5785 lr=0.000239 tok/s=41,098 eta=16298.23210568718
step=2520 tokens=330301440/1000000000 loss=2.5150 lr=0.000239 tok/s=40,928 eta=16362.859719465021
step=2521 tokens=330432512/1000000000 loss=2.5582 lr=0.000238 tok/s=41,239 eta=16236.097641142873
step=2522 tokens=330563584/1000000000 loss=2.5274 lr=0.000238 tok/s=41,117 eta=16281.082917616475
step=2523 tokens=330694656/1000000000 loss=2.4799 lr=0.000238 tok/s=40,888 eta=16369.17573089576
step=2524 tokens=330825728/1000000000 loss=2.4919 lr=0.000238 tok/s=41,235 eta=16228.437094622364
step=2525 tokens=330956800/1000000000 loss=2.5494 lr=0.000238 tok/s=41,226 eta=16228.609470916563
step=2526 tokens=331087872/1000000000 loss=2.4950 lr=0.000238 tok/s=41,207 eta=16232.872966742982
step=2527 tokens=331218944/1000000000 loss=2.5357 lr=0.000238 tok/s=41,380 eta=16161.92480129946
step=2528 tokens=331350016/1000000000 loss=2.4526 lr=0.000238 tok/s=41,338 eta=16175.270431502015
step=2529 tokens=331481088/1000000000 loss=2.5067 lr=0.000238 tok/s=41,096 eta=16267.056088331956
step=2530 tokens=331612160/1000000000 loss=2.5120 lr=0.000238 tok/s=41,192 eta=16226.222419764914
step=2531 tokens=331743232/1000000000 loss=2.5845 lr=0.000238 tok/s=41,064 eta=16273.408025128067
step=2532 tokens=331874304/1000000000 loss=3.1974 lr=0.000238 tok/s=41,111 eta=16251.55947275406
step=2533 tokens=332005376/1000000000 loss=3.1367 lr=0.000238 tok/s=41,130 eta=16240.985140716439
step=2534 tokens=332136448/1000000000 loss=3.1269 lr=0.000238 tok/s=40,882 eta=16336.243252850785
step=2535 tokens=332267520/1000000000 loss=3.0828 lr=0.000238 tok/s=40,894 eta=16328.449823275281
step=2536 tokens=332398592/1000000000 loss=3.0515 lr=0.000238 tok/s=41,245 eta=16186.365036265213
step=2537 tokens=332529664/1000000000 loss=3.0236 lr=0.000238 tok/s=41,238 eta=16185.823114663921
step=2538 tokens=332660736/1000000000 loss=3.0381 lr=0.000238 tok/s=41,147 eta=16218.600875806023
step=2539 tokens=332791808/1000000000 loss=3.0662 lr=0.000238 tok/s=41,237 eta=16179.95253349693
step=2540 tokens=332922880/1000000000 loss=3.0214 lr=0.000238 tok/s=41,084 eta=16236.861480769094
step=2541 tokens=333053952/1000000000 loss=2.9851 lr=0.000238 tok/s=41,160 eta=16203.731563775547
step=2542 tokens=333185024/1000000000 loss=3.0056 lr=0.000237 tok/s=40,995 eta=16265.724626294399
step=2543 tokens=333316096/1000000000 loss=2.9636 lr=0.000237 tok/s=40,932 eta=16287.767988404936
step=2544 tokens=333447168/1000000000 loss=2.9633 lr=0.000237 tok/s=41,043 eta=16240.396719012313
step=2545 tokens=333578240/1000000000 loss=2.9872 lr=0.000237 tok/s=41,120 eta=16206.606088723944
step=2546 tokens=333709312/1000000000 loss=2.9987 lr=0.000237 tok/s=41,167 eta=16184.883973931075
step=2547 tokens=333840384/1000000000 loss=2.9528 lr=0.000237 tok/s=41,105 eta=16206.247553000521
step=2548 tokens=333971456/1000000000 loss=2.9548 lr=0.000237 tok/s=40,888 eta=16289.121702397018
step=2549 tokens=334102528/1000000000 loss=2.9399 lr=0.000237 tok/s=41,177 eta=16171.564220459324
step=2550 tokens=334233600/1000000000 loss=2.9275 lr=0.000237 tok/s=41,064 eta=16212.965545489813
step=2551 tokens=334364672/1000000000 loss=2.9454 lr=0.000237 tok/s=41,234 eta=16143.047661027767
step=2552 tokens=334495744/1000000000 loss=2.9329 lr=0.000237 tok/s=41,140 eta=16176.426390688664
step=2553 tokens=334626816/1000000000 loss=2.9269 lr=0.000237 tok/s=41,034 eta=16215.004091178493
step=2554 tokens=334757888/1000000000 loss=2.9241 lr=0.000237 tok/s=41,058 eta=16202.57852299099
step=2555 tokens=334888960/1000000000 loss=2.9195 lr=0.000237 tok/s=41,084 eta=16189.105157688831
step=2556 tokens=335020032/1000000000 loss=2.9058 lr=0.000237 tok/s=41,179 eta=16148.545612168067
step=2557 tokens=335151104/1000000000 loss=2.9007 lr=0.000237 tok/s=41,086 eta=16182.068907380788
step=2558 tokens=335282176/1000000000 loss=2.8802 lr=0.000237 tok/s=41,169 eta=16146.143081267746
step=2559 tokens=335413248/1000000000 loss=2.9350 lr=0.000237 tok/s=41,026 eta=16199.177637366478
step=2560 tokens=335544320/1000000000 loss=2.8903 lr=0.000237 tok/s=41,158 eta=16144.155355341743
step=2561 tokens=335675392/1000000000 loss=2.8634 lr=0.000237 tok/s=41,108 eta=16160.448229249758
step=2562 tokens=335806464/1000000000 loss=2.8845 lr=0.000237 tok/s=41,093 eta=16163.269354937762
step=2563 tokens=335937536/1000000000 loss=2.9574 lr=0.000236 tok/s=41,124 eta=16147.611981235312
step=2564 tokens=336068608/1000000000 loss=3.7983 lr=0.000236 tok/s=41,255 eta=16093.279609293442
step=2565 tokens=336199680/1000000000 loss=3.7316 lr=0.000236 tok/s=41,215 eta=16105.874408469377
step=2566 tokens=336330752/1000000000 loss=3.5729 lr=0.000236 tok/s=41,213 eta=16103.501240721085
step=2567 tokens=336461824/1000000000 loss=3.5883 lr=0.000236 tok/s=41,220 eta=16097.303251755695
step=2568 tokens=336592896/1000000000 loss=3.7211 lr=0.000236 tok/s=41,219 eta=16094.616481531213
step=2569 tokens=336723968/1000000000 loss=3.5536 lr=0.000236 tok/s=41,196 eta=16100.54180692121
step=2570 tokens=336855040/1000000000 loss=3.6407 lr=0.000236 tok/s=40,821 eta=16245.11818369038
checkpoint saved: runs/20260905-135527/checkpoints/step_000002570 (time)
step=2571 tokens=336986112/1000000000 loss=3.6507 lr=0.000236 tok/s=35,506 eta=18673.059112519015
step=2572 tokens=337117184/1000000000 loss=3.6368 lr=0.000236 tok/s=41,317 eta=16043.898145147868
step=2573 tokens=337248256/1000000000 loss=3.6955 lr=0.000236 tok/s=41,249 eta=16067.223487662166
step=2574 tokens=337379328/1000000000 loss=3.6503 lr=0.000236 tok/s=41,253 eta=16062.216856334544
step=2575 tokens=337510400/1000000000 loss=3.5894 lr=0.000236 tok/s=41,113 eta=16113.88901322676
step=2576 tokens=337641472/1000000000 loss=3.6490 lr=0.000236 tok/s=41,094 eta=16118.255768476585
step=2577 tokens=337772544/1000000000 loss=3.5869 lr=0.000236 tok/s=41,234 eta=16060.263148169779
step=2578 tokens=337903616/1000000000 loss=3.5645 lr=0.000236 tok/s=40,932 eta=16175.402345567847
step=2579 tokens=338034688/1000000000 loss=3.6845 lr=0.000236 tok/s=41,173 eta=16077.589123981374
step=2580 tokens=338165760/1000000000 loss=3.5577 lr=0.000236 tok/s=40,959 eta=16158.647048196739
step=2581 tokens=338296832/1000000000 loss=3.5506 lr=0.000236 tok/s=40,844 eta=16200.746060505036
step=2582 tokens=338427904/1000000000 loss=3.6800 lr=0.000236 tok/s=41,011 eta=16131.51918122676
step=2583 tokens=338558976/1000000000 loss=3.6630 lr=0.000236 tok/s=41,124 eta=16083.909404647477
step=2584 tokens=338690048/1000000000 loss=3.6442 lr=0.000235 tok/s=41,209 eta=16047.565912215814
step=2585 tokens=338821120/1000000000 loss=3.6278 lr=0.000235 tok/s=41,202 eta=16047.235671325703
step=2586 tokens=338952192/1000000000 loss=3.7455 lr=0.000235 tok/s=41,208 eta=16041.876505101998
step=2587 tokens=339083264/1000000000 loss=3.5094 lr=0.000235 tok/s=41,109 eta=16077.195360619316
step=2588 tokens=339214336/1000000000 loss=3.4703 lr=0.000235 tok/s=40,738 eta=16220.367098367438
step=2589 tokens=339345408/1000000000 loss=3.6235 lr=0.000235 tok/s=41,033 eta=16100.536081900535
step=2590 tokens=339476480/1000000000 loss=3.4771 lr=0.000235 tok/s=41,102 eta=16070.412823938022
step=2591 tokens=339607552/1000000000 loss=3.4947 lr=0.000235 tok/s=41,162 eta=16043.83325133025
step=2592 tokens=339738624/1000000000 loss=3.5032 lr=0.000235 tok/s=40,796 eta=16184.285738294067
step=2593 tokens=339869696/1000000000 loss=3.5012 lr=0.000235 tok/s=41,141 eta=16045.63596580725
step=2594 tokens=340000768/1000000000 loss=3.5546 lr=0.000235 tok/s=29,887 eta=22082.829401680174
step=2595 tokens=340131840/1000000000 loss=3.4912 lr=0.000235 tok/s=41,135 eta=16041.643497488045
step=2596 tokens=340262912/1000000000 loss=3.7034 lr=0.000235 tok/s=41,205 eta=16010.909903458789
step=2597 tokens=340393984/1000000000 loss=3.6801 lr=0.000235 tok/s=40,912 eta=16122.466349148517
step=2598 tokens=340525056/1000000000 loss=3.5703 lr=0.000235 tok/s=41,019 eta=16077.43813423494
step=2599 tokens=340656128/1000000000 loss=3.6048 lr=0.000235 tok/s=41,144 eta=16025.10655606126
step=2600 tokens=340787200/1000000000 loss=3.6096 lr=0.000235 tok/s=40,979 eta=16086.566896553995
step=2601 tokens=340918272/1000000000 loss=3.6550 lr=0.000235 tok/s=41,282 eta=15965.274303807042
step=2602 tokens=341049344/1000000000 loss=3.7195 lr=0.000235 tok/s=41,183 eta=16000.517004710016
step=2603 tokens=341180416/1000000000 loss=3.4725 lr=0.000235 tok/s=41,205 eta=15988.722948829127
step=2604 tokens=341311488/1000000000 loss=3.6054 lr=0.000234 tok/s=41,004 eta=16063.869147189229
step=2605 tokens=341442560/1000000000 loss=3.6595 lr=0.000234 tok/s=41,165 eta=15997.88982415317
step=2606 tokens=341573632/1000000000 loss=3.6073 lr=0.000234 tok/s=41,207 eta=15978.454592232116
step=2607 tokens=341704704/1000000000 loss=3.7330 lr=0.000234 tok/s=40,904 eta=16093.548227023988
step=2608 tokens=341835776/1000000000 loss=3.5815 lr=0.000234 tok/s=40,690 eta=16175.120490009915
step=2609 tokens=341966848/1000000000 loss=3.6007 lr=0.000234 tok/s=40,889 eta=16093.02346940861
step=2610 tokens=342097920/1000000000 loss=3.6636 lr=0.000234 tok/s=40,937 eta=16071.204669610905
step=2611 tokens=342228992/1000000000 loss=3.6990 lr=0.000234 tok/s=41,123 eta=15995.173553164765
step=2612 tokens=342360064/1000000000 loss=3.7102 lr=0.000234 tok/s=41,102 eta=16000.01550548473
step=2613 tokens=342491136/1000000000 loss=3.5519 lr=0.000234 tok/s=41,392 eta=15884.816631437103
step=2614 tokens=342622208/1000000000 loss=3.5254 lr=0.000234 tok/s=41,046 eta=16015.617633519378
step=2615 tokens=342753280/1000000000 loss=3.6031 lr=0.000234 tok/s=41,273 eta=15924.197173292423
step=2616 tokens=342884352/1000000000 loss=3.6354 lr=0.000234 tok/s=41,313 eta=15905.971240924042
step=2617 tokens=343015424/1000000000 loss=3.8600 lr=0.000234 tok/s=41,337 eta=15893.305301417424
step=2618 tokens=343146496/1000000000 loss=3.6457 lr=0.000234 tok/s=41,189 eta=15947.201705503203
step=2619 tokens=343277568/1000000000 loss=3.7271 lr=0.000234 tok/s=41,022 eta=16009.160458023376
step=2620 tokens=343408640/1000000000 loss=3.6009 lr=0.000234 tok/s=41,262 eta=15912.922718106782
step=2621 tokens=343539712/1000000000 loss=3.6475 lr=0.000234 tok/s=41,161 eta=15948.651561246374
step=2622 tokens=343670784/1000000000 loss=3.5802 lr=0.000234 tok/s=41,055 eta=15986.562293324014
step=2623 tokens=343801856/1000000000 loss=3.5830 lr=0.000234 tok/s=41,128 eta=15954.876994399869
step=2624 tokens=343932928/1000000000 loss=3.5809 lr=0.000234 tok/s=40,982 eta=16008.74160165641
step=2625 tokens=344064000/1000000000 loss=3.5965 lr=0.000233 tok/s=41,225 eta=15911.269158657213
step=2626 tokens=344195072/1000000000 loss=3.5957 lr=0.000233 tok/s=41,191 eta=15921.071261550476
step=2627 tokens=344326144/1000000000 loss=3.6068 lr=0.000233 tok/s=41,231 eta=15902.436600723559
step=2628 tokens=344457216/1000000000 loss=3.6831 lr=0.000233 tok/s=40,957 eta=16005.444543870188
step=2629 tokens=344588288/1000000000 loss=3.6270 lr=0.000233 tok/s=41,389 eta=15835.218949163336
step=2630 tokens=344719360/1000000000 loss=3.4880 lr=0.000233 tok/s=41,482 eta=15796.78950081516
step=2631 tokens=344850432/1000000000 loss=3.5000 lr=0.000233 tok/s=41,185 eta=15907.56480974887
step=2632 tokens=344981504/1000000000 loss=3.5450 lr=0.000233 tok/s=41,173 eta=15909.091854489256
step=2633 tokens=345112576/1000000000 loss=3.5372 lr=0.000233 tok/s=41,234 eta=15882.058352747114
step=2634 tokens=345243648/1000000000 loss=3.6019 lr=0.000233 tok/s=41,259 eta=15869.470733371538
step=2635 tokens=345374720/1000000000 loss=3.5914 lr=0.000233 tok/s=41,267 eta=15863.329540161594
step=2636 tokens=345505792/1000000000 loss=3.4343 lr=0.000233 tok/s=41,233 eta=15873.174198886083
step=2637 tokens=345636864/1000000000 loss=3.5974 lr=0.000233 tok/s=41,033 eta=15947.224437826444
step=2638 tokens=345767936/1000000000 loss=3.4267 lr=0.000233 tok/s=40,806 eta=16032.596021191821
step=2639 tokens=345899008/1000000000 loss=3.4570 lr=0.000233 tok/s=41,154 eta=15893.891867704606
step=2640 tokens=346030080/1000000000 loss=3.5614 lr=0.000233 tok/s=41,134 eta=15898.449678020592
step=2641 tokens=346161152/1000000000 loss=3.5243 lr=0.000233 tok/s=41,141 eta=15892.769969816258
step=2642 tokens=346292224/1000000000 loss=3.4938 lr=0.000233 tok/s=40,834 eta=16008.897315666345
step=2643 tokens=346423296/1000000000 loss=3.6980 lr=0.000233 tok/s=41,009 eta=15937.501016804415
step=2644 tokens=346554368/1000000000 loss=3.6084 lr=0.000233 tok/s=41,142 eta=15882.524328136009
step=2645 tokens=346685440/1000000000 loss=3.6689 lr=0.000232 tok/s=41,224 eta=15847.895476217558
step=2646 tokens=346816512/1000000000 loss=3.5270 lr=0.000232 tok/s=40,932 eta=15957.911971409792
step=2647 tokens=346947584/1000000000 loss=3.7610 lr=0.000232 tok/s=40,810 eta=16002.449503999078
step=2648 tokens=347078656/1000000000 loss=3.4746 lr=0.000232 tok/s=41,050 eta=15905.650960871848
step=2649 tokens=347209728/1000000000 loss=3.5636 lr=0.000232 tok/s=40,877 eta=15969.81670442062
step=2650 tokens=347340800/1000000000 loss=3.6118 lr=0.000232 tok/s=41,194 eta=15843.485744913884
step=2651 tokens=347471872/1000000000 loss=3.5394 lr=0.000232 tok/s=41,228 eta=15827.359646560182
step=2652 tokens=347602944/1000000000 loss=3.5559 lr=0.000232 tok/s=41,082 eta=15880.420565233488
step=2653 tokens=347734016/1000000000 loss=3.5762 lr=0.000232 tok/s=41,002 eta=15908.160164889321
step=2654 tokens=347865088/1000000000 loss=3.6826 lr=0.000232 tok/s=41,196 eta=15830.191052531924
step=2655 tokens=347996160/1000000000 loss=3.6704 lr=0.000232 tok/s=41,108 eta=15860.83436420518
step=2656 tokens=348127232/1000000000 loss=3.5969 lr=0.000232 tok/s=40,781 eta=15984.723036959473
step=2657 tokens=348258304/1000000000 loss=3.6267 lr=0.000232 tok/s=40,845 eta=15956.598964208986
step=2658 tokens=348389376/1000000000 loss=3.5422 lr=0.000232 tok/s=41,021 eta=15884.673770640324
step=2659 tokens=348520448/1000000000 loss=3.5350 lr=0.000232 tok/s=41,107 eta=15848.321913710779
step=2660 tokens=348651520/1000000000 loss=3.6652 lr=0.000232 tok/s=40,891 eta=15929.053617350279
step=2661 tokens=348782592/1000000000 loss=3.5826 lr=0.000232 tok/s=41,142 eta=15828.622269426745
step=2662 tokens=348913664/1000000000 loss=3.6448 lr=0.000232 tok/s=40,914 eta=15913.587174307879
step=2663 tokens=349044736/1000000000 loss=3.6212 lr=0.000232 tok/s=40,993 eta=15879.673909949783
step=2664 tokens=349175808/1000000000 loss=3.6958 lr=0.000232 tok/s=41,092 eta=15838.340472371017
step=2665 tokens=349306880/1000000000 loss=3.5834 lr=0.000232 tok/s=41,025 eta=15861.050331393479
step=2666 tokens=349437952/1000000000 loss=3.7280 lr=0.000231 tok/s=40,895 eta=15908.175752554427
step=2667 tokens=349569024/1000000000 loss=3.5374 lr=0.000231 tok/s=40,990 eta=15867.975763184475
step=2668 tokens=349700096/1000000000 loss=3.6504 lr=0.000231 tok/s=40,775 eta=15948.563097784418
step=2669 tokens=349831168/1000000000 loss=3.4559 lr=0.000231 tok/s=41,027 eta=15847.171162036862
step=2670 tokens=349962240/1000000000 loss=3.6062 lr=0.000231 tok/s=40,893 eta=15896.18414179391
step=2671 tokens=350093312/1000000000 loss=3.5168 lr=0.000231 tok/s=29,699 eta=21883.428236284435
checkpoint saved: runs/20260905-135527/checkpoints/tokens_000350m (permanent_tokens)
step=2672 tokens=350224384/1000000000 loss=3.5219 lr=0.000231 tok/s=35,957 eta=18070.947739308056
step=2673 tokens=350355456/1000000000 loss=3.2869 lr=0.000231 tok/s=40,856 eta=15900.781783169627
step=2674 tokens=350486528/1000000000 loss=3.5214 lr=0.000231 tok/s=41,027 eta=15831.222763966742
step=2675 tokens=350617600/1000000000 loss=3.6609 lr=0.000231 tok/s=41,046 eta=15820.716407606868
step=2676 tokens=350748672/1000000000 loss=3.6845 lr=0.000231 tok/s=41,005 eta=15833.6488149634
step=2677 tokens=350879744/1000000000 loss=3.5854 lr=0.000231 tok/s=41,065 eta=15806.96753513061
step=2678 tokens=351010816/1000000000 loss=3.8028 lr=0.000231 tok/s=40,840 eta=15890.961125212007
step=2679 tokens=351141888/1000000000 loss=3.6162 lr=0.000231 tok/s=41,137 eta=15772.985762615706
step=2680 tokens=351272960/1000000000 loss=3.7073 lr=0.000231 tok/s=41,132 eta=15771.752625454026
step=2681 tokens=351404032/1000000000 loss=3.6337 lr=0.000231 tok/s=41,228 eta=15731.854383804613
step=2682 tokens=351535104/1000000000 loss=3.7268 lr=0.000231 tok/s=41,315 eta=15695.742754821033
step=2683 tokens=351666176/1000000000 loss=3.5814 lr=0.000231 tok/s=40,837 eta=15875.945152144188
step=2684 tokens=351797248/1000000000 loss=3.5158 lr=0.000231 tok/s=41,065 eta=15784.942391717288
step=2685 tokens=351928320/1000000000 loss=3.6661 lr=0.000231 tok/s=41,036 eta=15792.613770227194
step=2686 tokens=352059392/1000000000 loss=3.7180 lr=0.00023 tok/s=40,985 eta=15809.311406976623
step=2687 tokens=352190464/1000000000 loss=3.6561 lr=0.00023 tok/s=41,309 eta=15681.885506252873
step=2688 tokens=352321536/1000000000 loss=3.6310 lr=0.00023 tok/s=41,068 eta=15770.804493442054
step=2689 tokens=352452608/1000000000 loss=3.4748 lr=0.00023 tok/s=41,183 eta=15723.526804379537
step=2690 tokens=352583680/1000000000 loss=3.6882 lr=0.00023 tok/s=41,242 eta=15697.921964569818
step=2691 tokens=352714752/1000000000 loss=3.6400 lr=0.00023 tok/s=41,199 eta=15711.254634551866
step=2692 tokens=352845824/1000000000 loss=3.5363 lr=0.00023 tok/s=41,130 eta=15734.548782744538
step=2693 tokens=352976896/1000000000 loss=3.5457 lr=0.00023 tok/s=41,310 eta=15662.802094994659
step=2694 tokens=353107968/1000000000 loss=3.7192 lr=0.00023 tok/s=41,235 eta=15687.953005942893
step=2695 tokens=353239040/1000000000 loss=3.6935 lr=0.00023 tok/s=41,248 eta=15679.692469792873
step=2696 tokens=353370112/1000000000 loss=3.5666 lr=0.00023 tok/s=41,344 eta=15640.290332185716
step=2697 tokens=353501184/1000000000 loss=3.6458 lr=0.00023 tok/s=41,602 eta=15540.017540068937
step=2698 tokens=353632256/1000000000 loss=3.5769 lr=0.00023 tok/s=41,260 eta=15665.698277676585
step=2699 tokens=353763328/1000000000 loss=3.5040 lr=0.00023 tok/s=41,080 eta=15731.174922205755
step=2700 tokens=353894400/1000000000 loss=3.5958 lr=0.00023 tok/s=41,411 eta=15602.271991539013
step=2701 tokens=354025472/1000000000 loss=3.6262 lr=0.00023 tok/s=41,434 eta=15590.599723003157
step=2702 tokens=354156544/1000000000 loss=3.7049 lr=0.00023 tok/s=41,183 eta=15682.234930631741
step=2703 tokens=354287616/1000000000 loss=3.6960 lr=0.00023 tok/s=41,400 eta=15596.922191842392
step=2704 tokens=354418688/1000000000 loss=3.5121 lr=0.00023 tok/s=41,296 eta=15632.837930437845
step=2705 tokens=354549760/1000000000 loss=3.6151 lr=0.00023 tok/s=41,206 eta=15664.012247217417
step=2706 tokens=354680832/1000000000 loss=3.5421 lr=0.000229 tok/s=41,320 eta=15617.530115727586
step=2707 tokens=354811904/1000000000 loss=3.6347 lr=0.000229 tok/s=41,592 eta=15512.447440857386
step=2708 tokens=354942976/1000000000 loss=3.6953 lr=0.000229 tok/s=41,245 eta=15639.674886901614
step=2709 tokens=355074048/1000000000 loss=3.6072 lr=0.000229 tok/s=41,437 eta=15564.11488359996
step=2710 tokens=355205120/1000000000 loss=3.6092 lr=0.000229 tok/s=41,320 eta=15604.864989384076
step=2711 tokens=355336192/1000000000 loss=3.6526 lr=0.000229 tok/s=41,466 eta=15546.917987524861
step=2712 tokens=355467264/1000000000 loss=3.6289 lr=0.000229 tok/s=41,048 eta=15702.010448190787
step=2713 tokens=355598336/1000000000 loss=3.6463 lr=0.000229 tok/s=41,298 eta=15603.881044679129
step=2714 tokens=355729408/1000000000 loss=3.6006 lr=0.000229 tok/s=41,194 eta=15640.02745936143
step=2715 tokens=355860480/1000000000 loss=3.6258 lr=0.000229 tok/s=41,440 eta=15544.07760522977
step=2716 tokens=355991552/1000000000 loss=3.6466 lr=0.000229 tok/s=41,580 eta=15488.241661303437
step=2717 tokens=356122624/1000000000 loss=3.5594 lr=0.000229 tok/s=41,410 eta=15548.662748846395
step=2718 tokens=356253696/1000000000 loss=3.4500 lr=0.000229 tok/s=41,474 eta=15521.595265106083
step=2719 tokens=356384768/1000000000 loss=3.4275 lr=0.000229 tok/s=41,261 eta=15598.797122895929
step=2720 tokens=356515840/1000000000 loss=3.4318 lr=0.000229 tok/s=41,217 eta=15611.92992353573
step=2721 tokens=356646912/1000000000 loss=3.4117 lr=0.000229 tok/s=41,105 eta=15651.353255195481
step=2722 tokens=356777984/1000000000 loss=3.4296 lr=0.000229 tok/s=40,742 eta=15787.496168535425
step=2723 tokens=356909056/1000000000 loss=3.4054 lr=0.000229 tok/s=41,121 eta=15638.997392305318
step=2724 tokens=357040128/1000000000 loss=3.4121 lr=0.000229 tok/s=41,063 eta=15657.778670404889
step=2725 tokens=357171200/1000000000 loss=3.3643 lr=0.000229 tok/s=41,412 eta=15522.635470606214
step=2726 tokens=357302272/1000000000 loss=3.3966 lr=0.000228 tok/s=41,293 eta=15564.481217828583
step=2727 tokens=357433344/1000000000 loss=3.3515 lr=0.000228 tok/s=41,261 eta=15573.299043236457
step=2728 tokens=357564416/1000000000 loss=3.3452 lr=0.000228 tok/s=41,110 eta=15627.108307429833
step=2729 tokens=357695488/1000000000 loss=3.3791 lr=0.000228 tok/s=41,247 eta=15572.297131207366
step=2730 tokens=357826560/1000000000 loss=3.3848 lr=0.000228 tok/s=41,163 eta=15600.894179774888
step=2731 tokens=357957632/1000000000 loss=3.4122 lr=0.000228 tok/s=40,976 eta=15668.86074699551
step=2732 tokens=358088704/1000000000 loss=3.3670 lr=0.000228 tok/s=41,150 eta=15599.28556156326
step=2733 tokens=358219776/1000000000 loss=3.3703 lr=0.000228 tok/s=41,368 eta=15514.031812744905
step=2734 tokens=358350848/1000000000 loss=3.3814 lr=0.000228 tok/s=41,329 eta=15525.492406693322
step=2735 tokens=358481920/1000000000 loss=3.3447 lr=0.000228 tok/s=41,167 eta=15583.149746232355
step=2736 tokens=358612992/1000000000 loss=3.3930 lr=0.000228 tok/s=41,237 eta=15553.507813648284
step=2737 tokens=358744064/1000000000 loss=3.3610 lr=0.000228 tok/s=41,223 eta=15555.78885467474
step=2738 tokens=358875136/1000000000 loss=3.3411 lr=0.000228 tok/s=40,970 eta=15648.808530479426
step=2739 tokens=359006208/1000000000 loss=3.3656 lr=0.000228 tok/s=41,044 eta=15617.385050135697
step=2740 tokens=359137280/1000000000 loss=3.3836 lr=0.000228 tok/s=41,207 eta=15552.305611992157
step=2741 tokens=359268352/1000000000 loss=3.3050 lr=0.000228 tok/s=40,973 eta=15637.923862572372
step=2742 tokens=359399424/1000000000 loss=3.3023 lr=0.000228 tok/s=41,129 eta=15575.339173070952
step=2743 tokens=359530496/1000000000 loss=3.3830 lr=0.000228 tok/s=41,275 eta=15517.095367573778
step=2744 tokens=359661568/1000000000 loss=3.3673 lr=0.000228 tok/s=41,101 eta=15579.618811314333
step=2745 tokens=359792640/1000000000 loss=3.6338 lr=0.000228 tok/s=41,086 eta=15582.250568664764
step=2746 tokens=359923712/1000000000 loss=3.6942 lr=0.000227 tok/s=40,937 eta=15635.530246911323
step=2747 tokens=360054784/1000000000 loss=3.6734 lr=0.000227 tok/s=29,928 eta=21382.56671236202
step=2748 tokens=360185856/1000000000 loss=3.6187 lr=0.000227 tok/s=41,102 eta=15566.596897132373
step=2749 tokens=360316928/1000000000 loss=3.6625 lr=0.000227 tok/s=41,014 eta=15596.838200153126
step=2750 tokens=360448000/1000000000 loss=3.6547 lr=0.000227 tok/s=41,106 eta=15558.587331515751
step=2751 tokens=360579072/1000000000 loss=3.4741 lr=0.000227 tok/s=41,000 eta=15595.763946964922
step=2752 tokens=360710144/1000000000 loss=3.6977 lr=0.000227 tok/s=41,121 eta=15546.675929479325
step=2753 tokens=360841216/1000000000 loss=3.5454 lr=0.000227 tok/s=40,955 eta=15606.190182185534
step=2754 tokens=360972288/1000000000 loss=3.5502 lr=0.000227 tok/s=40,816 eta=15656.395962491948
step=2755 tokens=361103360/1000000000 loss=3.6086 lr=0.000227 tok/s=41,171 eta=15517.939547230711
step=2756 tokens=361234432/1000000000 loss=3.5798 lr=0.000227 tok/s=41,129 eta=15530.710801126423
step=2757 tokens=361365504/1000000000 loss=3.7747 lr=0.000227 tok/s=41,171 eta=15511.8302596943
step=2758 tokens=361496576/1000000000 loss=3.5816 lr=0.000227 tok/s=41,095 eta=15537.380560080108
step=2759 tokens=361627648/1000000000 loss=3.5637 lr=0.000227 tok/s=41,134 eta=15519.48918554228
step=2760 tokens=361758720/1000000000 loss=3.5734 lr=0.000227 tok/s=41,071 eta=15540.07574147136
step=2761 tokens=361889792/1000000000 loss=3.6293 lr=0.000227 tok/s=41,106 eta=15523.716014111877
step=2762 tokens=362020864/1000000000 loss=3.5395 lr=0.000227 tok/s=41,083 eta=15529.176560466565
step=2763 tokens=362151936/1000000000 loss=3.5929 lr=0.000227 tok/s=40,985 eta=15563.11736309308
step=2764 tokens=362283008/1000000000 loss=3.5132 lr=0.000227 tok/s=41,002 eta=15553.450989513503
step=2765 tokens=362414080/1000000000 loss=3.6008 lr=0.000227 tok/s=40,913 eta=15583.764386760087
step=2766 tokens=362545152/1000000000 loss=3.8010 lr=0.000226 tok/s=41,168 eta=15484.122007509295
step=2767 tokens=362676224/1000000000 loss=3.6629 lr=0.000226 tok/s=41,034 eta=15531.582171578522
step=2768 tokens=362807296/1000000000 loss=3.5790 lr=0.000226 tok/s=41,061 eta=15518.343809637581
step=2769 tokens=362938368/1000000000 loss=3.6245 lr=0.000226 tok/s=41,182 eta=15469.342962052384
step=2770 tokens=363069440/1000000000 loss=3.7317 lr=0.000226 tok/s=40,998 eta=15535.74667027022
step=2771 tokens=363200512/1000000000 loss=3.6139 lr=0.000226 tok/s=41,186 eta=15461.589159193949
step=2772 tokens=363331584/1000000000 loss=3.5741 lr=0.000226 tok/s=41,079 eta=15498.65276505258
step=2773 tokens=363462656/1000000000 loss=3.5602 lr=0.000226 tok/s=40,890 eta=15567.050847252756
step=2774 tokens=363593728/1000000000 loss=3.6346 lr=0.000226 tok/s=41,087 eta=15489.292551897144
step=2775 tokens=363724800/1000000000 loss=3.5051 lr=0.000226 tok/s=40,862 eta=15571.251166944876
step=2776 tokens=363855872/1000000000 loss=2.9790 lr=0.000226 tok/s=41,060 eta=15493.027940598939
step=2777 tokens=363986944/1000000000 loss=2.0931 lr=0.000226 tok/s=40,917 eta=15543.863616597431
step=2778 tokens=364118016/1000000000 loss=2.0156 lr=0.000226 tok/s=41,190 eta=15437.947615311989
step=2779 tokens=364249088/1000000000 loss=1.9622 lr=0.000226 tok/s=41,076 eta=15477.506916343149
step=2780 tokens=364380160/1000000000 loss=1.9813 lr=0.000226 tok/s=41,071 eta=15475.943646295513
step=2781 tokens=364511232/1000000000 loss=1.9061 lr=0.000226 tok/s=41,148 eta=15443.794059020236
step=2782 tokens=364642304/1000000000 loss=1.8947 lr=0.000226 tok/s=41,049 eta=15477.859174895873
step=2783 tokens=364773376/1000000000 loss=1.8476 lr=0.000226 tok/s=41,106 eta=15453.35252909434
step=2784 tokens=364904448/1000000000 loss=1.8652 lr=0.000226 tok/s=41,096 eta=15453.82603991876
step=2785 tokens=365035520/1000000000 loss=1.8566 lr=0.000226 tok/s=41,028 eta=15476.480792973201
step=2786 tokens=365166592/1000000000 loss=1.8348 lr=0.000225 tok/s=41,131 eta=15434.434697283154
step=2787 tokens=365297664/1000000000 loss=1.8032 lr=0.000225 tok/s=41,252 eta=15385.804204160224
step=2788 tokens=365428736/1000000000 loss=1.7859 lr=0.000225 tok/s=41,246 eta=15385.146415580135
step=2789 tokens=365559808/1000000000 loss=1.7848 lr=0.000225 tok/s=40,811 eta=15545.977654456383
step=2790 tokens=365690880/1000000000 loss=1.7832 lr=0.000225 tok/s=41,092 eta=15436.454200590832
step=2791 tokens=365821952/1000000000 loss=1.8023 lr=0.000225 tok/s=41,147 eta=15412.426734558781
step=2792 tokens=365953024/1000000000 loss=1.7679 lr=0.000225 tok/s=41,157 eta=15405.658050264492
step=2793 tokens=366084096/1000000000 loss=1.7472 lr=0.000225 tok/s=41,171 eta=15397.25736006825
step=2794 tokens=366215168/1000000000 loss=1.7614 lr=0.000225 tok/s=41,186 eta=15388.415309922775
step=2795 tokens=366346240/1000000000 loss=1.7604 lr=0.000225 tok/s=41,498 eta=15269.329708163827
step=2796 tokens=366477312/1000000000 loss=1.7304 lr=0.000225 tok/s=41,187 eta=15381.614601164472
step=2797 tokens=366608384/1000000000 loss=1.7345 lr=0.000225 tok/s=41,244 eta=15356.997606388759
step=2798 tokens=366739456/1000000000 loss=1.7555 lr=0.000225 tok/s=41,107 eta=15405.307266229382
step=2799 tokens=366870528/1000000000 loss=1.7320 lr=0.000225 tok/s=41,296 eta=15331.412502187395
step=2800 tokens=367001600/1000000000 loss=1.7327 lr=0.000225 tok/s=41,199 eta=15364.332818044173
step=2801 tokens=367132672/1000000000 loss=1.7279 lr=0.000225 tok/s=41,189 eta=15364.954439488023
step=2802 tokens=367263744/1000000000 loss=1.7068 lr=0.000225 tok/s=41,106 eta=15392.871504474584
step=2803 tokens=367394816/1000000000 loss=1.7034 lr=0.000225 tok/s=41,160 eta=15369.401900670637
step=2804 tokens=367525888/1000000000 loss=1.7066 lr=0.000225 tok/s=41,113 eta=15383.788576831126
step=2805 tokens=367656960/1000000000 loss=1.6993 lr=0.000224 tok/s=41,202 eta=15347.424945175468
step=2806 tokens=367788032/1000000000 loss=1.6742 lr=0.000224 tok/s=41,061 eta=15396.740208022178
step=2807 tokens=367919104/1000000000 loss=1.7032 lr=0.000224 tok/s=40,982 eta=15423.206855556145
step=2808 tokens=368050176/1000000000 loss=2.7088 lr=0.000224 tok/s=41,173 eta=15348.503615665515
step=2809 tokens=368181248/1000000000 loss=3.8919 lr=0.000224 tok/s=40,995 eta=15412.143020169715
step=2810 tokens=368312320/1000000000 loss=3.6917 lr=0.000224 tok/s=41,140 eta=15354.451151488778
step=2811 tokens=368443392/1000000000 loss=3.6052 lr=0.000224 tok/s=41,054 eta=15383.602929480345
step=2812 tokens=368574464/1000000000 loss=3.5843 lr=0.000224 tok/s=41,039 eta=15386.023533173155
step=2813 tokens=368705536/1000000000 loss=3.7566 lr=0.000224 tok/s=41,298 eta=15286.401286429198
step=2814 tokens=368836608/1000000000 loss=3.5531 lr=0.000224 tok/s=41,280 eta=15289.628958709507
step=2815 tokens=368967680/1000000000 loss=3.6211 lr=0.000224 tok/s=41,292 eta=15282.032941505735
step=2816 tokens=369098752/1000000000 loss=3.6378 lr=0.000224 tok/s=40,999 eta=15388.067814694916
step=2817 tokens=369229824/1000000000 loss=3.5248 lr=0.000224 tok/s=40,956 eta=15401.328098592556
step=2818 tokens=369360896/1000000000 loss=3.6076 lr=0.000224 tok/s=41,075 eta=15353.472276105136
step=2819 tokens=369491968/1000000000 loss=3.5427 lr=0.000224 tok/s=41,077 eta=15349.538019667049
step=2820 tokens=369623040/1000000000 loss=3.6029 lr=0.000224 tok/s=40,977 eta=15383.661647941333
step=2821 tokens=369754112/1000000000 loss=3.6551 lr=0.000224 tok/s=40,783 eta=15453.828039385247
step=2822 tokens=369885184/1000000000 loss=3.6636 lr=0.000224 tok/s=41,093 eta=15334.00847947525
step=2823 tokens=370016256/1000000000 loss=3.4338 lr=0.000224 tok/s=29,839 eta=21112.43643729709
step=2824 tokens=370147328/1000000000 loss=3.5479 lr=0.000224 tok/s=41,038 eta=15348.046792076913
step=2825 tokens=370278400/1000000000 loss=3.6507 lr=0.000223 tok/s=41,012 eta=15354.733262948886
step=2826 tokens=370409472/1000000000 loss=3.6382 lr=0.000223 tok/s=40,948 eta=15375.484263748524
step=2827 tokens=370540544/1000000000 loss=3.5786 lr=0.000223 tok/s=40,756 eta=15444.489032219257
step=2828 tokens=370671616/1000000000 loss=3.6033 lr=0.000223 tok/s=40,964 eta=15362.783553141135
step=2829 tokens=370802688/1000000000 loss=3.7008 lr=0.000223 tok/s=40,832 eta=15409.298161579049
step=2830 tokens=370933760/1000000000 loss=3.5589 lr=0.000223 tok/s=40,894 eta=15382.811624110074
step=2831 tokens=371064832/1000000000 loss=3.5411 lr=0.000223 tok/s=40,887 eta=15382.460950832214
step=2832 tokens=371195904/1000000000 loss=3.5667 lr=0.000223 tok/s=40,983 eta=15342.883623014004
step=2833 tokens=371326976/1000000000 loss=3.6530 lr=0.000223 tok/s=41,106 eta=15293.949639095845
step=2834 tokens=371458048/1000000000 loss=3.5525 lr=0.000223 tok/s=41,066 eta=15305.50394628607
step=2835 tokens=371589120/1000000000 loss=3.5601 lr=0.000223 tok/s=41,191 eta=15255.851682460496
step=2836 tokens=371720192/1000000000 loss=3.5558 lr=0.000223 tok/s=41,060 eta=15301.529482230624
step=2837 tokens=371851264/1000000000 loss=3.4572 lr=0.000223 tok/s=41,133 eta=15271.059943435808
step=2838 tokens=371982336/1000000000 loss=3.6846 lr=0.000223 tok/s=41,217 eta=15236.722416428602
step=2839 tokens=372113408/1000000000 loss=3.5597 lr=0.000223 tok/s=41,212 eta=15235.602128890137
step=2840 tokens=372244480/1000000000 loss=3.1337 lr=0.000223 tok/s=41,095 eta=15275.755767878147
step=2841 tokens=372375552/1000000000 loss=2.7091 lr=0.000223 tok/s=41,214 eta=15228.560284241175
step=2842 tokens=372506624/1000000000 loss=2.6745 lr=0.000223 tok/s=41,163 eta=15244.013178346066
step=2843 tokens=372637696/1000000000 loss=2.6921 lr=0.000223 tok/s=40,819 eta=15369.387047641929
step=2844 tokens=372768768/1000000000 loss=2.6565 lr=0.000222 tok/s=41,151 eta=15242.293778288831
step=2845 tokens=372899840/1000000000 loss=2.6540 lr=0.000222 tok/s=41,117 eta=15251.526954408284
step=2846 tokens=373030912/1000000000 loss=2.5624 lr=0.000222 tok/s=40,956 eta=15308.229704161246
step=2847 tokens=373161984/1000000000 loss=2.5594 lr=0.000222 tok/s=41,085 eta=15257.240198009102
step=2848 tokens=373293056/1000000000 loss=2.5701 lr=0.000222 tok/s=41,007 eta=15282.96594299319
step=2849 tokens=373424128/1000000000 loss=2.5574 lr=0.000222 tok/s=40,815 eta=15351.519557266123
step=2850 tokens=373555200/1000000000 loss=2.5581 lr=0.000222 tok/s=40,852 eta=15334.674563846384
step=2851 tokens=373686272/1000000000 loss=2.5724 lr=0.000222 tok/s=40,997 eta=15276.946931133027
step=2852 tokens=373817344/1000000000 loss=2.5969 lr=0.000222 tok/s=41,008 eta=15269.767655619187
step=2853 tokens=373948416/1000000000 loss=2.5758 lr=0.000222 tok/s=41,130 eta=15221.322175273766
step=2854 tokens=374079488/1000000000 loss=2.5670 lr=0.000222 tok/s=41,126 eta=15219.764085730585
step=2855 tokens=374210560/1000000000 loss=2.5212 lr=0.000222 tok/s=40,986 eta=15268.313506257871
step=2856 tokens=374341632/1000000000 loss=2.5598 lr=0.000222 tok/s=40,992 eta=15262.799731050773
step=2857 tokens=374472704/1000000000 loss=2.4818 lr=0.000222 tok/s=41,126 eta=15209.950141395764
step=2858 tokens=374603776/1000000000 loss=2.5286 lr=0.000222 tok/s=41,247 eta=15162.136562933549
step=2859 tokens=374734848/1000000000 loss=2.4639 lr=0.000222 tok/s=40,960 eta=15265.254414203004
step=2860 tokens=374865920/1000000000 loss=2.4797 lr=0.000222 tok/s=40,999 eta=15247.710609625685
step=2861 tokens=374996992/1000000000 loss=2.4672 lr=0.000222 tok/s=40,995 eta=15245.90137906127
step=2862 tokens=375128064/1000000000 loss=2.5012 lr=0.000222 tok/s=41,150 eta=15185.127534426958
step=2863 tokens=375259136/1000000000 loss=2.4544 lr=0.000222 tok/s=41,233 eta=15151.360808759886
step=2864 tokens=375390208/1000000000 loss=2.5272 lr=0.000221 tok/s=40,999 eta=15234.686268430974
step=2865 tokens=375521280/1000000000 loss=2.4896 lr=0.000221 tok/s=40,995 eta=15232.913776365865
step=2866 tokens=375652352/1000000000 loss=2.4694 lr=0.000221 tok/s=41,027 eta=15217.805953961553
step=2867 tokens=375783424/1000000000 loss=2.5016 lr=0.000221 tok/s=40,689 eta=15341.040863975199
step=2868 tokens=375914496/1000000000 loss=2.4400 lr=0.000221 tok/s=40,867 eta=15271.09190337357
step=2869 tokens=376045568/1000000000 loss=2.4779 lr=0.000221 tok/s=40,907 eta=15253.116234760924
step=2870 tokens=376176640/1000000000 loss=2.4740 lr=0.000221 tok/s=40,859 eta=15267.570888517155
step=2871 tokens=376307712/1000000000 loss=2.5004 lr=0.000221 tok/s=40,915 eta=15243.712960005245
step=2872 tokens=376438784/1000000000 loss=2.9862 lr=0.000221 tok/s=40,870 eta=15257.14931488182
step=2873 tokens=376569856/1000000000 loss=3.7109 lr=0.000221 tok/s=41,080 eta=15175.915982800689
step=2874 tokens=376700928/1000000000 loss=3.6088 lr=0.000221 tok/s=40,903 eta=15238.44666512026
step=2875 tokens=376832000/1000000000 loss=3.5863 lr=0.000221 tok/s=40,741 eta=15296.021676906308
step=2876 tokens=376963072/1000000000 loss=3.7094 lr=0.000221 tok/s=40,836 eta=15257.004993667622
step=2877 tokens=377094144/1000000000 loss=3.5923 lr=0.000221 tok/s=40,858 eta=15245.550756238268
step=2878 tokens=377225216/1000000000 loss=3.6706 lr=0.000221 tok/s=40,933 eta=15214.354623129131
step=2879 tokens=377356288/1000000000 loss=3.6165 lr=0.000221 tok/s=40,681 eta=15305.675473482366
step=2880 tokens=377487360/1000000000 loss=3.5851 lr=0.000221 tok/s=40,881 eta=15227.61029766042
step=2881 tokens=377618432/1000000000 loss=3.7304 lr=0.000221 tok/s=40,881 eta=15224.163403879376
step=2882 tokens=377749504/1000000000 loss=3.4821 lr=0.000221 tok/s=41,005 eta=15174.893995142342
step=2883 tokens=377880576/1000000000 loss=3.5655 lr=0.00022 tok/s=40,526 eta=15351.120448619036
step=2884 tokens=378011648/1000000000 loss=3.5632 lr=0.00022 tok/s=40,917 eta=15201.222367478527
step=2885 tokens=378142720/1000000000 loss=3.5595 lr=0.00022 tok/s=40,856 eta=15220.804869894273
step=2886 tokens=378273792/1000000000 loss=3.6398 lr=0.00022 tok/s=40,870 eta=15212.417419963833
step=2887 tokens=378404864/1000000000 loss=3.5560 lr=0.00022 tok/s=41,135 eta=15110.955945895832
step=2888 tokens=378535936/1000000000 loss=3.5351 lr=0.00022 tok/s=40,848 eta=15214.092868539745
step=2889 tokens=378667008/1000000000 loss=3.6199 lr=0.00022 tok/s=40,815 eta=15223.216257916767
step=2890 tokens=378798080/1000000000 loss=3.7056 lr=0.00022 tok/s=40,834 eta=15212.684506925456
step=2891 tokens=378929152/1000000000 loss=3.5049 lr=0.00022 tok/s=41,076 eta=15119.905082321355
step=2892 tokens=379060224/1000000000 loss=3.6525 lr=0.00022 tok/s=41,150 eta=15089.616630436794
step=2893 tokens=379191296/1000000000 loss=3.4292 lr=0.00022 tok/s=41,204 eta=15066.701955197177
step=2894 tokens=379322368/1000000000 loss=3.6835 lr=0.00022 tok/s=41,112 eta=15097.414672802133
step=2895 tokens=379453440/1000000000 loss=3.6076 lr=0.00022 tok/s=41,195 eta=15063.518307656226
step=2896 tokens=379584512/1000000000 loss=3.5439 lr=0.00022 tok/s=41,166 eta=15071.108056408228
step=2897 tokens=379715584/1000000000 loss=3.4982 lr=0.00022 tok/s=41,079 eta=15099.967880077966
step=2898 tokens=379846656/1000000000 loss=3.5945 lr=0.00022 tok/s=41,258 eta=15030.982014427313
step=2899 tokens=379977728/1000000000 loss=3.5020 lr=0.00022 tok/s=41,128 eta=15075.399308515716
step=2900 tokens=380108800/1000000000 loss=3.5157 lr=0.00022 tok/s=29,968 eta=20684.88743013534
step=2901 tokens=380239872/1000000000 loss=3.4387 lr=0.00022 tok/s=41,329 eta=14995.87359778936
step=2902 tokens=380370944/1000000000 loss=3.4198 lr=0.000219 tok/s=41,294 eta=15005.277185928582
step=2903 tokens=380502016/1000000000 loss=3.5544 lr=0.000219 tok/s=41,210 eta=15032.757023118998
step=2904 tokens=380633088/1000000000 loss=3.5867 lr=0.000219 tok/s=41,112 eta=15065.312609596782
step=2905 tokens=380764160/1000000000 loss=3.5972 lr=0.000219 tok/s=40,829 eta=15166.64608043714
step=2906 tokens=380895232/1000000000 loss=3.5967 lr=0.000219 tok/s=41,060 eta=15077.875902443342
step=2907 tokens=381026304/1000000000 loss=3.4442 lr=0.000219 tok/s=40,949 eta=15115.670509619209
step=2908 tokens=381157376/1000000000 loss=3.4315 lr=0.000219 tok/s=41,282 eta=14990.660826411413
step=2909 tokens=381288448/1000000000 loss=3.5967 lr=0.000219 tok/s=41,065 eta=15066.756174252872
step=2910 tokens=381419520/1000000000 loss=3.5283 lr=0.000219 tok/s=41,121 eta=15043.055169188812
step=2911 tokens=381550592/1000000000 loss=3.6058 lr=0.000219 tok/s=40,944 eta=15104.598548479182
step=2912 tokens=381681664/1000000000 loss=3.5797 lr=0.000219 tok/s=40,937 eta=15103.96428880714
step=2913 tokens=381812736/1000000000 loss=3.5270 lr=0.000219 tok/s=40,962 eta=15091.65152068397
step=2914 tokens=381943808/1000000000 loss=3.5823 lr=0.000219 tok/s=40,968 eta=15086.38953739684
step=2915 tokens=382074880/1000000000 loss=3.5460 lr=0.000219 tok/s=40,911 eta=15104.10309716429
step=2916 tokens=382205952/1000000000 loss=3.5275 lr=0.000219 tok/s=40,992 eta=15071.178070379363
step=2917 tokens=382337024/1000000000 loss=3.6787 lr=0.000219 tok/s=40,899 eta=15102.104732269592
step=2918 tokens=382468096/1000000000 loss=3.5637 lr=0.000219 tok/s=41,106 eta=15022.838104767807
step=2919 tokens=382599168/1000000000 loss=3.7278 lr=0.000219 tok/s=41,188 eta=14989.791049274836
step=2920 tokens=382730240/1000000000 loss=3.5713 lr=0.000219 tok/s=41,263 eta=14959.315455212594
step=2921 tokens=382861312/1000000000 loss=3.3867 lr=0.000219 tok/s=41,258 eta=14958.15748832642
step=2922 tokens=382992384/1000000000 loss=3.5118 lr=0.000218 tok/s=41,324 eta=14930.847223359866
step=2923 tokens=383123456/1000000000 loss=3.7243 lr=0.000218 tok/s=41,239 eta=14958.463056268172
step=2924 tokens=383254528/1000000000 loss=3.6663 lr=0.000218 tok/s=41,166 eta=14981.975204068889
step=2925 tokens=383385600/1000000000 loss=3.5621 lr=0.000218 tok/s=41,131 eta=14991.371569096802
step=2926 tokens=383516672/1000000000 loss=3.6041 lr=0.000218 tok/s=41,253 eta=14943.868505385957
step=2927 tokens=383647744/1000000000 loss=3.4573 lr=0.000218 tok/s=41,067 eta=15008.356853492214
step=2928 tokens=383778816/1000000000 loss=3.5861 lr=0.000218 tok/s=41,220 eta=14949.559943120557
step=2929 tokens=383909888/1000000000 loss=3.5193 lr=0.000218 tok/s=41,461 eta=14859.500415043985
step=2930 tokens=384040960/1000000000 loss=3.6593 lr=0.000218 tok/s=41,035 eta=15010.572118149803
step=2931 tokens=384172032/1000000000 loss=3.5572 lr=0.000218 tok/s=41,195 eta=14949.00750573058
step=2932 tokens=384303104/1000000000 loss=3.4725 lr=0.000218 tok/s=40,942 eta=15038.45315690453
step=2933 tokens=384434176/1000000000 loss=3.4551 lr=0.000218 tok/s=41,250 eta=14922.707810501324
step=2934 tokens=384565248/1000000000 loss=3.5389 lr=0.000218 tok/s=41,161 eta=14951.714469244193
step=2935 tokens=384696320/1000000000 loss=3.5027 lr=0.000218 tok/s=41,124 eta=14961.97473351681
step=2936 tokens=384827392/1000000000 loss=3.3734 lr=0.000218 tok/s=40,984 eta=15009.982574105987
step=2937 tokens=384958464/1000000000 loss=3.1628 lr=0.000218 tok/s=40,831 eta=15063.168391366291
step=2938 tokens=385089536/1000000000 loss=3.0943 lr=0.000218 tok/s=41,069 eta=14972.619194651983
step=2939 tokens=385220608/1000000000 loss=3.0779 lr=0.000218 tok/s=40,770 eta=15079.22356651801
step=2940 tokens=385351680/1000000000 loss=3.0277 lr=0.000218 tok/s=40,977 eta=14999.724483146238
step=2941 tokens=385482752/1000000000 loss=3.0439 lr=0.000217 tok/s=41,116 eta=14946.071841104635
step=2942 tokens=385613824/1000000000 loss=2.9714 lr=0.000217 tok/s=40,807 eta=15055.727038487155
step=2943 tokens=385744896/1000000000 loss=3.0175 lr=0.000217 tok/s=41,143 eta=14929.709894658963
step=2944 tokens=385875968/1000000000 loss=2.9591 lr=0.000217 tok/s=40,942 eta=14999.727936789628
step=2945 tokens=386007040/1000000000 loss=3.0246 lr=0.000217 tok/s=40,873 eta=15021.899514364435
step=2946 tokens=386138112/1000000000 loss=2.9966 lr=0.000217 tok/s=40,766 eta=15058.19452804281
step=2947 tokens=386269184/1000000000 loss=2.9958 lr=0.000217 tok/s=41,029 eta=14958.328188983265
step=2948 tokens=386400256/1000000000 loss=2.9528 lr=0.000217 tok/s=40,842 eta=15023.68196293472
step=2949 tokens=386531328/1000000000 loss=2.9452 lr=0.000217 tok/s=40,986 eta=14967.876338556573
step=2950 tokens=386662400/1000000000 loss=2.9306 lr=0.000217 tok/s=41,066 eta=14935.554012305032
step=2951 tokens=386793472/1000000000 loss=2.9325 lr=0.000217 tok/s=40,999 eta=14956.450177000574
step=2952 tokens=386924544/1000000000 loss=2.9430 lr=0.000217 tok/s=40,906 eta=14987.555388714734
step=2953 tokens=387055616/1000000000 loss=2.9048 lr=0.000217 tok/s=40,632 eta=15085.435719921586
checkpoint saved: runs/20260905-135527/checkpoints/step_000002953 (time)
step=2954 tokens=387186688/1000000000 loss=2.9247 lr=0.000217 tok/s=35,601 eta=17213.34070094667
step=2955 tokens=387317760/1000000000 loss=2.9324 lr=0.000217 tok/s=41,012 eta=14939.190543575016
step=2956 tokens=387448832/1000000000 loss=2.9037 lr=0.000217 tok/s=41,072 eta=14914.034514959707
step=2957 tokens=387579904/1000000000 loss=2.9053 lr=0.000217 tok/s=41,086 eta=14905.677026633773
step=2958 tokens=387710976/1000000000 loss=2.9056 lr=0.000217 tok/s=40,964 eta=14946.944544402513
step=2959 tokens=387842048/1000000000 loss=2.9236 lr=0.000217 tok/s=41,219 eta=14851.190843562932
step=2960 tokens=387973120/1000000000 loss=2.8903 lr=0.000216 tok/s=41,426 eta=14774.02791733645
step=2961 tokens=388104192/1000000000 loss=2.8648 lr=0.000216 tok/s=41,127 eta=14878.232795097834
step=2962 tokens=388235264/1000000000 loss=2.9239 lr=0.000216 tok/s=40,825 eta=14985.04342213678
step=2963 tokens=388366336/1000000000 loss=2.8992 lr=0.000216 tok/s=41,231 eta=14834.229724770586
step=2964 tokens=388497408/1000000000 loss=2.8928 lr=0.000216 tok/s=41,187 eta=14847.153343082122
step=2965 tokens=388628480/1000000000 loss=2.8732 lr=0.000216 tok/s=41,136 eta=14862.079293013607
step=2966 tokens=388759552/1000000000 loss=2.8820 lr=0.000216 tok/s=40,663 eta=15031.756437064108
step=2967 tokens=388890624/1000000000 loss=2.8892 lr=0.000216 tok/s=41,088 eta=14873.018632308513
step=2968 tokens=389021696/1000000000 loss=3.2772 lr=0.000216 tok/s=41,095 eta=14867.498694381262
step=2969 tokens=389152768/1000000000 loss=3.5632 lr=0.000216 tok/s=41,127 eta=14852.541432098898
step=2970 tokens=389283840/1000000000 loss=3.5427 lr=0.000216 tok/s=41,019 eta=14888.648812642023
step=2971 tokens=389414912/1000000000 loss=3.4450 lr=0.000216 tok/s=40,952 eta=14909.752810205073
step=2972 tokens=389545984/1000000000 loss=3.5014 lr=0.000216 tok/s=40,975 eta=14898.340667609384
step=2973 tokens=389677056/1000000000 loss=3.4604 lr=0.000216 tok/s=41,066 eta=14861.864276749859
step=2974 tokens=389808128/1000000000 loss=3.4288 lr=0.000216 tok/s=40,905 eta=14917.302651310278
step=2975 tokens=389939200/1000000000 loss=3.4486 lr=0.000216 tok/s=40,923 eta=14907.567230409237
step=2976 tokens=390070272/1000000000 loss=3.4476 lr=0.000216 tok/s=29,688 eta=20544.591646280995
step=2977 tokens=390201344/1000000000 loss=3.3999 lr=0.000216 tok/s=40,939 eta=14895.312855677397
step=2978 tokens=390332416/1000000000 loss=3.4652 lr=0.000216 tok/s=40,976 eta=14878.507045170632
step=2979 tokens=390463488/1000000000 loss=3.4195 lr=0.000215 tok/s=40,993 eta=14869.235710130688
step=2980 tokens=390594560/1000000000 loss=3.3879 lr=0.000215 tok/s=40,869 eta=14911.291127569397
step=2981 tokens=390725632/1000000000 loss=3.4048 lr=0.000215 tok/s=40,887 eta=14901.34660237049
step=2982 tokens=390856704/1000000000 loss=3.4504 lr=0.000215 tok/s=41,164 eta=14797.836978724503
step=2983 tokens=390987776/1000000000 loss=3.3931 lr=0.000215 tok/s=40,921 eta=14882.667903377822
step=2984 tokens=391118848/1000000000 loss=3.3439 lr=0.000215 tok/s=40,896 eta=14888.555627723272
step=2985 tokens=391249920/1000000000 loss=3.3773 lr=0.000215 tok/s=41,077 eta=14819.678127054955
step=2986 tokens=391380992/1000000000 loss=3.3480 lr=0.000215 tok/s=40,941 eta=14865.681654558959
step=2987 tokens=391512064/1000000000 loss=3.3958 lr=0.000215 tok/s=40,688 eta=14954.946462545437
step=2988 tokens=391643136/1000000000 loss=3.3907 lr=0.000215 tok/s=40,709 eta=14944.17212084042
step=2989 tokens=391774208/1000000000 loss=3.3464 lr=0.000215 tok/s=41,077 eta=14806.952705151383
step=2990 tokens=391905280/1000000000 loss=3.3721 lr=0.000215 tok/s=40,801 eta=14903.909352083712
step=2991 tokens=392036352/1000000000 loss=3.3747 lr=0.000215 tok/s=40,861 eta=14878.805419261314
step=2992 tokens=392167424/1000000000 loss=3.3528 lr=0.000215 tok/s=40,823 eta=14889.413261481559
step=2993 tokens=392298496/1000000000 loss=3.3106 lr=0.000215 tok/s=40,882 eta=14864.950051929383
step=2994 tokens=392429568/1000000000 loss=3.3598 lr=0.000215 tok/s=40,916 eta=14849.230261437186
step=2995 tokens=392560640/1000000000 loss=3.3448 lr=0.000215 tok/s=41,064 eta=14792.362715385747
step=2996 tokens=392691712/1000000000 loss=3.3612 lr=0.000215 tok/s=41,060 eta=14790.900167402395
step=2997 tokens=392822784/1000000000 loss=3.3106 lr=0.000215 tok/s=41,052 eta=14790.400021920927
step=2998 tokens=392953856/1000000000 loss=3.3615 lr=0.000214 tok/s=40,700 eta=14915.022399994656
step=2999 tokens=393084928/1000000000 loss=3.3424 lr=0.000214 tok/s=40,947 eta=14821.87132153028
step=3000 tokens=393216000/1000000000 loss=3.2338 lr=0.000214 tok/s=40,902 eta=14834.961133098723
step=3001 tokens=393347072/1000000000 loss=3.0939 lr=0.000214 tok/s=40,888 eta=14836.846968793807
step=3002 tokens=393478144/1000000000 loss=2.9969 lr=0.000214 tok/s=40,925 eta=14820.287563956743
step=3003 tokens=393609216/1000000000 loss=2.9838 lr=0.000214 tok/s=40,692 eta=14902.096644034875
step=3004 tokens=393740288/1000000000 loss=2.9458 lr=0.000214 tok/s=41,017 eta=14780.60458608503
step=3005 tokens=393871360/1000000000 loss=2.9132 lr=0.000214 tok/s=41,183 eta=14718.056955435353
step=3006 tokens=394002432/1000000000 loss=2.9103 lr=0.000214 tok/s=41,210 eta=14705.101514424035
step=3007 tokens=394133504/1000000000 loss=2.9244 lr=0.000214 tok/s=41,039 eta=14763.013772302898
step=3008 tokens=394264576/1000000000 loss=2.8872 lr=0.000214 tok/s=41,071 eta=14748.660975324052
step=3009 tokens=394395648/1000000000 loss=2.9034 lr=0.000214 tok/s=40,699 eta=14880.113946301335
step=3010 tokens=394526720/1000000000 loss=2.9230 lr=0.000214 tok/s=41,071 eta=14742.095729522056
step=3011 tokens=394657792/1000000000 loss=2.8624 lr=0.000214 tok/s=40,843 eta=14821.24550196217
step=3012 tokens=394788864/1000000000 loss=2.8598 lr=0.000214 tok/s=40,874 eta=14806.660053008278
step=3013 tokens=394919936/1000000000 loss=2.8564 lr=0.000214 tok/s=41,073 eta=14731.715676701106
step=3014 tokens=395051008/1000000000 loss=2.9240 lr=0.000214 tok/s=41,179 eta=14690.828019189064
step=3015 tokens=395182080/1000000000 loss=2.8552 lr=0.000214 tok/s=41,259 eta=14659.087923665309
step=3016 tokens=395313152/1000000000 loss=2.8666 lr=0.000214 tok/s=41,114 eta=14707.675501440093
step=3017 tokens=395444224/1000000000 loss=2.8523 lr=0.000213 tok/s=41,040 eta=14730.937752249733
step=3018 tokens=395575296/1000000000 loss=2.8681 lr=0.000213 tok/s=41,065 eta=14718.556781562951
step=3019 tokens=395706368/1000000000 loss=2.8502 lr=0.000213 tok/s=40,862 eta=14788.780804298309
step=3020 tokens=395837440/1000000000 loss=2.8637 lr=0.000213 tok/s=41,234 eta=14651.947757705313
step=3021 tokens=395968512/1000000000 loss=2.8517 lr=0.000213 tok/s=41,014 eta=14727.5500411496
step=3022 tokens=396099584/1000000000 loss=2.8365 lr=0.000213 tok/s=41,026 eta=14719.964209567303
step=3023 tokens=396230656/1000000000 loss=2.8397 lr=0.000213 tok/s=40,898 eta=14762.684124945008
step=3024 tokens=396361728/1000000000 loss=2.8545 lr=0.000213 tok/s=40,905 eta=14756.898336421627
step=3025 tokens=396492800/1000000000 loss=2.8562 lr=0.000213 tok/s=40,987 eta=14724.219368098107
step=3026 tokens=396623872/1000000000 loss=2.8470 lr=0.000213 tok/s=40,936 eta=14739.589426633429
step=3027 tokens=396754944/1000000000 loss=2.8335 lr=0.000213 tok/s=40,921 eta=14741.635705765495
step=3028 tokens=396886016/1000000000 loss=2.7991 lr=0.000213 tok/s=40,948 eta=14728.826628234516
step=3029 tokens=397017088/1000000000 loss=2.8277 lr=0.000213 tok/s=41,001 eta=14706.488903420017
step=3030 tokens=397148160/1000000000 loss=2.8399 lr=0.000213 tok/s=40,524 eta=14876.427445084331
step=3031 tokens=397279232/1000000000 loss=2.8125 lr=0.000213 tok/s=40,759 eta=14787.35278693772
step=3032 tokens=397410304/1000000000 loss=3.1870 lr=0.000213 tok/s=40,854 eta=14749.900188891843
step=3033 tokens=397541376/1000000000 loss=3.7454 lr=0.000213 tok/s=40,594 eta=14841.012957797038
step=3034 tokens=397672448/1000000000 loss=3.6236 lr=0.000213 tok/s=40,974 eta=14700.228433639717
step=3035 tokens=397803520/1000000000 loss=3.6437 lr=0.000213 tok/s=41,232 eta=14605.026025238896
step=3036 tokens=397934592/1000000000 loss=3.5668 lr=0.000212 tok/s=41,207 eta=14610.62321652165
step=3037 tokens=398065664/1000000000 loss=3.6083 lr=0.000212 tok/s=41,181 eta=14616.906322966106
step=3038 tokens=398196736/1000000000 loss=3.6337 lr=0.000212 tok/s=41,121 eta=14634.912422776948
step=3039 tokens=398327808/1000000000 loss=3.6191 lr=0.000212 tok/s=41,078 eta=14647.11157408222
step=3040 tokens=398458880/1000000000 loss=3.6695 lr=0.000212 tok/s=40,585 eta=14821.937206722574
step=3041 tokens=398589952/1000000000 loss=3.6368 lr=0.000212 tok/s=41,004 eta=14667.248610998144
step=3042 tokens=398721024/1000000000 loss=3.5506 lr=0.000212 tok/s=40,931 eta=14690.05568271276
step=3043 tokens=398852096/1000000000 loss=3.5920 lr=0.000212 tok/s=41,111 eta=14622.66510573555
step=3044 tokens=398983168/1000000000 loss=3.5793 lr=0.000212 tok/s=41,022 eta=14650.94355979107
step=3045 tokens=399114240/1000000000 loss=3.6440 lr=0.000212 tok/s=41,015 eta=14650.234438989964
step=3046 tokens=399245312/1000000000 loss=3.6735 lr=0.000212 tok/s=41,003 eta=14651.424220071689
step=3047 tokens=399376384/1000000000 loss=3.5737 lr=0.000212 tok/s=40,937 eta=14671.80375166016
step=3048 tokens=399507456/1000000000 loss=3.5943 lr=0.000212 tok/s=41,050 eta=14628.48887429424
step=3049 tokens=399638528/1000000000 loss=3.5059 lr=0.000212 tok/s=41,115 eta=14601.997108533631
step=3050 tokens=399769600/1000000000 loss=3.5400 lr=0.000212 tok/s=40,938 eta=14661.886271927811
step=3051 tokens=399900672/1000000000 loss=3.5362 lr=0.000212 tok/s=40,873 eta=14682.081871815373
step=3052 tokens=400031744/1000000000 loss=3.6117 lr=0.000212 tok/s=29,737 eta=20175.655466050084
checkpoint saved: runs/20260905-135527/checkpoints/tokens_000400m (permanent_tokens)
step=3053 tokens=400162816/1000000000 loss=3.6015 lr=0.000212 tok/s=35,953 eta=16684.013830299526
step=3054 tokens=400293888/1000000000 loss=3.5488 lr=0.000212 tok/s=40,831 eta=14687.346157360416
step=3055 tokens=400424960/1000000000 loss=3.4919 lr=0.000211 tok/s=41,139 eta=14574.252706230778
step=3056 tokens=400556032/1000000000 loss=3.6184 lr=0.000211 tok/s=41,151 eta=14567.068607820645
step=3057 tokens=400687104/1000000000 loss=3.6544 lr=0.000211 tok/s=41,097 eta=14582.840972284026
step=3058 tokens=400818176/1000000000 loss=3.5135 lr=0.000211 tok/s=41,088 eta=14582.979510732323
step=3059 tokens=400949248/1000000000 loss=3.5814 lr=0.000211 tok/s=41,155 eta=14556.04624224055
step=3060 tokens=401080320/1000000000 loss=3.5032 lr=0.000211 tok/s=40,947 eta=14626.862479894759
step=3061 tokens=401211392/1000000000 loss=3.4971 lr=0.000211 tok/s=40,618 eta=14742.050683883357
step=3062 tokens=401342464/1000000000 loss=3.4539 lr=0.000211 tok/s=40,943 eta=14621.904018154723
step=3063 tokens=401473536/1000000000 loss=3.5345 lr=0.000211 tok/s=41,002 eta=14597.462003598868
step=3064 tokens=401604608/1000000000 loss=3.0590 lr=0.000211 tok/s=41,021 eta=14587.566471441329
step=3065 tokens=401735680/1000000000 loss=2.6505 lr=0.000211 tok/s=41,014 eta=14586.668834943566
step=3066 tokens=401866752/1000000000 loss=2.6400 lr=0.000211 tok/s=41,005 eta=14586.932629742258
step=3067 tokens=401997824/1000000000 loss=2.5749 lr=0.000211 tok/s=41,100 eta=14549.957743746125
step=3068 tokens=402128896/1000000000 loss=2.5402 lr=0.000211 tok/s=40,659 eta=14704.399590703219
step=3069 tokens=402259968/1000000000 loss=2.5310 lr=0.000211 tok/s=41,077 eta=14551.651526662876
step=3070 tokens=402391040/1000000000 loss=2.5358 lr=0.000211 tok/s=41,134 eta=14528.242658921941
step=3071 tokens=402522112/1000000000 loss=2.5163 lr=0.000211 tok/s=40,959 eta=14587.210009239661
step=3072 tokens=402653184/1000000000 loss=2.5050 lr=0.000211 tok/s=40,677 eta=14685.006234703504
step=3073 tokens=402784256/1000000000 loss=2.5020 lr=0.00021 tok/s=40,914 eta=14596.840792769368
step=3074 tokens=402915328/1000000000 loss=2.5573 lr=0.00021 tok/s=40,811 eta=14630.331206336241
step=3075 tokens=403046400/1000000000 loss=2.5210 lr=0.00021 tok/s=41,108 eta=14521.57625919525
step=3076 tokens=403177472/1000000000 loss=2.5019 lr=0.00021 tok/s=41,203 eta=14484.787470239708
step=3077 tokens=403308544/1000000000 loss=2.5170 lr=0.00021 tok/s=40,906 eta=14586.997994549502
step=3078 tokens=403439616/1000000000 loss=2.4583 lr=0.00021 tok/s=41,043 eta=14535.073726801716
step=3079 tokens=403570688/1000000000 loss=2.5067 lr=0.00021 tok/s=40,959 eta=14561.527387541306
step=3080 tokens=403701760/1000000000 loss=2.5106 lr=0.00021 tok/s=40,942 eta=14564.531102082261
step=3081 tokens=403832832/1000000000 loss=2.5397 lr=0.00021 tok/s=40,870 eta=14586.925188302757
step=3082 tokens=403963904/1000000000 loss=2.4868 lr=0.00021 tok/s=41,020 eta=14530.362876891013
step=3083 tokens=404094976/1000000000 loss=2.4467 lr=0.00021 tok/s=41,023 eta=14526.11456587329
step=3084 tokens=404226048/1000000000 loss=2.4154 lr=0.00021 tok/s=41,024 eta=14522.551108963728
step=3085 tokens=404357120/1000000000 loss=2.4407 lr=0.00021 tok/s=40,984 eta=14533.687448996552
step=3086 tokens=404488192/1000000000 loss=2.4351 lr=0.00021 tok/s=41,079 eta=14496.705178132406
step=3087 tokens=404619264/1000000000 loss=2.4459 lr=0.00021 tok/s=40,928 eta=14547.00592206701
step=3088 tokens=404750336/1000000000 loss=2.4531 lr=0.00021 tok/s=41,138 eta=14469.509738923514
step=3089 tokens=404881408/1000000000 loss=2.4475 lr=0.00021 tok/s=41,047 eta=14498.337387014402
step=3090 tokens=405012480/1000000000 loss=2.4468 lr=0.00021 tok/s=41,155 eta=14457.308390123788
step=3091 tokens=405143552/1000000000 loss=2.4428 lr=0.00021 tok/s=41,203 eta=14437.140990946738
step=3092 tokens=405274624/1000000000 loss=2.4271 lr=0.000209 tok/s=41,261 eta=14413.88659536578
step=3093 tokens=405405696/1000000000 loss=2.3965 lr=0.000209 tok/s=41,334 eta=14385.052114355572
step=3094 tokens=405536768/1000000000 loss=2.4618 lr=0.000209 tok/s=41,200 eta=14428.62977486604
step=3095 tokens=405667840/1000000000 loss=2.4287 lr=0.000209 tok/s=41,152 eta=14442.377629125825
step=3096 tokens=405798912/1000000000 loss=3.0677 lr=0.000209 tok/s=40,812 eta=14559.310343175073
step=3097 tokens=405929984/1000000000 loss=3.6625 lr=0.000209 tok/s=41,271 eta=14394.396466296703
step=3098 tokens=406061056/1000000000 loss=3.4753 lr=0.000209 tok/s=41,119 eta=14444.427519939383
step=3099 tokens=406192128/1000000000 loss=3.6187 lr=0.000209 tok/s=41,040 eta=14468.854316805106
step=3100 tokens=406323200/1000000000 loss=3.5494 lr=0.000209 tok/s=41,129 eta=14434.395064620125
step=3101 tokens=406454272/1000000000 loss=3.5691 lr=0.000209 tok/s=40,920 eta=14505.006002950364
step=3102 tokens=406585344/1000000000 loss=3.5691 lr=0.000209 tok/s=41,030 eta=14462.976913054046
step=3103 tokens=406716416/1000000000 loss=3.5612 lr=0.000209 tok/s=41,091 eta=14438.411989516844
step=3104 tokens=406847488/1000000000 loss=3.6270 lr=0.000209 tok/s=41,063 eta=14445.041803279957
step=3105 tokens=406978560/1000000000 loss=3.5527 lr=0.000209 tok/s=41,219 eta=14387.184208467655
step=3106 tokens=407109632/1000000000 loss=3.5039 lr=0.000209 tok/s=41,016 eta=14455.117629563852
step=3107 tokens=407240704/1000000000 loss=3.7977 lr=0.000209 tok/s=41,008 eta=14454.78883999724
step=3108 tokens=407371776/1000000000 loss=3.6194 lr=0.000209 tok/s=41,115 eta=14413.890430012654
step=3109 tokens=407502848/1000000000 loss=3.5894 lr=0.000209 tok/s=40,790 eta=14525.425461458457
step=3110 tokens=407633920/1000000000 loss=3.4868 lr=0.000209 tok/s=40,766 eta=14530.742527471495
step=3111 tokens=407764992/1000000000 loss=3.5734 lr=0.000208 tok/s=40,851 eta=14497.290727100182
step=3112 tokens=407896064/1000000000 loss=3.5954 lr=0.000208 tok/s=40,824 eta=14503.88016181887
step=3113 tokens=408027136/1000000000 loss=3.5867 lr=0.000208 tok/s=40,794 eta=14511.245610435566
step=3114 tokens=408158208/1000000000 loss=3.5499 lr=0.000208 tok/s=40,924 eta=14461.815662556732
step=3115 tokens=408289280/1000000000 loss=3.5915 lr=0.000208 tok/s=40,863 eta=14480.391522513222
step=3116 tokens=408420352/1000000000 loss=3.7768 lr=0.000208 tok/s=40,979 eta=14436.215222196332
step=3117 tokens=408551424/1000000000 loss=3.5952 lr=0.000208 tok/s=40,904 eta=14459.398364452729
step=3118 tokens=408682496/1000000000 loss=3.6089 lr=0.000208 tok/s=41,155 eta=14367.887936184841
step=3119 tokens=408813568/1000000000 loss=3.5099 lr=0.000208 tok/s=41,106 eta=14381.857970994326
step=3120 tokens=408944640/1000000000 loss=3.5590 lr=0.000208 tok/s=41,130 eta=14370.354567513597
step=3121 tokens=409075712/1000000000 loss=3.6123 lr=0.000208 tok/s=40,885 eta=14453.253762467728
step=3122 tokens=409206784/1000000000 loss=3.6129 lr=0.000208 tok/s=40,729 eta=14505.471255476237
step=3123 tokens=409337856/1000000000 loss=3.4782 lr=0.000208 tok/s=40,907 eta=14439.215784272059
step=3124 tokens=409468928/1000000000 loss=3.4573 lr=0.000208 tok/s=40,581 eta=14552.008442943243
step=3125 tokens=409600000/1000000000 loss=3.4124 lr=0.000208 tok/s=40,785 eta=14475.94319190948
step=3126 tokens=409731072/1000000000 loss=3.5206 lr=0.000208 tok/s=40,838 eta=14453.93808567296
step=3127 tokens=409862144/1000000000 loss=3.6072 lr=0.000208 tok/s=41,055 eta=14374.19829957179
step=3128 tokens=409993216/1000000000 loss=3.9008 lr=0.000208 tok/s=40,511 eta=14564.236622482598
step=3129 tokens=410124288/1000000000 loss=4.4231 lr=0.000207 tok/s=29,659 eta=19888.266566762548
step=3130 tokens=410255360/1000000000 loss=4.3909 lr=0.000207 tok/s=41,182 eta=14320.413708442587
step=3131 tokens=410386432/1000000000 loss=4.6021 lr=0.000207 tok/s=41,168 eta=14322.132263827398
step=3132 tokens=410517504/1000000000 loss=4.3589 lr=0.000207 tok/s=41,052 eta=14359.491719427617
step=3133 tokens=410648576/1000000000 loss=4.4644 lr=0.000207 tok/s=41,037 eta=14361.553152484788
step=3134 tokens=410779648/1000000000 loss=4.2287 lr=0.000207 tok/s=41,170 eta=14311.73345349019
step=3135 tokens=410910720/1000000000 loss=4.1446 lr=0.000207 tok/s=41,006 eta=14365.846499800884
step=3136 tokens=411041792/1000000000 loss=4.3101 lr=0.000207 tok/s=41,108 eta=14326.940162391038
step=3137 tokens=411172864/1000000000 loss=4.3294 lr=0.000207 tok/s=40,977 eta=14369.616307502436
step=3138 tokens=411303936/1000000000 loss=4.2691 lr=0.000207 tok/s=40,854 eta=14409.894931787507
step=3139 tokens=411435008/1000000000 loss=4.1323 lr=0.000207 tok/s=41,117 eta=14314.311346347085
step=3140 tokens=411566080/1000000000 loss=4.2330 lr=0.000207 tok/s=41,188 eta=14286.414441141787
step=3141 tokens=411697152/1000000000 loss=4.0992 lr=0.000207 tok/s=41,150 eta=14296.521106905326
step=3142 tokens=411828224/1000000000 loss=4.2573 lr=0.000207 tok/s=41,203 eta=14275.015960278386
step=3143 tokens=411959296/1000000000 loss=4.5444 lr=0.000207 tok/s=40,900 eta=14377.383629936092
step=3144 tokens=412090368/1000000000 loss=4.1118 lr=0.000207 tok/s=41,070 eta=14314.842018833406
step=3145 tokens=412221440/1000000000 loss=4.1989 lr=0.000207 tok/s=41,182 eta=14272.5766379101
step=3146 tokens=412352512/1000000000 loss=4.3702 lr=0.000207 tok/s=41,078 eta=14305.490439169134
step=3147 tokens=412483584/1000000000 loss=4.1904 lr=0.000207 tok/s=41,185 eta=14265.472448033393
step=3148 tokens=412614656/1000000000 loss=4.5345 lr=0.000206 tok/s=41,200 eta=14256.755365085539
step=3149 tokens=412745728/1000000000 loss=4.3697 lr=0.000206 tok/s=41,305 eta=14217.682060293342
step=3150 tokens=412876800/1000000000 loss=4.4246 lr=0.000206 tok/s=41,254 eta=14231.759476205152
step=3151 tokens=413007872/1000000000 loss=4.2411 lr=0.000206 tok/s=40,927 eta=14342.484498087348
step=3152 tokens=413138944/1000000000 loss=4.3651 lr=0.000206 tok/s=40,798 eta=14384.442323574518
step=3153 tokens=413270016/1000000000 loss=4.0757 lr=0.000206 tok/s=41,083 eta=14281.503226569055
step=3154 tokens=413401088/1000000000 loss=4.3089 lr=0.000206 tok/s=40,865 eta=14354.488988072964
step=3155 tokens=413532160/1000000000 loss=4.0350 lr=0.000206 tok/s=41,026 eta=14294.861954548755
step=3156 tokens=413663232/1000000000 loss=4.0436 lr=0.000206 tok/s=40,967 eta=14312.359595467258
step=3157 tokens=413794304/1000000000 loss=4.1697 lr=0.000206 tok/s=40,964 eta=14310.297824832654
step=3158 tokens=413925376/1000000000 loss=4.5253 lr=0.000206 tok/s=40,971 eta=14304.47690910598
step=3159 tokens=414056448/1000000000 loss=4.2727 lr=0.000206 tok/s=40,853 eta=14342.72683360108
step=3160 tokens=414187520/1000000000 loss=3.6537 lr=0.000206 tok/s=41,056 eta=14268.63740447665
step=3161 tokens=414318592/1000000000 loss=3.6232 lr=0.000206 tok/s=40,827 eta=14345.556248725607
step=3162 tokens=414449664/1000000000 loss=3.4051 lr=0.000206 tok/s=40,894 eta=14318.743007951303
step=3163 tokens=414580736/1000000000 loss=3.6046 lr=0.000206 tok/s=40,904 eta=14311.932438290834
step=3164 tokens=414711808/1000000000 loss=3.5350 lr=0.000206 tok/s=40,872 eta=14320.153858209378
step=3165 tokens=414842880/1000000000 loss=3.6141 lr=0.000206 tok/s=40,969 eta=14283.007711260398
step=3166 tokens=414973952/1000000000 loss=3.6089 lr=0.000205 tok/s=41,085 eta=14239.373660858866
step=3167 tokens=415105024/1000000000 loss=3.4457 lr=0.000205 tok/s=41,098 eta=14231.655019905535
step=3168 tokens=415236096/1000000000 loss=3.5559 lr=0.000205 tok/s=40,474 eta=14447.953285940295
step=3169 tokens=415367168/1000000000 loss=3.5100 lr=0.000205 tok/s=40,773 eta=14338.76334020338
step=3170 tokens=415498240/1000000000 loss=3.5078 lr=0.000205 tok/s=40,560 eta=14410.7663062422
step=3171 tokens=415629312/1000000000 loss=3.4683 lr=0.000205 tok/s=40,850 eta=14305.24757821538
step=3172 tokens=415760384/1000000000 loss=3.5748 lr=0.000205 tok/s=40,673 eta=14364.220451493637
step=3173 tokens=415891456/1000000000 loss=3.5700 lr=0.000205 tok/s=40,646 eta=14370.721780142521
step=3174 tokens=416022528/1000000000 loss=3.5363 lr=0.000205 tok/s=40,849 eta=14296.156040293281
step=3175 tokens=416153600/1000000000 loss=3.5969 lr=0.000205 tok/s=40,873 eta=14284.51269647346
step=3176 tokens=416284672/1000000000 loss=3.5144 lr=0.000205 tok/s=40,662 eta=14355.18751095346
step=3177 tokens=416415744/1000000000 loss=3.4728 lr=0.000205 tok/s=40,912 eta=14264.407145544214
step=3178 tokens=416546816/1000000000 loss=3.7494 lr=0.000205 tok/s=40,908 eta=14262.437391356954
step=3179 tokens=416677888/1000000000 loss=3.6041 lr=0.000205 tok/s=41,150 eta=14175.415321424081
step=3180 tokens=416808960/1000000000 loss=3.6348 lr=0.000205 tok/s=40,911 eta=14255.106728893797
step=3181 tokens=416940032/1000000000 loss=3.4577 lr=0.000205 tok/s=40,828 eta=14281.02123027961
step=3182 tokens=417071104/1000000000 loss=3.5336 lr=0.000205 tok/s=40,922 eta=14244.91301386185
step=3183 tokens=417202176/1000000000 loss=3.5646 lr=0.000205 tok/s=40,908 eta=14246.653002417668
step=3184 tokens=417333248/1000000000 loss=3.5396 lr=0.000205 tok/s=40,859 eta=14260.565378417978
step=3185 tokens=417464320/1000000000 loss=3.5278 lr=0.000204 tok/s=40,898 eta=14243.461339629654
step=3186 tokens=417595392/1000000000 loss=3.5480 lr=0.000204 tok/s=40,879 eta=14246.989809479668
step=3187 tokens=417726464/1000000000 loss=3.5186 lr=0.000204 tok/s=40,978 eta=14209.416622133112
step=3188 tokens=417857536/1000000000 loss=3.4388 lr=0.000204 tok/s=40,744 eta=14287.968458786821
step=3189 tokens=417988608/1000000000 loss=3.4829 lr=0.000204 tok/s=41,026 eta=14186.277121896692
step=3190 tokens=418119680/1000000000 loss=3.4480 lr=0.000204 tok/s=41,132 eta=14146.740455714973
step=3191 tokens=418250752/1000000000 loss=3.5603 lr=0.000204 tok/s=41,024 eta=14180.74816376627
step=3192 tokens=418381824/1000000000 loss=2.6862 lr=0.000204 tok/s=40,799 eta=14255.80410495944
step=3193 tokens=418512896/1000000000 loss=2.0375 lr=0.000204 tok/s=40,962 eta=14195.792373746172
step=3194 tokens=418643968/1000000000 loss=1.9605 lr=0.000204 tok/s=41,029 eta=14169.372795319217
step=3195 tokens=418775040/1000000000 loss=1.8913 lr=0.000204 tok/s=40,650 eta=14298.288896111191
step=3196 tokens=418906112/1000000000 loss=1.8642 lr=0.000204 tok/s=40,872 eta=14217.318634698302
step=3197 tokens=419037184/1000000000 loss=1.8474 lr=0.000204 tok/s=41,028 eta=14160.16806532293
step=3198 tokens=419168256/1000000000 loss=1.8256 lr=0.000204 tok/s=40,612 eta=14302.016263566142
step=3199 tokens=419299328/1000000000 loss=1.7893 lr=0.000204 tok/s=40,982 eta=14169.793763056618
step=3200 tokens=419430400/1000000000 loss=1.8112 lr=0.000204 tok/s=40,833 eta=14218.098065420452
step=3201 tokens=419561472/1000000000 loss=1.7749 lr=0.000204 tok/s=40,777 eta=14234.32237231888
step=3202 tokens=419692544/1000000000 loss=1.7501 lr=0.000204 tok/s=40,889 eta=14192.313024055258
step=3203 tokens=419823616/1000000000 loss=1.7778 lr=0.000203 tok/s=40,686 eta=14259.729833030986
step=3204 tokens=419954688/1000000000 loss=1.7369 lr=0.000203 tok/s=40,806 eta=14214.723691089499
step=3205 tokens=420085760/1000000000 loss=1.7157 lr=0.000203 tok/s=29,573 eta=19609.510926811396
step=3206 tokens=420216832/1000000000 loss=1.7618 lr=0.000203 tok/s=41,013 eta=14136.548956573404
step=3207 tokens=420347904/1000000000 loss=1.7314 lr=0.000203 tok/s=40,906 eta=14170.267633181262
step=3208 tokens=420478976/1000000000 loss=1.7274 lr=0.000203 tok/s=40,921 eta=14161.938207536305
step=3209 tokens=420610048/1000000000 loss=1.7117 lr=0.000203 tok/s=41,078 eta=14104.649890991808
step=3210 tokens=420741120/1000000000 loss=1.7165 lr=0.000203 tok/s=40,914 eta=14157.996025898283
step=3211 tokens=420872192/1000000000 loss=1.7158 lr=0.000203 tok/s=40,969 eta=14135.91347353174
step=3212 tokens=421003264/1000000000 loss=1.7071 lr=0.000203 tok/s=40,982 eta=14128.06853052956
step=3213 tokens=421134336/1000000000 loss=1.7020 lr=0.000203 tok/s=40,736 eta=14210.212034910062
step=3214 tokens=421265408/1000000000 loss=1.7067 lr=0.000203 tok/s=40,778 eta=14192.224670452495
step=3215 tokens=421396480/1000000000 loss=1.7024 lr=0.000203 tok/s=40,766 eta=14193.14783739233
step=3216 tokens=421527552/1000000000 loss=1.6992 lr=0.000203 tok/s=40,680 eta=14220.069346116368
step=3217 tokens=421658624/1000000000 loss=1.6753 lr=0.000203 tok/s=40,771 eta=14185.074325114101
step=3218 tokens=421789696/1000000000 loss=1.6620 lr=0.000203 tok/s=40,748 eta=14190.013729561973
step=3219 tokens=421920768/1000000000 loss=1.6582 lr=0.000203 tok/s=40,698 eta=14204.159377307595
step=3220 tokens=422051840/1000000000 loss=1.6850 lr=0.000203 tok/s=40,695 eta=14201.853866842459
step=3221 tokens=422182912/1000000000 loss=1.6487 lr=0.000203 tok/s=41,050 eta=14075.829906491103
step=3222 tokens=422313984/1000000000 loss=1.6653 lr=0.000202 tok/s=40,985 eta=14095.052822281106
step=3223 tokens=422445056/1000000000 loss=1.6407 lr=0.000202 tok/s=40,903 eta=14120.235825282298
step=3224 tokens=422576128/1000000000 loss=2.6612 lr=0.000202 tok/s=41,101 eta=14048.997006357227
step=3225 tokens=422707200/1000000000 loss=3.7294 lr=0.000202 tok/s=41,261 eta=13991.373750838562
step=3226 tokens=422838272/1000000000 loss=3.6967 lr=0.000202 tok/s=41,190 eta=14012.020636766803
step=3227 tokens=422969344/1000000000 loss=3.7064 lr=0.000202 tok/s=41,150 eta=14022.743262637388
step=3228 tokens=423100416/1000000000 loss=3.6567 lr=0.000202 tok/s=41,063 eta=14049.197805212734
step=3229 tokens=423231488/1000000000 loss=3.6420 lr=0.000202 tok/s=41,217 eta=13993.631331512614
step=3230 tokens=423362560/1000000000 loss=3.6880 lr=0.000202 tok/s=40,928 eta=14089.211656812566
step=3231 tokens=423493632/1000000000 loss=3.7335 lr=0.000202 tok/s=41,071 eta=14036.886695624038
step=3232 tokens=423624704/1000000000 loss=3.5980 lr=0.000202 tok/s=40,870 eta=14102.572973492766
step=3233 tokens=423755776/1000000000 loss=3.6437 lr=0.000202 tok/s=41,056 eta=14035.572092096887
step=3234 tokens=423886848/1000000000 loss=3.6562 lr=0.000202 tok/s=41,032 eta=14040.479555793258
step=3235 tokens=424017920/1000000000 loss=3.7159 lr=0.000202 tok/s=41,070 eta=14024.325808357758
step=3236 tokens=424148992/1000000000 loss=3.7301 lr=0.000202 tok/s=40,771 eta=14123.874348727248
step=3237 tokens=424280064/1000000000 loss=3.6267 lr=0.000202 tok/s=40,910 eta=14072.791512156682
step=3238 tokens=424411136/1000000000 loss=3.6824 lr=0.000202 tok/s=40,849 eta=14090.7127276453
step=3239 tokens=424542208/1000000000 loss=3.6493 lr=0.000202 tok/s=40,886 eta=14074.656822973964
step=3240 tokens=424673280/1000000000 loss=3.6294 lr=0.000201 tok/s=40,960 eta=14046.136851927367
step=3241 tokens=424804352/1000000000 loss=3.6844 lr=0.000201 tok/s=40,957 eta=14044.01202678403
step=3242 tokens=424935424/1000000000 loss=3.5509 lr=0.000201 tok/s=40,784 eta=14100.347822374104
step=3243 tokens=425066496/1000000000 loss=3.5714 lr=0.000201 tok/s=40,889 eta=14060.785680552306
step=3244 tokens=425197568/1000000000 loss=3.5635 lr=0.000201 tok/s=40,935 eta=14041.924667228372
step=3245 tokens=425328640/1000000000 loss=3.4904 lr=0.000201 tok/s=40,965 eta=14028.321562140804
step=3246 tokens=425459712/1000000000 loss=3.6889 lr=0.000201 tok/s=41,044 eta=13998.105441803076
step=3247 tokens=425590784/1000000000 loss=3.5764 lr=0.000201 tok/s=41,041 eta=13996.044908208833
step=3248 tokens=425721856/1000000000 loss=3.5200 lr=0.000201 tok/s=41,117 eta=13967.083374602256
step=3249 tokens=425852928/1000000000 loss=3.6370 lr=0.000201 tok/s=41,095 eta=13971.065194714529
step=3250 tokens=425984000/1000000000 loss=3.7303 lr=0.000201 tok/s=40,995 eta=14002.00231748606
step=3251 tokens=426115072/1000000000 loss=3.6374 lr=0.000201 tok/s=41,022 eta=13989.622667318325
step=3252 tokens=426246144/1000000000 loss=3.6602 lr=0.000201 tok/s=41,183 eta=13931.729097789797
step=3253 tokens=426377216/1000000000 loss=3.5755 lr=0.000201 tok/s=40,947 eta=14008.848351873647
step=3254 tokens=426508288/1000000000 loss=3.5409 lr=0.000201 tok/s=41,162 eta=13932.548687840477
step=3255 tokens=426639360/1000000000 loss=3.6219 lr=0.000201 tok/s=40,921 eta=14011.394963337829
step=3256 tokens=426770432/1000000000 loss=3.5117 lr=0.000201 tok/s=40,721 eta=14077.07299750718
step=3257 tokens=426901504/1000000000 loss=3.5891 lr=0.000201 tok/s=40,913 eta=14007.802232467111
step=3258 tokens=427032576/1000000000 loss=3.5704 lr=0.0002 tok/s=40,913 eta=14004.40679434551
step=3259 tokens=427163648/1000000000 loss=3.4738 lr=0.0002 tok/s=40,963 eta=13984.3691739222
step=3260 tokens=427294720/1000000000 loss=3.5001 lr=0.0002 tok/s=40,939 eta=13989.162595653714
step=3261 tokens=427425792/1000000000 loss=3.5672 lr=0.0002 tok/s=40,919 eta=13992.878633684686
step=3262 tokens=427556864/1000000000 loss=3.5975 lr=0.0002 tok/s=40,613 eta=14095.223323087725
step=3263 tokens=427687936/1000000000 loss=3.6132 lr=0.0002 tok/s=41,011 eta=13955.040865265122
step=3264 tokens=427819008/1000000000 loss=3.5427 lr=0.0002 tok/s=40,513 eta=14123.501737155817
step=3265 tokens=427950080/1000000000 loss=3.5678 lr=0.0002 tok/s=40,585 eta=14095.253815401124
step=3266 tokens=428081152/1000000000 loss=3.6039 lr=0.0002 tok/s=40,836 eta=14005.428713933516
step=3267 tokens=428212224/1000000000 loss=3.6133 lr=0.0002 tok/s=40,760 eta=14028.231110203096
step=3268 tokens=428343296/1000000000 loss=3.5991 lr=0.0002 tok/s=40,612 eta=14075.969634167144
step=3269 tokens=428474368/1000000000 loss=3.5907 lr=0.0002 tok/s=40,927 eta=13964.425681218307
step=3270 tokens=428605440/1000000000 loss=3.5460 lr=0.0002 tok/s=40,941 eta=13956.492515368764
step=3271 tokens=428736512/1000000000 loss=3.4647 lr=0.0002 tok/s=40,948 eta=13950.85278015734
step=3272 tokens=428867584/1000000000 loss=3.5894 lr=0.0002 tok/s=40,771 eta=14008.39138225833
step=3273 tokens=428998656/1000000000 loss=3.5761 lr=0.0002 tok/s=40,798 eta=13995.860246884058
step=3274 tokens=429129728/1000000000 loss=3.6873 lr=0.0002 tok/s=40,914 eta=13952.8060450735
step=3275 tokens=429260800/1000000000 loss=3.5648 lr=0.0002 tok/s=40,973 eta=13929.482273553205
step=3276 tokens=429391872/1000000000 loss=3.6467 lr=0.000199 tok/s=40,993 eta=13919.598505191458
step=3277 tokens=429522944/1000000000 loss=3.6117 lr=0.000199 tok/s=41,007 eta=13911.800550705646
step=3278 tokens=429654016/1000000000 loss=3.5971 lr=0.000199 tok/s=40,844 eta=13963.923573800635
step=3279 tokens=429785088/1000000000 loss=3.5408 lr=0.000199 tok/s=41,006 eta=13905.64321762146
step=3280 tokens=429916160/1000000000 loss=3.5596 lr=0.000199 tok/s=41,011 eta=13900.780054727722
step=3281 tokens=430047232/1000000000 loss=3.5978 lr=0.000199 tok/s=29,598 eta=19256.478796358413
step=3282 tokens=430178304/1000000000 loss=3.5744 lr=0.000199 tok/s=41,060 eta=13877.773320621971
step=3283 tokens=430309376/1000000000 loss=3.4786 lr=0.000199 tok/s=41,072 eta=13870.698612063026
step=3284 tokens=430440448/1000000000 loss=3.5065 lr=0.000199 tok/s=40,711 eta=13990.14361167101
step=3285 tokens=430571520/1000000000 loss=3.5664 lr=0.000199 tok/s=40,810 eta=13953.18630522773
step=3286 tokens=430702592/1000000000 loss=3.6720 lr=0.000199 tok/s=41,044 eta=13870.56042435965
step=3287 tokens=430833664/1000000000 loss=3.6182 lr=0.000199 tok/s=40,670 eta=13994.810939662193
step=3288 tokens=430964736/1000000000 loss=3.5004 lr=0.000199 tok/s=41,011 eta=13875.182412603986
step=3289 tokens=431095808/1000000000 loss=3.5976 lr=0.000199 tok/s=40,974 eta=13884.640891271303
step=3290 tokens=431226880/1000000000 loss=3.3625 lr=0.000199 tok/s=40,907 eta=13903.935567823095
step=3291 tokens=431357952/1000000000 loss=3.5591 lr=0.000199 tok/s=41,155 eta=13817.06275565996
step=3292 tokens=431489024/1000000000 loss=3.6045 lr=0.000199 tok/s=40,782 eta=13940.397526172683
step=3293 tokens=431620096/1000000000 loss=3.6111 lr=0.000199 tok/s=40,933 eta=13885.732571020957
step=3294 tokens=431751168/1000000000 loss=3.6290 lr=0.000199 tok/s=40,987 eta=13863.972005307565
step=3295 tokens=431882240/1000000000 loss=3.4577 lr=0.000198 tok/s=40,955 eta=13871.892880168833
step=3296 tokens=432013312/1000000000 loss=3.5740 lr=0.000198 tok/s=40,978 eta=13860.73134040155
step=3297 tokens=432144384/1000000000 loss=3.4776 lr=0.000198 tok/s=40,940 eta=13870.479661439911
step=3298 tokens=432275456/1000000000 loss=3.5942 lr=0.000198 tok/s=40,928 eta=13871.267964964858
step=3299 tokens=432406528/1000000000 loss=3.6248 lr=0.000198 tok/s=41,055 eta=13825.252925166387
step=3300 tokens=432537600/1000000000 loss=3.7358 lr=0.000198 tok/s=40,993 eta=13842.847653689747
step=3301 tokens=432668672/1000000000 loss=3.5538 lr=0.000198 tok/s=40,770 eta=13915.30121388418
step=3302 tokens=432799744/1000000000 loss=3.6517 lr=0.000198 tok/s=41,073 eta=13809.53515960517
step=3303 tokens=432930816/1000000000 loss=3.5359 lr=0.000198 tok/s=40,834 eta=13887.107857436507
step=3304 tokens=433061888/1000000000 loss=3.5013 lr=0.000198 tok/s=41,123 eta=13786.310369456838
step=3305 tokens=433192960/1000000000 loss=3.6586 lr=0.000198 tok/s=40,580 eta=13967.749258483233
step=3306 tokens=433324032/1000000000 loss=3.6301 lr=0.000198 tok/s=40,734 eta=13911.527288090881
step=3307 tokens=433455104/1000000000 loss=3.6408 lr=0.000198 tok/s=40,726 eta=13911.113013048682
step=3308 tokens=433586176/1000000000 loss=3.7307 lr=0.000198 tok/s=40,802 eta=13882.007875471258
step=3309 tokens=433717248/1000000000 loss=3.7570 lr=0.000198 tok/s=40,914 eta=13840.880160236833
step=3310 tokens=433848320/1000000000 loss=3.6017 lr=0.000198 tok/s=41,055 eta=13790.184634088877
step=3311 tokens=433979392/1000000000 loss=3.5384 lr=0.000198 tok/s=41,263 eta=13717.283820320898
step=3312 tokens=434110464/1000000000 loss=3.6230 lr=0.000198 tok/s=41,116 eta=13763.345085890247
step=3313 tokens=434241536/1000000000 loss=3.6997 lr=0.000197 tok/s=41,133 eta=13754.515473182666
step=3314 tokens=434372608/1000000000 loss=3.5428 lr=0.000197 tok/s=41,177 eta=13736.400420762911
step=3315 tokens=434503680/1000000000 loss=3.5228 lr=0.000197 tok/s=41,121 eta=13752.062437882194
step=3316 tokens=434634752/1000000000 loss=3.7300 lr=0.000197 tok/s=40,992 eta=13791.981267819716
step=3317 tokens=434765824/1000000000 loss=3.5616 lr=0.000197 tok/s=40,798 eta=13854.34632772554
step=3318 tokens=434896896/1000000000 loss=3.5694 lr=0.000197 tok/s=40,868 eta=13827.393897258979
step=3319 tokens=435027968/1000000000 loss=3.5294 lr=0.000197 tok/s=41,100 eta=13746.168590620153
step=3320 tokens=435159040/1000000000 loss=3.7869 lr=0.000197 tok/s=41,193 eta=13712.067419072639
step=3321 tokens=435290112/1000000000 loss=3.9327 lr=0.000197 tok/s=40,823 eta=13833.160843667258
step=3322 tokens=435421184/1000000000 loss=3.8322 lr=0.000197 tok/s=41,079 eta=13743.885404353996
step=3323 tokens=435552256/1000000000 loss=3.6387 lr=0.000197 tok/s=41,071 eta=13743.260957190943
step=3324 tokens=435683328/1000000000 loss=3.5776 lr=0.000197 tok/s=41,087 eta=13734.774946567024
step=3325 tokens=435814400/1000000000 loss=3.3781 lr=0.000197 tok/s=41,047 eta=13744.871305814568
step=3326 tokens=435945472/1000000000 loss=3.5254 lr=0.000197 tok/s=41,151 eta=13706.949870153212
step=3327 tokens=436076544/1000000000 loss=3.5981 lr=0.000197 tok/s=40,881 eta=13794.3142378918
step=3328 tokens=436207616/1000000000 loss=3.6485 lr=0.000197 tok/s=41,215 eta=13679.193551747845
step=3329 tokens=436338688/1000000000 loss=3.5923 lr=0.000197 tok/s=40,969 eta=13758.220908339177
step=3330 tokens=436469760/1000000000 loss=3.4888 lr=0.000197 tok/s=41,089 eta=13714.85279389615
step=3331 tokens=436600832/1000000000 loss=3.6402 lr=0.000196 tok/s=41,048 eta=13725.507555872406
step=3332 tokens=436731904/1000000000 loss=3.4748 lr=0.000196 tok/s=41,042 eta=13724.21313309577
step=3333 tokens=436862976/1000000000 loss=3.5813 lr=0.000196 tok/s=41,278 eta=13642.44609494181
checkpoint saved: runs/20260905-135527/checkpoints/step_000003333 (time)
step=3334 tokens=436994048/1000000000 loss=3.5106 lr=0.000196 tok/s=35,817 eta=15718.984341646737
step=3335 tokens=437125120/1000000000 loss=3.6172 lr=0.000196 tok/s=41,115 eta=13690.146314807243
step=3336 tokens=437256192/1000000000 loss=3.5521 lr=0.000196 tok/s=40,835 eta=13780.902393163446
step=3337 tokens=437387264/1000000000 loss=3.5517 lr=0.000196 tok/s=41,119 eta=13682.623226472748
step=3338 tokens=437518336/1000000000 loss=3.4866 lr=0.000196 tok/s=41,078 eta=13692.92573199418
step=3339 tokens=437649408/1000000000 loss=3.6672 lr=0.000196 tok/s=40,922 eta=13742.022300656801
step=3340 tokens=437780480/1000000000 loss=3.5026 lr=0.000196 tok/s=40,953 eta=13728.4465068825
step=3341 tokens=437911552/1000000000 loss=3.5768 lr=0.000196 tok/s=41,075 eta=13684.507528138169
step=3342 tokens=438042624/1000000000 loss=3.4705 lr=0.000196 tok/s=41,119 eta=13666.51828549225
step=3343 tokens=438173696/1000000000 loss=3.5422 lr=0.000196 tok/s=41,149 eta=13653.384531005211
step=3344 tokens=438304768/1000000000 loss=3.5812 lr=0.000196 tok/s=41,006 eta=13698.03173645889
step=3345 tokens=438435840/1000000000 loss=3.5113 lr=0.000196 tok/s=41,034 eta=13685.428096874162
step=3346 tokens=438566912/1000000000 loss=3.4441 lr=0.000196 tok/s=40,764 eta=13772.716182832524
step=3347 tokens=438697984/1000000000 loss=3.6338 lr=0.000196 tok/s=40,977 eta=13697.824238713982
step=3348 tokens=438829056/1000000000 loss=3.5444 lr=0.000196 tok/s=40,890 eta=13723.85398036691
step=3349 tokens=438960128/1000000000 loss=3.5850 lr=0.000195 tok/s=40,906 eta=13715.427244554017
step=3350 tokens=439091200/1000000000 loss=3.6358 lr=0.000195 tok/s=40,736 eta=13769.231823724436
step=3351 tokens=439222272/1000000000 loss=3.5617 lr=0.000195 tok/s=41,046 eta=13662.202531951909
step=3352 tokens=439353344/1000000000 loss=3.7584 lr=0.000195 tok/s=40,976 eta=13682.3392610688
step=3353 tokens=439484416/1000000000 loss=3.4925 lr=0.000195 tok/s=41,110 eta=13634.509238479683
step=3354 tokens=439615488/1000000000 loss=3.5256 lr=0.000195 tok/s=40,963 eta=13680.099156588474
step=3355 tokens=439746560/1000000000 loss=3.6168 lr=0.000195 tok/s=41,021 eta=13657.584675069022
step=3356 tokens=439877632/1000000000 loss=3.4762 lr=0.000195 tok/s=41,055 eta=13643.318288730388
step=3357 tokens=440008704/1000000000 loss=3.4936 lr=0.000195 tok/s=29,880 eta=18741.351030402708
step=3358 tokens=440139776/1000000000 loss=3.4967 lr=0.000195 tok/s=40,960 eta=13668.622322777814
step=3359 tokens=440270848/1000000000 loss=3.5684 lr=0.000195 tok/s=41,249 eta=13569.602323071189
step=3360 tokens=440401920/1000000000 loss=3.4716 lr=0.000195 tok/s=41,109 eta=13612.619107263841
step=3361 tokens=440532992/1000000000 loss=3.4986 lr=0.000195 tok/s=41,100 eta=13612.254585502376
step=3362 tokens=440664064/1000000000 loss=3.5275 lr=0.000195 tok/s=40,858 eta=13689.911955571411
step=3363 tokens=440795136/1000000000 loss=3.5097 lr=0.000195 tok/s=40,799 eta=13706.360352776857
step=3364 tokens=440926208/1000000000 loss=3.5511 lr=0.000195 tok/s=40,912 eta=13665.35036529612
step=3365 tokens=441057280/1000000000 loss=3.5902 lr=0.000195 tok/s=40,655 eta=13748.459312037576
step=3366 tokens=441188352/1000000000 loss=3.3991 lr=0.000195 tok/s=40,916 eta=13657.488684603131
step=3367 tokens=441319424/1000000000 loss=3.4662 lr=0.000194 tok/s=40,832 eta=13682.515604442848
step=3368 tokens=441450496/1000000000 loss=3.5265 lr=0.000194 tok/s=40,934 eta=13645.267316670323
step=3369 tokens=441581568/1000000000 loss=3.5954 lr=0.000194 tok/s=40,931 eta=13642.951702314349
step=3370 tokens=441712640/1000000000 loss=3.5624 lr=0.000194 tok/s=41,025 eta=13608.470444971561
step=3371 tokens=441843712/1000000000 loss=3.5540 lr=0.000194 tok/s=40,603 eta=13746.5259583956
step=3372 tokens=441974784/1000000000 loss=3.4746 lr=0.000194 tok/s=40,750 eta=13693.823229443462
step=3373 tokens=442105856/1000000000 loss=3.5465 lr=0.000194 tok/s=40,829 eta=13664.044540793613
step=3374 tokens=442236928/1000000000 loss=3.4516 lr=0.000194 tok/s=40,599 eta=13738.370649624734
step=3375 tokens=442368000/1000000000 loss=3.4913 lr=0.000194 tok/s=40,560 eta=13748.29703291531
step=3376 tokens=442499072/1000000000 loss=3.5709 lr=0.000194 tok/s=40,908 eta=13628.060003364466
step=3377 tokens=442630144/1000000000 loss=3.4174 lr=0.000194 tok/s=40,611 eta=13724.657690981787
step=3378 tokens=442761216/1000000000 loss=3.4780 lr=0.000194 tok/s=40,842 eta=13643.866473664464
step=3379 tokens=442892288/1000000000 loss=3.4338 lr=0.000194 tok/s=41,032 eta=13577.545914863824
step=3380 tokens=443023360/1000000000 loss=3.4043 lr=0.000194 tok/s=41,077 eta=13559.278174080626
step=3381 tokens=443154432/1000000000 loss=3.5173 lr=0.000194 tok/s=40,544 eta=13734.201959883347
step=3382 tokens=443285504/1000000000 loss=3.5379 lr=0.000194 tok/s=40,875 eta=13619.782846967752
step=3383 tokens=443416576/1000000000 loss=3.3810 lr=0.000194 tok/s=40,741 eta=13661.615703321913
step=3384 tokens=443547648/1000000000 loss=3.4622 lr=0.000194 tok/s=40,831 eta=13628.095682179279
step=3385 tokens=443678720/1000000000 loss=3.6309 lr=0.000193 tok/s=40,972 eta=13578.133060750413
step=3386 tokens=443809792/1000000000 loss=3.5037 lr=0.000193 tok/s=41,035 eta=13554.06809964308
step=3387 tokens=443940864/1000000000 loss=3.3950 lr=0.000193 tok/s=40,932 eta=13585.065682630884
step=3388 tokens=444071936/1000000000 loss=3.5334 lr=0.000193 tok/s=40,781 eta=13632.162719528074
step=3389 tokens=444203008/1000000000 loss=3.4233 lr=0.000193 tok/s=40,700 eta=13655.800806568446
step=3390 tokens=444334080/1000000000 loss=3.3809 lr=0.000193 tok/s=40,887 eta=13590.430560957915
step=3391 tokens=444465152/1000000000 loss=3.3668 lr=0.000193 tok/s=40,962 eta=13562.036195368317
step=3392 tokens=444596224/1000000000 loss=3.4853 lr=0.000193 tok/s=40,871 eta=13589.173427370104
step=3393 tokens=444727296/1000000000 loss=3.4022 lr=0.000193 tok/s=40,841 eta=13595.892140546714
step=3394 tokens=444858368/1000000000 loss=3.4113 lr=0.000193 tok/s=40,838 eta=13593.623150075837
step=3395 tokens=444989440/1000000000 loss=3.5205 lr=0.000193 tok/s=40,859 eta=13583.491986215631
step=3396 tokens=445120512/1000000000 loss=3.5310 lr=0.000193 tok/s=40,811 eta=13596.187015850917
step=3397 tokens=445251584/1000000000 loss=3.5932 lr=0.000193 tok/s=41,393 eta=13402.097630130793
step=3398 tokens=445382656/1000000000 loss=3.5558 lr=0.000193 tok/s=41,096 eta=13495.714516912258
step=3399 tokens=445513728/1000000000 loss=3.4340 lr=0.000193 tok/s=41,155 eta=13473.205603732222
step=3400 tokens=445644800/1000000000 loss=3.4721 lr=0.000193 tok/s=41,168 eta=13465.545885646348
step=3401 tokens=445775872/1000000000 loss=3.5492 lr=0.000193 tok/s=41,084 eta=13489.904300122527
step=3402 tokens=445906944/1000000000 loss=3.5378 lr=0.000193 tok/s=41,176 eta=13456.79738343049
step=3403 tokens=446038016/1000000000 loss=3.2341 lr=0.000192 tok/s=41,192 eta=13448.348393048447
step=3404 tokens=446169088/1000000000 loss=3.4494 lr=0.000192 tok/s=41,154 eta=13457.392805295354
step=3405 tokens=446300160/1000000000 loss=3.3113 lr=0.000192 tok/s=41,051 eta=13488.032757821538
step=3406 tokens=446431232/1000000000 loss=3.5752 lr=0.000192 tok/s=40,930 eta=13524.813607294573
step=3407 tokens=446562304/1000000000 loss=3.3222 lr=0.000192 tok/s=40,765 eta=13576.155375153834
step=3408 tokens=446693376/1000000000 loss=3.3048 lr=0.000192 tok/s=40,790 eta=13564.75149919192
step=3409 tokens=446824448/1000000000 loss=3.2596 lr=0.000192 tok/s=40,922 eta=13517.964494824342
step=3410 tokens=446955520/1000000000 loss=3.4865 lr=0.000192 tok/s=40,807 eta=13552.789048339113
step=3411 tokens=447086592/1000000000 loss=3.5202 lr=0.000192 tok/s=40,732 eta=13574.582302189128
step=3412 tokens=447217664/1000000000 loss=3.4187 lr=0.000192 tok/s=40,896 eta=13516.677026270872
step=3413 tokens=447348736/1000000000 loss=3.3724 lr=0.000192 tok/s=40,627 eta=13603.063525008885
step=3414 tokens=447479808/1000000000 loss=3.3907 lr=0.000192 tok/s=40,630 eta=13598.876141648752
step=3415 tokens=447610880/1000000000 loss=3.4496 lr=0.000192 tok/s=40,655 eta=13587.325697895169
step=3416 tokens=447741952/1000000000 loss=3.4460 lr=0.000192 tok/s=40,829 eta=13526.00105340736
step=3417 tokens=447873024/1000000000 loss=3.5412 lr=0.000192 tok/s=40,805 eta=13530.998492954835
step=3418 tokens=448004096/1000000000 loss=3.6549 lr=0.000192 tok/s=40,580 eta=13602.783312677318
step=3419 tokens=448135168/1000000000 loss=3.5712 lr=0.000192 tok/s=40,596 eta=13594.014379440043
step=3420 tokens=448266240/1000000000 loss=3.5123 lr=0.000192 tok/s=40,765 eta=13534.501725723057
step=3421 tokens=448397312/1000000000 loss=3.5968 lr=0.000191 tok/s=40,659 eta=13566.688307437787
step=3422 tokens=448528384/1000000000 loss=3.4819 lr=0.000191 tok/s=40,606 eta=13581.018947542396
step=3423 tokens=448659456/1000000000 loss=3.5100 lr=0.000191 tok/s=40,835 eta=13501.760511376917
step=3424 tokens=448790528/1000000000 loss=3.5690 lr=0.000191 tok/s=40,778 eta=13517.303241540509
step=3425 tokens=448921600/1000000000 loss=3.5021 lr=0.000191 tok/s=40,721 eta=13533.086386575114
step=3426 tokens=449052672/1000000000 loss=3.6035 lr=0.000191 tok/s=40,484 eta=13609.024386868008
step=3427 tokens=449183744/1000000000 loss=3.5687 lr=0.000191 tok/s=40,873 eta=13476.322149916172
step=3428 tokens=449314816/1000000000 loss=3.5405 lr=0.000191 tok/s=40,709 eta=13527.338490068843
step=3429 tokens=449445888/1000000000 loss=3.5477 lr=0.000191 tok/s=40,619 eta=13554.268372908226
step=3430 tokens=449576960/1000000000 loss=3.6141 lr=0.000191 tok/s=40,649 eta=13540.947800441762
step=3431 tokens=449708032/1000000000 loss=3.7366 lr=0.000191 tok/s=40,745 eta=13505.8884406025
step=3432 tokens=449839104/1000000000 loss=3.5828 lr=0.000191 tok/s=40,683 eta=13523.153423428183
step=3433 tokens=449970176/1000000000 loss=3.6062 lr=0.000191 tok/s=40,949 eta=13432.181483300803
step=3434 tokens=450101248/1000000000 loss=3.6840 lr=0.000191 tok/s=29,478 eta=18654.767759112503
checkpoint saved: runs/20260905-135527/checkpoints/tokens_000450m (permanent_tokens)
step=3435 tokens=450232320/1000000000 loss=3.4941 lr=0.000191 tok/s=35,605 eta=15440.657051179029
step=3436 tokens=450363392/1000000000 loss=3.4782 lr=0.000191 tok/s=40,850 eta=13455.033727391525
step=3437 tokens=450494464/1000000000 loss=3.5226 lr=0.000191 tok/s=40,832 eta=13457.808856064043
step=3438 tokens=450625536/1000000000 loss=3.4022 lr=0.000191 tok/s=40,951 eta=13415.477617362423
step=3439 tokens=450756608/1000000000 loss=3.5454 lr=0.00019 tok/s=40,440 eta=13581.556722627583
step=3440 tokens=450887680/1000000000 loss=3.7563 lr=0.00019 tok/s=40,824 eta=13450.868941727165
step=3441 tokens=451018752/1000000000 loss=3.8384 lr=0.00019 tok/s=40,603 eta=13520.563008181445
step=3442 tokens=451149824/1000000000 loss=3.6773 lr=0.00019 tok/s=40,935 eta=13407.868604044681
step=3443 tokens=451280896/1000000000 loss=3.4526 lr=0.00019 tok/s=40,918 eta=13410.308865979097
step=3444 tokens=451411968/1000000000 loss=3.5480 lr=0.00019 tok/s=40,705 eta=13477.071300456444
step=3445 tokens=451543040/1000000000 loss=3.5141 lr=0.00019 tok/s=40,631 eta=13498.47786510637
step=3446 tokens=451674112/1000000000 loss=3.6166 lr=0.00019 tok/s=40,665 eta=13484.072122359867
step=3447 tokens=451805184/1000000000 loss=3.5589 lr=0.00019 tok/s=40,491 eta=13538.673505264118
step=3448 tokens=451936256/1000000000 loss=3.5028 lr=0.00019 tok/s=41,077 eta=13342.485812134615
step=3449 tokens=452067328/1000000000 loss=3.6244 lr=0.00019 tok/s=41,067 eta=13342.374925454273
step=3450 tokens=452198400/1000000000 loss=3.4603 lr=0.00019 tok/s=41,097 eta=13329.46393853874
step=3451 tokens=452329472/1000000000 loss=3.5223 lr=0.00019 tok/s=40,774 eta=13431.872333319017
step=3452 tokens=452460544/1000000000 loss=3.4390 lr=0.00019 tok/s=41,193 eta=13292.025951260828
step=3453 tokens=452591616/1000000000 loss=3.7244 lr=0.00019 tok/s=41,219 eta=13280.606678866276
step=3454 tokens=452722688/1000000000 loss=3.5417 lr=0.00019 tok/s=40,961 eta=13360.967545976555
step=3455 tokens=452853760/1000000000 loss=3.4246 lr=0.00019 tok/s=41,076 eta=13320.461010934727
step=3456 tokens=452984832/1000000000 loss=3.4873 lr=0.00019 tok/s=41,194 eta=13279.150883942395
step=3457 tokens=453115904/1000000000 loss=3.4568 lr=0.000189 tok/s=41,161 eta=13286.44995120078
step=3458 tokens=453246976/1000000000 loss=3.5160 lr=0.000189 tok/s=41,132 eta=13292.487754013662
step=3459 tokens=453378048/1000000000 loss=3.5468 lr=0.000189 tok/s=40,929 eta=13355.357494605341
step=3460 tokens=453509120/1000000000 loss=3.5305 lr=0.000189 tok/s=40,999 eta=13329.47516459343
step=3461 tokens=453640192/1000000000 loss=3.4605 lr=0.000189 tok/s=41,121 eta=13286.49161645481
step=3462 tokens=453771264/1000000000 loss=3.4136 lr=0.000189 tok/s=41,170 eta=13267.66314427687
step=3463 tokens=453902336/1000000000 loss=3.4658 lr=0.000189 tok/s=40,961 eta=13332.007796403608
step=3464 tokens=454033408/1000000000 loss=3.4664 lr=0.000189 tok/s=40,617 eta=13441.689126744539
step=3465 tokens=454164480/1000000000 loss=3.4932 lr=0.000189 tok/s=41,039 eta=13300.276648190798
step=3466 tokens=454295552/1000000000 loss=3.5572 lr=0.000189 tok/s=40,770 eta=13384.789404778445
step=3467 tokens=454426624/1000000000 loss=3.4281 lr=0.000189 tok/s=40,518 eta=13464.970348652929
step=3468 tokens=454557696/1000000000 loss=3.5212 lr=0.000189 tok/s=40,799 eta=13368.862821523922
step=3469 tokens=454688768/1000000000 loss=3.4898 lr=0.000189 tok/s=40,755 eta=13380.310602873102
step=3470 tokens=454819840/1000000000 loss=3.5854 lr=0.000189 tok/s=40,494 eta=13463.113178351718
step=3471 tokens=454950912/1000000000 loss=3.5076 lr=0.000189 tok/s=40,808 eta=13356.428679061582
step=3472 tokens=455081984/1000000000 loss=3.5306 lr=0.000189 tok/s=40,950 eta=13306.97378576876
step=3473 tokens=455213056/1000000000 loss=3.5890 lr=0.000189 tok/s=40,987 eta=13291.850151234514
step=3474 tokens=455344128/1000000000 loss=3.5633 lr=0.000189 tok/s=41,078 eta=13259.005228672248
step=3475 tokens=455475200/1000000000 loss=3.3415 lr=0.000188 tok/s=41,051 eta=13264.462551140638
step=3476 tokens=455606272/1000000000 loss=3.4389 lr=0.000188 tok/s=41,077 eta=13252.970786748741
step=3477 tokens=455737344/1000000000 loss=3.6018 lr=0.000188 tok/s=41,162 eta=13222.456290201177
step=3478 tokens=455868416/1000000000 loss=3.5891 lr=0.000188 tok/s=41,080 eta=13245.679175962961
step=3479 tokens=455999488/1000000000 loss=3.5923 lr=0.000188 tok/s=41,331 eta=13161.994073264546
step=3480 tokens=456130560/1000000000 loss=3.4461 lr=0.000188 tok/s=41,111 eta=13229.214520553349
step=3481 tokens=456261632/1000000000 loss=3.5252 lr=0.000188 tok/s=41,050 eta=13245.638101763292
step=3482 tokens=456392704/1000000000 loss=3.4115 lr=0.000188 tok/s=41,090 eta=13229.634139243397
step=3483 tokens=456523776/1000000000 loss=3.4289 lr=0.000188 tok/s=41,318 eta=13153.461115739647
step=3484 tokens=456654848/1000000000 loss=3.4425 lr=0.000188 tok/s=41,331 eta=13146.188181100852
step=3485 tokens=456785920/1000000000 loss=3.5017 lr=0.000188 tok/s=41,175 eta=13192.722452727832
step=3486 tokens=456916992/1000000000 loss=3.3588 lr=0.000188 tok/s=41,259 eta=13162.625719080248
step=3487 tokens=457048064/1000000000 loss=3.5016 lr=0.000188 tok/s=41,417 eta=13109.547312296047
step=3488 tokens=457179136/1000000000 loss=3.4199 lr=0.000188 tok/s=41,004 eta=13238.388600185159
step=3489 tokens=457310208/1000000000 loss=3.5084 lr=0.000188 tok/s=40,933 eta=13258.121876087736
step=3490 tokens=457441280/1000000000 loss=3.5178 lr=0.000188 tok/s=41,139 eta=13188.442157096471
step=3491 tokens=457572352/1000000000 loss=3.4184 lr=0.000188 tok/s=41,091 eta=13200.603540817501
step=3492 tokens=457703424/1000000000 loss=3.4416 lr=0.000188 tok/s=40,705 eta=13322.529551690608
step=3493 tokens=457834496/1000000000 loss=3.2804 lr=0.000187 tok/s=40,924 eta=13248.151558041665
step=3494 tokens=457965568/1000000000 loss=3.4393 lr=0.000187 tok/s=40,605 eta=13348.808375880222
step=3495 tokens=458096640/1000000000 loss=3.4855 lr=0.000187 tok/s=40,798 eta=13282.715862427474
step=3496 tokens=458227712/1000000000 loss=3.3216 lr=0.000187 tok/s=40,543 eta=13363.064351610941
step=3497 tokens=458358784/1000000000 loss=3.5114 lr=0.000187 tok/s=40,997 eta=13211.761307048604
step=3498 tokens=458489856/1000000000 loss=3.4662 lr=0.000187 tok/s=40,937 eta=13227.764293665776
step=3499 tokens=458620928/1000000000 loss=3.5141 lr=0.000187 tok/s=40,963 eta=13216.248070973083
step=3500 tokens=458752000/1000000000 loss=3.4731 lr=0.000187 tok/s=40,931 eta=13223.339275630131
step=3501 tokens=458883072/1000000000 loss=3.5128 lr=0.000187 tok/s=40,943 eta=13216.337700689297
step=3502 tokens=459014144/1000000000 loss=3.4268 lr=0.000187 tok/s=40,904 eta=13225.781089239112
step=3503 tokens=459145216/1000000000 loss=3.4821 lr=0.000187 tok/s=41,173 eta=13136.15141259924
step=3504 tokens=459276288/1000000000 loss=3.3477 lr=0.000187 tok/s=41,106 eta=13154.431565877521
step=3505 tokens=459407360/1000000000 loss=3.6320 lr=0.000187 tok/s=41,233 eta=13110.522593114612
step=3506 tokens=459538432/1000000000 loss=3.4165 lr=0.000187 tok/s=40,936 eta=13202.490779873116
step=3507 tokens=459669504/1000000000 loss=3.3448 lr=0.000187 tok/s=41,240 eta=13102.2162634441
step=3508 tokens=459800576/1000000000 loss=3.3148 lr=0.000187 tok/s=40,741 eta=13259.279577316884
step=3509 tokens=459931648/1000000000 loss=3.3617 lr=0.000187 tok/s=40,932 eta=13194.230654040655
step=3510 tokens=460062720/1000000000 loss=3.5469 lr=0.000187 tok/s=29,723 eta=18165.535498074107
step=3511 tokens=460193792/1000000000 loss=3.4697 lr=0.000186 tok/s=40,534 eta=13317.321688609003
step=3512 tokens=460324864/1000000000 loss=3.4429 lr=0.000186 tok/s=40,942 eta=13181.593602721723
step=3513 tokens=460455936/1000000000 loss=3.4800 lr=0.000186 tok/s=40,799 eta=13224.345116823959
step=3514 tokens=460587008/1000000000 loss=3.3402 lr=0.000186 tok/s=40,980 eta=13162.80221537109
step=3515 tokens=460718080/1000000000 loss=3.6840 lr=0.000186 tok/s=41,034 eta=13142.367076487588
step=3516 tokens=460849152/1000000000 loss=3.5482 lr=0.000186 tok/s=41,153 eta=13101.092530518914
step=3517 tokens=460980224/1000000000 loss=3.5117 lr=0.000186 tok/s=41,072 eta=13123.874740211053
step=3518 tokens=461111296/1000000000 loss=3.4254 lr=0.000186 tok/s=41,098 eta=13112.437749024128
step=3519 tokens=461242368/1000000000 loss=3.3566 lr=0.000186 tok/s=40,810 eta=13201.61219130184
step=3520 tokens=461373440/1000000000 loss=3.5206 lr=0.000186 tok/s=40,911 eta=13165.658338481151
step=3521 tokens=461504512/1000000000 loss=3.5909 lr=0.000186 tok/s=40,831 eta=13188.465508112915
step=3522 tokens=461635584/1000000000 loss=3.6232 lr=0.000186 tok/s=40,816 eta=13190.065395373736
step=3523 tokens=461766656/1000000000 loss=3.3998 lr=0.000186 tok/s=40,846 eta=13177.116563636242
step=3524 tokens=461897728/1000000000 loss=3.4990 lr=0.000186 tok/s=40,668 eta=13231.460087811132
step=3525 tokens=462028800/1000000000 loss=3.3438 lr=0.000186 tok/s=40,844 eta=13171.244690264979
step=3526 tokens=462159872/1000000000 loss=3.6863 lr=0.000186 tok/s=40,982 eta=13123.795752922984
step=3527 tokens=462290944/1000000000 loss=3.4305 lr=0.000186 tok/s=41,177 eta=13058.564490518049
step=3528 tokens=462422016/1000000000 loss=3.7555 lr=0.000186 tok/s=40,999 eta=13112.081788469244
step=3529 tokens=462553088/1000000000 loss=3.9728 lr=0.000185 tok/s=41,141 eta=13063.687917303723
step=3530 tokens=462684160/1000000000 loss=3.5928 lr=0.000185 tok/s=41,145 eta=13059.17334067448
step=3531 tokens=462815232/1000000000 loss=3.5276 lr=0.000185 tok/s=40,880 eta=13140.392276546463
step=3532 tokens=462946304/1000000000 loss=3.5224 lr=0.000185 tok/s=41,147 eta=13052.059508740034
step=3533 tokens=463077376/1000000000 loss=3.5003 lr=0.000185 tok/s=40,773 eta=13168.692808807182
step=3534 tokens=463208448/1000000000 loss=3.6173 lr=0.000185 tok/s=40,821 eta=13149.943143762437
step=3535 tokens=463339520/1000000000 loss=3.5989 lr=0.000185 tok/s=40,870 eta=13130.777446881928
step=3536 tokens=463470592/1000000000 loss=3.4503 lr=0.000185 tok/s=40,974 eta=13094.352844135792
step=3537 tokens=463601664/1000000000 loss=3.6904 lr=0.000185 tok/s=40,963 eta=13094.665789115095
step=3538 tokens=463732736/1000000000 loss=3.4330 lr=0.000185 tok/s=41,173 eta=13024.725265725527
step=3539 tokens=463863808/1000000000 loss=3.4507 lr=0.000185 tok/s=40,682 eta=13178.71792315415
step=3540 tokens=463994880/1000000000 loss=3.4550 lr=0.000185 tok/s=40,981 eta=13079.207865081333
step=3541 tokens=464125952/1000000000 loss=3.5356 lr=0.000185 tok/s=40,568 eta=13209.308288381757
step=3542 tokens=464257024/1000000000 loss=3.6585 lr=0.000185 tok/s=40,886 eta=13103.233600915877
step=3543 tokens=464388096/1000000000 loss=3.6016 lr=0.000185 tok/s=40,974 eta=13071.995139074224
step=3544 tokens=464519168/1000000000 loss=3.5409 lr=0.000185 tok/s=41,021 eta=13053.869340525533
step=3545 tokens=464650240/1000000000 loss=3.5402 lr=0.000185 tok/s=41,170 eta=13003.361069817607
step=3546 tokens=464781312/1000000000 loss=3.4990 lr=0.000185 tok/s=41,219 eta=12984.746269000201
step=3547 tokens=464912384/1000000000 loss=3.5052 lr=0.000184 tok/s=41,079 eta=13025.92573081023
step=3548 tokens=465043456/1000000000 loss=3.6395 lr=0.000184 tok/s=40,913 eta=13075.371409764099
step=3549 tokens=465174528/1000000000 loss=3.4860 lr=0.000184 tok/s=40,704 eta=13139.236557050246
step=3550 tokens=465305600/1000000000 loss=3.4267 lr=0.000184 tok/s=40,916 eta=13067.953899048196
step=3551 tokens=465436672/1000000000 loss=3.6241 lr=0.000184 tok/s=40,800 eta=13102.040152169982
step=3552 tokens=465567744/1000000000 loss=3.6409 lr=0.000184 tok/s=40,870 eta=13076.30441073428
step=3553 tokens=465698816/1000000000 loss=3.5483 lr=0.000184 tok/s=41,071 eta=13009.052756209663
step=3554 tokens=465829888/1000000000 loss=3.6041 lr=0.000184 tok/s=41,216 eta=12960.129386714876
step=3555 tokens=465960960/1000000000 loss=3.6128 lr=0.000184 tok/s=41,084 eta=12998.778915498488
step=3556 tokens=466092032/1000000000 loss=3.4206 lr=0.000184 tok/s=40,998 eta=13022.687934327185
step=3557 tokens=466223104/1000000000 loss=3.4769 lr=0.000184 tok/s=40,868 eta=13061.072302979403
step=3558 tokens=466354176/1000000000 loss=3.4976 lr=0.000184 tok/s=40,935 eta=13036.552735521662
step=3559 tokens=466485248/1000000000 loss=3.5410 lr=0.000184 tok/s=41,017 eta=13007.117039361088
step=3560 tokens=466616320/1000000000 loss=3.6472 lr=0.000184 tok/s=40,778 eta=13080.129638771807
step=3561 tokens=466747392/1000000000 loss=3.5590 lr=0.000184 tok/s=40,730 eta=13092.22808229924
step=3562 tokens=466878464/1000000000 loss=3.6534 lr=0.000184 tok/s=40,714 eta=13094.303913803573
step=3563 tokens=467009536/1000000000 loss=3.6200 lr=0.000184 tok/s=40,953 eta=13014.578757404826
step=3564 tokens=467140608/1000000000 loss=3.6387 lr=0.000183 tok/s=41,002 eta=12995.9022760592
step=3565 tokens=467271680/1000000000 loss=3.5112 lr=0.000183 tok/s=40,982 eta=12999.16966080831
step=3566 tokens=467402752/1000000000 loss=3.6371 lr=0.000183 tok/s=41,099 eta=12958.994141401841
step=3567 tokens=467533824/1000000000 loss=3.6321 lr=0.000183 tok/s=41,035 eta=12975.844827109602
step=3568 tokens=467664896/1000000000 loss=4.2021 lr=0.000183 tok/s=41,117 eta=12946.709129523626
step=3569 tokens=467795968/1000000000 loss=3.6816 lr=0.000183 tok/s=41,101 eta=12948.731718722294
step=3570 tokens=467927040/1000000000 loss=3.5694 lr=0.000183 tok/s=40,964 eta=12988.925382381653
step=3571 tokens=468058112/1000000000 loss=3.5125 lr=0.000183 tok/s=41,089 eta=12946.139136680502
step=3572 tokens=468189184/1000000000 loss=3.6360 lr=0.000183 tok/s=41,114 eta=12934.914377518395
step=3573 tokens=468320256/1000000000 loss=3.5188 lr=0.000183 tok/s=41,287 eta=12877.790465263495
step=3574 tokens=468451328/1000000000 loss=3.5132 lr=0.000183 tok/s=41,415 eta=12834.842668886104
step=3575 tokens=468582400/1000000000 loss=3.4930 lr=0.000183 tok/s=41,089 eta=12933.323822096196
step=3576 tokens=468713472/1000000000 loss=3.4457 lr=0.000183 tok/s=41,093 eta=12928.984372065064
step=3577 tokens=468844544/1000000000 loss=3.3591 lr=0.000183 tok/s=40,714 eta=13045.957716525325
step=3578 tokens=468975616/1000000000 loss=3.4041 lr=0.000183 tok/s=40,961 eta=12964.2659628197
step=3579 tokens=469106688/1000000000 loss=3.5670 lr=0.000183 tok/s=40,964 eta=12959.995905155934
step=3580 tokens=469237760/1000000000 loss=3.4666 lr=0.000183 tok/s=40,887 eta=12981.228337004552
step=3581 tokens=469368832/1000000000 loss=3.6035 lr=0.000183 tok/s=40,612 eta=13065.799509609746
step=3582 tokens=469499904/1000000000 loss=3.5216 lr=0.000182 tok/s=40,479 eta=13105.633470613717
step=3583 tokens=469630976/1000000000 loss=3.5658 lr=0.000182 tok/s=40,854 eta=12982.200483846751
step=3584 tokens=469762048/1000000000 loss=3.4017 lr=0.000182 tok/s=40,955 eta=12946.825195461226
step=3585 tokens=469893120/1000000000 loss=3.4869 lr=0.000182 tok/s=40,836 eta=12981.374435407843
step=3586 tokens=470024192/1000000000 loss=3.6176 lr=0.000182 tok/s=29,607 eta=17900.07014801525
step=3587 tokens=470155264/1000000000 loss=3.4883 lr=0.000182 tok/s=40,585 eta=13055.087010142784
step=3588 tokens=470286336/1000000000 loss=3.5437 lr=0.000182 tok/s=40,942 eta=12938.205733849474
step=3589 tokens=470417408/1000000000 loss=3.5519 lr=0.000182 tok/s=41,115 eta=12880.552824743807
step=3590 tokens=470548480/1000000000 loss=3.5723 lr=0.000182 tok/s=41,036 eta=12902.120358285458
step=3591 tokens=470679552/1000000000 loss=3.6680 lr=0.000182 tok/s=41,253 eta=12831.139567678947
step=3592 tokens=470810624/1000000000 loss=3.5323 lr=0.000182 tok/s=41,174 eta=12852.521654453663
step=3593 tokens=470941696/1000000000 loss=3.4606 lr=0.000182 tok/s=41,135 eta=12861.66127156528
step=3594 tokens=471072768/1000000000 loss=3.4288 lr=0.000182 tok/s=40,817 eta=12958.570416713499
step=3595 tokens=471203840/1000000000 loss=3.5164 lr=0.000182 tok/s=41,093 eta=12868.241691924977
step=3596 tokens=471334912/1000000000 loss=3.5343 lr=0.000182 tok/s=40,908 eta=12923.372228475866
step=3597 tokens=471465984/1000000000 loss=3.3749 lr=0.000182 tok/s=41,162 eta=12840.320598305958
step=3598 tokens=471597056/1000000000 loss=3.3787 lr=0.000182 tok/s=41,020 eta=12881.519900241381
step=3599 tokens=471728128/1000000000 loss=3.4741 lr=0.000182 tok/s=41,239 eta=12810.103465051146
step=3600 tokens=471859200/1000000000 loss=3.5315 lr=0.000181 tok/s=41,276 eta=12795.49061166245
step=3601 tokens=471990272/1000000000 loss=3.4859 lr=0.000181 tok/s=40,844 eta=12927.622965763345
step=3602 tokens=472121344/1000000000 loss=3.4938 lr=0.000181 tok/s=41,309 eta=12778.806786174428
step=3603 tokens=472252416/1000000000 loss=3.4937 lr=0.000181 tok/s=40,856 eta=12917.235672489032
step=3604 tokens=472383488/1000000000 loss=3.4761 lr=0.000181 tok/s=40,929 eta=12891.174985726788
step=3605 tokens=472514560/1000000000 loss=3.4631 lr=0.000181 tok/s=41,222 eta=12796.088722409802
step=3606 tokens=472645632/1000000000 loss=3.4869 lr=0.000181 tok/s=40,990 eta=12865.31391054241
step=3607 tokens=472776704/1000000000 loss=3.3945 lr=0.000181 tok/s=41,207 eta=12794.597378823126
step=3608 tokens=472907776/1000000000 loss=3.5698 lr=0.000181 tok/s=41,104 eta=12823.374121835375
step=3609 tokens=473038848/1000000000 loss=3.4400 lr=0.000181 tok/s=41,358 eta=12741.507069355639
step=3610 tokens=473169920/1000000000 loss=3.3785 lr=0.000181 tok/s=41,243 eta=12773.774593889379
step=3611 tokens=473300992/1000000000 loss=3.4135 lr=0.000181 tok/s=41,381 eta=12728.09764116482
step=3612 tokens=473432064/1000000000 loss=3.4700 lr=0.000181 tok/s=41,083 eta=12817.112694853358
step=3613 tokens=473563136/1000000000 loss=3.4673 lr=0.000181 tok/s=40,994 eta=12841.720359620736
step=3614 tokens=473694208/1000000000 loss=3.5695 lr=0.000181 tok/s=41,293 eta=12745.549344467257
step=3615 tokens=473825280/1000000000 loss=3.5650 lr=0.000181 tok/s=41,181 eta=12777.130737392
step=3616 tokens=473956352/1000000000 loss=3.6241 lr=0.000181 tok/s=40,761 eta=12905.469050645777
step=3617 tokens=474087424/1000000000 loss=3.4403 lr=0.000181 tok/s=41,005 eta=12825.468128722316
step=3618 tokens=474218496/1000000000 loss=3.4815 lr=0.00018 tok/s=40,912 eta=12851.389885846484
step=3619 tokens=474349568/1000000000 loss=3.6238 lr=0.00018 tok/s=41,084 eta=12794.453134148485
step=3620 tokens=474480640/1000000000 loss=3.3943 lr=0.00018 tok/s=41,011 eta=12813.985461404342
step=3621 tokens=474611712/1000000000 loss=3.5293 lr=0.00018 tok/s=41,154 eta=12766.294403974827
step=3622 tokens=474742784/1000000000 loss=3.4286 lr=0.00018 tok/s=41,148 eta=12765.175915312811
step=3623 tokens=474873856/1000000000 loss=3.5766 lr=0.00018 tok/s=41,264 eta=12725.870639677254
step=3624 tokens=475004928/1000000000 loss=3.3971 lr=0.00018 tok/s=40,999 eta=12805.183155365337
step=3625 tokens=475136000/1000000000 loss=3.5776 lr=0.00018 tok/s=41,047 eta=12786.890676898658
step=3626 tokens=475267072/1000000000 loss=3.4406 lr=0.00018 tok/s=40,710 eta=12889.464535686537
step=3627 tokens=475398144/1000000000 loss=3.5431 lr=0.00018 tok/s=40,739 eta=12877.159082038901
step=3628 tokens=475529216/1000000000 loss=3.5455 lr=0.00018 tok/s=40,900 eta=12823.29091791193
step=3629 tokens=475660288/1000000000 loss=3.5867 lr=0.00018 tok/s=40,872 eta=12828.863698141053
step=3630 tokens=475791360/1000000000 loss=3.5401 lr=0.00018 tok/s=40,879 eta=12823.4618427969
step=3631 tokens=475922432/1000000000 loss=3.5776 lr=0.00018 tok/s=40,764 eta=12856.520546556781
step=3632 tokens=476053504/1000000000 loss=3.5309 lr=0.00018 tok/s=41,024 eta=12771.743846808047
step=3633 tokens=476184576/1000000000 loss=3.6023 lr=0.00018 tok/s=40,787 eta=12842.585798983026
step=3634 tokens=476315648/1000000000 loss=3.5272 lr=0.00018 tok/s=40,696 eta=12868.284081518425
step=3635 tokens=476446720/1000000000 loss=3.4734 lr=0.000179 tok/s=41,025 eta=12761.916907005923
step=3636 tokens=476577792/1000000000 loss=3.6098 lr=0.000179 tok/s=40,619 eta=12886.225798507916
step=3637 tokens=476708864/1000000000 loss=3.4443 lr=0.000179 tok/s=40,835 eta=12814.893357639428
step=3638 tokens=476839936/1000000000 loss=3.5426 lr=0.000179 tok/s=41,005 eta=12758.480728758728
step=3639 tokens=476971008/1000000000 loss=3.3421 lr=0.000179 tok/s=41,119 eta=12719.975473149323
step=3640 tokens=477102080/1000000000 loss=3.6002 lr=0.000179 tok/s=41,173 eta=12699.975861748591
step=3641 tokens=477233152/1000000000 loss=3.5919 lr=0.000179 tok/s=41,072 eta=12727.956390112897
step=3642 tokens=477364224/1000000000 loss=3.4811 lr=0.000179 tok/s=41,128 eta=12707.596780910939
step=3643 tokens=477495296/1000000000 loss=3.4630 lr=0.000179 tok/s=41,020 eta=12737.7344783295
step=3644 tokens=477626368/1000000000 loss=3.4762 lr=0.000179 tok/s=40,951 eta=12755.975234468991
step=3645 tokens=477757440/1000000000 loss=3.5369 lr=0.000179 tok/s=40,935 eta=12757.798580521167
step=3646 tokens=477888512/1000000000 loss=3.5674 lr=0.000179 tok/s=40,996 eta=12735.777067513987
step=3647 tokens=478019584/1000000000 loss=3.4787 lr=0.000179 tok/s=41,026 eta=12723.149098173983
step=3648 tokens=478150656/1000000000 loss=3.6759 lr=0.000179 tok/s=41,111 eta=12693.650310210613
step=3649 tokens=478281728/1000000000 loss=3.5055 lr=0.000179 tok/s=40,847 eta=12772.60439117762
step=3650 tokens=478412800/1000000000 loss=3.5214 lr=0.000179 tok/s=40,730 eta=12805.959426787917
step=3651 tokens=478543872/1000000000 loss=3.5900 lr=0.000179 tok/s=41,074 eta=12695.428960911036
step=3652 tokens=478674944/1000000000 loss=3.4544 lr=0.000179 tok/s=41,170 eta=12662.78868148622
step=3653 tokens=478806016/1000000000 loss=3.4882 lr=0.000178 tok/s=41,065 eta=12691.963463265594
step=3654 tokens=478937088/1000000000 loss=3.5507 lr=0.000178 tok/s=41,037 eta=12697.297175977046
step=3655 tokens=479068160/1000000000 loss=3.5610 lr=0.000178 tok/s=41,062 eta=12686.344061466156
step=3656 tokens=479199232/1000000000 loss=3.6460 lr=0.000178 tok/s=40,968 eta=12712.506900897515
step=3657 tokens=479330304/1000000000 loss=3.6482 lr=0.000178 tok/s=40,718 eta=12787.092206314957
step=3658 tokens=479461376/1000000000 loss=3.6186 lr=0.000178 tok/s=41,012 eta=12692.49757340586
step=3659 tokens=479592448/1000000000 loss=3.6348 lr=0.000178 tok/s=40,915 eta=12719.31886790175
step=3660 tokens=479723520/1000000000 loss=3.5518 lr=0.000178 tok/s=41,020 eta=12683.456792716814
step=3661 tokens=479854592/1000000000 loss=3.5455 lr=0.000178 tok/s=41,052 eta=12670.255435117338
step=3662 tokens=479985664/1000000000 loss=3.5943 lr=0.000178 tok/s=40,824 eta=12737.826425815127
step=3663 tokens=480116736/1000000000 loss=3.6096 lr=0.000178 tok/s=29,438 eta=17660.49390654205
step=3664 tokens=480247808/1000000000 loss=3.5095 lr=0.000178 tok/s=40,506 eta=12831.567527042858
step=3665 tokens=480378880/1000000000 loss=3.6969 lr=0.000178 tok/s=40,824 eta=12728.441140122151
step=3666 tokens=480509952/1000000000 loss=3.4765 lr=0.000178 tok/s=40,914 eta=12697.237006683414
step=3667 tokens=480641024/1000000000 loss=3.6320 lr=0.000178 tok/s=40,693 eta=12762.89759369112
step=3668 tokens=480772096/1000000000 loss=3.5092 lr=0.000178 tok/s=41,038 eta=12652.356332825611
step=3669 tokens=480903168/1000000000 loss=3.6049 lr=0.000178 tok/s=40,974 eta=12668.947170936666
step=3670 tokens=481034240/1000000000 loss=3.4001 lr=0.000178 tok/s=41,015 eta=12653.154780691822
step=3671 tokens=481165312/1000000000 loss=3.4451 lr=0.000177 tok/s=41,096 eta=12624.948604103287
step=3672 tokens=481296384/1000000000 loss=3.3822 lr=0.000177 tok/s=40,771 eta=12722.287200138973
step=3673 tokens=481427456/1000000000 loss=3.4630 lr=0.000177 tok/s=41,016 eta=12643.061679385664
step=3674 tokens=481558528/1000000000 loss=3.5414 lr=0.000177 tok/s=41,205 eta=12582.105862612558
step=3675 tokens=481689600/1000000000 loss=3.4246 lr=0.000177 tok/s=41,260 eta=12562.155648637725
step=3676 tokens=481820672/1000000000 loss=3.5326 lr=0.000177 tok/s=41,016 eta=12633.491853716965
step=3677 tokens=481951744/1000000000 loss=3.5097 lr=0.000177 tok/s=41,134 eta=12594.215268690934
step=3678 tokens=482082816/1000000000 loss=3.5292 lr=0.000177 tok/s=40,891 eta=12665.813477067
step=3679 tokens=482213888/1000000000 loss=3.4761 lr=0.000177 tok/s=40,864 eta=12670.834900635735
step=3680 tokens=482344960/1000000000 loss=3.4700 lr=0.000177 tok/s=41,038 eta=12613.982690075178
step=3681 tokens=482476032/1000000000 loss=3.4816 lr=0.000177 tok/s=41,187 eta=12565.182133557728
step=3682 tokens=482607104/1000000000 loss=3.4707 lr=0.000177 tok/s=41,161 eta=12570.054822764043
step=3683 tokens=482738176/1000000000 loss=3.4830 lr=0.000177 tok/s=41,126 eta=12577.512703604156
step=3684 tokens=482869248/1000000000 loss=3.5203 lr=0.000177 tok/s=41,099 eta=12582.497642753342
step=3685 tokens=483000320/1000000000 loss=3.3982 lr=0.000177 tok/s=41,278 eta=12524.905258609297
step=3686 tokens=483131392/1000000000 loss=3.4170 lr=0.000177 tok/s=40,820 eta=12662.233975991174
step=3687 tokens=483262464/1000000000 loss=3.5015 lr=0.000177 tok/s=41,123 eta=12565.671849265122
step=3688 tokens=483393536/1000000000 loss=3.4768 lr=0.000177 tok/s=40,792 eta=12664.269179008395
step=3689 tokens=483524608/1000000000 loss=3.6999 lr=0.000176 tok/s=41,146 eta=12552.354179434858
step=3690 tokens=483655680/1000000000 loss=3.5397 lr=0.000176 tok/s=41,295 eta=12503.665479188452
step=3691 tokens=483786752/1000000000 loss=3.4647 lr=0.000176 tok/s=40,951 eta=12605.48657349913
step=3692 tokens=483917824/1000000000 loss=3.5071 lr=0.000176 tok/s=41,269 eta=12505.215882724548
step=3693 tokens=484048896/1000000000 loss=3.5173 lr=0.000176 tok/s=41,173 eta=12531.290422345617
step=3694 tokens=484179968/1000000000 loss=3.5557 lr=0.000176 tok/s=41,198 eta=12520.442069794968
step=3695 tokens=484311040/1000000000 loss=3.4951 lr=0.000176 tok/s=41,076 eta=12554.541334395151
step=3696 tokens=484442112/1000000000 loss=3.4593 lr=0.000176 tok/s=41,141 eta=12531.535301694814
step=3697 tokens=484573184/1000000000 loss=3.6797 lr=0.000176 tok/s=41,115 eta=12536.118403013492
step=3698 tokens=484704256/1000000000 loss=3.3978 lr=0.000176 tok/s=40,752 eta=12644.644387101573
step=3699 tokens=484835328/1000000000 loss=3.4088 lr=0.000176 tok/s=40,811 eta=12623.055192571714
step=3700 tokens=484966400/1000000000 loss=3.4599 lr=0.000176 tok/s=41,082 eta=12536.76677361421
step=3701 tokens=485097472/1000000000 loss=3.4097 lr=0.000176 tok/s=40,873 eta=12597.571277323059
step=3702 tokens=485228544/1000000000 loss=3.4033 lr=0.000176 tok/s=41,125 eta=12517.339458547836
step=3703 tokens=485359616/1000000000 loss=3.4563 lr=0.000176 tok/s=40,884 eta=12587.754975655045
step=3704 tokens=485490688/1000000000 loss=3.4172 lr=0.000176 tok/s=40,912 eta=12575.98784819765
step=3705 tokens=485621760/1000000000 loss=3.4270 lr=0.000176 tok/s=41,032 eta=12536.03924134387
step=3706 tokens=485752832/1000000000 loss=3.4907 lr=0.000175 tok/s=41,191 eta=12484.515616289184
step=3707 tokens=485883904/1000000000 loss=3.5784 lr=0.000175 tok/s=41,164 eta=12489.341934547838
step=3708 tokens=486014976/1000000000 loss=3.5243 lr=0.000175 tok/s=41,072 eta=12514.363802075935
step=3709 tokens=486146048/1000000000 loss=3.4166 lr=0.000175 tok/s=41,111 eta=12499.330930344251
step=3710 tokens=486277120/1000000000 loss=3.4654 lr=0.000175 tok/s=41,026 eta=12521.852067588865
step=3711 tokens=486408192/1000000000 loss=3.4158 lr=0.000175 tok/s=41,263 eta=12446.69881213593
step=3712 tokens=486539264/1000000000 loss=3.4268 lr=0.000175 tok/s=41,278 eta=12439.222005176924
step=3713 tokens=486670336/1000000000 loss=3.4113 lr=0.000175 tok/s=41,298 eta=12429.862534999753
step=3714 tokens=486801408/1000000000 loss=3.5182 lr=0.000175 tok/s=41,265 eta=12436.561247078713
step=3715 tokens=486932480/1000000000 loss=3.4673 lr=0.000175 tok/s=41,050 eta=12498.604404151829
checkpoint saved: runs/20260905-135527/checkpoints/step_000003715 (time)
step=3716 tokens=487063552/1000000000 loss=3.5278 lr=0.000175 tok/s=35,974 eta=14258.485819719184
step=3717 tokens=487194624/1000000000 loss=3.3901 lr=0.000175 tok/s=40,820 eta=12562.74094114492
step=3718 tokens=487325696/1000000000 loss=3.5781 lr=0.000175 tok/s=40,694 eta=12598.340515748923
step=3719 tokens=487456768/1000000000 loss=3.3299 lr=0.000175 tok/s=41,135 eta=12459.949991445204
step=3720 tokens=487587840/1000000000 loss=3.5539 lr=0.000175 tok/s=41,098 eta=12467.95772670501
step=3721 tokens=487718912/1000000000 loss=3.4652 lr=0.000175 tok/s=41,079 eta=12470.550337257868
step=3722 tokens=487849984/1000000000 loss=3.4504 lr=0.000175 tok/s=41,133 eta=12450.9962060949
step=3723 tokens=487981056/1000000000 loss=3.4210 lr=0.000175 tok/s=40,967 eta=12498.38302070088
step=3724 tokens=488112128/1000000000 loss=3.4945 lr=0.000174 tok/s=41,103 eta=12453.910675866036
step=3725 tokens=488243200/1000000000 loss=3.5061 lr=0.000174 tok/s=40,545 eta=12621.830051073139
step=3726 tokens=488374272/1000000000 loss=3.6264 lr=0.000174 tok/s=40,565 eta=12612.344502783402
step=3727 tokens=488505344/1000000000 loss=3.6076 lr=0.000174 tok/s=40,897 eta=12506.922815022712
step=3728 tokens=488636416/1000000000 loss=3.5479 lr=0.000174 tok/s=41,098 eta=12442.400246925503
step=3729 tokens=488767488/1000000000 loss=3.3956 lr=0.000174 tok/s=41,006 eta=12467.112835936652
step=3730 tokens=488898560/1000000000 loss=3.5193 lr=0.000174 tok/s=40,765 eta=12537.82078745783
step=3731 tokens=489029632/1000000000 loss=3.5504 lr=0.000174 tok/s=40,978 eta=12469.501264132186
step=3732 tokens=489160704/1000000000 loss=3.5209 lr=0.000174 tok/s=41,044 eta=12446.200568201364
step=3733 tokens=489291776/1000000000 loss=3.4392 lr=0.000174 tok/s=41,162 eta=12407.32052245527
step=3734 tokens=489422848/1000000000 loss=3.4911 lr=0.000174 tok/s=40,717 eta=12539.684499433877
step=3735 tokens=489553920/1000000000 loss=3.3731 lr=0.000174 tok/s=41,100 eta=12419.713541472718
step=3736 tokens=489684992/1000000000 loss=3.4170 lr=0.000174 tok/s=40,987 eta=12450.697849207385
step=3737 tokens=489816064/1000000000 loss=3.3327 lr=0.000174 tok/s=41,177 eta=12390.103280362313
step=3738 tokens=489947136/1000000000 loss=3.4512 lr=0.000174 tok/s=41,107 eta=12408.03375601163
step=3739 tokens=490078208/1000000000 loss=3.5771 lr=0.000174 tok/s=29,760 eta=17134.551774879157
step=3740 tokens=490209280/1000000000 loss=3.5079 lr=0.000174 tok/s=41,118 eta=12398.243526103106
step=3741 tokens=490340352/1000000000 loss=3.4667 lr=0.000174 tok/s=41,074 eta=12408.436326798588
step=3742 tokens=490471424/1000000000 loss=3.4419 lr=0.000173 tok/s=41,016 eta=12422.823791885532
step=3743 tokens=490602496/1000000000 loss=3.4758 lr=0.000173 tok/s=40,889 eta=12458.104346524704
step=3744 tokens=490733568/1000000000 loss=3.4159 lr=0.000173 tok/s=40,994 eta=12422.985312849138
step=3745 tokens=490864640/1000000000 loss=3.5167 lr=0.000173 tok/s=40,740 eta=12497.085622333134
step=3746 tokens=490995712/1000000000 loss=3.6357 lr=0.000173 tok/s=40,887 eta=12449.08162914861
step=3747 tokens=491126784/1000000000 loss=3.4719 lr=0.000173 tok/s=41,084 eta=12386.193824881198
step=3748 tokens=491257856/1000000000 loss=3.4589 lr=0.000173 tok/s=41,261 eta=12329.723095638465
step=3749 tokens=491388928/1000000000 loss=3.4161 lr=0.000173 tok/s=41,132 eta=12365.411639946738
step=3750 tokens=491520000/1000000000 loss=3.4638 lr=0.000173 tok/s=41,108 eta=12369.34910685651
step=3751 tokens=491651072/1000000000 loss=3.3927 lr=0.000173 tok/s=41,282 eta=12314.158308234833
step=3752 tokens=491782144/1000000000 loss=3.6503 lr=0.000173 tok/s=41,368 eta=12285.219262359862
step=3753 tokens=491913216/1000000000 loss=3.3515 lr=0.000173 tok/s=41,159 eta=12344.363553675974
step=3754 tokens=492044288/1000000000 loss=3.5553 lr=0.000173 tok/s=41,118 eta=12353.682975284039
step=3755 tokens=492175360/1000000000 loss=3.4882 lr=0.000173 tok/s=41,059 eta=12368.184451813191
step=3756 tokens=492306432/1000000000 loss=3.4880 lr=0.000173 tok/s=40,868 eta=12422.888481014033
step=3757 tokens=492437504/1000000000 loss=3.4448 lr=0.000173 tok/s=41,247 eta=12305.463133254752
step=3758 tokens=492568576/1000000000 loss=3.5100 lr=0.000173 tok/s=41,121 eta=12340.059658161055
step=3759 tokens=492699648/1000000000 loss=3.3400 lr=0.000172 tok/s=40,816 eta=12428.973930804845
step=3760 tokens=492830720/1000000000 loss=3.5905 lr=0.000172 tok/s=41,171 eta=12318.732406058942
step=3761 tokens=492961792/1000000000 loss=3.6003 lr=0.000172 tok/s=41,150 eta=12321.82886002053
step=3762 tokens=493092864/1000000000 loss=3.5295 lr=0.000172 tok/s=40,949 eta=12379.061614942246
step=3763 tokens=493223936/1000000000 loss=3.5172 lr=0.000172 tok/s=41,000 eta=12360.366330084016
step=3764 tokens=493355008/1000000000 loss=3.4944 lr=0.000172 tok/s=40,990 eta=12360.192510183362
step=3765 tokens=493486080/1000000000 loss=3.4942 lr=0.000172 tok/s=41,065 eta=12334.523792778078
step=3766 tokens=493617152/1000000000 loss=3.5698 lr=0.000172 tok/s=41,182 eta=12296.2107964297
step=3767 tokens=493748224/1000000000 loss=3.5135 lr=0.000172 tok/s=41,293 eta=12259.867750001504
step=3768 tokens=493879296/1000000000 loss=3.4904 lr=0.000172 tok/s=41,073 eta=12322.383523120969
step=3769 tokens=494010368/1000000000 loss=3.4547 lr=0.000172 tok/s=41,196 eta=12282.409421027238
step=3770 tokens=494141440/1000000000 loss=3.5333 lr=0.000172 tok/s=40,861 eta=12379.896156161254
step=3771 tokens=494272512/1000000000 loss=3.5518 lr=0.000172 tok/s=40,764 eta=12406.099231290464
step=3772 tokens=494403584/1000000000 loss=3.5894 lr=0.000172 tok/s=40,928 eta=12353.314900780879
step=3773 tokens=494534656/1000000000 loss=3.5251 lr=0.000172 tok/s=41,134 eta=12288.290090398432
step=3774 tokens=494665728/1000000000 loss=3.4936 lr=0.000172 tok/s=41,068 eta=12304.780623692226
step=3775 tokens=494796800/1000000000 loss=3.3726 lr=0.000172 tok/s=40,809 eta=12379.639890512062
step=3776 tokens=494927872/1000000000 loss=3.4025 lr=0.000172 tok/s=40,928 eta=12340.389023813674
step=3777 tokens=495058944/1000000000 loss=3.6120 lr=0.000171 tok/s=41,098 eta=12286.14802170427
step=3778 tokens=495190016/1000000000 loss=3.4813 lr=0.000171 tok/s=41,201 eta=12252.235657634905
step=3779 tokens=495321088/1000000000 loss=3.5938 lr=0.000171 tok/s=41,295 eta=12221.44791400134
step=3780 tokens=495452160/1000000000 loss=3.4844 lr=0.000171 tok/s=41,187 eta=12250.2169714243
step=3781 tokens=495583232/1000000000 loss=3.3117 lr=0.000171 tok/s=40,872 eta=12341.389241054254
step=3782 tokens=495714304/1000000000 loss=3.4430 lr=0.000171 tok/s=40,786 eta=12364.25034285502
step=3783 tokens=495845376/1000000000 loss=3.4845 lr=0.000171 tok/s=40,872 eta=12334.840477496515
step=3784 tokens=495976448/1000000000 loss=3.3448 lr=0.000171 tok/s=40,496 eta=12446.401369053903
step=3785 tokens=496107520/1000000000 loss=3.5063 lr=0.000171 tok/s=41,142 eta=12247.574127861297
step=3786 tokens=496238592/1000000000 loss=3.5688 lr=0.000171 tok/s=41,091 eta=12259.687475194289
step=3787 tokens=496369664/1000000000 loss=3.5520 lr=0.000171 tok/s=40,722 eta=12367.51909325431
step=3788 tokens=496500736/1000000000 loss=3.4415 lr=0.000171 tok/s=41,225 eta=12213.476721345798
step=3789 tokens=496631808/1000000000 loss=3.2735 lr=0.000171 tok/s=41,152 eta=12231.829879859748
step=3790 tokens=496762880/1000000000 loss=3.4612 lr=0.000171 tok/s=40,654 eta=12378.460009607987
step=3791 tokens=496893952/1000000000 loss=3.5035 lr=0.000171 tok/s=40,540 eta=12410.1963676571
step=3792 tokens=497025024/1000000000 loss=3.5032 lr=0.000171 tok/s=40,955 eta=12281.133093187822
step=3793 tokens=497156096/1000000000 loss=3.5147 lr=0.000171 tok/s=40,497 eta=12416.816560453077
step=3794 tokens=497287168/1000000000 loss=3.6686 lr=0.000171 tok/s=40,782 eta=12326.930117073889
step=3795 tokens=497418240/1000000000 loss=3.5524 lr=0.00017 tok/s=40,904 eta=12286.939549193236
step=3796 tokens=497549312/1000000000 loss=3.5464 lr=0.00017 tok/s=40,844 eta=12301.736718565591
step=3797 tokens=497680384/1000000000 loss=3.4705 lr=0.00017 tok/s=40,916 eta=12276.848041218687
step=3798 tokens=497811456/1000000000 loss=3.2102 lr=0.00017 tok/s=41,180 eta=12194.81817917123
step=3799 tokens=497942528/1000000000 loss=3.1414 lr=0.00017 tok/s=41,281 eta=12161.927109546541
step=3800 tokens=498073600/1000000000 loss=3.1061 lr=0.00017 tok/s=41,222 eta=12176.186290022242
step=3801 tokens=498204672/1000000000 loss=3.0904 lr=0.00017 tok/s=40,738 eta=12317.5201051739
step=3802 tokens=498335744/1000000000 loss=3.0517 lr=0.00017 tok/s=40,693 eta=12328.043832415702
step=3803 tokens=498466816/1000000000 loss=3.0518 lr=0.00017 tok/s=41,010 eta=12229.522805527487
step=3804 tokens=498597888/1000000000 loss=2.9709 lr=0.00017 tok/s=41,026 eta=12221.49546234901
step=3805 tokens=498728960/1000000000 loss=2.9775 lr=0.00017 tok/s=40,903 eta=12255.200958097555
step=3806 tokens=498860032/1000000000 loss=2.9888 lr=0.00017 tok/s=41,096 eta=12194.39191857401
step=3807 tokens=498991104/1000000000 loss=2.9438 lr=0.00017 tok/s=40,922 eta=12243.117023850815
step=3808 tokens=499122176/1000000000 loss=2.9740 lr=0.00017 tok/s=41,068 eta=12196.163007247613
step=3809 tokens=499253248/1000000000 loss=2.9670 lr=0.00017 tok/s=41,049 eta=12198.816426306164
step=3810 tokens=499384320/1000000000 loss=2.9447 lr=0.00017 tok/s=40,944 eta=12226.899660046825
step=3811 tokens=499515392/1000000000 loss=2.9534 lr=0.00017 tok/s=40,922 eta=12230.078400044335
step=3812 tokens=499646464/1000000000 loss=2.9488 lr=0.000169 tok/s=40,867 eta=12243.43740454459
step=3813 tokens=499777536/1000000000 loss=2.9233 lr=0.000169 tok/s=41,165 eta=12151.77910968965
step=3814 tokens=499908608/1000000000 loss=2.9239 lr=0.000169 tok/s=41,259 eta=12120.693213324419
step=3815 tokens=500039680/1000000000 loss=2.9058 lr=0.000169 tok/s=29,660 eta=16856.30184901285
checkpoint saved: runs/20260905-135527/checkpoints/tokens_000500m (permanent_tokens)
step=3816 tokens=500170752/1000000000 loss=2.8767 lr=0.000169 tok/s=35,788 eta=13966.249722171598
step=3817 tokens=500301824/1000000000 loss=2.9026 lr=0.000169 tok/s=41,045 eta=12174.30443779132
step=3818 tokens=500432896/1000000000 loss=2.9255 lr=0.000169 tok/s=41,156 eta=12138.31818238367
step=3819 tokens=500563968/1000000000 loss=2.9118 lr=0.000169 tok/s=41,197 eta=12123.144130444663
step=3820 tokens=500695040/1000000000 loss=2.9112 lr=0.000169 tok/s=41,071 eta=12157.210769169336
step=3821 tokens=500826112/1000000000 loss=2.8511 lr=0.000169 tok/s=41,241 eta=12103.897775228184
step=3822 tokens=500957184/1000000000 loss=2.8667 lr=0.000169 tok/s=41,160 eta=12124.331501733639
step=3823 tokens=501088256/1000000000 loss=2.8725 lr=0.000169 tok/s=41,255 eta=12093.398327807276
step=3824 tokens=501219328/1000000000 loss=2.8241 lr=0.000169 tok/s=41,135 eta=12125.488897319383
step=3825 tokens=501350400/1000000000 loss=2.8820 lr=0.000169 tok/s=41,284 eta=12078.567027073665
step=3826 tokens=501481472/1000000000 loss=2.8538 lr=0.000169 tok/s=41,163 eta=12110.7970875777
step=3827 tokens=501612544/1000000000 loss=2.8471 lr=0.000169 tok/s=41,268 eta=12076.793529508857
step=3828 tokens=501743616/1000000000 loss=2.8357 lr=0.000169 tok/s=41,283 eta=12069.20761579328
step=3829 tokens=501874688/1000000000 loss=2.8568 lr=0.000169 tok/s=40,911 eta=12175.758572912824
step=3830 tokens=502005760/1000000000 loss=3.6352 lr=0.000168 tok/s=41,322 eta=12051.493582941233
step=3831 tokens=502136832/1000000000 loss=3.5664 lr=0.000168 tok/s=41,257 eta=12067.388972288343
step=3832 tokens=502267904/1000000000 loss=3.6161 lr=0.000168 tok/s=40,926 eta=12161.683808954718
step=3833 tokens=502398976/1000000000 loss=3.4707 lr=0.000168 tok/s=40,949 eta=12151.845493744002
step=3834 tokens=502530048/1000000000 loss=3.2884 lr=0.000168 tok/s=41,018 eta=12127.941579416929
step=3835 tokens=502661120/1000000000 loss=3.4839 lr=0.000168 tok/s=41,093 eta=12102.7830037325
step=3836 tokens=502792192/1000000000 loss=3.5761 lr=0.000168 tok/s=41,253 eta=12052.565494260232
step=3837 tokens=502923264/1000000000 loss=3.5392 lr=0.000168 tok/s=40,601 eta=12242.930781313411
step=3838 tokens=503054336/1000000000 loss=3.4169 lr=0.000168 tok/s=40,846 eta=12166.409933870917
step=3839 tokens=503185408/1000000000 loss=3.3547 lr=0.000168 tok/s=40,838 eta=12165.593079031036
step=3840 tokens=503316480/1000000000 loss=3.5231 lr=0.000168 tok/s=40,844 eta=12160.488183027419
step=3841 tokens=503447552/1000000000 loss=3.4876 lr=0.000168 tok/s=40,860 eta=12152.444705322676
step=3842 tokens=503578624/1000000000 loss=3.4506 lr=0.000168 tok/s=40,775 eta=12174.772389229764
step=3843 tokens=503709696/1000000000 loss=3.4706 lr=0.000168 tok/s=40,783 eta=12169.141615048984
step=3844 tokens=503840768/1000000000 loss=3.3273 lr=0.000168 tok/s=40,779 eta=12166.937959808714
step=3845 tokens=503971840/1000000000 loss=3.4210 lr=0.000168 tok/s=40,898 eta=12128.481428244462
step=3846 tokens=504102912/1000000000 loss=3.4588 lr=0.000168 tok/s=40,964 eta=12105.755603609436
step=3847 tokens=504233984/1000000000 loss=3.3374 lr=0.000167 tok/s=40,941 eta=12109.174961757091
step=3848 tokens=504365056/1000000000 loss=3.4726 lr=0.000167 tok/s=40,877 eta=12125.135993450727
step=3849 tokens=504496128/1000000000 loss=3.5155 lr=0.000167 tok/s=40,917 eta=12109.94748152447
step=3850 tokens=504627200/1000000000 loss=3.4350 lr=0.000167 tok/s=41,089 eta=12055.966395907426
step=3851 tokens=504758272/1000000000 loss=3.4073 lr=0.000167 tok/s=40,994 eta=12080.777836512569
step=3852 tokens=504889344/1000000000 loss=3.5108 lr=0.000167 tok/s=41,203 eta=12016.496560813952
step=3853 tokens=505020416/1000000000 loss=3.2928 lr=0.000167 tok/s=41,299 eta=11985.23775254266
step=3854 tokens=505151488/1000000000 loss=3.4791 lr=0.000167 tok/s=41,107 eta=12037.947209793349
step=3855 tokens=505282560/1000000000 loss=3.3931 lr=0.000167 tok/s=41,103 eta=12036.092051854897
step=3856 tokens=505413632/1000000000 loss=3.2941 lr=0.000167 tok/s=41,142 eta=12021.553883826435
step=3857 tokens=505544704/1000000000 loss=3.3340 lr=0.000167 tok/s=41,103 eta=12029.576648091701
step=3858 tokens=505675776/1000000000 loss=3.3258 lr=0.000167 tok/s=41,151 eta=12012.54155926908
step=3859 tokens=505806848/1000000000 loss=3.4839 lr=0.000167 tok/s=40,969 eta=12062.718294321256
step=3860 tokens=505937920/1000000000 loss=3.3279 lr=0.000167 tok/s=41,301 eta=11962.485869408492
step=3861 tokens=506068992/1000000000 loss=3.4717 lr=0.000167 tok/s=41,113 eta=12014.064074512946
step=3862 tokens=506200064/1000000000 loss=3.4478 lr=0.000167 tok/s=41,048 eta=12029.806392873623
step=3863 tokens=506331136/1000000000 loss=3.5051 lr=0.000167 tok/s=41,166 eta=11992.135940364566
step=3864 tokens=506462208/1000000000 loss=3.4662 lr=0.000167 tok/s=41,004 eta=12036.316719624294
step=3865 tokens=506593280/1000000000 loss=3.6774 lr=0.000166 tok/s=40,852 eta=12077.79563820197
step=3866 tokens=506724352/1000000000 loss=3.6485 lr=0.000166 tok/s=41,249 eta=11958.396587141426
step=3867 tokens=506855424/1000000000 loss=3.5805 lr=0.000166 tok/s=41,282 eta=11945.766921634804
step=3868 tokens=506986496/1000000000 loss=3.5673 lr=0.000166 tok/s=41,130 eta=11986.616635115155
step=3869 tokens=507117568/1000000000 loss=3.5606 lr=0.000166 tok/s=41,121 eta=11986.1280490871
step=3870 tokens=507248640/1000000000 loss=3.4712 lr=0.000166 tok/s=41,238 eta=11949.081247068043
step=3871 tokens=507379712/1000000000 loss=3.5365 lr=0.000166 tok/s=41,167 eta=11966.432078588543
step=3872 tokens=507510784/1000000000 loss=3.5611 lr=0.000166 tok/s=41,151 eta=11967.983981243013
step=3873 tokens=507641856/1000000000 loss=3.5406 lr=0.000166 tok/s=41,412 eta=11889.14745541432
step=3874 tokens=507772928/1000000000 loss=3.5646 lr=0.000166 tok/s=41,132 eta=11967.043310141938
step=3875 tokens=507904000/1000000000 loss=3.5507 lr=0.000166 tok/s=41,069 eta=11982.220150962654
step=3876 tokens=508035072/1000000000 loss=3.5772 lr=0.000166 tok/s=41,207 eta=11938.921115654184
step=3877 tokens=508166144/1000000000 loss=3.5748 lr=0.000166 tok/s=41,203 eta=11936.791962589297
step=3878 tokens=508297216/1000000000 loss=3.5575 lr=0.000166 tok/s=41,132 eta=11954.378006793931
step=3879 tokens=508428288/1000000000 loss=3.6319 lr=0.000166 tok/s=41,192 eta=11933.61385102194
step=3880 tokens=508559360/1000000000 loss=3.5769 lr=0.000166 tok/s=41,329 eta=11890.938612608814
step=3881 tokens=508690432/1000000000 loss=3.5270 lr=0.000166 tok/s=41,322 eta=11889.6470334179
step=3882 tokens=508821504/1000000000 loss=3.4015 lr=0.000166 tok/s=41,068 eta=11960.154995080662
step=3883 tokens=508952576/1000000000 loss=3.5742 lr=0.000165 tok/s=41,084 eta=11952.410289825217
step=3884 tokens=509083648/1000000000 loss=3.6019 lr=0.000165 tok/s=40,757 eta=12044.840404659528
step=3885 tokens=509214720/1000000000 loss=3.4752 lr=0.000165 tok/s=41,073 eta=11949.082618087723
step=3886 tokens=509345792/1000000000 loss=3.6072 lr=0.000165 tok/s=41,158 eta=11921.346235037097
step=3887 tokens=509476864/1000000000 loss=3.5878 lr=0.000165 tok/s=40,871 eta=12001.60129471581
step=3888 tokens=509607936/1000000000 loss=3.3875 lr=0.000165 tok/s=41,140 eta=11920.113629831365
step=3889 tokens=509739008/1000000000 loss=3.6054 lr=0.000165 tok/s=40,976 eta=11964.599368831667
step=3890 tokens=509870080/1000000000 loss=3.5609 lr=0.000165 tok/s=41,015 eta=11950.063661296228
step=3891 tokens=510001152/1000000000 loss=3.4012 lr=0.000165 tok/s=29,753 eta=16468.82786374723
step=3892 tokens=510132224/1000000000 loss=3.5718 lr=0.000165 tok/s=41,227 eta=11882.289366321289
step=3893 tokens=510263296/1000000000 loss=3.5566 lr=0.000165 tok/s=41,269 eta=11866.882908141448
step=3894 tokens=510394368/1000000000 loss=3.4045 lr=0.000165 tok/s=41,225 eta=11876.351798676342
step=3895 tokens=510525440/1000000000 loss=3.5264 lr=0.000165 tok/s=40,851 eta=11981.918939242998
step=3896 tokens=510656512/1000000000 loss=3.4536 lr=0.000165 tok/s=41,000 eta=11935.152708084377
step=3897 tokens=510787584/1000000000 loss=3.6042 lr=0.000165 tok/s=40,754 eta=12004.16941144496
step=3898 tokens=510918656/1000000000 loss=3.3953 lr=0.000165 tok/s=40,871 eta=11966.460394414527
step=3899 tokens=511049728/1000000000 loss=3.5695 lr=0.000165 tok/s=40,856 eta=11967.681353113458
step=3900 tokens=511180800/1000000000 loss=3.5332 lr=0.000164 tok/s=40,998 eta=11922.977833182698
step=3901 tokens=511311872/1000000000 loss=3.5052 lr=0.000164 tok/s=40,974 eta=11926.825532384122
step=3902 tokens=511442944/1000000000 loss=3.4919 lr=0.000164 tok/s=40,926 eta=11937.435079893594
step=3903 tokens=511574016/1000000000 loss=3.5064 lr=0.000164 tok/s=41,035 eta=11902.743570889685
step=3904 tokens=511705088/1000000000 loss=3.8807 lr=0.000164 tok/s=40,690 eta=12000.500866812612
step=3905 tokens=511836160/1000000000 loss=3.5544 lr=0.000164 tok/s=40,689 eta=11997.432122164437
step=3906 tokens=511967232/1000000000 loss=3.5038 lr=0.000164 tok/s=40,667 eta=12000.74066238319
step=3907 tokens=512098304/1000000000 loss=3.6306 lr=0.000164 tok/s=40,824 eta=11951.443614973488
step=3908 tokens=512229376/1000000000 loss=3.6105 lr=0.000164 tok/s=40,883 eta=11931.03144788231
step=3909 tokens=512360448/1000000000 loss=3.5763 lr=0.000164 tok/s=40,799 eta=11952.16881760338
step=3910 tokens=512491520/1000000000 loss=3.5137 lr=0.000164 tok/s=40,956 eta=11903.105425669912
step=3911 tokens=512622592/1000000000 loss=3.5822 lr=0.000164 tok/s=41,133 eta=11848.897871170448
step=3912 tokens=512753664/1000000000 loss=3.5143 lr=0.000164 tok/s=40,937 eta=11902.332308753239
step=3913 tokens=512884736/1000000000 loss=3.6140 lr=0.000164 tok/s=41,004 eta=11879.691184532809
step=3914 tokens=513015808/1000000000 loss=3.5544 lr=0.000164 tok/s=40,649 eta=11980.104906871355
step=3915 tokens=513146880/1000000000 loss=3.5406 lr=0.000164 tok/s=40,926 eta=11896.059666571298
step=3916 tokens=513277952/1000000000 loss=3.5716 lr=0.000164 tok/s=40,781 eta=11934.960949974444
step=3917 tokens=513409024/1000000000 loss=3.5173 lr=0.000164 tok/s=41,031 eta=11859.082555087876
step=3918 tokens=513540096/1000000000 loss=3.4697 lr=0.000163 tok/s=40,906 eta=11892.223178121627
step=3919 tokens=513671168/1000000000 loss=3.5169 lr=0.000163 tok/s=41,064 eta=11843.064199961624
step=3920 tokens=513802240/1000000000 loss=3.6038 lr=0.000163 tok/s=41,103 eta=11828.631793983519
step=3921 tokens=513933312/1000000000 loss=3.5694 lr=0.000163 tok/s=41,199 eta=11797.904447569756
step=3922 tokens=514064384/1000000000 loss=3.5580 lr=0.000163 tok/s=40,902 eta=11880.356096748124
step=3923 tokens=514195456/1000000000 loss=3.5540 lr=0.000163 tok/s=41,149 eta=11805.9299800062
step=3924 tokens=514326528/1000000000 loss=3.5859 lr=0.000163 tok/s=40,943 eta=11862.111986943983
step=3925 tokens=514457600/1000000000 loss=3.4825 lr=0.000163 tok/s=41,273 eta=11764.25549278081
step=3926 tokens=514588672/1000000000 loss=3.4775 lr=0.000163 tok/s=40,724 eta=11919.503639950393
step=3927 tokens=514719744/1000000000 loss=3.3216 lr=0.000163 tok/s=40,634 eta=11942.643099893614
step=3928 tokens=514850816/1000000000 loss=3.4622 lr=0.000163 tok/s=40,925 eta=11854.592950319555
step=3929 tokens=514981888/1000000000 loss=3.4385 lr=0.000163 tok/s=40,821 eta=11881.709125902229
step=3930 tokens=515112960/1000000000 loss=3.4311 lr=0.000163 tok/s=40,435 eta=11991.678219081921
step=3931 tokens=515244032/1000000000 loss=3.3874 lr=0.000163 tok/s=40,907 eta=11850.112075336889
step=3932 tokens=515375104/1000000000 loss=3.4661 lr=0.000163 tok/s=40,852 eta=11862.86484573382
step=3933 tokens=515506176/1000000000 loss=3.3546 lr=0.000163 tok/s=40,871 eta=11854.184031371064
step=3934 tokens=515637248/1000000000 loss=3.5140 lr=0.000163 tok/s=40,884 eta=11847.319445262692
step=3935 tokens=515768320/1000000000 loss=3.3060 lr=0.000163 tok/s=40,769 eta=11877.441788013202
step=3936 tokens=515899392/1000000000 loss=3.5861 lr=0.000162 tok/s=40,723 eta=11887.752562779155
step=3937 tokens=516030464/1000000000 loss=3.4756 lr=0.000162 tok/s=40,875 eta=11840.239310584218
step=3938 tokens=516161536/1000000000 loss=3.5241 lr=0.000162 tok/s=40,858 eta=11842.028477179338
step=3939 tokens=516292608/1000000000 loss=3.5054 lr=0.000162 tok/s=40,874 eta=11834.181010778539
step=3940 tokens=516423680/1000000000 loss=3.5248 lr=0.000162 tok/s=40,999 eta=11794.835237114643
step=3941 tokens=516554752/1000000000 loss=3.3326 lr=0.000162 tok/s=40,775 eta=11856.421142141053
step=3942 tokens=516685824/1000000000 loss=3.5103 lr=0.000162 tok/s=40,867 eta=11826.517565770837
step=3943 tokens=516816896/1000000000 loss=3.4072 lr=0.000162 tok/s=40,678 eta=11878.306493193562
step=3944 tokens=516947968/1000000000 loss=3.4570 lr=0.000162 tok/s=40,885 eta=11814.874350083632
step=3945 tokens=517079040/1000000000 loss=3.4327 lr=0.000162 tok/s=40,761 eta=11847.5271246386
step=3946 tokens=517210112/1000000000 loss=3.5566 lr=0.000162 tok/s=40,950 eta=11789.783932799552
step=3947 tokens=517341184/1000000000 loss=3.4013 lr=0.000162 tok/s=41,017 eta=11767.221772058478
step=3948 tokens=517472256/1000000000 loss=3.4779 lr=0.000162 tok/s=41,105 eta=11738.964955697029
step=3949 tokens=517603328/1000000000 loss=3.6339 lr=0.000162 tok/s=41,084 eta=11741.599440218586
step=3950 tokens=517734400/1000000000 loss=3.4722 lr=0.000162 tok/s=40,953 eta=11776.059896096982
step=3951 tokens=517865472/1000000000 loss=3.5141 lr=0.000162 tok/s=41,033 eta=11750.024262526716
step=3952 tokens=517996544/1000000000 loss=3.5230 lr=0.000162 tok/s=40,824 eta=11806.954813371925
step=3953 tokens=518127616/1000000000 loss=3.3575 lr=0.000161 tok/s=40,700 eta=11839.670491916397
step=3954 tokens=518258688/1000000000 loss=3.4440 lr=0.000161 tok/s=40,842 eta=11795.362332615545
step=3955 tokens=518389760/1000000000 loss=3.4691 lr=0.000161 tok/s=40,871 eta=11783.641584426818
step=3956 tokens=518520832/1000000000 loss=3.6550 lr=0.000161 tok/s=41,206 eta=11684.735319252539
step=3957 tokens=518651904/1000000000 loss=3.4003 lr=0.000161 tok/s=41,254 eta=11668.02077295011
step=3958 tokens=518782976/1000000000 loss=2.7188 lr=0.000161 tok/s=40,914 eta=11761.704617976598
step=3959 tokens=518914048/1000000000 loss=2.6985 lr=0.000161 tok/s=40,923 eta=11755.809118113277
step=3960 tokens=519045120/1000000000 loss=2.6804 lr=0.000161 tok/s=40,877 eta=11765.972362837543
step=3961 tokens=519176192/1000000000 loss=2.5370 lr=0.000161 tok/s=40,955 eta=11740.206188901686
step=3962 tokens=519307264/1000000000 loss=2.5373 lr=0.000161 tok/s=41,188 eta=11670.610890246528
step=3963 tokens=519438336/1000000000 loss=2.5839 lr=0.000161 tok/s=41,048 eta=11707.384273409669
step=3964 tokens=519569408/1000000000 loss=2.5329 lr=0.000161 tok/s=41,048 eta=11704.245581173773
step=3965 tokens=519700480/1000000000 loss=2.5475 lr=0.000161 tok/s=40,928 eta=11735.343066529564
step=3966 tokens=519831552/1000000000 loss=2.5489 lr=0.000161 tok/s=41,377 eta=11604.625738163819
step=3967 tokens=519962624/1000000000 loss=2.5498 lr=0.000161 tok/s=41,267 eta=11632.408766661445
step=3968 tokens=520093696/1000000000 loss=2.5169 lr=0.000161 tok/s=29,963 eta=16016.438445907532
step=3969 tokens=520224768/1000000000 loss=2.4686 lr=0.000161 tok/s=41,125 eta=11666.130462054873
step=3970 tokens=520355840/1000000000 loss=2.5760 lr=0.000161 tok/s=41,039 eta=11687.629965075594
step=3971 tokens=520486912/1000000000 loss=2.5018 lr=0.00016 tok/s=41,017 eta=11690.572097159304
step=3972 tokens=520617984/1000000000 loss=2.5196 lr=0.00016 tok/s=41,164 eta=11645.768091471442
step=3973 tokens=520749056/1000000000 loss=2.4590 lr=0.00016 tok/s=41,133 eta=11651.154889915037
step=3974 tokens=520880128/1000000000 loss=2.4682 lr=0.00016 tok/s=40,906 eta=11712.652332416528
step=3975 tokens=521011200/1000000000 loss=2.5013 lr=0.00016 tok/s=41,070 eta=11662.770255827805
step=3976 tokens=521142272/1000000000 loss=2.4823 lr=0.00016 tok/s=41,135 eta=11640.99844691271
step=3977 tokens=521273344/1000000000 loss=2.4619 lr=0.00016 tok/s=41,070 eta=11656.448055224551
step=3978 tokens=521404416/1000000000 loss=2.4583 lr=0.00016 tok/s=41,076 eta=11651.444750348952
step=3979 tokens=521535488/1000000000 loss=2.3967 lr=0.00016 tok/s=40,712 eta=11752.502000796469
step=3980 tokens=521666560/1000000000 loss=2.4392 lr=0.00016 tok/s=40,742 eta=11740.487141548947
step=3981 tokens=521797632/1000000000 loss=2.4731 lr=0.00016 tok/s=40,781 eta=11726.213824497927
step=3982 tokens=521928704/1000000000 loss=2.4395 lr=0.00016 tok/s=40,774 eta=11724.802492436342
step=3983 tokens=522059776/1000000000 loss=2.4658 lr=0.00016 tok/s=40,892 eta=11687.927858289939
step=3984 tokens=522190848/1000000000 loss=2.4399 lr=0.00016 tok/s=40,794 eta=11712.775781277625
step=3985 tokens=522321920/1000000000 loss=2.4480 lr=0.00016 tok/s=40,815 eta=11703.49025686951
step=3986 tokens=522452992/1000000000 loss=2.4144 lr=0.00016 tok/s=41,121 eta=11613.125868173176
step=3987 tokens=522584064/1000000000 loss=2.4755 lr=0.00016 tok/s=41,259 eta=11571.23884276475
step=3988 tokens=522715136/1000000000 loss=2.4696 lr=0.000159 tok/s=41,285 eta=11560.61746653643
step=3989 tokens=522846208/1000000000 loss=2.4037 lr=0.000159 tok/s=41,310 eta=11550.427637780469
step=3990 tokens=522977280/1000000000 loss=3.5537 lr=0.000159 tok/s=41,226 eta=11570.895475283978
step=3991 tokens=523108352/1000000000 loss=3.5012 lr=0.000159 tok/s=41,180 eta=11580.706671062508
step=3992 tokens=523239424/1000000000 loss=3.4918 lr=0.000159 tok/s=41,242 eta=11559.967582278468
step=3993 tokens=523370496/1000000000 loss=3.4818 lr=0.000159 tok/s=41,204 eta=11567.514350579257
step=3994 tokens=523501568/1000000000 loss=3.6348 lr=0.000159 tok/s=41,227 eta=11557.93407888846
step=3995 tokens=523632640/1000000000 loss=3.5181 lr=0.000159 tok/s=41,221 eta=11556.483215950091
step=3996 tokens=523763712/1000000000 loss=3.5365 lr=0.000159 tok/s=41,330 eta=11522.786943895935
step=3997 tokens=523894784/1000000000 loss=3.4244 lr=0.000159 tok/s=41,397 eta=11500.924913114648
step=3998 tokens=524025856/1000000000 loss=3.4046 lr=0.000159 tok/s=41,268 eta=11533.732317495884
step=3999 tokens=524156928/1000000000 loss=3.5525 lr=0.000159 tok/s=41,542 eta=11454.556055118344
step=4000 tokens=524288000/1000000000 loss=3.4974 lr=0.000159 tok/s=41,231 eta=11537.662355093538
step=4001 tokens=524419072/1000000000 loss=3.7937 lr=0.000159 tok/s=41,177 eta=11549.731657251672
step=4002 tokens=524550144/1000000000 loss=3.4497 lr=0.000159 tok/s=41,167 eta=11549.242814131809
step=4003 tokens=524681216/1000000000 loss=3.4645 lr=0.000159 tok/s=41,139 eta=11554.07572072851
step=4004 tokens=524812288/1000000000 loss=3.4732 lr=0.000159 tok/s=41,331 eta=11497.20662553467
step=4005 tokens=524943360/1000000000 loss=3.4604 lr=0.000159 tok/s=41,312 eta=11499.30062682389
step=4006 tokens=525074432/1000000000 loss=3.4600 lr=0.000158 tok/s=41,341 eta=11488.060551136465
step=4007 tokens=525205504/1000000000 loss=3.3622 lr=0.000158 tok/s=41,049 eta=11566.441400569813
step=4008 tokens=525336576/1000000000 loss=3.2699 lr=0.000158 tok/s=41,131 eta=11540.218915797073
step=4009 tokens=525467648/1000000000 loss=3.4058 lr=0.000158 tok/s=40,901 eta=11601.857512372359
step=4010 tokens=525598720/1000000000 loss=3.4377 lr=0.000158 tok/s=41,163 eta=11524.854762653666
step=4011 tokens=525729792/1000000000 loss=3.3980 lr=0.000158 tok/s=40,929 eta=11587.542199861302
step=4012 tokens=525860864/1000000000 loss=3.3736 lr=0.000158 tok/s=41,067 eta=11545.390370074472
step=4013 tokens=525991936/1000000000 loss=3.5254 lr=0.000158 tok/s=41,057 eta=11545.033894164046
step=4014 tokens=526123008/1000000000 loss=3.4889 lr=0.000158 tok/s=41,086 eta=11533.653828526409
step=4015 tokens=526254080/1000000000 loss=3.6245 lr=0.000158 tok/s=41,024 eta=11548.080182392712
step=4016 tokens=526385152/1000000000 loss=3.5317 lr=0.000158 tok/s=40,898 eta=11580.269081451619
step=4017 tokens=526516224/1000000000 loss=3.5636 lr=0.000158 tok/s=40,987 eta=11551.926878624781
step=4018 tokens=526647296/1000000000 loss=3.5629 lr=0.000158 tok/s=41,034 eta=11535.52069843617
step=4019 tokens=526778368/1000000000 loss=3.4932 lr=0.000158 tok/s=40,919 eta=11564.945595905194
step=4020 tokens=526909440/1000000000 loss=3.4717 lr=0.000158 tok/s=41,091 eta=11513.111298216425
step=4021 tokens=527040512/1000000000 loss=3.4250 lr=0.000158 tok/s=41,344 eta=11439.549423973896
step=4022 tokens=527171584/1000000000 loss=3.1498 lr=0.000158 tok/s=41,346 eta=11435.814051026204
step=4023 tokens=527302656/1000000000 loss=3.0610 lr=0.000158 tok/s=41,276 eta=11452.16900718468
step=4024 tokens=527433728/1000000000 loss=3.0212 lr=0.000157 tok/s=41,056 eta=11510.25122669253
step=4025 tokens=527564800/1000000000 loss=2.9781 lr=0.000157 tok/s=41,079 eta=11500.580889919585
step=4026 tokens=527695872/1000000000 loss=2.9664 lr=0.000157 tok/s=41,161 eta=11474.539919268065
step=4027 tokens=527826944/1000000000 loss=2.9385 lr=0.000157 tok/s=41,245 eta=11448.070968282638
step=4028 tokens=527958016/1000000000 loss=2.9242 lr=0.000157 tok/s=41,177 eta=11463.825550149946
step=4029 tokens=528089088/1000000000 loss=2.9003 lr=0.000157 tok/s=41,219 eta=11448.834126486383
step=4030 tokens=528220160/1000000000 loss=2.9077 lr=0.000157 tok/s=41,182 eta=11455.898717650474
step=4031 tokens=528351232/1000000000 loss=2.9502 lr=0.000157 tok/s=41,173 eta=11455.185429671796
step=4032 tokens=528482304/1000000000 loss=2.8878 lr=0.000157 tok/s=41,194 eta=11446.402521952725
step=4033 tokens=528613376/1000000000 loss=2.8900 lr=0.000157 tok/s=41,164 eta=11451.360526427188
step=4034 tokens=528744448/1000000000 loss=2.8785 lr=0.000157 tok/s=40,883 eta=11526.887140623972
step=4035 tokens=528875520/1000000000 loss=2.9219 lr=0.000157 tok/s=41,143 eta=11450.803511741096
step=4036 tokens=529006592/1000000000 loss=2.8730 lr=0.000157 tok/s=40,738 eta=11561.423495224204
step=4037 tokens=529137664/1000000000 loss=2.8535 lr=0.000157 tok/s=40,778 eta=11547.007082622007
step=4038 tokens=529268736/1000000000 loss=2.8717 lr=0.000157 tok/s=40,892 eta=11511.457543680748
step=4039 tokens=529399808/1000000000 loss=2.8331 lr=0.000157 tok/s=40,878 eta=11512.435656727199
step=4040 tokens=529530880/1000000000 loss=2.8409 lr=0.000157 tok/s=40,637 eta=11577.252769402327
step=4041 tokens=529661952/1000000000 loss=2.8677 lr=0.000156 tok/s=40,941 eta=11488.20513147657
step=4042 tokens=529793024/1000000000 loss=2.8335 lr=0.000156 tok/s=40,888 eta=11499.822900291618
step=4043 tokens=529924096/1000000000 loss=2.8487 lr=0.000156 tok/s=40,862 eta=11504.049828563202
step=4044 tokens=530055168/1000000000 loss=2.8361 lr=0.000156 tok/s=29,575 eta=15889.863505663827
step=4045 tokens=530186240/1000000000 loss=2.8117 lr=0.000156 tok/s=41,095 eta=11432.410521576028
step=4046 tokens=530317312/1000000000 loss=2.8385 lr=0.000156 tok/s=40,926 eta=11476.367901909236
step=4047 tokens=530448384/1000000000 loss=2.8633 lr=0.000156 tok/s=41,338 eta=11358.795648817977
step=4048 tokens=530579456/1000000000 loss=2.8531 lr=0.000156 tok/s=41,018 eta=11444.16191892694
step=4049 tokens=530710528/1000000000 loss=2.7918 lr=0.000156 tok/s=41,135 eta=11408.544855677032
step=4050 tokens=530841600/1000000000 loss=2.8271 lr=0.000156 tok/s=41,144 eta=11402.716121263122
step=4051 tokens=530972672/1000000000 loss=2.8046 lr=0.000156 tok/s=41,254 eta=11369.19549971548
step=4052 tokens=531103744/1000000000 loss=2.8097 lr=0.000156 tok/s=40,968 eta=11445.515680490957
step=4053 tokens=531234816/1000000000 loss=2.7989 lr=0.000156 tok/s=40,839 eta=11478.362156697387
step=4054 tokens=531365888/1000000000 loss=3.7360 lr=0.000156 tok/s=40,714 eta=11510.35683484684
step=4055 tokens=531496960/1000000000 loss=3.4670 lr=0.000156 tok/s=40,892 eta=11457.100332888936
step=4056 tokens=531628032/1000000000 loss=3.5193 lr=0.000156 tok/s=40,980 eta=11429.21221645293
step=4057 tokens=531759104/1000000000 loss=3.5976 lr=0.000156 tok/s=40,855 eta=11461.101449417907
step=4058 tokens=531890176/1000000000 loss=3.6527 lr=0.000156 tok/s=40,809 eta=11470.745836274875
step=4059 tokens=532021248/1000000000 loss=3.4920 lr=0.000155 tok/s=40,561 eta=11537.585730216828
step=4060 tokens=532152320/1000000000 loss=3.5454 lr=0.000155 tok/s=40,912 eta=11435.541636709873
step=4061 tokens=532283392/1000000000 loss=3.6617 lr=0.000155 tok/s=40,889 eta=11438.606787315633
step=4062 tokens=532414464/1000000000 loss=3.4733 lr=0.000155 tok/s=40,458 eta=11557.185478927426
step=4063 tokens=532545536/1000000000 loss=3.6183 lr=0.000155 tok/s=40,763 eta=11467.690687095546
step=4064 tokens=532676608/1000000000 loss=3.5824 lr=0.000155 tok/s=40,625 eta=11503.330895960547
step=4065 tokens=532807680/1000000000 loss=3.4806 lr=0.000155 tok/s=40,767 eta=11460.072080801314
step=4066 tokens=532938752/1000000000 loss=3.8338 lr=0.000155 tok/s=40,771 eta=11455.827167861782
step=4067 tokens=533069824/1000000000 loss=3.5403 lr=0.000155 tok/s=40,491 eta=11531.66652347021
step=4068 tokens=533200896/1000000000 loss=3.4075 lr=0.000155 tok/s=40,968 eta=11394.182131968855
step=4069 tokens=533331968/1000000000 loss=3.5564 lr=0.000155 tok/s=40,855 eta=11422.618910685944
step=4070 tokens=533463040/1000000000 loss=3.6621 lr=0.000155 tok/s=40,781 eta=11440.001050848354
step=4071 tokens=533594112/1000000000 loss=3.5177 lr=0.000155 tok/s=40,897 eta=11404.416875110597
step=4072 tokens=533725184/1000000000 loss=3.5346 lr=0.000155 tok/s=40,717 eta=11451.667553472545
step=4073 tokens=533856256/1000000000 loss=3.5276 lr=0.000155 tok/s=40,746 eta=11440.333601787866
step=4074 tokens=533987328/1000000000 loss=3.5184 lr=0.000155 tok/s=41,062 eta=11348.957012172814
step=4075 tokens=534118400/1000000000 loss=3.5086 lr=0.000155 tok/s=41,012 eta=11359.552821698395
step=4076 tokens=534249472/1000000000 loss=3.5386 lr=0.000155 tok/s=40,636 eta=11461.59458105709
step=4077 tokens=534380544/1000000000 loss=3.5029 lr=0.000154 tok/s=40,925 eta=11377.4400538459
step=4078 tokens=534511616/1000000000 loss=3.4355 lr=0.000154 tok/s=40,850 eta=11395.177101404523
step=4079 tokens=534642688/1000000000 loss=3.6236 lr=0.000154 tok/s=41,106 eta=11320.96508894955
step=4080 tokens=534773760/1000000000 loss=3.3889 lr=0.000154 tok/s=41,224 eta=11285.298055733389
step=4081 tokens=534904832/1000000000 loss=3.4762 lr=0.000154 tok/s=40,943 eta=11359.713907613437
step=4082 tokens=535035904/1000000000 loss=3.4292 lr=0.000154 tok/s=40,979 eta=11346.337999173558
step=4083 tokens=535166976/1000000000 loss=3.5075 lr=0.000154 tok/s=41,288 eta=11258.441356705003
step=4084 tokens=535298048/1000000000 loss=3.4468 lr=0.000154 tok/s=41,148 eta=11293.421836900443
step=4085 tokens=535429120/1000000000 loss=3.5613 lr=0.000154 tok/s=41,171 eta=11283.91479725793
step=4086 tokens=535560192/1000000000 loss=3.4957 lr=0.000154 tok/s=41,261 eta=11256.046920855926
step=4087 tokens=535691264/1000000000 loss=3.4947 lr=0.000154 tok/s=41,104 eta=11296.083510104721
step=4088 tokens=535822336/1000000000 loss=3.4830 lr=0.000154 tok/s=41,125 eta=11286.865908608497
step=4089 tokens=535953408/1000000000 loss=3.4986 lr=0.000154 tok/s=41,102 eta=11290.160138187806
step=4090 tokens=536084480/1000000000 loss=3.5646 lr=0.000154 tok/s=40,944 eta=11330.36081505339
step=4091 tokens=536215552/1000000000 loss=3.5048 lr=0.000154 tok/s=40,973 eta=11319.208746725944
step=4092 tokens=536346624/1000000000 loss=3.4159 lr=0.000154 tok/s=41,131 eta=11272.643848078478
step=4093 tokens=536477696/1000000000 loss=3.4235 lr=0.000154 tok/s=41,286 eta=11227.050167873229
step=4094 tokens=536608768/1000000000 loss=3.5188 lr=0.000153 tok/s=40,984 eta=11306.74442393484
step=4095 tokens=536739840/1000000000 loss=3.5535 lr=0.000153 tok/s=41,260 eta=11227.706399613082
step=4096 tokens=536870912/1000000000 loss=3.4490 lr=0.000153 tok/s=41,007 eta=11293.952243112299
checkpoint saved: runs/20260905-135527/checkpoints/step_000004096 (time)
step=4097 tokens=537001984/1000000000 loss=3.5230 lr=0.000153 tok/s=35,874 eta=12906.157758623413
step=4098 tokens=537133056/1000000000 loss=3.4310 lr=0.000153 tok/s=41,042 eta=11277.900999471698
step=4099 tokens=537264128/1000000000 loss=3.5152 lr=0.000153 tok/s=41,086 eta=11262.745514911952
step=4100 tokens=537395200/1000000000 loss=3.4792 lr=0.000153 tok/s=40,693 eta=11368.125580718517
step=4101 tokens=537526272/1000000000 loss=3.5292 lr=0.000153 tok/s=40,801 eta=11334.950463620264
step=4102 tokens=537657344/1000000000 loss=3.4345 lr=0.000153 tok/s=40,765 eta=11341.789554227471
step=4103 tokens=537788416/1000000000 loss=3.5765 lr=0.000153 tok/s=41,034 eta=11263.985019672891
step=4104 tokens=537919488/1000000000 loss=3.5074 lr=0.000153 tok/s=41,031 eta=11261.65267622665
step=4105 tokens=538050560/1000000000 loss=3.2823 lr=0.000153 tok/s=40,751 eta=11336.02539028815
step=4106 tokens=538181632/1000000000 loss=3.4943 lr=0.000153 tok/s=40,681 eta=11352.134914608509
step=4107 tokens=538312704/1000000000 loss=3.4666 lr=0.000153 tok/s=40,931 eta=11279.567648029524
step=4108 tokens=538443776/1000000000 loss=3.5267 lr=0.000153 tok/s=41,057 eta=11241.894923430997
step=4109 tokens=538574848/1000000000 loss=3.4577 lr=0.000153 tok/s=40,600 eta=11365.04183074243
step=4110 tokens=538705920/1000000000 loss=3.5091 lr=0.000153 tok/s=40,908 eta=11276.265530482346
step=4111 tokens=538836992/1000000000 loss=3.6041 lr=0.000153 tok/s=40,869 eta=11283.817388740054
step=4112 tokens=538968064/1000000000 loss=3.4548 lr=0.000152 tok/s=40,974 eta=11251.7456595666
step=4113 tokens=539099136/1000000000 loss=3.4625 lr=0.000152 tok/s=40,855 eta=11281.423331956323
step=4114 tokens=539230208/1000000000 loss=3.4686 lr=0.000152 tok/s=41,156 eta=11195.691606633734
step=4115 tokens=539361280/1000000000 loss=3.5185 lr=0.000152 tok/s=41,053 eta=11220.580957205908
step=4116 tokens=539492352/1000000000 loss=3.4259 lr=0.000152 tok/s=41,149 eta=11191.304615762476
step=4117 tokens=539623424/1000000000 loss=3.5007 lr=0.000152 tok/s=40,896 eta=11257.228561116659
step=4118 tokens=539754496/1000000000 loss=3.5291 lr=0.000152 tok/s=40,941 eta=11241.784987517707
step=4119 tokens=539885568/1000000000 loss=3.4130 lr=0.000152 tok/s=40,766 eta=11286.582939168733
step=4120 tokens=540016640/1000000000 loss=3.5316 lr=0.000152 tok/s=29,767 eta=15452.775644207624
step=4121 tokens=540147712/1000000000 loss=3.5225 lr=0.000152 tok/s=40,867 eta=11252.400440627887
step=4122 tokens=540278784/1000000000 loss=3.5713 lr=0.000152 tok/s=40,705 eta=11294.096271336934
step=4123 tokens=540409856/1000000000 loss=3.5376 lr=0.000152 tok/s=40,911 eta=11234.02046184356
step=4124 tokens=540540928/1000000000 loss=3.4101 lr=0.000152 tok/s=41,193 eta=11153.79323768306
step=4125 tokens=540672000/1000000000 loss=3.5156 lr=0.000152 tok/s=41,087 eta=11179.418781067632
step=4126 tokens=540803072/1000000000 loss=3.4130 lr=0.000152 tok/s=41,128 eta=11165.055245163854
step=4127 tokens=540934144/1000000000 loss=3.5040 lr=0.000152 tok/s=40,781 eta=11256.947285233147
step=4128 tokens=541065216/1000000000 loss=3.3563 lr=0.000152 tok/s=40,938 eta=11210.378627750624
step=4129 tokens=541196288/1000000000 loss=3.3886 lr=0.000152 tok/s=40,577 eta=11306.991832820007
step=4130 tokens=541327360/1000000000 loss=3.4369 lr=0.000151 tok/s=40,402 eta=11352.773598233229
step=4131 tokens=541458432/1000000000 loss=3.3988 lr=0.000151 tok/s=41,058 eta=11168.26530138798
step=4132 tokens=541589504/1000000000 loss=3.5068 lr=0.000151 tok/s=40,970 eta=11189.0020074876
step=4133 tokens=541720576/1000000000 loss=3.4683 lr=0.000151 tok/s=40,579 eta=11293.621481426535
step=4134 tokens=541851648/1000000000 loss=3.3818 lr=0.000151 tok/s=40,794 eta=11230.709277186692
step=4135 tokens=541982720/1000000000 loss=3.5037 lr=0.000151 tok/s=40,486 eta=11313.017136519422
step=4136 tokens=542113792/1000000000 loss=3.5512 lr=0.000151 tok/s=40,798 eta=11223.174078672713
step=4137 tokens=542244864/1000000000 loss=3.4255 lr=0.000151 tok/s=40,566 eta=11284.302903253549
step=4138 tokens=542375936/1000000000 loss=3.4311 lr=0.000151 tok/s=40,875 eta=11195.579267587376
step=4139 tokens=542507008/1000000000 loss=3.5233 lr=0.000151 tok/s=40,916 eta=11181.401537212492
step=4140 tokens=542638080/1000000000 loss=3.4572 lr=0.000151 tok/s=40,851 eta=11195.896230046043
step=4141 tokens=542769152/1000000000 loss=3.5010 lr=0.000151 tok/s=40,503 eta=11288.928522526146
step=4142 tokens=542900224/1000000000 loss=3.4763 lr=0.000151 tok/s=40,628 eta=11250.798929989614
step=4143 tokens=543031296/1000000000 loss=3.5720 lr=0.000151 tok/s=40,520 eta=11277.72937050799
step=4144 tokens=543162368/1000000000 loss=3.5693 lr=0.000151 tok/s=40,986 eta=11146.093102711824
step=4145 tokens=543293440/1000000000 loss=3.5748 lr=0.000151 tok/s=40,974 eta=11146.286646299444
step=4146 tokens=543424512/1000000000 loss=3.5683 lr=0.000151 tok/s=41,051 eta=11122.172446925175
step=4147 tokens=543555584/1000000000 loss=3.5104 lr=0.000151 tok/s=41,070 eta=11113.79187782684
step=4148 tokens=543686656/1000000000 loss=3.3950 lr=0.00015 tok/s=41,085 eta=11106.695886970914
step=4149 tokens=543817728/1000000000 loss=3.4847 lr=0.00015 tok/s=41,154 eta=11084.736312636402
step=4150 tokens=543948800/1000000000 loss=3.4331 lr=0.00015 tok/s=41,097 eta=11097.01716377768
step=4151 tokens=544079872/1000000000 loss=3.5319 lr=0.00015 tok/s=41,191 eta=11068.477810595068
step=4152 tokens=544210944/1000000000 loss=3.5544 lr=0.00015 tok/s=40,866 eta=11153.332111776177
step=4153 tokens=544342016/1000000000 loss=3.3870 lr=0.00015 tok/s=41,141 eta=11075.418433282388
step=4154 tokens=544473088/1000000000 loss=3.4570 lr=0.00015 tok/s=41,075 eta=11090.137519961703
step=4155 tokens=544604160/1000000000 loss=3.4869 lr=0.00015 tok/s=41,374 eta=11006.76852633062
step=4156 tokens=544735232/1000000000 loss=3.4383 lr=0.00015 tok/s=41,165 eta=11059.522349882518
step=4157 tokens=544866304/1000000000 loss=3.5087 lr=0.00015 tok/s=41,492 eta=10969.162793388085
step=4158 tokens=544997376/1000000000 loss=3.5727 lr=0.00015 tok/s=41,360 eta=11001.029611952588
step=4159 tokens=545128448/1000000000 loss=3.5789 lr=0.00015 tok/s=41,163 eta=11050.496807750076
step=4160 tokens=545259520/1000000000 loss=3.4932 lr=0.00015 tok/s=41,259 eta=11021.662830935555
step=4161 tokens=545390592/1000000000 loss=3.4699 lr=0.00015 tok/s=41,281 eta=11012.586862337266
step=4162 tokens=545521664/1000000000 loss=3.4621 lr=0.00015 tok/s=41,237 eta=11021.235292504389
step=4163 tokens=545652736/1000000000 loss=3.4206 lr=0.00015 tok/s=41,601 eta=10921.5688093903
step=4164 tokens=545783808/1000000000 loss=3.2032 lr=0.00015 tok/s=41,164 eta=11034.357551429652
step=4165 tokens=545914880/1000000000 loss=3.5450 lr=0.000149 tok/s=41,590 eta=10918.226373258321
step=4166 tokens=546045952/1000000000 loss=3.5089 lr=0.000149 tok/s=41,278 eta=10997.52141442596
step=4167 tokens=546177024/1000000000 loss=3.4354 lr=0.000149 tok/s=41,483 eta=10940.0240593044
step=4168 tokens=546308096/1000000000 loss=3.5096 lr=0.000149 tok/s=41,383 eta=10963.366705364337
step=4169 tokens=546439168/1000000000 loss=3.4050 lr=0.000149 tok/s=41,361 eta=10965.868131459312
step=4170 tokens=546570240/1000000000 loss=3.6163 lr=0.000149 tok/s=41,683 eta=10878.098369292873
step=4171 tokens=546701312/1000000000 loss=3.4769 lr=0.000149 tok/s=41,657 eta=10881.643522397902
step=4172 tokens=546832384/1000000000 loss=3.5600 lr=0.000149 tok/s=41,433 eta=10937.409176575798
step=4173 tokens=546963456/1000000000 loss=3.5324 lr=0.000149 tok/s=41,554 eta=10902.44420925162
step=4174 tokens=547094528/1000000000 loss=3.5026 lr=0.000149 tok/s=41,259 eta=10977.108514696367
step=4175 tokens=547225600/1000000000 loss=3.4793 lr=0.000149 tok/s=41,211 eta=10986.727780253535
step=4176 tokens=547356672/1000000000 loss=3.5396 lr=0.000149 tok/s=41,337 eta=10950.162185419415
step=4177 tokens=547487744/1000000000 loss=3.5492 lr=0.000149 tok/s=40,999 eta=11037.023556114433
step=4178 tokens=547618816/1000000000 loss=3.4653 lr=0.000149 tok/s=41,747 eta=10836.270554299319
step=4179 tokens=547749888/1000000000 loss=3.4588 lr=0.000149 tok/s=41,324 eta=10944.114847789091
step=4180 tokens=547880960/1000000000 loss=3.3036 lr=0.000149 tok/s=41,427 eta=10913.720450606705
step=4181 tokens=548012032/1000000000 loss=3.5451 lr=0.000149 tok/s=41,613 eta=10861.661032733296
step=4182 tokens=548143104/1000000000 loss=3.0804 lr=0.000149 tok/s=41,123 eta=10987.821404600056
step=4183 tokens=548274176/1000000000 loss=3.0138 lr=0.000148 tok/s=41,472 eta=10892.187876330783
step=4184 tokens=548405248/1000000000 loss=2.9155 lr=0.000148 tok/s=41,398 eta=10908.484962690427
step=4185 tokens=548536320/1000000000 loss=2.9314 lr=0.000148 tok/s=41,154 eta=10970.176526541894
step=4186 tokens=548667392/1000000000 loss=2.8904 lr=0.000148 tok/s=41,257 eta=10939.66542436966
step=4187 tokens=548798464/1000000000 loss=2.8906 lr=0.000148 tok/s=41,059 eta=10988.99677564439
step=4188 tokens=548929536/1000000000 loss=2.8810 lr=0.000148 tok/s=41,498 eta=10869.605109424498
step=4189 tokens=549060608/1000000000 loss=2.8827 lr=0.000148 tok/s=41,614 eta=10836.113009791003
step=4190 tokens=549191680/1000000000 loss=2.8900 lr=0.000148 tok/s=41,672 eta=10817.908578666635
step=4191 tokens=549322752/1000000000 loss=2.8606 lr=0.000148 tok/s=41,698 eta=10808.175471558567
step=4192 tokens=549453824/1000000000 loss=2.8696 lr=0.000148 tok/s=41,779 eta=10783.986064108696
step=4193 tokens=549584896/1000000000 loss=2.8683 lr=0.000148 tok/s=41,342 eta=10894.960982748418
step=4194 tokens=549715968/1000000000 loss=2.8366 lr=0.000148 tok/s=41,186 eta=10932.953819204544
step=4195 tokens=549847040/1000000000 loss=2.8094 lr=0.000148 tok/s=41,044 eta=10967.632654799252
step=4196 tokens=549978112/1000000000 loss=2.8177 lr=0.000148 tok/s=41,294 eta=10897.98684054845
step=4197 tokens=550109184/1000000000 loss=2.8413 lr=0.000148 tok/s=30,015 eta=14989.090276664934
checkpoint saved: runs/20260905-135527/checkpoints/tokens_000550m (permanent_tokens)
step=4198 tokens=550240256/1000000000 loss=2.8137 lr=0.000148 tok/s=36,354 eta=12371.662399559666
step=4199 tokens=550371328/1000000000 loss=2.8321 lr=0.000148 tok/s=41,433 eta=10852.037734882268
step=4200 tokens=550502400/1000000000 loss=2.8125 lr=0.000148 tok/s=41,550 eta=10818.230219222396
step=4201 tokens=550633472/1000000000 loss=2.8131 lr=0.000147 tok/s=41,345 eta=10868.772491001519
step=4202 tokens=550764544/1000000000 loss=2.8443 lr=0.000147 tok/s=41,372 eta=10858.505186998296
step=4203 tokens=550895616/1000000000 loss=2.7981 lr=0.000147 tok/s=41,346 eta=10862.168587691885
step=4204 tokens=551026688/1000000000 loss=2.8062 lr=0.000147 tok/s=41,314 eta=10867.231744678911
step=4205 tokens=551157760/1000000000 loss=2.8361 lr=0.000147 tok/s=41,567 eta=10797.937041222887
step=4206 tokens=551288832/1000000000 loss=2.7976 lr=0.000147 tok/s=41,806 eta=10733.25084201843
step=4207 tokens=551419904/1000000000 loss=2.7795 lr=0.000147 tok/s=41,494 eta=10810.730363776971
step=4208 tokens=551550976/1000000000 loss=2.8207 lr=0.000147 tok/s=41,243 eta=10873.26612612887
step=4209 tokens=551682048/1000000000 loss=2.8031 lr=0.000147 tok/s=41,790 eta=10727.855478622934
step=4210 tokens=551813120/1000000000 loss=2.7867 lr=0.000147 tok/s=41,669 eta=10755.949827434915
step=4211 tokens=551944192/1000000000 loss=2.8170 lr=0.000147 tok/s=41,725 eta=10738.342843937831
step=4212 tokens=552075264/1000000000 loss=2.7600 lr=0.000147 tok/s=41,371 eta=10826.903994230359
step=4213 tokens=552206336/1000000000 loss=2.8266 lr=0.000147 tok/s=41,566 eta=10773.062403539558
step=4214 tokens=552337408/1000000000 loss=3.5978 lr=0.000147 tok/s=41,145 eta=10880.099716124641
step=4215 tokens=552468480/1000000000 loss=3.5420 lr=0.000147 tok/s=41,478 eta=10789.736136865251
step=4216 tokens=552599552/1000000000 loss=3.5023 lr=0.000147 tok/s=41,486 eta=10784.330026307445
step=4217 tokens=552730624/1000000000 loss=3.4599 lr=0.000147 tok/s=41,465 eta=10786.729145995372
step=4218 tokens=552861696/1000000000 loss=3.4798 lr=0.000147 tok/s=41,394 eta=10802.10525496151
step=4219 tokens=552992768/1000000000 loss=3.4364 lr=0.000146 tok/s=41,405 eta=10795.900483850528
step=4220 tokens=553123840/1000000000 loss=3.4322 lr=0.000146 tok/s=41,447 eta=10781.926788932613
step=4221 tokens=553254912/1000000000 loss=3.3664 lr=0.000146 tok/s=41,243 eta=10832.039507705222
step=4222 tokens=553385984/1000000000 loss=3.3584 lr=0.000146 tok/s=41,333 eta=10805.357617408705
step=4223 tokens=553517056/1000000000 loss=3.4391 lr=0.000146 tok/s=41,463 eta=10768.277459033778
step=4224 tokens=553648128/1000000000 loss=3.3970 lr=0.000146 tok/s=41,209 eta=10831.535126551802
step=4225 tokens=553779200/1000000000 loss=3.4123 lr=0.000146 tok/s=41,038 eta=10873.38282204454
step=4226 tokens=553910272/1000000000 loss=3.3835 lr=0.000146 tok/s=41,151 eta=10840.323377712266
step=4227 tokens=554041344/1000000000 loss=3.3911 lr=0.000146 tok/s=40,878 eta=10909.411493854863
step=4228 tokens=554172416/1000000000 loss=3.3845 lr=0.000146 tok/s=40,898 eta=10900.989675334618
step=4229 tokens=554303488/1000000000 loss=3.3499 lr=0.000146 tok/s=41,270 eta=10799.415809542128
step=4230 tokens=554434560/1000000000 loss=3.3129 lr=0.000146 tok/s=41,266 eta=10797.344859278883
step=4231 tokens=554565632/1000000000 loss=3.3174 lr=0.000146 tok/s=41,152 eta=10824.02110067171
step=4232 tokens=554696704/1000000000 loss=3.3825 lr=0.000146 tok/s=40,983 eta=10865.487660726249
step=4233 tokens=554827776/1000000000 loss=3.2920 lr=0.000146 tok/s=40,957 eta=10869.366983594391
step=4234 tokens=554958848/1000000000 loss=3.3369 lr=0.000146 tok/s=41,021 eta=10849.01320795414
step=4235 tokens=555089920/1000000000 loss=3.3912 lr=0.000146 tok/s=41,041 eta=10840.502650123379
step=4236 tokens=555220992/1000000000 loss=3.3195 lr=0.000145 tok/s=40,983 eta=10852.718891512495
step=4237 tokens=555352064/1000000000 loss=3.3620 lr=0.000145 tok/s=41,138 eta=10808.807737332852
step=4238 tokens=555483136/1000000000 loss=3.2860 lr=0.000145 tok/s=41,221 eta=10783.824123747028
step=4239 tokens=555614208/1000000000 loss=3.3535 lr=0.000145 tok/s=41,154 eta=10798.007844514177
step=4240 tokens=555745280/1000000000 loss=3.3572 lr=0.000145 tok/s=41,131 eta=10800.861398922441
step=4241 tokens=555876352/1000000000 loss=3.3077 lr=0.000145 tok/s=41,010 eta=10829.676606738904
step=4242 tokens=556007424/1000000000 loss=3.3391 lr=0.000145 tok/s=41,160 eta=10786.864251874315
step=4243 tokens=556138496/1000000000 loss=3.2873 lr=0.000145 tok/s=41,066 eta=10808.606140472939
step=4244 tokens=556269568/1000000000 loss=3.3431 lr=0.000145 tok/s=41,263 eta=10753.599488099666
step=4245 tokens=556400640/1000000000 loss=3.2975 lr=0.000145 tok/s=41,098 eta=10793.666778715497
step=4246 tokens=556531712/1000000000 loss=3.4617 lr=0.000145 tok/s=41,111 eta=10787.050001850093
step=4247 tokens=556662784/1000000000 loss=3.6473 lr=0.000145 tok/s=41,129 eta=10779.164072658617
step=4248 tokens=556793856/1000000000 loss=3.4306 lr=0.000145 tok/s=41,183 eta=10761.844818685828
step=4249 tokens=556924928/1000000000 loss=3.5640 lr=0.000145 tok/s=41,204 eta=10753.208573620805
step=4250 tokens=557056000/1000000000 loss=3.5616 lr=0.000145 tok/s=41,597 eta=10648.5310268704
step=4251 tokens=557187072/1000000000 loss=3.6597 lr=0.000145 tok/s=41,455 eta=10681.900755035475
step=4252 tokens=557318144/1000000000 loss=3.3839 lr=0.000145 tok/s=41,468 eta=10675.207604845786
step=4253 tokens=557449216/1000000000 loss=3.4987 lr=0.000145 tok/s=41,497 eta=10664.754921564148
step=4254 tokens=557580288/1000000000 loss=3.4521 lr=0.000144 tok/s=41,577 eta=10641.076955308246
step=4255 tokens=557711360/1000000000 loss=3.5226 lr=0.000144 tok/s=41,729 eta=10599.187864519377
step=4256 tokens=557842432/1000000000 loss=3.5123 lr=0.000144 tok/s=42,018 eta=10522.97299987403
step=4257 tokens=557973504/1000000000 loss=3.6125 lr=0.000144 tok/s=41,667 eta=10608.654222848005
step=4258 tokens=558104576/1000000000 loss=3.4555 lr=0.000144 tok/s=41,581 eta=10627.448597904551
step=4259 tokens=558235648/1000000000 loss=3.5313 lr=0.000144 tok/s=41,550 eta=10632.168856867582
step=4260 tokens=558366720/1000000000 loss=3.5018 lr=0.000144 tok/s=41,901 eta=10539.846410767477
step=4261 tokens=558497792/1000000000 loss=3.5557 lr=0.000144 tok/s=41,681 eta=10592.409972306266
step=4262 tokens=558628864/1000000000 loss=3.4715 lr=0.000144 tok/s=41,833 eta=10550.664936120187
step=4263 tokens=558759936/1000000000 loss=3.4155 lr=0.000144 tok/s=41,600 eta=10606.663792256015
step=4264 tokens=558891008/1000000000 loss=3.4500 lr=0.000144 tok/s=41,863 eta=10537.040537879717
step=4265 tokens=559022080/1000000000 loss=3.3824 lr=0.000144 tok/s=41,941 eta=10514.336859361649
step=4266 tokens=559153152/1000000000 loss=3.4585 lr=0.000144 tok/s=42,013 eta=10493.183885128126
step=4267 tokens=559284224/1000000000 loss=3.3935 lr=0.000144 tok/s=41,750 eta=10556.009966506568
step=4268 tokens=559415296/1000000000 loss=3.4128 lr=0.000144 tok/s=41,725 eta=10559.253200561734
step=4269 tokens=559546368/1000000000 loss=3.4513 lr=0.000144 tok/s=41,627 eta=10580.880682233283
step=4270 tokens=559677440/1000000000 loss=3.4508 lr=0.000144 tok/s=41,286 eta=10665.110161329507
step=4271 tokens=559808512/1000000000 loss=3.4045 lr=0.000144 tok/s=41,245 eta=10672.704806366119
step=4272 tokens=559939584/1000000000 loss=3.3833 lr=0.000143 tok/s=41,682 eta=10557.566757678982
step=4273 tokens=560070656/1000000000 loss=3.4540 lr=0.000143 tok/s=29,973 eta=14677.39666726202
step=4274 tokens=560201728/1000000000 loss=3.3743 lr=0.000143 tok/s=41,322 eta=10643.094073876053
step=4275 tokens=560332800/1000000000 loss=3.3890 lr=0.000143 tok/s=41,431 eta=10611.994563474216
step=4276 tokens=560463872/1000000000 loss=3.4648 lr=0.000143 tok/s=41,412 eta=10613.71621930435
step=4277 tokens=560594944/1000000000 loss=3.4871 lr=0.000143 tok/s=41,101 eta=10690.947296328724
step=4278 tokens=560726016/1000000000 loss=3.4358 lr=0.000143 tok/s=41,115 eta=10683.912673908331
step=4279 tokens=560857088/1000000000 loss=3.5207 lr=0.000143 tok/s=41,146 eta=10672.835334550473
step=4280 tokens=560988160/1000000000 loss=3.4486 lr=0.000143 tok/s=41,207 eta=10653.92644131076
step=4281 tokens=561119232/1000000000 loss=3.5466 lr=0.000143 tok/s=41,129 eta=10670.758133649108
step=4282 tokens=561250304/1000000000 loss=3.3277 lr=0.000143 tok/s=41,048 eta=10688.584795556893
step=4283 tokens=561381376/1000000000 loss=3.4342 lr=0.000143 tok/s=41,334 eta=10611.604269276622
step=4284 tokens=561512448/1000000000 loss=3.4638 lr=0.000143 tok/s=41,565 eta=10549.449334610883
step=4285 tokens=561643520/1000000000 loss=3.5563 lr=0.000143 tok/s=41,414 eta=10584.700866675841
step=4286 tokens=561774592/1000000000 loss=3.3651 lr=0.000143 tok/s=41,338 eta=10601.065969856312
step=4287 tokens=561905664/1000000000 loss=3.4485 lr=0.000143 tok/s=41,561 eta=10541.102348991246
step=4288 tokens=562036736/1000000000 loss=3.6103 lr=0.000143 tok/s=41,309 eta=10602.208874229886
step=4289 tokens=562167808/1000000000 loss=3.4631 lr=0.000143 tok/s=41,218 eta=10622.42548445747
step=4290 tokens=562298880/1000000000 loss=3.4185 lr=0.000142 tok/s=41,158 eta=10634.628464205893
step=4291 tokens=562429952/1000000000 loss=3.4151 lr=0.000142 tok/s=41,148 eta=10633.981266548579
step=4292 tokens=562561024/1000000000 loss=3.4032 lr=0.000142 tok/s=40,967 eta=10677.851209241422
step=4293 tokens=562692096/1000000000 loss=3.5083 lr=0.000142 tok/s=41,134 eta=10631.378034225969
step=4294 tokens=562823168/1000000000 loss=4.1429 lr=0.000142 tok/s=41,038 eta=10652.999131018772
step=4295 tokens=562954240/1000000000 loss=3.3844 lr=0.000142 tok/s=41,222 eta=10602.266546724777
step=4296 tokens=563085312/1000000000 loss=3.4786 lr=0.000142 tok/s=41,443 eta=10542.500260187162
step=4297 tokens=563216384/1000000000 loss=3.4051 lr=0.000142 tok/s=41,595 eta=10500.988828432497
step=4298 tokens=563347456/1000000000 loss=3.3759 lr=0.000142 tok/s=41,647 eta=10484.574782946094
step=4299 tokens=563478528/1000000000 loss=3.4416 lr=0.000142 tok/s=41,485 eta=10522.267522093947
step=4300 tokens=563609600/1000000000 loss=3.4196 lr=0.000142 tok/s=41,324 eta=10560.100963444858
step=4301 tokens=563740672/1000000000 loss=3.4354 lr=0.000142 tok/s=41,592 eta=10488.898308825
step=4302 tokens=563871744/1000000000 loss=3.4400 lr=0.000142 tok/s=41,542 eta=10498.366263630045
step=4303 tokens=564002816/1000000000 loss=3.4021 lr=0.000142 tok/s=41,363 eta=10540.868857896057
step=4304 tokens=564133888/1000000000 loss=3.5205 lr=0.000142 tok/s=41,596 eta=10478.629065780638
step=4305 tokens=564264960/1000000000 loss=3.4830 lr=0.000142 tok/s=41,666 eta=10457.727846374124
step=4306 tokens=564396032/1000000000 loss=3.4618 lr=0.000142 tok/s=41,587 eta=10474.508866753784
step=4307 tokens=564527104/1000000000 loss=3.3596 lr=0.000142 tok/s=41,643 eta=10457.276489709182
step=4308 tokens=564658176/1000000000 loss=3.3754 lr=0.000141 tok/s=41,697 eta=10440.652250084084
step=4309 tokens=564789248/1000000000 loss=3.4688 lr=0.000141 tok/s=41,737 eta=10427.505164167573
step=4310 tokens=564920320/1000000000 loss=3.4192 lr=0.000141 tok/s=41,480 eta=10488.870898153147
step=4311 tokens=565051392/1000000000 loss=3.3679 lr=0.000141 tok/s=41,699 eta=10430.598699044996
step=4312 tokens=565182464/1000000000 loss=3.3228 lr=0.000141 tok/s=41,969 eta=10360.414309155522
step=4313 tokens=565313536/1000000000 loss=3.2998 lr=0.000141 tok/s=41,882 eta=10378.900642857527
step=4314 tokens=565444608/1000000000 loss=3.3589 lr=0.000141 tok/s=41,841 eta=10385.980269781943
step=4315 tokens=565575680/1000000000 loss=3.3182 lr=0.000141 tok/s=42,031 eta=10335.87794650057
step=4316 tokens=565706752/1000000000 loss=3.3568 lr=0.000141 tok/s=41,847 eta=10378.020252151211
step=4317 tokens=565837824/1000000000 loss=3.3660 lr=0.000141 tok/s=41,790 eta=10389.24961331662
step=4318 tokens=565968896/1000000000 loss=3.3418 lr=0.000141 tok/s=41,817 eta=10379.352410974005
step=4319 tokens=566099968/1000000000 loss=3.3075 lr=0.000141 tok/s=41,764 eta=10389.451304192628
step=4320 tokens=566231040/1000000000 loss=3.3080 lr=0.000141 tok/s=41,690 eta=10404.652566060486
step=4321 tokens=566362112/1000000000 loss=3.3178 lr=0.000141 tok/s=41,467 eta=10457.525387976848
step=4322 tokens=566493184/1000000000 loss=3.3767 lr=0.000141 tok/s=41,614 eta=10417.309663651418
step=4323 tokens=566624256/1000000000 loss=3.3105 lr=0.000141 tok/s=41,665 eta=10401.375240863827
step=4324 tokens=566755328/1000000000 loss=3.3151 lr=0.000141 tok/s=41,515 eta=10435.929815916084
step=4325 tokens=566886400/1000000000 loss=3.3357 lr=0.000141 tok/s=41,570 eta=10418.790220304769
step=4326 tokens=567017472/1000000000 loss=3.3395 lr=0.00014 tok/s=41,753 eta=10370.141486234965
step=4327 tokens=567148544/1000000000 loss=3.2833 lr=0.00014 tok/s=41,689 eta=10382.964428387804
step=4328 tokens=567279616/1000000000 loss=3.3070 lr=0.00014 tok/s=41,644 eta=10391.034956455916
step=4329 tokens=567410688/1000000000 loss=3.2852 lr=0.00014 tok/s=41,681 eta=10378.478132512713
step=4330 tokens=567541760/1000000000 loss=3.2974 lr=0.00014 tok/s=41,695 eta=10371.959240816092
step=4331 tokens=567672832/1000000000 loss=3.3255 lr=0.00014 tok/s=41,642 eta=10381.985423040564
step=4332 tokens=567803904/1000000000 loss=3.3162 lr=0.00014 tok/s=41,672 eta=10371.336101393415
step=4333 tokens=567934976/1000000000 loss=3.2559 lr=0.00014 tok/s=41,664 eta=10370.242778015965
step=4334 tokens=568066048/1000000000 loss=3.2635 lr=0.00014 tok/s=41,807 eta=10331.533442899388
step=4335 tokens=568197120/1000000000 loss=3.2965 lr=0.00014 tok/s=41,506 eta=10403.484653875934
step=4336 tokens=568328192/1000000000 loss=3.3017 lr=0.00014 tok/s=41,594 eta=10378.29357987635
step=4337 tokens=568459264/1000000000 loss=3.2963 lr=0.00014 tok/s=41,402 eta=10423.07726146878
step=4338 tokens=568590336/1000000000 loss=3.2646 lr=0.00014 tok/s=41,524 eta=10389.412470438514
step=4339 tokens=568721408/1000000000 loss=3.2665 lr=0.00014 tok/s=41,538 eta=10382.809513803815
step=4340 tokens=568852480/1000000000 loss=3.2801 lr=0.00014 tok/s=41,469 eta=10396.850816427173
step=4341 tokens=568983552/1000000000 loss=3.3249 lr=0.00014 tok/s=41,418 eta=10406.494829852832
step=4342 tokens=569114624/1000000000 loss=4.4111 lr=0.00014 tok/s=41,673 eta=10339.633479980443
step=4343 tokens=569245696/1000000000 loss=4.4278 lr=0.00014 tok/s=41,692 eta=10331.916142337175
step=4344 tokens=569376768/1000000000 loss=4.4409 lr=0.000139 tok/s=41,551 eta=10363.77930259572
step=4345 tokens=569507840/1000000000 loss=4.2655 lr=0.000139 tok/s=41,668 eta=10331.4977632337
step=4346 tokens=569638912/1000000000 loss=4.4361 lr=0.000139 tok/s=41,785 eta=10299.501964217898
step=4347 tokens=569769984/1000000000 loss=4.2815 lr=0.000139 tok/s=41,644 eta=10331.060744293825
step=4348 tokens=569901056/1000000000 loss=4.2350 lr=0.000139 tok/s=41,330 eta=10406.407868852904
step=4349 tokens=570032128/1000000000 loss=4.3887 lr=0.000139 tok/s=29,910 eta=14375.267674688439
step=4350 tokens=570163200/1000000000 loss=4.1006 lr=0.000139 tok/s=41,655 eta=10318.99287555779
step=4351 tokens=570294272/1000000000 loss=4.6319 lr=0.000139 tok/s=41,537 eta=10345.144010108903
step=4352 tokens=570425344/1000000000 loss=4.1468 lr=0.000139 tok/s=41,453 eta=10362.814268467633
step=4353 tokens=570556416/1000000000 loss=4.1711 lr=0.000139 tok/s=41,699 eta=10298.533217525382
step=4354 tokens=570687488/1000000000 loss=4.5515 lr=0.000139 tok/s=41,688 eta=10298.255834394284
step=4355 tokens=570818560/1000000000 loss=4.1744 lr=0.000139 tok/s=41,692 eta=10293.978930724434
step=4356 tokens=570949632/1000000000 loss=4.3600 lr=0.000139 tok/s=41,687 eta=10292.234280530214
step=4357 tokens=571080704/1000000000 loss=4.3764 lr=0.000139 tok/s=41,722 eta=10280.368924770148
step=4358 tokens=571211776/1000000000 loss=4.1649 lr=0.000139 tok/s=41,694 eta=10284.179029542276
step=4359 tokens=571342848/1000000000 loss=4.1576 lr=0.000139 tok/s=41,536 eta=10320.086736865707
step=4360 tokens=571473920/1000000000 loss=4.2453 lr=0.000139 tok/s=41,649 eta=10288.948435561693
step=4361 tokens=571604992/1000000000 loss=4.6084 lr=0.000139 tok/s=41,748 eta=10261.468282918086
step=4362 tokens=571736064/1000000000 loss=4.5094 lr=0.000138 tok/s=41,443 eta=10333.778852392248
step=4363 tokens=571867136/1000000000 loss=4.2735 lr=0.000138 tok/s=41,872 eta=10224.88108951061
step=4364 tokens=571998208/1000000000 loss=4.5585 lr=0.000138 tok/s=41,523 eta=10307.549964439386
step=4365 tokens=572129280/1000000000 loss=4.2663 lr=0.000138 tok/s=41,612 eta=10282.455319186822
step=4366 tokens=572260352/1000000000 loss=4.0883 lr=0.000138 tok/s=41,342 eta=10346.472591486749
step=4367 tokens=572391424/1000000000 loss=4.4152 lr=0.000138 tok/s=41,410 eta=10326.160450299103
step=4368 tokens=572522496/1000000000 loss=4.1231 lr=0.000138 tok/s=41,499 eta=10300.860900265352
step=4369 tokens=572653568/1000000000 loss=4.3574 lr=0.000138 tok/s=41,461 eta=10307.071847718
step=4370 tokens=572784640/1000000000 loss=4.2989 lr=0.000138 tok/s=41,302 eta=10343.771232496932
step=4371 tokens=572915712/1000000000 loss=4.2041 lr=0.000138 tok/s=41,306 eta=10339.593026771778
step=4372 tokens=573046784/1000000000 loss=4.4120 lr=0.000138 tok/s=41,070 eta=10395.831242961744
step=4373 tokens=573177856/1000000000 loss=4.3598 lr=0.000138 tok/s=41,403 eta=10309.005275413474
step=4374 tokens=573308928/1000000000 loss=3.6340 lr=0.000138 tok/s=41,309 eta=10329.287302094956
step=4375 tokens=573440000/1000000000 loss=3.5219 lr=0.000138 tok/s=41,363 eta=10312.59174450124
step=4376 tokens=573571072/1000000000 loss=3.5086 lr=0.000138 tok/s=41,276 eta=10331.047255008738
step=4377 tokens=573702144/1000000000 loss=3.3778 lr=0.000138 tok/s=41,187 eta=10350.300150976585
step=4378 tokens=573833216/1000000000 loss=3.5897 lr=0.000138 tok/s=41,118 eta=10364.482943186962
step=4379 tokens=573964288/1000000000 loss=3.6511 lr=0.000138 tok/s=41,149 eta=10353.45194301113
step=4380 tokens=574095360/1000000000 loss=3.4106 lr=0.000137 tok/s=40,905 eta=10412.087653673416
step=4381 tokens=574226432/1000000000 loss=3.4513 lr=0.000137 tok/s=41,312 eta=10306.32740632897
step=4382 tokens=574357504/1000000000 loss=3.4340 lr=0.000137 tok/s=41,187 eta=10334.342794355218
step=4383 tokens=574488576/1000000000 loss=3.5419 lr=0.000137 tok/s=41,395 eta=10279.359562005195
step=4384 tokens=574619648/1000000000 loss=3.4946 lr=0.000137 tok/s=41,312 eta=10296.686833048396
step=4385 tokens=574750720/1000000000 loss=3.5174 lr=0.000137 tok/s=41,306 eta=10294.996035412336
step=4386 tokens=574881792/1000000000 loss=3.3522 lr=0.000137 tok/s=41,203 eta=10317.63603005476
step=4387 tokens=575012864/1000000000 loss=3.5561 lr=0.000137 tok/s=41,209 eta=10312.935355872312
step=4388 tokens=575143936/1000000000 loss=3.4839 lr=0.000137 tok/s=41,359 eta=10272.329110011582
step=4389 tokens=575275008/1000000000 loss=3.4998 lr=0.000137 tok/s=41,453 eta=10245.839971381898
step=4390 tokens=575406080/1000000000 loss=3.4145 lr=0.000137 tok/s=41,052 eta=10342.793961475973
step=4391 tokens=575537152/1000000000 loss=3.4304 lr=0.000137 tok/s=41,239 eta=10292.68074884851
step=4392 tokens=575668224/1000000000 loss=3.4217 lr=0.000137 tok/s=40,791 eta=10402.523648178212
step=4393 tokens=575799296/1000000000 loss=3.4302 lr=0.000137 tok/s=41,089 eta=10323.944576778073
step=4394 tokens=575930368/1000000000 loss=3.4610 lr=0.000137 tok/s=41,115 eta=10314.154312709592
step=4395 tokens=576061440/1000000000 loss=3.5981 lr=0.000137 tok/s=41,063 eta=10324.021868883729
step=4396 tokens=576192512/1000000000 loss=3.4582 lr=0.000137 tok/s=41,068 eta=10319.65894299217
step=4397 tokens=576323584/1000000000 loss=3.5652 lr=0.000137 tok/s=41,164 eta=10292.356550511144
step=4398 tokens=576454656/1000000000 loss=3.4303 lr=0.000136 tok/s=41,228 eta=10273.293511815555
step=4399 tokens=576585728/1000000000 loss=3.4984 lr=0.000136 tok/s=41,172 eta=10283.960156819334
step=4400 tokens=576716800/1000000000 loss=3.6504 lr=0.000136 tok/s=40,896 eta=10350.261233361105
step=4401 tokens=576847872/1000000000 loss=3.3954 lr=0.000136 tok/s=40,943 eta=10335.190763369912
step=4402 tokens=576978944/1000000000 loss=3.4824 lr=0.000136 tok/s=40,832 eta=10360.058314923532
step=4403 tokens=577110016/1000000000 loss=3.2459 lr=0.000136 tok/s=40,602 eta=10415.406357125983
step=4404 tokens=577241088/1000000000 loss=3.5139 lr=0.000136 tok/s=40,735 eta=10378.238323535259
step=4405 tokens=577372160/1000000000 loss=3.5295 lr=0.000136 tok/s=41,052 eta=10295.005638239889
step=4406 tokens=577503232/1000000000 loss=3.3650 lr=0.000136 tok/s=40,869 eta=10337.778220930275
step=4407 tokens=577634304/1000000000 loss=3.3296 lr=0.000136 tok/s=41,049 eta=10289.265543301872
step=4408 tokens=577765376/1000000000 loss=3.3031 lr=0.000136 tok/s=40,950 eta=10311.027335671695
step=4409 tokens=577896448/1000000000 loss=3.2912 lr=0.000136 tok/s=41,116 eta=10266.273112536697
step=4410 tokens=578027520/1000000000 loss=3.3326 lr=0.000136 tok/s=40,983 eta=10296.220045832679
step=4411 tokens=578158592/1000000000 loss=3.3597 lr=0.000136 tok/s=40,796 eta=10340.323190749265
step=4412 tokens=578289664/1000000000 loss=3.2959 lr=0.000136 tok/s=40,707 eta=10359.722025234443
step=4413 tokens=578420736/1000000000 loss=3.3206 lr=0.000136 tok/s=41,104 eta=10256.28177646307
step=4414 tokens=578551808/1000000000 loss=3.3047 lr=0.000136 tok/s=41,070 eta=10261.646942563119
step=4415 tokens=578682880/1000000000 loss=3.3167 lr=0.000136 tok/s=41,091 eta=10253.265987596604
step=4416 tokens=578813952/1000000000 loss=3.2689 lr=0.000135 tok/s=40,942 eta=10287.34003107663
step=4417 tokens=578945024/1000000000 loss=3.3123 lr=0.000135 tok/s=40,785 eta=10323.6836512708
step=4418 tokens=579076096/1000000000 loss=3.3315 lr=0.000135 tok/s=40,937 eta=10282.23323148242
step=4419 tokens=579207168/1000000000 loss=3.2664 lr=0.000135 tok/s=41,116 eta=10234.270990309888
step=4420 tokens=579338240/1000000000 loss=3.2883 lr=0.000135 tok/s=41,212 eta=10207.374458918424
step=4421 tokens=579469312/1000000000 loss=3.3087 lr=0.000135 tok/s=41,234 eta=10198.638778358205
step=4422 tokens=579600384/1000000000 loss=3.2914 lr=0.000135 tok/s=41,268 eta=10187.159433785433
step=4423 tokens=579731456/1000000000 loss=3.2838 lr=0.000135 tok/s=40,912 eta=10272.544066349064
step=4424 tokens=579862528/1000000000 loss=3.2670 lr=0.000135 tok/s=40,991 eta=10249.593994256262
step=4425 tokens=579993600/1000000000 loss=3.3107 lr=0.000135 tok/s=41,001 eta=10243.780491971182
step=4426 tokens=580124672/1000000000 loss=3.2704 lr=0.000135 tok/s=29,621 eta=14174.936394524413
step=4427 tokens=580255744/1000000000 loss=3.2400 lr=0.000135 tok/s=41,048 eta=10225.634169558045
step=4428 tokens=580386816/1000000000 loss=3.2552 lr=0.000135 tok/s=40,836 eta=10275.524859573825
step=4429 tokens=580517888/1000000000 loss=3.2915 lr=0.000135 tok/s=40,954 eta=10242.642522949232
step=4430 tokens=580648960/1000000000 loss=3.2923 lr=0.000135 tok/s=41,046 eta=10216.497653018614
step=4431 tokens=580780032/1000000000 loss=3.2163 lr=0.000135 tok/s=41,051 eta=10212.091715627328
step=4432 tokens=580911104/1000000000 loss=3.2733 lr=0.000135 tok/s=41,170 eta=10179.55151740967
step=4433 tokens=581042176/1000000000 loss=3.2975 lr=0.000135 tok/s=41,170 eta=10176.271802046098
step=4434 tokens=581173248/1000000000 loss=3.2227 lr=0.000134 tok/s=41,485 eta=10095.783065361076
step=4435 tokens=581304320/1000000000 loss=3.2321 lr=0.000134 tok/s=41,374 eta=10119.674958310456
step=4436 tokens=581435392/1000000000 loss=3.2705 lr=0.000134 tok/s=41,472 eta=10092.604046923976
step=4437 tokens=581566464/1000000000 loss=3.2705 lr=0.000134 tok/s=41,353 eta=10118.67481508241
step=4438 tokens=581697536/1000000000 loss=2.7252 lr=0.000134 tok/s=41,358 eta=10114.298465819045
step=4439 tokens=581828608/1000000000 loss=2.6384 lr=0.000134 tok/s=41,014 eta=10195.93738651456
step=4440 tokens=581959680/1000000000 loss=2.6048 lr=0.000134 tok/s=41,540 eta=10063.502072554322
step=4441 tokens=582090752/1000000000 loss=2.5950 lr=0.000134 tok/s=41,374 eta=10100.671050049054
step=4442 tokens=582221824/1000000000 loss=2.5452 lr=0.000134 tok/s=41,421 eta=10086.06278355568
step=4443 tokens=582352896/1000000000 loss=2.5137 lr=0.000134 tok/s=41,410 eta=10085.64741885497
step=4444 tokens=582483968/1000000000 loss=2.5648 lr=0.000134 tok/s=41,596 eta=10037.335504149225
step=4445 tokens=582615040/1000000000 loss=2.4897 lr=0.000134 tok/s=41,525 eta=10051.313714219083
step=4446 tokens=582746112/1000000000 loss=2.5202 lr=0.000134 tok/s=41,615 eta=10026.465339233882
step=4447 tokens=582877184/1000000000 loss=2.4761 lr=0.000134 tok/s=41,344 eta=10089.115076498952
step=4448 tokens=583008256/1000000000 loss=2.5321 lr=0.000134 tok/s=41,576 eta=10029.57262552292
step=4449 tokens=583139328/1000000000 loss=2.4915 lr=0.000134 tok/s=41,557 eta=10031.084758118423
step=4450 tokens=583270400/1000000000 loss=2.5103 lr=0.000134 tok/s=41,508 eta=10039.754894906759
step=4451 tokens=583401472/1000000000 loss=2.5005 lr=0.000134 tok/s=41,314 eta=10083.771985237134
step=4452 tokens=583532544/1000000000 loss=2.5145 lr=0.000133 tok/s=41,263 eta=10092.96382925029
step=4453 tokens=583663616/1000000000 loss=2.4294 lr=0.000133 tok/s=41,266 eta=10089.1359840037
step=4454 tokens=583794688/1000000000 loss=2.4652 lr=0.000133 tok/s=41,246 eta=10090.834157727424
step=4455 tokens=583925760/1000000000 loss=2.4808 lr=0.000133 tok/s=41,481 eta=10030.578301330264
step=4456 tokens=584056832/1000000000 loss=2.4711 lr=0.000133 tok/s=41,483 eta=10026.802324796985
step=4457 tokens=584187904/1000000000 loss=2.4080 lr=0.000133 tok/s=41,189 eta=10095.335880043896
step=4458 tokens=584318976/1000000000 loss=2.4976 lr=0.000133 tok/s=41,337 eta=10055.878108356228
step=4459 tokens=584450048/1000000000 loss=2.4721 lr=0.000133 tok/s=41,149 eta=10098.558603345857
step=4460 tokens=584581120/1000000000 loss=2.4440 lr=0.000133 tok/s=41,077 eta=10113.166847993343
step=4461 tokens=584712192/1000000000 loss=2.4288 lr=0.000133 tok/s=41,306 eta=10053.931549075138
step=4462 tokens=584843264/1000000000 loss=2.4434 lr=0.000133 tok/s=41,387 eta=10031.0336555546
step=4463 tokens=584974336/1000000000 loss=2.4612 lr=0.000133 tok/s=41,202 eta=10072.906076594692
step=4464 tokens=585105408/1000000000 loss=2.3629 lr=0.000133 tok/s=41,619 eta=9968.850978853017
step=4465 tokens=585236480/1000000000 loss=2.4208 lr=0.000133 tok/s=41,296 eta=10043.569686952056
step=4466 tokens=585367552/1000000000 loss=2.4345 lr=0.000133 tok/s=41,282 eta=10043.8191309567
step=4467 tokens=585498624/1000000000 loss=2.4177 lr=0.000133 tok/s=41,270 eta=10043.58134675139
step=4468 tokens=585629696/1000000000 loss=2.3874 lr=0.000133 tok/s=41,300 eta=10033.122917492761
step=4469 tokens=585760768/1000000000 loss=2.3989 lr=0.000133 tok/s=41,085 eta=10082.419975923694
step=4470 tokens=585891840/1000000000 loss=3.6088 lr=0.000132 tok/s=41,640 eta=9945.058887036861
step=4471 tokens=586022912/1000000000 loss=3.6229 lr=0.000132 tok/s=41,475 eta=9981.301558167057
step=4472 tokens=586153984/1000000000 loss=3.5757 lr=0.000132 tok/s=41,357 eta=10006.632763377986
step=4473 tokens=586285056/1000000000 loss=3.4621 lr=0.000132 tok/s=41,577 eta=9950.535912430225
step=4474 tokens=586416128/1000000000 loss=3.4050 lr=0.000132 tok/s=41,505 eta=9964.695786753455
step=4475 tokens=586547200/1000000000 loss=3.4841 lr=0.000132 tok/s=41,751 eta=9902.768218185507
step=4476 tokens=586678272/1000000000 loss=3.5536 lr=0.000132 tok/s=41,540 eta=9950.003339946095
step=4477 tokens=586809344/1000000000 loss=3.4890 lr=0.000132 tok/s=41,410 eta=9978.053048630612
step=4478 tokens=586940416/1000000000 loss=3.5637 lr=0.000132 tok/s=41,491 eta=9955.378584716831
step=4479 tokens=587071488/1000000000 loss=3.4918 lr=0.000132 tok/s=41,395 eta=9975.425663616239
step=4480 tokens=587202560/1000000000 loss=3.4893 lr=0.000132 tok/s=41,255 eta=10005.904318872555
checkpoint saved: runs/20260905-135527/checkpoints/step_000004480 (time)
step=4481 tokens=587333632/1000000000 loss=3.4863 lr=0.000132 tok/s=36,089 eta=11434.713508251476
step=4482 tokens=587464704/1000000000 loss=3.4804 lr=0.000132 tok/s=41,278 eta=9993.997959088505
step=4483 tokens=587595776/1000000000 loss=3.4475 lr=0.000132 tok/s=41,271 eta=9992.660362163737
step=4484 tokens=587726848/1000000000 loss=3.4814 lr=0.000132 tok/s=41,239 eta=9997.233218200638
step=4485 tokens=587857920/1000000000 loss=3.3484 lr=0.000132 tok/s=41,417 eta=9951.15240048283
step=4486 tokens=587988992/1000000000 loss=3.4108 lr=0.000132 tok/s=41,306 eta=9974.552468523396
step=4487 tokens=588120064/1000000000 loss=3.3777 lr=0.000132 tok/s=41,202 eta=9996.605952359747
step=4488 tokens=588251136/1000000000 loss=3.4883 lr=0.000131 tok/s=41,247 eta=9982.634231562599
step=4489 tokens=588382208/1000000000 loss=3.3916 lr=0.000131 tok/s=41,380 eta=9947.335644267665
step=4490 tokens=588513280/1000000000 loss=3.3315 lr=0.000131 tok/s=41,186 eta=9990.892745748963
step=4491 tokens=588644352/1000000000 loss=3.2428 lr=0.000131 tok/s=41,273 eta=9966.653166897713
step=4492 tokens=588775424/1000000000 loss=3.4391 lr=0.000131 tok/s=41,423 eta=9927.488227691169
step=4493 tokens=588906496/1000000000 loss=3.3925 lr=0.000131 tok/s=41,269 eta=9961.372472680046
step=4494 tokens=589037568/1000000000 loss=3.4821 lr=0.000131 tok/s=41,264 eta=9959.279921898531
step=4495 tokens=589168640/1000000000 loss=3.4034 lr=0.000131 tok/s=41,393 eta=9925.033863433831
step=4496 tokens=589299712/1000000000 loss=3.4812 lr=0.000131 tok/s=41,386 eta=9923.557333650944
step=4497 tokens=589430784/1000000000 loss=3.3325 lr=0.000131 tok/s=41,266 eta=9949.284834957005
step=4498 tokens=589561856/1000000000 loss=3.4813 lr=0.000131 tok/s=41,087 eta=9989.480385431381
step=4499 tokens=589692928/1000000000 loss=3.3508 lr=0.000131 tok/s=41,056 eta=9993.862854103381
step=4500 tokens=589824000/1000000000 loss=3.4599 lr=0.000131 tok/s=41,383 eta=9911.58702435675
step=4501 tokens=589955072/1000000000 loss=3.3335 lr=0.000131 tok/s=41,290 eta=9930.871829422027
step=4502 tokens=590086144/1000000000 loss=2.5596 lr=0.000131 tok/s=29,832 eta=13740.61697378909
step=4503 tokens=590217216/1000000000 loss=2.5696 lr=0.000131 tok/s=40,827 eta=10037.09714106095
step=4504 tokens=590348288/1000000000 loss=2.5216 lr=0.000131 tok/s=41,362 eta=9904.038780208932
step=4505 tokens=590479360/1000000000 loss=2.4710 lr=0.000131 tok/s=41,615 eta=9840.581189769597
step=4506 tokens=590610432/1000000000 loss=2.3930 lr=0.000131 tok/s=41,329 eta=9905.660232482605
step=4507 tokens=590741504/1000000000 loss=2.3593 lr=0.00013 tok/s=40,922 eta=10000.90084110945
step=4508 tokens=590872576/1000000000 loss=2.4120 lr=0.00013 tok/s=41,456 eta=9869.031518288575
step=4509 tokens=591003648/1000000000 loss=2.4046 lr=0.00013 tok/s=41,418 eta=9874.851165116545
step=4510 tokens=591134720/1000000000 loss=2.4304 lr=0.00013 tok/s=41,383 eta=9879.912155174014
step=4511 tokens=591265792/1000000000 loss=2.4448 lr=0.00013 tok/s=41,361 eta=9882.216446467324
step=4512 tokens=591396864/1000000000 loss=2.4688 lr=0.00013 tok/s=41,348 eta=9882.10775370103
step=4513 tokens=591527936/1000000000 loss=2.4890 lr=0.00013 tok/s=41,330 eta=9883.228216821017
step=4514 tokens=591659008/1000000000 loss=2.4212 lr=0.00013 tok/s=41,321 eta=9882.196431948638
step=4515 tokens=591790080/1000000000 loss=2.4105 lr=0.00013 tok/s=41,028 eta=9949.59224879034
step=4516 tokens=591921152/1000000000 loss=2.4246 lr=0.00013 tok/s=41,259 eta=9890.737938543043
step=4517 tokens=592052224/1000000000 loss=2.3404 lr=0.00013 tok/s=41,154 eta=9912.744157708798
step=4518 tokens=592183296/1000000000 loss=2.4370 lr=0.00013 tok/s=41,519 eta=9822.431430101635
step=4519 tokens=592314368/1000000000 loss=2.4078 lr=0.00013 tok/s=41,255 eta=9882.00009846496
step=4520 tokens=592445440/1000000000 loss=2.3437 lr=0.00013 tok/s=41,321 eta=9863.086354504723
step=4521 tokens=592576512/1000000000 loss=2.3515 lr=0.00013 tok/s=41,310 eta=9862.542082433283
step=4522 tokens=592707584/1000000000 loss=2.3895 lr=0.00013 tok/s=41,033 eta=9925.926697723235
step=4523 tokens=592838656/1000000000 loss=2.3266 lr=0.00013 tok/s=41,268 eta=9866.390761557213
step=4524 tokens=592969728/1000000000 loss=2.3802 lr=0.00013 tok/s=41,301 eta=9855.162073180398
step=4525 tokens=593100800/1000000000 loss=2.3994 lr=0.000129 tok/s=41,050 eta=9912.307167026109
step=4526 tokens=593231872/1000000000 loss=2.4241 lr=0.000129 tok/s=41,130 eta=9889.710250233686
step=4527 tokens=593362944/1000000000 loss=2.3249 lr=0.000129 tok/s=40,967 eta=9926.009752045155
step=4528 tokens=593494016/1000000000 loss=2.3466 lr=0.000129 tok/s=41,329 eta=9835.938912100184
step=4529 tokens=593625088/1000000000 loss=2.3504 lr=0.000129 tok/s=41,163 eta=9872.405183896213
step=4530 tokens=593756160/1000000000 loss=2.3858 lr=0.000129 tok/s=40,905 eta=9931.296449741909
step=4531 tokens=593887232/1000000000 loss=2.3607 lr=0.000129 tok/s=41,246 eta=9846.228841138834
step=4532 tokens=594018304/1000000000 loss=2.3853 lr=0.000129 tok/s=41,169 eta=9861.256981921102
step=4533 tokens=594149376/1000000000 loss=2.4273 lr=0.000129 tok/s=41,238 eta=9841.769954895244
step=4534 tokens=594280448/1000000000 loss=3.6758 lr=0.000129 tok/s=41,399 eta=9800.274663368227
step=4535 tokens=594411520/1000000000 loss=3.7121 lr=0.000129 tok/s=41,306 eta=9819.174896984494
step=4536 tokens=594542592/1000000000 loss=3.6325 lr=0.000129 tok/s=41,003 eta=9888.529609486473
step=4537 tokens=594673664/1000000000 loss=3.5295 lr=0.000129 tok/s=41,058 eta=9871.94300208688
step=4538 tokens=594804736/1000000000 loss=3.4637 lr=0.000129 tok/s=41,066 eta=9867.035356482897
step=4539 tokens=594935808/1000000000 loss=3.5445 lr=0.000129 tok/s=41,174 eta=9837.903882249366
step=4540 tokens=595066880/1000000000 loss=3.4783 lr=0.000129 tok/s=41,137 eta=9843.41079486013
step=4541 tokens=595197952/1000000000 loss=3.5320 lr=0.000129 tok/s=41,034 eta=9865.121350459904
step=4542 tokens=595329024/1000000000 loss=3.6823 lr=0.000129 tok/s=41,198 eta=9822.675803962431
step=4543 tokens=595460096/1000000000 loss=3.4651 lr=0.000128 tok/s=41,154 eta=9829.98713286498
step=4544 tokens=595591168/1000000000 loss=3.4671 lr=0.000128 tok/s=41,181 eta=9820.26345015176
step=4545 tokens=595722240/1000000000 loss=3.4209 lr=0.000128 tok/s=41,035 eta=9851.909622926098
step=4546 tokens=595853312/1000000000 loss=3.5404 lr=0.000128 tok/s=41,076 eta=9839.035672197635
step=4547 tokens=595984384/1000000000 loss=3.5196 lr=0.000128 tok/s=41,103 eta=9829.29360062865
step=4548 tokens=596115456/1000000000 loss=3.4978 lr=0.000128 tok/s=41,208 eta=9801.002549144427
step=4549 tokens=596246528/1000000000 loss=3.5362 lr=0.000128 tok/s=41,177 eta=9805.364860045638
step=4550 tokens=596377600/1000000000 loss=3.4191 lr=0.000128 tok/s=41,272 eta=9779.550098017633
step=4551 tokens=596508672/1000000000 loss=3.4540 lr=0.000128 tok/s=41,054 eta=9828.256789988078
step=4552 tokens=596639744/1000000000 loss=3.5308 lr=0.000128 tok/s=41,110 eta=9811.635060588273
step=4553 tokens=596770816/1000000000 loss=3.4921 lr=0.000128 tok/s=41,193 eta=9788.844821675064
step=4554 tokens=596901888/1000000000 loss=3.4975 lr=0.000128 tok/s=41,291 eta=9762.316061364207
step=4555 tokens=597032960/1000000000 loss=3.4977 lr=0.000128 tok/s=41,273 eta=9763.519897021833
step=4556 tokens=597164032/1000000000 loss=3.4798 lr=0.000128 tok/s=41,160 eta=9787.175842649265
step=4557 tokens=597295104/1000000000 loss=3.4966 lr=0.000128 tok/s=41,321 eta=9745.766306403339
step=4558 tokens=597426176/1000000000 loss=3.4352 lr=0.000128 tok/s=41,556 eta=9687.45296799755
step=4559 tokens=597557248/1000000000 loss=3.3965 lr=0.000128 tok/s=41,505 eta=9696.151451998985
step=4560 tokens=597688320/1000000000 loss=3.4085 lr=0.000128 tok/s=41,243 eta=9754.572600889602
step=4561 tokens=597819392/1000000000 loss=3.3735 lr=0.000127 tok/s=41,243 eta=9751.39583770624
step=4562 tokens=597950464/1000000000 loss=3.5452 lr=0.000127 tok/s=41,469 eta=9695.165608120318
step=4563 tokens=598081536/1000000000 loss=3.4635 lr=0.000127 tok/s=41,329 eta=9724.870004973625
step=4564 tokens=598212608/1000000000 loss=3.6041 lr=0.000127 tok/s=40,850 eta=9835.600691685137
step=4565 tokens=598343680/1000000000 loss=3.6041 lr=0.000127 tok/s=41,246 eta=9738.064388226003
step=4566 tokens=598474752/1000000000 loss=3.5402 lr=0.000127 tok/s=41,248 eta=9734.325422266658
step=4567 tokens=598605824/1000000000 loss=3.4083 lr=0.000127 tok/s=41,163 eta=9751.243047423239
step=4568 tokens=598736896/1000000000 loss=3.5165 lr=0.000127 tok/s=41,317 eta=9711.79834845767
step=4569 tokens=598867968/1000000000 loss=3.4379 lr=0.000127 tok/s=40,950 eta=9795.6235178926
step=4570 tokens=598999040/1000000000 loss=3.5322 lr=0.000127 tok/s=41,087 eta=9759.742440839374
step=4571 tokens=599130112/1000000000 loss=3.5332 lr=0.000127 tok/s=41,003 eta=9776.608250612015
step=4572 tokens=599261184/1000000000 loss=3.4065 lr=0.000127 tok/s=41,159 eta=9736.350487529124
step=4573 tokens=599392256/1000000000 loss=3.4450 lr=0.000127 tok/s=41,224 eta=9717.855076039976
step=4574 tokens=599523328/1000000000 loss=3.5736 lr=0.000127 tok/s=41,204 eta=9719.25341190427
step=4575 tokens=599654400/1000000000 loss=3.4542 lr=0.000127 tok/s=41,141 eta=9730.99050957759
step=4576 tokens=599785472/1000000000 loss=3.6103 lr=0.000127 tok/s=41,162 eta=9722.98492259898
step=4577 tokens=599916544/1000000000 loss=3.4867 lr=0.000127 tok/s=41,028 eta=9751.563514968177
step=4578 tokens=600047616/1000000000 loss=3.4730 lr=0.000127 tok/s=29,824 eta=13410.327678547237
checkpoint saved: runs/20260905-135527/checkpoints/tokens_000600m (permanent_tokens)
step=4579 tokens=600178688/1000000000 loss=3.3455 lr=0.000127 tok/s=36,149 eta=11060.501378925988
step=4580 tokens=600309760/1000000000 loss=3.5385 lr=0.000126 tok/s=41,176 eta=9706.850166265926
step=4581 tokens=600440832/1000000000 loss=3.4579 lr=0.000126 tok/s=41,062 eta=9730.617484286955
step=4582 tokens=600571904/1000000000 loss=3.4846 lr=0.000126 tok/s=41,152 eta=9706.201120969548
step=4583 tokens=600702976/1000000000 loss=3.3187 lr=0.000126 tok/s=41,053 eta=9726.353118054793
step=4584 tokens=600834048/1000000000 loss=3.4237 lr=0.000126 tok/s=41,252 eta=9676.350898383458
step=4585 tokens=600965120/1000000000 loss=3.4123 lr=0.000126 tok/s=41,080 eta=9713.673968504374
step=4586 tokens=601096192/1000000000 loss=3.5156 lr=0.000126 tok/s=41,079 eta=9710.767689448687
step=4587 tokens=601227264/1000000000 loss=3.5076 lr=0.000126 tok/s=41,142 eta=9692.691065565945
step=4588 tokens=601358336/1000000000 loss=3.5491 lr=0.000126 tok/s=41,286 eta=9655.719685197231
step=4589 tokens=601489408/1000000000 loss=3.4946 lr=0.000126 tok/s=41,549 eta=9591.431312670245
step=4590 tokens=601620480/1000000000 loss=3.3978 lr=0.000126 tok/s=41,449 eta=9611.308825170405
step=4591 tokens=601751552/1000000000 loss=3.3373 lr=0.000126 tok/s=41,426 eta=9613.388437103578
step=4592 tokens=601882624/1000000000 loss=3.3858 lr=0.000126 tok/s=41,176 eta=9668.564821840218
step=4593 tokens=602013696/1000000000 loss=3.4461 lr=0.000126 tok/s=41,195 eta=9661.119433421603
step=4594 tokens=602144768/1000000000 loss=3.3102 lr=0.000126 tok/s=41,148 eta=9668.891284890518
step=4595 tokens=602275840/1000000000 loss=3.5392 lr=0.000126 tok/s=41,339 eta=9621.0286732591
step=4596 tokens=602406912/1000000000 loss=3.5785 lr=0.000126 tok/s=41,242 eta=9640.456227762867
step=4597 tokens=602537984/1000000000 loss=3.3759 lr=0.000126 tok/s=41,210 eta=9644.884226139804
step=4598 tokens=602669056/1000000000 loss=3.4114 lr=0.000125 tok/s=41,127 eta=9661.168442490183
step=4599 tokens=602800128/1000000000 loss=3.4689 lr=0.000125 tok/s=41,220 eta=9636.079595021534
step=4600 tokens=602931200/1000000000 loss=3.4173 lr=0.000125 tok/s=41,539 eta=9559.02164652756
step=4601 tokens=603062272/1000000000 loss=3.4371 lr=0.000125 tok/s=41,249 eta=9622.968241598684
step=4602 tokens=603193344/1000000000 loss=3.3082 lr=0.000125 tok/s=41,230 eta=9624.295290692893
step=4603 tokens=603324416/1000000000 loss=3.3635 lr=0.000125 tok/s=41,143 eta=9641.406366315041
step=4604 tokens=603455488/1000000000 loss=3.3196 lr=0.000125 tok/s=41,282 eta=9605.690059694525
step=4605 tokens=603586560/1000000000 loss=3.3906 lr=0.000125 tok/s=41,635 eta=9521.067713268052
step=4606 tokens=603717632/1000000000 loss=3.4651 lr=0.000125 tok/s=41,387 eta=9574.989907226862
step=4607 tokens=603848704/1000000000 loss=3.4536 lr=0.000125 tok/s=41,578 eta=9527.913375165657
step=4608 tokens=603979776/1000000000 loss=3.4201 lr=0.000125 tok/s=41,331 eta=9581.785845544637
step=4609 tokens=604110848/1000000000 loss=3.5137 lr=0.000125 tok/s=41,564 eta=9524.868246538805
step=4610 tokens=604241920/1000000000 loss=3.4106 lr=0.000125 tok/s=41,402 eta=9559.017992397954
step=4611 tokens=604372992/1000000000 loss=3.4618 lr=0.000125 tok/s=41,452 eta=9544.287793207883
step=4612 tokens=604504064/1000000000 loss=3.4347 lr=0.000125 tok/s=41,518 eta=9525.8619449961
step=4613 tokens=604635136/1000000000 loss=3.4260 lr=0.000125 tok/s=41,359 eta=9559.288223627245
step=4614 tokens=604766208/1000000000 loss=3.3786 lr=0.000125 tok/s=41,264 eta=9578.082106835162
step=4615 tokens=604897280/1000000000 loss=3.3851 lr=0.000125 tok/s=41,234 eta=9582.038629063185
step=4616 tokens=605028352/1000000000 loss=3.4307 lr=0.000125 tok/s=41,597 eta=9495.187548226339
step=4617 tokens=605159424/1000000000 loss=3.2919 lr=0.000124 tok/s=41,440 eta=9527.95681669275
step=4618 tokens=605290496/1000000000 loss=3.3425 lr=0.000124 tok/s=41,172 eta=9586.823886154958
step=4619 tokens=605421568/1000000000 loss=3.3591 lr=0.000124 tok/s=41,379 eta=9535.671951536831
step=4620 tokens=605552640/1000000000 loss=3.3321 lr=0.000124 tok/s=41,363 eta=9536.132889656683
step=4621 tokens=605683712/1000000000 loss=3.3887 lr=0.000124 tok/s=41,003 eta=9616.725976360232
step=4622 tokens=605814784/1000000000 loss=3.4850 lr=0.000124 tok/s=41,307 eta=9542.78988678218
step=4623 tokens=605945856/1000000000 loss=3.4668 lr=0.000124 tok/s=41,437 eta=9509.733751521173
step=4624 tokens=606076928/1000000000 loss=3.4108 lr=0.000124 tok/s=41,403 eta=9514.422746850312
step=4625 tokens=606208000/1000000000 loss=3.3395 lr=0.000124 tok/s=41,338 eta=9526.264465726825
step=4626 tokens=606339072/1000000000 loss=3.4141 lr=0.000124 tok/s=41,301 eta=9531.591006871053
step=4627 tokens=606470144/1000000000 loss=3.3987 lr=0.000124 tok/s=41,292 eta=9530.49766989895
step=4628 tokens=606601216/1000000000 loss=3.4195 lr=0.000124 tok/s=41,212 eta=9545.740654203899
step=4629 tokens=606732288/1000000000 loss=3.3169 lr=0.000124 tok/s=41,381 eta=9503.531126001779
step=4630 tokens=606863360/1000000000 loss=3.4076 lr=0.000124 tok/s=41,272 eta=9525.543112020083
step=4631 tokens=606994432/1000000000 loss=3.4229 lr=0.000124 tok/s=41,331 eta=9508.850197670521
step=4632 tokens=607125504/1000000000 loss=3.5712 lr=0.000124 tok/s=41,496 eta=9467.764603572725
step=4633 tokens=607256576/1000000000 loss=3.6361 lr=0.000124 tok/s=41,351 eta=9497.89940875353
step=4634 tokens=607387648/1000000000 loss=3.5038 lr=0.000124 tok/s=41,523 eta=9455.313856203546
step=4635 tokens=607518720/1000000000 loss=3.4355 lr=0.000123 tok/s=41,506 eta=9456.060117861029
step=4636 tokens=607649792/1000000000 loss=3.5597 lr=0.000123 tok/s=41,684 eta=9412.386808842819
step=4637 tokens=607780864/1000000000 loss=3.4034 lr=0.000123 tok/s=41,361 eta=9482.760104703837
step=4638 tokens=607911936/1000000000 loss=3.4273 lr=0.000123 tok/s=41,372 eta=9477.176718546414
step=4639 tokens=608043008/1000000000 loss=3.5642 lr=0.000123 tok/s=41,280 eta=9495.155879461876
step=4640 tokens=608174080/1000000000 loss=3.3634 lr=0.000123 tok/s=41,621 eta=9414.244735563047
step=4641 tokens=608305152/1000000000 loss=3.5993 lr=0.000123 tok/s=41,665 eta=9400.998904341755
step=4642 tokens=608436224/1000000000 loss=3.5927 lr=0.000123 tok/s=41,049 eta=9538.970007056296
step=4643 tokens=608567296/1000000000 loss=3.4757 lr=0.000123 tok/s=41,348 eta=9466.88934993804
step=4644 tokens=608698368/1000000000 loss=3.5983 lr=0.000123 tok/s=41,370 eta=9458.63645574602
step=4645 tokens=608829440/1000000000 loss=3.4210 lr=0.000123 tok/s=41,506 eta=9424.535780162758
step=4646 tokens=608960512/1000000000 loss=3.4739 lr=0.000123 tok/s=41,677 eta=9382.643087436481
step=4647 tokens=609091584/1000000000 loss=3.3621 lr=0.000123 tok/s=41,460 eta=9428.5370278839
step=4648 tokens=609222656/1000000000 loss=3.5944 lr=0.000123 tok/s=41,242 eta=9475.136881189517
step=4649 tokens=609353728/1000000000 loss=3.3746 lr=0.000123 tok/s=41,084 eta=9508.402913554011
step=4650 tokens=609484800/1000000000 loss=3.4660 lr=0.000123 tok/s=41,189 eta=9481.096900650038
step=4651 tokens=609615872/1000000000 loss=3.4935 lr=0.000123 tok/s=41,148 eta=9487.42733355354
step=4652 tokens=609746944/1000000000 loss=3.4417 lr=0.000123 tok/s=41,039 eta=9509.20909398181
step=4653 tokens=609878016/1000000000 loss=3.5165 lr=0.000123 tok/s=41,174 eta=9474.875481388126
step=4654 tokens=610009088/1000000000 loss=3.3240 lr=0.000122 tok/s=29,762 eta=13103.729053635772
step=4655 tokens=610140160/1000000000 loss=3.4479 lr=0.000122 tok/s=41,153 eta=9473.403491973324
step=4656 tokens=610271232/1000000000 loss=3.2932 lr=0.000122 tok/s=41,186 eta=9462.690718926575
step=4657 tokens=610402304/1000000000 loss=3.4388 lr=0.000122 tok/s=41,158 eta=9465.887508321057
step=4658 tokens=610533376/1000000000 loss=3.4791 lr=0.000122 tok/s=40,822 eta=9540.679580721708
step=4659 tokens=610664448/1000000000 loss=3.4723 lr=0.000122 tok/s=40,929 eta=9512.482878607228
step=4660 tokens=610795520/1000000000 loss=3.4221 lr=0.000122 tok/s=41,076 eta=9475.295498757272
step=4661 tokens=610926592/1000000000 loss=3.5184 lr=0.000122 tok/s=41,202 eta=9443.14251989133
step=4662 tokens=611057664/1000000000 loss=3.5829 lr=0.000122 tok/s=41,081 eta=9467.589051546305
step=4663 tokens=611188736/1000000000 loss=3.4620 lr=0.000122 tok/s=41,057 eta=9470.101482809496
step=4664 tokens=611319808/1000000000 loss=3.4302 lr=0.000122 tok/s=40,867 eta=9510.794852429859
step=4665 tokens=611450880/1000000000 loss=3.4229 lr=0.000122 tok/s=41,376 eta=9390.688447808216
step=4666 tokens=611581952/1000000000 loss=3.4289 lr=0.000122 tok/s=40,979 eta=9478.456723541385
step=4667 tokens=611713024/1000000000 loss=3.5247 lr=0.000122 tok/s=40,915 eta=9489.984374240099
step=4668 tokens=611844096/1000000000 loss=3.4025 lr=0.000122 tok/s=40,617 eta=9556.481687157306
step=4669 tokens=611975168/1000000000 loss=3.5507 lr=0.000122 tok/s=40,819 eta=9506.090874484236
step=4670 tokens=612106240/1000000000 loss=3.3171 lr=0.000122 tok/s=40,934 eta=9476.011045774056
step=4671 tokens=612237312/1000000000 loss=3.4917 lr=0.000122 tok/s=41,008 eta=9455.76913584995
step=4672 tokens=612368384/1000000000 loss=3.4640 lr=0.000121 tok/s=41,136 eta=9423.149409610247
step=4673 tokens=612499456/1000000000 loss=3.4897 lr=0.000121 tok/s=41,064 eta=9436.523373185964
step=4674 tokens=612630528/1000000000 loss=3.3634 lr=0.000121 tok/s=40,864 eta=9479.594415678806
step=4675 tokens=612761600/1000000000 loss=3.2978 lr=0.000121 tok/s=40,916 eta=9464.196070258344
step=4676 tokens=612892672/1000000000 loss=3.4844 lr=0.000121 tok/s=41,012 eta=9438.950367128833
step=4677 tokens=613023744/1000000000 loss=3.6806 lr=0.000121 tok/s=40,686 eta=9511.266053469493
step=4678 tokens=613154816/1000000000 loss=3.5063 lr=0.000121 tok/s=40,950 eta=9446.689430490718
step=4679 tokens=613285888/1000000000 loss=3.4678 lr=0.000121 tok/s=40,907 eta=9453.447694324968
step=4680 tokens=613416960/1000000000 loss=3.4481 lr=0.000121 tok/s=40,926 eta=9446.006057084332
step=4681 tokens=613548032/1000000000 loss=3.4625 lr=0.000121 tok/s=40,877 eta=9454.087886880923
step=4682 tokens=613679104/1000000000 loss=3.3805 lr=0.000121 tok/s=40,786 eta=9471.786793571475
step=4683 tokens=613810176/1000000000 loss=3.4446 lr=0.000121 tok/s=40,898 eta=9442.726921093892
step=4684 tokens=613941248/1000000000 loss=3.4202 lr=0.000121 tok/s=40,832 eta=9454.864881402027
step=4685 tokens=614072320/1000000000 loss=3.5041 lr=0.000121 tok/s=40,945 eta=9425.439281820522
step=4686 tokens=614203392/1000000000 loss=3.3829 lr=0.000121 tok/s=41,064 eta=9394.98259888906
step=4687 tokens=614334464/1000000000 loss=3.4192 lr=0.000121 tok/s=41,117 eta=9379.777868376215
step=4688 tokens=614465536/1000000000 loss=3.3673 lr=0.000121 tok/s=40,973 eta=9409.44425271347
step=4689 tokens=614596608/1000000000 loss=3.1934 lr=0.000121 tok/s=40,982 eta=9404.13880078621
step=4690 tokens=614727680/1000000000 loss=3.4347 lr=0.000121 tok/s=41,011 eta=9394.344744803793
step=4691 tokens=614858752/1000000000 loss=2.9092 lr=0.00012 tok/s=41,000 eta=9393.648840734479
step=4692 tokens=614989824/1000000000 loss=2.4886 lr=0.00012 tok/s=40,854 eta=9424.117839817824
step=4693 tokens=615120896/1000000000 loss=2.4728 lr=0.00012 tok/s=40,702 eta=9456.062913834256
step=4694 tokens=615251968/1000000000 loss=2.4677 lr=0.00012 tok/s=40,936 eta=9398.86231105616
step=4695 tokens=615383040/1000000000 loss=2.5060 lr=0.00012 tok/s=41,120 eta=9353.424970384314
step=4696 tokens=615514112/1000000000 loss=2.4623 lr=0.00012 tok/s=40,938 eta=9391.869607936655
step=4697 tokens=615645184/1000000000 loss=2.5282 lr=0.00012 tok/s=40,881 eta=9401.715361717319
step=4698 tokens=615776256/1000000000 loss=2.4704 lr=0.00012 tok/s=40,728 eta=9433.876207766069
step=4699 tokens=615907328/1000000000 loss=2.4362 lr=0.00012 tok/s=41,076 eta=9350.706535095176
step=4700 tokens=616038400/1000000000 loss=2.3963 lr=0.00012 tok/s=41,103 eta=9341.368494346427
step=4701 tokens=616169472/1000000000 loss=2.4115 lr=0.00012 tok/s=40,724 eta=9425.105011328922
step=4702 tokens=616300544/1000000000 loss=2.3461 lr=0.00012 tok/s=40,944 eta=9371.319585680016
step=4703 tokens=616431616/1000000000 loss=2.3855 lr=0.00012 tok/s=40,946 eta=9367.692349947265
step=4704 tokens=616562688/1000000000 loss=2.3880 lr=0.00012 tok/s=40,876 eta=9380.436591805705
step=4705 tokens=616693760/1000000000 loss=2.3890 lr=0.00012 tok/s=40,909 eta=9369.699370639079
step=4706 tokens=616824832/1000000000 loss=2.4007 lr=0.00012 tok/s=41,066 eta=9330.77103954052
step=4707 tokens=616955904/1000000000 loss=2.3979 lr=0.00012 tok/s=41,004 eta=9341.72671805707
step=4708 tokens=617086976/1000000000 loss=2.3884 lr=0.00012 tok/s=40,988 eta=9342.10565357276
step=4709 tokens=617218048/1000000000 loss=2.3776 lr=0.00012 tok/s=40,930 eta=9352.030070418758
step=4710 tokens=617349120/1000000000 loss=2.3378 lr=0.000119 tok/s=40,927 eta=9349.528463223072
step=4711 tokens=617480192/1000000000 loss=2.4401 lr=0.000119 tok/s=40,778 eta=9380.619977526876
step=4712 tokens=617611264/1000000000 loss=2.3673 lr=0.000119 tok/s=40,585 eta=9421.870568994116
step=4713 tokens=617742336/1000000000 loss=2.3213 lr=0.000119 tok/s=40,824 eta=9363.462802736754
step=4714 tokens=617873408/1000000000 loss=2.3707 lr=0.000119 tok/s=40,824 eta=9360.233161727187
step=4715 tokens=618004480/1000000000 loss=2.3345 lr=0.000119 tok/s=41,112 eta=9291.51434336785
step=4716 tokens=618135552/1000000000 loss=2.3456 lr=0.000119 tok/s=40,894 eta=9337.800341960516
step=4717 tokens=618266624/1000000000 loss=2.3110 lr=0.000119 tok/s=41,022 eta=9305.581052048496
step=4718 tokens=618397696/1000000000 loss=2.2969 lr=0.000119 tok/s=40,634 eta=9391.269414134467
step=4719 tokens=618528768/1000000000 loss=2.3357 lr=0.000119 tok/s=40,910 eta=9324.666080615007
step=4720 tokens=618659840/1000000000 loss=2.4038 lr=0.000119 tok/s=40,914 eta=9320.443228400762
step=4721 tokens=618790912/1000000000 loss=2.3573 lr=0.000119 tok/s=40,932 eta=9313.33143837076
step=4722 tokens=618921984/1000000000 loss=2.3338 lr=0.000119 tok/s=40,850 eta=9328.71063715052
step=4723 tokens=619053056/1000000000 loss=2.9930 lr=0.000119 tok/s=40,885 eta=9317.452459937513
step=4724 tokens=619184128/1000000000 loss=3.4002 lr=0.000119 tok/s=40,913 eta=9307.991325898347
step=4725 tokens=619315200/1000000000 loss=3.3780 lr=0.000119 tok/s=40,154 eta=9480.696574908781
step=4726 tokens=619446272/1000000000 loss=3.3934 lr=0.000119 tok/s=40,576 eta=9378.853700818428
step=4727 tokens=619577344/1000000000 loss=3.3667 lr=0.000119 tok/s=40,843 eta=9314.355340735647
step=4728 tokens=619708416/1000000000 loss=3.2882 lr=0.000118 tok/s=40,846 eta=9310.377230793087
step=4729 tokens=619839488/1000000000 loss=3.3137 lr=0.000118 tok/s=40,838 eta=9309.007880024947
step=4730 tokens=619970560/1000000000 loss=3.3235 lr=0.000118 tok/s=40,610 eta=9357.93521478402
step=4731 tokens=620101632/1000000000 loss=3.3435 lr=0.000118 tok/s=29,598 eta=12835.291505198822
step=4732 tokens=620232704/1000000000 loss=3.2842 lr=0.000118 tok/s=41,007 eta=9261.098663288109
step=4733 tokens=620363776/1000000000 loss=3.3087 lr=0.000118 tok/s=40,944 eta=9272.081556541436
step=4734 tokens=620494848/1000000000 loss=3.3466 lr=0.000118 tok/s=41,094 eta=9235.03134982755
step=4735 tokens=620625920/1000000000 loss=3.2615 lr=0.000118 tok/s=41,010 eta=9250.861937017678
step=4736 tokens=620756992/1000000000 loss=3.2501 lr=0.000118 tok/s=40,956 eta=9259.801614841243
step=4737 tokens=620888064/1000000000 loss=3.3136 lr=0.000118 tok/s=40,638 eta=9328.91894567524
step=4738 tokens=621019136/1000000000 loss=3.3032 lr=0.000118 tok/s=40,726 eta=9305.703774384383
step=4739 tokens=621150208/1000000000 loss=3.2581 lr=0.000118 tok/s=40,750 eta=9296.915356528745
step=4740 tokens=621281280/1000000000 loss=3.2807 lr=0.000118 tok/s=40,841 eta=9273.026410658342
step=4741 tokens=621412352/1000000000 loss=3.2823 lr=0.000118 tok/s=40,748 eta=9290.975744151761
step=4742 tokens=621543424/1000000000 loss=3.2319 lr=0.000118 tok/s=41,041 eta=9221.340203059464
step=4743 tokens=621674496/1000000000 loss=3.3003 lr=0.000118 tok/s=40,918 eta=9245.968297764628
step=4744 tokens=621805568/1000000000 loss=3.2585 lr=0.000118 tok/s=40,922 eta=9241.865191263327
step=4745 tokens=621936640/1000000000 loss=3.3026 lr=0.000118 tok/s=40,980 eta=9225.657066166412
step=4746 tokens=622067712/1000000000 loss=3.2756 lr=0.000118 tok/s=40,887 eta=9243.26332303764
step=4747 tokens=622198784/1000000000 loss=3.2292 lr=0.000117 tok/s=40,610 eta=9303.263540400856
step=4748 tokens=622329856/1000000000 loss=3.2500 lr=0.000117 tok/s=41,053 eta=9199.509511838414
step=4749 tokens=622460928/1000000000 loss=3.2708 lr=0.000117 tok/s=41,085 eta=9189.158078670489
step=4750 tokens=622592000/1000000000 loss=3.2522 lr=0.000117 tok/s=41,070 eta=9189.328460666502
step=4751 tokens=622723072/1000000000 loss=3.2611 lr=0.000117 tok/s=40,753 eta=9257.688446754993
step=4752 tokens=622854144/1000000000 loss=3.2391 lr=0.000117 tok/s=41,060 eta=9185.316936039195
step=4753 tokens=622985216/1000000000 loss=3.1937 lr=0.000117 tok/s=41,345 eta=9118.783108869768
step=4754 tokens=623116288/1000000000 loss=3.2386 lr=0.000117 tok/s=41,124 eta=9164.521542539263
step=4755 tokens=623247360/1000000000 loss=2.8593 lr=0.000117 tok/s=40,804 eta=9233.131357897735
step=4756 tokens=623378432/1000000000 loss=2.4960 lr=0.000117 tok/s=40,752 eta=9241.729067587916
step=4757 tokens=623509504/1000000000 loss=2.4643 lr=0.000117 tok/s=40,920 eta=9200.632660667023
step=4758 tokens=623640576/1000000000 loss=2.4466 lr=0.000117 tok/s=40,786 eta=9227.593692388638
step=4759 tokens=623771648/1000000000 loss=2.3862 lr=0.000117 tok/s=40,973 eta=9182.420312845756
step=4760 tokens=623902720/1000000000 loss=2.3846 lr=0.000117 tok/s=40,837 eta=9209.74663653532
step=4761 tokens=624033792/1000000000 loss=2.3656 lr=0.000117 tok/s=40,766 eta=9222.544786924893
step=4762 tokens=624164864/1000000000 loss=2.3739 lr=0.000117 tok/s=40,748 eta=9223.474187679818
step=4763 tokens=624295936/1000000000 loss=2.3623 lr=0.000117 tok/s=40,918 eta=9181.87584855773
step=4764 tokens=624427008/1000000000 loss=2.3922 lr=0.000117 tok/s=40,990 eta=9162.573448505947
step=4765 tokens=624558080/1000000000 loss=2.3569 lr=0.000117 tok/s=40,874 eta=9185.362678665702
step=4766 tokens=624689152/1000000000 loss=2.3616 lr=0.000116 tok/s=40,656 eta=9231.403483232305
step=4767 tokens=624820224/1000000000 loss=2.4094 lr=0.000116 tok/s=40,832 eta=9188.325127730164
step=4768 tokens=624951296/1000000000 loss=2.3307 lr=0.000116 tok/s=40,776 eta=9197.767654277572
step=4769 tokens=625082368/1000000000 loss=2.3285 lr=0.000116 tok/s=40,916 eta=9163.07600449422
step=4770 tokens=625213440/1000000000 loss=2.3302 lr=0.000116 tok/s=40,984 eta=9144.75118039356
step=4771 tokens=625344512/1000000000 loss=2.3664 lr=0.000116 tok/s=40,845 eta=9172.576294178913
step=4772 tokens=625475584/1000000000 loss=2.3666 lr=0.000116 tok/s=40,641 eta=9215.388128898292
step=4773 tokens=625606656/1000000000 loss=2.3084 lr=0.000116 tok/s=40,831 eta=9169.282703904119
step=4774 tokens=625737728/1000000000 loss=2.3813 lr=0.000116 tok/s=40,753 eta=9183.697391290034
step=4775 tokens=625868800/1000000000 loss=2.4230 lr=0.000116 tok/s=41,166 eta=9088.336666676874
step=4776 tokens=625999872/1000000000 loss=2.3069 lr=0.000116 tok/s=41,023 eta=9116.93304967672
step=4777 tokens=626130944/1000000000 loss=2.3505 lr=0.000116 tok/s=40,671 eta=9192.5876089848
step=4778 tokens=626262016/1000000000 loss=2.2918 lr=0.000116 tok/s=40,858 eta=9147.224660724523
step=4779 tokens=626393088/1000000000 loss=2.3505 lr=0.000116 tok/s=40,762 eta=9165.574830296224
step=4780 tokens=626524160/1000000000 loss=2.3533 lr=0.000116 tok/s=41,094 eta=9088.395772416836
step=4781 tokens=626655232/1000000000 loss=2.2724 lr=0.000116 tok/s=41,144 eta=9074.011403860795
step=4782 tokens=626786304/1000000000 loss=2.3353 lr=0.000116 tok/s=40,920 eta=9120.617359335083
step=4783 tokens=626917376/1000000000 loss=2.3435 lr=0.000116 tok/s=40,930 eta=9115.049435513403
step=4784 tokens=627048448/1000000000 loss=2.2965 lr=0.000116 tok/s=40,990 eta=9098.559154523125
step=4785 tokens=627179520/1000000000 loss=2.3182 lr=0.000115 tok/s=40,925 eta=9109.83161664067
step=4786 tokens=627310592/1000000000 loss=2.3234 lr=0.000115 tok/s=41,038 eta=9081.550481014012
step=4787 tokens=627441664/1000000000 loss=2.9627 lr=0.000115 tok/s=41,180 eta=9047.142401830044
step=4788 tokens=627572736/1000000000 loss=3.6636 lr=0.000115 tok/s=41,102 eta=9061.00262805329
step=4789 tokens=627703808/1000000000 loss=3.5495 lr=0.000115 tok/s=40,778 eta=9129.88162733102
step=4790 tokens=627834880/1000000000 loss=3.5178 lr=0.000115 tok/s=41,138 eta=9046.77443956576
step=4791 tokens=627965952/1000000000 loss=3.4396 lr=0.000115 tok/s=41,245 eta=9020.10946567828
step=4792 tokens=628097024/1000000000 loss=3.4153 lr=0.000115 tok/s=40,819 eta=9111.091941836206
step=4793 tokens=628228096/1000000000 loss=3.4248 lr=0.000115 tok/s=41,014 eta=9064.440047518508
step=4794 tokens=628359168/1000000000 loss=3.4902 lr=0.000115 tok/s=41,124 eta=9036.980210306014
step=4795 tokens=628490240/1000000000 loss=3.3863 lr=0.000115 tok/s=41,175 eta=9022.747229336588
step=4796 tokens=628621312/1000000000 loss=3.4662 lr=0.000115 tok/s=41,217 eta=9010.38252858666
step=4797 tokens=628752384/1000000000 loss=3.4279 lr=0.000115 tok/s=40,821 eta=9094.521509218532
step=4798 tokens=628883456/1000000000 loss=3.4383 lr=0.000115 tok/s=40,982 eta=9055.530859137087
step=4799 tokens=629014528/1000000000 loss=3.5022 lr=0.000115 tok/s=40,717 eta=9111.293514543642
step=4800 tokens=629145600/1000000000 loss=3.2862 lr=0.000115 tok/s=41,057 eta=9032.606887196487
step=4801 tokens=629276672/1000000000 loss=3.4255 lr=0.000115 tok/s=41,030 eta=9035.402430446808
step=4802 tokens=629407744/1000000000 loss=3.3627 lr=0.000115 tok/s=40,901 eta=9060.636364539892
step=4803 tokens=629538816/1000000000 loss=3.4435 lr=0.000115 tok/s=40,919 eta=9053.509469514785
step=4804 tokens=629669888/1000000000 loss=3.4658 lr=0.000114 tok/s=40,855 eta=9064.409968494885
step=4805 tokens=629800960/1000000000 loss=3.3587 lr=0.000114 tok/s=40,824 eta=9068.199529620239
step=4806 tokens=629932032/1000000000 loss=3.4025 lr=0.000114 tok/s=40,955 eta=9036.025035543596
step=4807 tokens=630063104/1000000000 loss=3.4708 lr=0.000114 tok/s=29,754 eta=12433.061893321234
step=4808 tokens=630194176/1000000000 loss=3.4442 lr=0.000114 tok/s=41,119 eta=8993.464350716877
step=4809 tokens=630325248/1000000000 loss=3.4234 lr=0.000114 tok/s=40,668 eta=9089.98098493021
step=4810 tokens=630456320/1000000000 loss=3.3906 lr=0.000114 tok/s=40,907 eta=9033.780647973295
step=4811 tokens=630587392/1000000000 loss=3.4293 lr=0.000114 tok/s=40,776 eta=9059.564355881826
step=4812 tokens=630718464/1000000000 loss=3.3671 lr=0.000114 tok/s=40,854 eta=9039.142854808437
step=4813 tokens=630849536/1000000000 loss=3.3630 lr=0.000114 tok/s=41,035 eta=8995.902460651252
step=4814 tokens=630980608/1000000000 loss=3.4083 lr=0.000114 tok/s=40,691 eta=9068.928953597959
step=4815 tokens=631111680/1000000000 loss=3.5473 lr=0.000114 tok/s=40,925 eta=9013.760958192748
step=4816 tokens=631242752/1000000000 loss=3.4670 lr=0.000114 tok/s=40,883 eta=9019.788435739514
step=4817 tokens=631373824/1000000000 loss=3.3869 lr=0.000114 tok/s=40,818 eta=9030.89018144545
step=4818 tokens=631504896/1000000000 loss=3.4166 lr=0.000114 tok/s=41,057 eta=8975.23320163347
step=4819 tokens=631635968/1000000000 loss=3.3657 lr=0.000114 tok/s=40,929 eta=9000.165048172046
step=4820 tokens=631767040/1000000000 loss=3.3695 lr=0.000114 tok/s=41,263 eta=8924.008493358117
step=4821 tokens=631898112/1000000000 loss=3.5273 lr=0.000114 tok/s=41,099 eta=8956.574855254761
step=4822 tokens=632029184/1000000000 loss=3.4444 lr=0.000114 tok/s=41,112 eta=8950.368788515107
step=4823 tokens=632160256/1000000000 loss=3.4454 lr=0.000113 tok/s=41,234 eta=8920.804953654857
step=4824 tokens=632291328/1000000000 loss=3.4493 lr=0.000113 tok/s=41,164 eta=8932.82004857084
step=4825 tokens=632422400/1000000000 loss=3.4762 lr=0.000113 tok/s=41,059 eta=8952.429832484817
step=4826 tokens=632553472/1000000000 loss=3.4057 lr=0.000113 tok/s=41,044 eta=8952.562021801206
step=4827 tokens=632684544/1000000000 loss=3.3624 lr=0.000113 tok/s=41,114 eta=8934.141164568775
step=4828 tokens=632815616/1000000000 loss=3.4206 lr=0.000113 tok/s=40,659 eta=9030.81931437635
step=4829 tokens=632946688/1000000000 loss=3.5015 lr=0.000113 tok/s=41,018 eta=8948.6350337733
step=4830 tokens=633077760/1000000000 loss=3.4294 lr=0.000113 tok/s=40,949 eta=8960.437951437909
step=4831 tokens=633208832/1000000000 loss=3.5118 lr=0.000113 tok/s=41,033 eta=8938.969424010602
step=4832 tokens=633339904/1000000000 loss=3.3655 lr=0.000113 tok/s=40,948 eta=8954.23548194418
step=4833 tokens=633470976/1000000000 loss=3.4316 lr=0.000113 tok/s=40,707 eta=9004.0015156397
step=4834 tokens=633602048/1000000000 loss=3.3916 lr=0.000113 tok/s=40,762 eta=8988.677193799662
step=4835 tokens=633733120/1000000000 loss=3.4378 lr=0.000113 tok/s=40,857 eta=8964.630368340799
step=4836 tokens=633864192/1000000000 loss=3.3937 lr=0.000113 tok/s=40,849 eta=8963.13461517236
step=4837 tokens=633995264/1000000000 loss=3.4303 lr=0.000113 tok/s=41,046 eta=8917.028454782088
step=4838 tokens=634126336/1000000000 loss=3.4267 lr=0.000113 tok/s=40,915 eta=8942.227766664679
step=4839 tokens=634257408/1000000000 loss=3.4317 lr=0.000113 tok/s=40,979 eta=8925.06847563746
step=4840 tokens=634388480/1000000000 loss=3.4498 lr=0.000113 tok/s=40,552 eta=9015.863824031747
step=4841 tokens=634519552/1000000000 loss=3.3590 lr=0.000113 tok/s=40,866 eta=8943.31382909714
step=4842 tokens=634650624/1000000000 loss=3.4770 lr=0.000112 tok/s=40,951 eta=8921.589542922775
step=4843 tokens=634781696/1000000000 loss=3.3782 lr=0.000112 tok/s=41,023 eta=8902.68035178645
step=4844 tokens=634912768/1000000000 loss=3.3826 lr=0.000112 tok/s=40,662 eta=8978.555554357637
step=4845 tokens=635043840/1000000000 loss=3.4874 lr=0.000112 tok/s=40,996 eta=8902.32360393826
step=4846 tokens=635174912/1000000000 loss=3.4538 lr=0.000112 tok/s=41,033 eta=8891.124201997034
step=4847 tokens=635305984/1000000000 loss=3.4137 lr=0.000112 tok/s=41,137 eta=8865.275049165135
step=4848 tokens=635437056/1000000000 loss=3.5810 lr=0.000112 tok/s=40,997 eta=8892.525312322063
step=4849 tokens=635568128/1000000000 loss=3.4556 lr=0.000112 tok/s=40,917 eta=8906.583997868463
step=4850 tokens=635699200/1000000000 loss=3.3958 lr=0.000112 tok/s=41,019 eta=8881.360061097505
step=4851 tokens=635830272/1000000000 loss=3.5274 lr=0.000112 tok/s=40,691 eta=8949.61380839353
step=4852 tokens=635961344/1000000000 loss=3.4734 lr=0.000112 tok/s=41,112 eta=8854.698176450549
step=4853 tokens=636092416/1000000000 loss=3.4782 lr=0.000112 tok/s=40,994 eta=8877.083853946568
step=4854 tokens=636223488/1000000000 loss=3.3009 lr=0.000112 tok/s=40,902 eta=8893.81490727188
step=4855 tokens=636354560/1000000000 loss=3.3246 lr=0.000112 tok/s=40,814 eta=8909.884325307525
step=4856 tokens=636485632/1000000000 loss=3.2617 lr=0.000112 tok/s=40,815 eta=8906.464384945359
step=4857 tokens=636616704/1000000000 loss=3.4080 lr=0.000112 tok/s=40,953 eta=8873.238098940388
step=4858 tokens=636747776/1000000000 loss=3.4150 lr=0.000112 tok/s=40,824 eta=8898.090564391254
step=4859 tokens=636878848/1000000000 loss=3.3035 lr=0.000112 tok/s=40,850 eta=8889.16083745869
checkpoint saved: runs/20260905-135527/checkpoints/step_000004859 (time)
step=4860 tokens=637009920/1000000000 loss=3.8149 lr=0.000112 tok/s=36,275 eta=10006.670781712006
step=4861 tokens=637140992/1000000000 loss=3.4257 lr=0.000111 tok/s=41,282 eta=8789.77394775621
step=4862 tokens=637272064/1000000000 loss=3.2865 lr=0.000111 tok/s=41,197 eta=8804.614988279667
step=4863 tokens=637403136/1000000000 loss=3.3614 lr=0.000111 tok/s=41,081 eta=8826.30018959553
step=4864 tokens=637534208/1000000000 loss=3.6770 lr=0.000111 tok/s=41,256 eta=8785.808666911862
step=4865 tokens=637665280/1000000000 loss=3.1624 lr=0.000111 tok/s=41,114 eta=8813.029550021853
step=4866 tokens=637796352/1000000000 loss=3.3085 lr=0.000111 tok/s=41,186 eta=8794.365890377907
step=4867 tokens=637927424/1000000000 loss=3.3560 lr=0.000111 tok/s=41,056 eta=8818.927270544655
step=4868 tokens=638058496/1000000000 loss=3.2918 lr=0.000111 tok/s=40,937 eta=8841.484275429231
step=4869 tokens=638189568/1000000000 loss=3.2969 lr=0.000111 tok/s=40,873 eta=8852.030196084457
step=4870 tokens=638320640/1000000000 loss=3.3039 lr=0.000111 tok/s=41,290 eta=8759.527602023367
step=4871 tokens=638451712/1000000000 loss=3.3510 lr=0.000111 tok/s=41,345 eta=8744.644300295275
step=4872 tokens=638582784/1000000000 loss=3.3641 lr=0.000111 tok/s=41,022 eta=8810.305416187932
step=4873 tokens=638713856/1000000000 loss=3.1995 lr=0.000111 tok/s=41,183 eta=8772.751355918768
step=4874 tokens=638844928/1000000000 loss=3.3552 lr=0.000111 tok/s=41,224 eta=8760.712529527937
step=4875 tokens=638976000/1000000000 loss=3.4030 lr=0.000111 tok/s=41,315 eta=8738.318446293584
step=4876 tokens=639107072/1000000000 loss=3.5785 lr=0.000111 tok/s=41,341 eta=8729.691815188555
step=4877 tokens=639238144/1000000000 loss=3.3261 lr=0.000111 tok/s=41,078 eta=8782.29933302666
step=4878 tokens=639369216/1000000000 loss=3.4001 lr=0.000111 tok/s=41,158 eta=8762.054240834026
step=4879 tokens=639500288/1000000000 loss=3.4269 lr=0.000111 tok/s=41,205 eta=8748.838382231304
step=4880 tokens=639631360/1000000000 loss=3.2738 lr=0.000111 tok/s=41,193 eta=8748.221882871401
step=4881 tokens=639762432/1000000000 loss=3.3846 lr=0.00011 tok/s=40,973 eta=8792.12734447787
step=4882 tokens=639893504/1000000000 loss=3.2683 lr=0.00011 tok/s=41,098 eta=8762.155639333245
step=4883 tokens=640024576/1000000000 loss=2.9850 lr=0.00011 tok/s=29,916 eta=12032.907324974996
step=4884 tokens=640155648/1000000000 loss=2.4932 lr=0.00011 tok/s=41,181 eta=8738.129503541493
step=4885 tokens=640286720/1000000000 loss=2.4222 lr=0.00011 tok/s=41,121 eta=8747.643258824182
step=4886 tokens=640417792/1000000000 loss=2.4089 lr=0.00011 tok/s=41,045 eta=8760.711960370489
step=4887 tokens=640548864/1000000000 loss=2.3893 lr=0.00011 tok/s=41,101 eta=8745.545260003282
step=4888 tokens=640679936/1000000000 loss=2.3998 lr=0.00011 tok/s=41,239 eta=8713.08019904358
step=4889 tokens=640811008/1000000000 loss=2.4097 lr=0.00011 tok/s=40,943 eta=8772.978444810535
step=4890 tokens=640942080/1000000000 loss=2.3856 lr=0.00011 tok/s=41,038 eta=8749.327267624816
step=4891 tokens=641073152/1000000000 loss=2.3764 lr=0.00011 tok/s=41,066 eta=8740.318313762278
step=4892 tokens=641204224/1000000000 loss=2.3660 lr=0.00011 tok/s=40,987 eta=8753.865965812776
step=4893 tokens=641335296/1000000000 loss=2.4016 lr=0.00011 tok/s=41,060 eta=8735.136600743577
step=4894 tokens=641466368/1000000000 loss=2.3637 lr=0.00011 tok/s=41,052 eta=8733.646693147417
step=4895 tokens=641597440/1000000000 loss=2.3034 lr=0.00011 tok/s=41,004 eta=8740.726218852236
step=4896 tokens=641728512/1000000000 loss=2.3905 lr=0.00011 tok/s=40,998 eta=8738.707286220108
step=4897 tokens=641859584/1000000000 loss=2.3809 lr=0.00011 tok/s=41,118 eta=8710.133283956622
step=4898 tokens=641990656/1000000000 loss=2.3492 lr=0.00011 tok/s=41,150 eta=8700.120329945767
step=4899 tokens=642121728/1000000000 loss=2.3253 lr=0.00011 tok/s=40,951 eta=8739.210095903978
step=4900 tokens=642252800/1000000000 loss=2.3218 lr=0.000109 tok/s=41,006 eta=8724.36703282345
step=4901 tokens=642383872/1000000000 loss=2.3264 lr=0.000109 tok/s=40,959 eta=8731.1301500297
step=4902 tokens=642514944/1000000000 loss=2.3591 lr=0.000109 tok/s=41,019 eta=8715.124724624908
step=4903 tokens=642646016/1000000000 loss=2.3471 lr=0.000109 tok/s=40,757 eta=8767.922973727094
step=4904 tokens=642777088/1000000000 loss=2.3867 lr=0.000109 tok/s=41,073 eta=8697.22556949592
step=4905 tokens=642908160/1000000000 loss=2.3546 lr=0.000109 tok/s=40,827 eta=8746.394988070104
step=4906 tokens=643039232/1000000000 loss=2.2550 lr=0.000109 tok/s=40,971 eta=8712.568415922484
step=4907 tokens=643170304/1000000000 loss=2.3377 lr=0.000109 tok/s=41,006 eta=8701.878374665668
step=4908 tokens=643301376/1000000000 loss=2.2747 lr=0.000109 tok/s=41,318 eta=8632.971562697163
step=4909 tokens=643432448/1000000000 loss=2.3725 lr=0.000109 tok/s=41,210 eta=8652.349536913924
step=4910 tokens=643563520/1000000000 loss=2.3298 lr=0.000109 tok/s=41,132 eta=8665.744711387248
step=4911 tokens=643694592/1000000000 loss=2.3437 lr=0.000109 tok/s=41,099 eta=8669.483239058596
step=4912 tokens=643825664/1000000000 loss=2.3204 lr=0.000109 tok/s=41,182 eta=8648.812838387274
step=4913 tokens=643956736/1000000000 loss=2.3325 lr=0.000109 tok/s=41,103 eta=8662.195712298295
step=4914 tokens=644087808/1000000000 loss=2.3551 lr=0.000109 tok/s=40,916 eta=8698.520732680734
step=4915 tokens=644218880/1000000000 loss=2.8981 lr=0.000109 tok/s=40,983 eta=8681.288260060515
step=4916 tokens=644349952/1000000000 loss=3.4312 lr=0.000109 tok/s=40,990 eta=8676.47290358109
step=4917 tokens=644481024/1000000000 loss=3.3807 lr=0.000109 tok/s=40,949 eta=8682.068646202852
step=4918 tokens=644612096/1000000000 loss=3.3830 lr=0.000109 tok/s=41,099 eta=8647.13055260783
step=4919 tokens=644743168/1000000000 loss=3.3565 lr=0.000108 tok/s=41,169 eta=8629.2253024993
step=4920 tokens=644874240/1000000000 loss=3.3141 lr=0.000108 tok/s=41,161 eta=8627.810223831111
step=4921 tokens=645005312/1000000000 loss=3.3378 lr=0.000108 tok/s=41,129 eta=8631.280200371277
step=4922 tokens=645136384/1000000000 loss=3.3476 lr=0.000108 tok/s=41,107 eta=8632.680482128377
step=4923 tokens=645267456/1000000000 loss=3.3122 lr=0.000108 tok/s=40,922 eta=8668.546990305094
step=4924 tokens=645398528/1000000000 loss=3.3115 lr=0.000108 tok/s=41,137 eta=8619.990774635193
step=4925 tokens=645529600/1000000000 loss=3.3291 lr=0.000108 tok/s=40,871 eta=8672.949204452767
step=4926 tokens=645660672/1000000000 loss=3.2963 lr=0.000108 tok/s=41,032 eta=8635.749043111191
step=4927 tokens=645791744/1000000000 loss=3.3090 lr=0.000108 tok/s=40,873 eta=8666.060815399775
step=4928 tokens=645922816/1000000000 loss=3.2818 lr=0.000108 tok/s=41,114 eta=8612.027371851222
step=4929 tokens=646053888/1000000000 loss=3.2995 lr=0.000108 tok/s=41,026 eta=8627.282530510014
step=4930 tokens=646184960/1000000000 loss=3.3021 lr=0.000108 tok/s=41,097 eta=8609.251351981791
step=4931 tokens=646316032/1000000000 loss=3.2478 lr=0.000108 tok/s=40,971 eta=8632.465475653205
step=4932 tokens=646447104/1000000000 loss=3.2648 lr=0.000108 tok/s=40,959 eta=8631.79898817416
step=4933 tokens=646578176/1000000000 loss=3.2645 lr=0.000108 tok/s=40,918 eta=8637.400371076414
step=4934 tokens=646709248/1000000000 loss=3.2864 lr=0.000108 tok/s=40,745 eta=8670.699509537686
step=4935 tokens=646840320/1000000000 loss=3.2958 lr=0.000108 tok/s=40,935 eta=8627.331164861676
step=4936 tokens=646971392/1000000000 loss=3.2871 lr=0.000108 tok/s=41,082 eta=8593.170535480001
step=4937 tokens=647102464/1000000000 loss=3.2704 lr=0.000108 tok/s=40,703 eta=8670.165250962817
step=4938 tokens=647233536/1000000000 loss=3.2086 lr=0.000108 tok/s=40,940 eta=8616.569724177942
step=4939 tokens=647364608/1000000000 loss=3.2927 lr=0.000107 tok/s=40,999 eta=8601.1332791982
step=4940 tokens=647495680/1000000000 loss=3.2332 lr=0.000107 tok/s=40,822 eta=8635.071871940918
step=4941 tokens=647626752/1000000000 loss=3.3160 lr=0.000107 tok/s=41,006 eta=8593.286796245675
step=4942 tokens=647757824/1000000000 loss=3.2402 lr=0.000107 tok/s=41,104 eta=8569.47901220092
step=4943 tokens=647888896/1000000000 loss=3.2564 lr=0.000107 tok/s=40,792 eta=8631.967381071909
step=4944 tokens=648019968/1000000000 loss=3.2506 lr=0.000107 tok/s=40,934 eta=8598.643131050876
step=4945 tokens=648151040/1000000000 loss=3.2128 lr=0.000107 tok/s=41,034 eta=8574.628538731653
step=4946 tokens=648282112/1000000000 loss=3.2776 lr=0.000107 tok/s=41,159 eta=8545.36943333829
step=4947 tokens=648413184/1000000000 loss=3.2233 lr=0.000107 tok/s=40,954 eta=8584.90018900985
step=4948 tokens=648544256/1000000000 loss=3.2537 lr=0.000107 tok/s=41,115 eta=8548.045491243483
step=4949 tokens=648675328/1000000000 loss=3.2944 lr=0.000107 tok/s=41,056 eta=8557.269128927064
step=4950 tokens=648806400/1000000000 loss=3.2403 lr=0.000107 tok/s=40,951 eta=8576.012807170951
step=4951 tokens=648937472/1000000000 loss=3.2525 lr=0.000107 tok/s=40,854 eta=8593.083658281092
step=4952 tokens=649068544/1000000000 loss=3.2982 lr=0.000107 tok/s=41,195 eta=8518.758614441233
step=4953 tokens=649199616/1000000000 loss=3.2785 lr=0.000107 tok/s=41,072 eta=8541.058853669798
step=4954 tokens=649330688/1000000000 loss=3.2214 lr=0.000107 tok/s=41,094 eta=8533.415484813877
step=4955 tokens=649461760/1000000000 loss=3.2235 lr=0.000107 tok/s=41,213 eta=8505.465484939708
step=4956 tokens=649592832/1000000000 loss=3.2313 lr=0.000107 tok/s=41,185 eta=8508.220453983071
step=4957 tokens=649723904/1000000000 loss=3.2471 lr=0.000107 tok/s=41,197 eta=8502.485117212762
step=4958 tokens=649854976/1000000000 loss=3.3080 lr=0.000106 tok/s=41,246 eta=8489.13576954372
step=4959 tokens=649986048/1000000000 loss=3.2878 lr=0.000106 tok/s=41,390 eta=8456.452441366184
step=4960 tokens=650117120/1000000000 loss=3.2178 lr=0.000106 tok/s=29,922 eta=11692.977218576414
checkpoint saved: runs/20260905-135527/checkpoints/tokens_000650m (permanent_tokens)
step=4961 tokens=650248192/1000000000 loss=3.2463 lr=0.000106 tok/s=36,243 eta=9650.305571017723
step=4962 tokens=650379264/1000000000 loss=3.1994 lr=0.000106 tok/s=41,074 eta=8512.056461146778
step=4963 tokens=650510336/1000000000 loss=3.1986 lr=0.000106 tok/s=41,307 eta=8460.859639894014
step=4964 tokens=650641408/1000000000 loss=3.2311 lr=0.000106 tok/s=41,292 eta=8460.625403018003
step=4965 tokens=650772480/1000000000 loss=3.2142 lr=0.000106 tok/s=41,327 eta=8450.25047344324
step=4966 tokens=650903552/1000000000 loss=3.2526 lr=0.000106 tok/s=41,346 eta=8443.324286648736
step=4967 tokens=651034624/1000000000 loss=3.2617 lr=0.000106 tok/s=41,229 eta=8464.172492450174
step=4968 tokens=651165696/1000000000 loss=3.2573 lr=0.000106 tok/s=41,049 eta=8498.075260516012
step=4969 tokens=651296768/1000000000 loss=3.2341 lr=0.000106 tok/s=41,136 eta=8476.849328911863
step=4970 tokens=651427840/1000000000 loss=3.2798 lr=0.000106 tok/s=40,986 eta=8504.566066026668
step=4971 tokens=651558912/1000000000 loss=3.2417 lr=0.000106 tok/s=41,009 eta=8496.794734579236
step=4972 tokens=651689984/1000000000 loss=3.2408 lr=0.000106 tok/s=41,154 eta=8463.56497292188
step=4973 tokens=651821056/1000000000 loss=3.2577 lr=0.000106 tok/s=41,119 eta=8467.628624158066
step=4974 tokens=651952128/1000000000 loss=3.2228 lr=0.000106 tok/s=40,801 eta=8530.366544182223
step=4975 tokens=652083200/1000000000 loss=3.2505 lr=0.000106 tok/s=40,800 eta=8527.37244390908
step=4976 tokens=652214272/1000000000 loss=3.2305 lr=0.000106 tok/s=41,034 eta=8475.614712603821
step=4977 tokens=652345344/1000000000 loss=3.2424 lr=0.000106 tok/s=41,163 eta=8445.88363641447
step=4978 tokens=652476416/1000000000 loss=3.2316 lr=0.000105 tok/s=41,144 eta=8446.547176430457
step=4979 tokens=652607488/1000000000 loss=3.4628 lr=0.000105 tok/s=41,337 eta=8403.878811581642
step=4980 tokens=652738560/1000000000 loss=3.6096 lr=0.000105 tok/s=41,222 eta=8424.15696244354
step=4981 tokens=652869632/1000000000 loss=3.5786 lr=0.000105 tok/s=41,249 eta=8415.456650946164
step=4982 tokens=653000704/1000000000 loss=3.4821 lr=0.000105 tok/s=40,949 eta=8473.945245058612
step=4983 tokens=653131776/1000000000 loss=3.4707 lr=0.000105 tok/s=41,046 eta=8450.63496530256
step=4984 tokens=653262848/1000000000 loss=3.4664 lr=0.000105 tok/s=41,415 eta=8372.221405666201
step=4985 tokens=653393920/1000000000 loss=3.3948 lr=0.000105 tok/s=41,271 eta=8398.252815714653
step=4986 tokens=653524992/1000000000 loss=3.4630 lr=0.000105 tok/s=41,097 eta=8430.650520292045
step=4987 tokens=653656064/1000000000 loss=3.4776 lr=0.000105 tok/s=41,140 eta=8418.725383775252
step=4988 tokens=653787136/1000000000 loss=3.4703 lr=0.000105 tok/s=40,817 eta=8481.98289166879
step=4989 tokens=653918208/1000000000 loss=3.4848 lr=0.000105 tok/s=40,978 eta=8445.581124631648
step=4990 tokens=654049280/1000000000 loss=3.2774 lr=0.000105 tok/s=41,201 eta=8396.597680999192
step=4991 tokens=654180352/1000000000 loss=3.8602 lr=0.000105 tok/s=41,042 eta=8425.9304157634
step=4992 tokens=654311424/1000000000 loss=3.4048 lr=0.000105 tok/s=41,076 eta=8415.750201166866
step=4993 tokens=654442496/1000000000 loss=3.4518 lr=0.000105 tok/s=40,922 eta=8444.219808832724
step=4994 tokens=654573568/1000000000 loss=3.4559 lr=0.000105 tok/s=41,180 eta=8388.214987071107
step=4995 tokens=654704640/1000000000 loss=3.4602 lr=0.000105 tok/s=41,154 eta=8390.247878589382
step=4996 tokens=654835712/1000000000 loss=3.3640 lr=0.000105 tok/s=41,173 eta=8383.169281121198
step=4997 tokens=654966784/1000000000 loss=3.4792 lr=0.000104 tok/s=41,246 eta=8365.20712851118
step=4998 tokens=655097856/1000000000 loss=3.4132 lr=0.000104 tok/s=40,959 eta=8420.725560500212
step=4999 tokens=655228928/1000000000 loss=3.4474 lr=0.000104 tok/s=40,907 eta=8428.21233529397
step=5000 tokens=655360000/1000000000 loss=3.4200 lr=0.000104 tok/s=41,188 eta=8367.57333748384
step=5001 tokens=655491072/1000000000 loss=3.5992 lr=0.000104 tok/s=41,264 eta=8348.802012697808
step=5002 tokens=655622144/1000000000 loss=3.5274 lr=0.000104 tok/s=41,223 eta=8353.963429584895
step=5003 tokens=655753216/1000000000 loss=3.5337 lr=0.000104 tok/s=41,333 eta=8328.704903550375
step=5004 tokens=655884288/1000000000 loss=3.3835 lr=0.000104 tok/s=41,038 eta=8385.313564268503
step=5005 tokens=656015360/1000000000 loss=3.3676 lr=0.000104 tok/s=41,650 eta=8258.883018910303
step=5006 tokens=656146432/1000000000 loss=3.5782 lr=0.000104 tok/s=41,489 eta=8287.889212196651
step=5007 tokens=656277504/1000000000 loss=3.3917 lr=0.000104 tok/s=41,464 eta=8289.657323910767
step=5008 tokens=656408576/1000000000 loss=3.5352 lr=0.000104 tok/s=41,417 eta=8295.8989252865
step=5009 tokens=656539648/1000000000 loss=3.5175 lr=0.000104 tok/s=41,241 eta=8328.037975731295
step=5010 tokens=656670720/1000000000 loss=3.4145 lr=0.000104 tok/s=41,183 eta=8336.655811794122
step=5011 tokens=656801792/1000000000 loss=2.7634 lr=0.000104 tok/s=41,216 eta=8326.799487409795
step=5012 tokens=656932864/1000000000 loss=2.1045 lr=0.000104 tok/s=41,207 eta=8325.49974380338
step=5013 tokens=657063936/1000000000 loss=2.0159 lr=0.000104 tok/s=41,250 eta=8313.685139275856
step=5014 tokens=657195008/1000000000 loss=1.9698 lr=0.000104 tok/s=41,230 eta=8314.417080369529
step=5015 tokens=657326080/1000000000 loss=1.9252 lr=0.000104 tok/s=41,189 eta=8319.553566424402
step=5016 tokens=657457152/1000000000 loss=1.9032 lr=0.000104 tok/s=41,134 eta=8327.562797261036
step=5017 tokens=657588224/1000000000 loss=1.8705 lr=0.000103 tok/s=41,162 eta=8318.600916710702
step=5018 tokens=657719296/1000000000 loss=1.8638 lr=0.000103 tok/s=41,168 eta=8314.2347776186
step=5019 tokens=657850368/1000000000 loss=1.8398 lr=0.000103 tok/s=40,939 eta=8357.516667776155
step=5020 tokens=657981440/1000000000 loss=1.8086 lr=0.000103 tok/s=41,075 eta=8326.770890482367
step=5021 tokens=658112512/1000000000 loss=1.8140 lr=0.000103 tok/s=40,968 eta=8345.323114214372
step=5022 tokens=658243584/1000000000 loss=1.8117 lr=0.000103 tok/s=41,057 eta=8323.986608078385
step=5023 tokens=658374656/1000000000 loss=1.8040 lr=0.000103 tok/s=41,038 eta=8324.6649003593
step=5024 tokens=658505728/1000000000 loss=1.7964 lr=0.000103 tok/s=41,165 eta=8295.801085168985
step=5025 tokens=658636800/1000000000 loss=1.7788 lr=0.000103 tok/s=41,120 eta=8301.586145534173
step=5026 tokens=658767872/1000000000 loss=1.7608 lr=0.000103 tok/s=41,155 eta=8291.409706415348
step=5027 tokens=658898944/1000000000 loss=1.7535 lr=0.000103 tok/s=40,978 eta=8324.069040780201
step=5028 tokens=659030016/1000000000 loss=1.7652 lr=0.000103 tok/s=41,168 eta=8282.490422215535
step=5029 tokens=659161088/1000000000 loss=1.7342 lr=0.000103 tok/s=41,032 eta=8306.637244030644
step=5030 tokens=659292160/1000000000 loss=1.7489 lr=0.000103 tok/s=40,962 eta=8317.630808159405
step=5031 tokens=659423232/1000000000 loss=1.7234 lr=0.000103 tok/s=41,053 eta=8296.030942265963
step=5032 tokens=659554304/1000000000 loss=1.7328 lr=0.000103 tok/s=40,989 eta=8305.776697483225
step=5033 tokens=659685376/1000000000 loss=1.7097 lr=0.000103 tok/s=40,946 eta=8311.218507893811
step=5034 tokens=659816448/1000000000 loss=1.7578 lr=0.000103 tok/s=40,917 eta=8313.976186752412
step=5035 tokens=659947520/1000000000 loss=1.7380 lr=0.000103 tok/s=41,084 eta=8277.046963958204
step=5036 tokens=660078592/1000000000 loss=1.7224 lr=0.000103 tok/s=29,840 eta=11391.283004417865
step=5037 tokens=660209664/1000000000 loss=1.7171 lr=0.000102 tok/s=41,184 eta=8250.609539888597
step=5038 tokens=660340736/1000000000 loss=1.7133 lr=0.000102 tok/s=40,967 eta=8290.973020839661
step=5039 tokens=660471808/1000000000 loss=1.7033 lr=0.000102 tok/s=41,006 eta=8279.88279535724
step=5040 tokens=660602880/1000000000 loss=1.7137 lr=0.000102 tok/s=40,898 eta=8298.650010340634
step=5041 tokens=660733952/1000000000 loss=1.6958 lr=0.000102 tok/s=40,921 eta=8290.67526086949
step=5042 tokens=660865024/1000000000 loss=1.7018 lr=0.000102 tok/s=41,016 eta=8268.359922345064
step=5043 tokens=660996096/1000000000 loss=2.8004 lr=0.000102 tok/s=40,978 eta=8272.835314451802
step=5044 tokens=661127168/1000000000 loss=3.6497 lr=0.000102 tok/s=41,182 eta=8228.734449072103
step=5045 tokens=661258240/1000000000 loss=3.4410 lr=0.000102 tok/s=41,193 eta=8223.282403028867
step=5046 tokens=661389312/1000000000 loss=3.5694 lr=0.000102 tok/s=41,267 eta=8205.45589915385
step=5047 tokens=661520384/1000000000 loss=3.5456 lr=0.000102 tok/s=41,192 eta=8217.057375159771
step=5048 tokens=661651456/1000000000 loss=3.5230 lr=0.000102 tok/s=41,221 eta=8208.09519211236
step=5049 tokens=661782528/1000000000 loss=3.4910 lr=0.000102 tok/s=40,921 eta=8265.218651117284
step=5050 tokens=661913600/1000000000 loss=3.5001 lr=0.000102 tok/s=41,265 eta=8192.985011730889
step=5051 tokens=662044672/1000000000 loss=3.5023 lr=0.000102 tok/s=41,090 eta=8224.78510759867
step=5052 tokens=662175744/1000000000 loss=3.5342 lr=0.000102 tok/s=40,970 eta=8245.66705282519
step=5053 tokens=662306816/1000000000 loss=3.4889 lr=0.000102 tok/s=40,852 eta=8266.288171203147
step=5054 tokens=662437888/1000000000 loss=3.6530 lr=0.000102 tok/s=40,954 eta=8242.436900496386
step=5055 tokens=662568960/1000000000 loss=3.4552 lr=0.000102 tok/s=40,939 eta=8242.245777830967
step=5056 tokens=662700032/1000000000 loss=3.3984 lr=0.000102 tok/s=41,124 eta=8202.07044892313
step=5057 tokens=662831104/1000000000 loss=3.4151 lr=0.000101 tok/s=41,124 eta=8198.914718878545
step=5058 tokens=662962176/1000000000 loss=3.4168 lr=0.000101 tok/s=40,844 eta=8251.883368235693
step=5059 tokens=663093248/1000000000 loss=3.5356 lr=0.000101 tok/s=40,958 eta=8225.669809861109
step=5060 tokens=663224320/1000000000 loss=3.5247 lr=0.000101 tok/s=40,831 eta=8248.082493770355
step=5061 tokens=663355392/1000000000 loss=3.4457 lr=0.000101 tok/s=41,103 eta=8190.188681456974
step=5062 tokens=663486464/1000000000 loss=3.4329 lr=0.000101 tok/s=41,209 eta=8165.924560865324
step=5063 tokens=663617536/1000000000 loss=3.5705 lr=0.000101 tok/s=41,090 eta=8186.55944116231
step=5064 tokens=663748608/1000000000 loss=3.5464 lr=0.000101 tok/s=40,933 eta=8214.748119027612
step=5065 tokens=663879680/1000000000 loss=3.4796 lr=0.000101 tok/s=41,028 eta=8192.468965140763
step=5066 tokens=664010752/1000000000 loss=3.3663 lr=0.000101 tok/s=41,096 eta=8175.78685291901
step=5067 tokens=664141824/1000000000 loss=3.4617 lr=0.000101 tok/s=40,990 eta=8193.620801607402
step=5068 tokens=664272896/1000000000 loss=3.3840 lr=0.000101 tok/s=41,148 eta=8159.026712299631
step=5069 tokens=664403968/1000000000 loss=3.5951 lr=0.000101 tok/s=41,129 eta=8159.6467729594815
step=5070 tokens=664535040/1000000000 loss=3.5292 lr=0.000101 tok/s=41,226 eta=8137.299977702891
step=5071 tokens=664666112/1000000000 loss=3.4442 lr=0.000101 tok/s=41,294 eta=8120.684820775129
step=5072 tokens=664797184/1000000000 loss=3.4277 lr=0.000101 tok/s=41,483 eta=8080.560911881114
step=5073 tokens=664928256/1000000000 loss=3.4393 lr=0.000101 tok/s=41,096 eta=8153.3493310201
step=5074 tokens=665059328/1000000000 loss=3.5439 lr=0.000101 tok/s=41,134 eta=8142.62703517502
step=5075 tokens=665190400/1000000000 loss=2.6593 lr=0.000101 tok/s=41,087 eta=8148.778173145782
step=5076 tokens=665321472/1000000000 loss=1.8526 lr=0.000101 tok/s=41,162 eta=8130.810870036168
step=5077 tokens=665452544/1000000000 loss=1.7918 lr=0.0001 tok/s=41,100 eta=8139.784833451647
step=5078 tokens=665583616/1000000000 loss=1.7942 lr=0.0001 tok/s=41,184 eta=8120.031515475596
step=5079 tokens=665714688/1000000000 loss=1.7491 lr=0.0001 tok/s=41,230 eta=8107.725926365404
step=5080 tokens=665845760/1000000000 loss=1.7162 lr=0.0001 tok/s=41,137 eta=8122.90025126152
step=5081 tokens=665976832/1000000000 loss=1.7211 lr=0.0001 tok/s=41,199 eta=8107.462132357402
step=5082 tokens=666107904/1000000000 loss=1.7051 lr=0.0001 tok/s=41,392 eta=8066.489665846904
step=5083 tokens=666238976/1000000000 loss=1.7333 lr=0.0001 tok/s=41,424 eta=8057.22730001272
step=5084 tokens=666370048/1000000000 loss=1.7087 lr=0.0001 tok/s=41,285 eta=8081.121530840661
step=5085 tokens=666501120/1000000000 loss=1.7028 lr=0.0001 tok/s=41,160 eta=8102.406844123103
step=5086 tokens=666632192/1000000000 loss=1.7262 lr=0.0001 tok/s=41,294 eta=8072.977418683721
step=5087 tokens=666763264/1000000000 loss=1.6825 lr=0.0001 tok/s=41,218 eta=8084.832655279327
step=5088 tokens=666894336/1000000000 loss=1.6898 lr=9.99e-05 tok/s=41,253 eta=8074.67206767588
step=5089 tokens=667025408/1000000000 loss=1.6603 lr=9.99e-05 tok/s=41,243 eta=8073.569138546891
step=5090 tokens=667156480/1000000000 loss=1.6743 lr=9.98e-05 tok/s=41,249 eta=8069.135300589006
step=5091 tokens=667287552/1000000000 loss=1.6771 lr=9.98e-05 tok/s=41,225 eta=8070.665241958409
step=5092 tokens=667418624/1000000000 loss=1.6706 lr=9.97e-05 tok/s=41,234 eta=8065.745489858459
step=5093 tokens=667549696/1000000000 loss=1.6420 lr=9.97e-05 tok/s=41,039 eta=8100.8782350815845
step=5094 tokens=667680768/1000000000 loss=1.6638 lr=9.96e-05 tok/s=41,007 eta=8104.043174184485
step=5095 tokens=667811840/1000000000 loss=1.6538 lr=9.96e-05 tok/s=41,142 eta=8074.224143933502
step=5096 tokens=667942912/1000000000 loss=1.6646 lr=9.95e-05 tok/s=41,150 eta=8069.417358124756
step=5097 tokens=668073984/1000000000 loss=1.6688 lr=9.95e-05 tok/s=41,061 eta=8083.77561840845
step=5098 tokens=668205056/1000000000 loss=1.6451 lr=9.94e-05 tok/s=41,006 eta=8091.349279703216
step=5099 tokens=668336128/1000000000 loss=1.6495 lr=9.94e-05 tok/s=41,054 eta=8078.633788614739
step=5100 tokens=668467200/1000000000 loss=1.6626 lr=9.93e-05 tok/s=41,193 eta=8048.2398191860375
step=5101 tokens=668598272/1000000000 loss=1.6324 lr=9.93e-05 tok/s=41,217 eta=8040.495960611848
step=5102 tokens=668729344/1000000000 loss=1.6181 lr=9.92e-05 tok/s=41,190 eta=8042.433493465627
step=5103 tokens=668860416/1000000000 loss=1.6389 lr=9.92e-05 tok/s=41,020 eta=8072.637629577082
step=5104 tokens=668991488/1000000000 loss=1.6302 lr=9.91e-05 tok/s=41,081 eta=8057.556502831921
step=5105 tokens=669122560/1000000000 loss=1.6574 lr=9.91e-05 tok/s=41,258 eta=8019.65017648326
step=5106 tokens=669253632/1000000000 loss=1.6230 lr=9.9e-05 tok/s=41,329 eta=8002.8330383520815
step=5107 tokens=669384704/1000000000 loss=2.5007 lr=9.9e-05 tok/s=41,176 eta=8029.33339020996
step=5108 tokens=669515776/1000000000 loss=3.1572 lr=9.89e-05 tok/s=41,037 eta=8053.247492649052
step=5109 tokens=669646848/1000000000 loss=3.0739 lr=9.89e-05 tok/s=41,173 eta=8023.518170668694
step=5110 tokens=669777920/1000000000 loss=3.0630 lr=9.88e-05 tok/s=40,939 eta=8066.229145219878
step=5111 tokens=669908992/1000000000 loss=3.0044 lr=9.88e-05 tok/s=41,033 eta=8044.526481232252
step=5112 tokens=670040064/1000000000 loss=2.9700 lr=9.87e-05 tok/s=29,902 eta=11034.843103516896
step=5113 tokens=670171136/1000000000 loss=3.0009 lr=9.87e-05 tok/s=41,304 eta=7985.474686025973
step=5114 tokens=670302208/1000000000 loss=2.9566 lr=9.86e-05 tok/s=41,312 eta=7980.625832423248
step=5115 tokens=670433280/1000000000 loss=2.9062 lr=9.86e-05 tok/s=41,127 eta=8013.437149797554
step=5116 tokens=670564352/1000000000 loss=2.9302 lr=9.85e-05 tok/s=40,828 eta=8068.8290122533435
step=5117 tokens=670695424/1000000000 loss=2.9227 lr=9.85e-05 tok/s=41,158 eta=8001.033811009877
step=5118 tokens=670826496/1000000000 loss=2.8902 lr=9.84e-05 tok/s=41,125 eta=8004.2681348757815
step=5119 tokens=670957568/1000000000 loss=2.8899 lr=9.84e-05 tok/s=41,072 eta=8011.296583003199
step=5120 tokens=671088640/1000000000 loss=2.8866 lr=9.83e-05 tok/s=40,904 eta=8041.072709427855
step=5121 tokens=671219712/1000000000 loss=2.9224 lr=9.83e-05 tok/s=40,736 eta=8070.912820214923
step=5122 tokens=671350784/1000000000 loss=2.8799 lr=9.82e-05 tok/s=41,041 eta=8007.9082342546835
step=5123 tokens=671481856/1000000000 loss=2.8481 lr=9.82e-05 tok/s=41,171 eta=7979.361258927382
step=5124 tokens=671612928/1000000000 loss=2.8570 lr=9.81e-05 tok/s=40,839 eta=8041.077387413851
step=5125 tokens=671744000/1000000000 loss=2.8504 lr=9.81e-05 tok/s=41,122 eta=7982.424308570692
step=5126 tokens=671875072/1000000000 loss=2.8506 lr=9.8e-05 tok/s=40,871 eta=8028.362494504189
step=5127 tokens=672006144/1000000000 loss=2.7860 lr=9.8e-05 tok/s=40,989 eta=8002.044131298675
step=5128 tokens=672137216/1000000000 loss=2.8920 lr=9.79e-05 tok/s=41,098 eta=7977.584320386519
step=5129 tokens=672268288/1000000000 loss=2.8387 lr=9.79e-05 tok/s=40,970 eta=7999.321218702365
step=5130 tokens=672399360/1000000000 loss=2.8034 lr=9.79e-05 tok/s=41,076 eta=7975.452877062994
step=5131 tokens=672530432/1000000000 loss=2.7935 lr=9.78e-05 tok/s=40,942 eta=7998.390165624186
step=5132 tokens=672661504/1000000000 loss=2.8421 lr=9.78e-05 tok/s=41,136 eta=7957.38002603785
step=5133 tokens=672792576/1000000000 loss=2.8392 lr=9.77e-05 tok/s=40,962 eta=7988.016748789903
step=5134 tokens=672923648/1000000000 loss=2.8341 lr=9.77e-05 tok/s=41,128 eta=7952.716623782709
step=5135 tokens=673054720/1000000000 loss=2.8333 lr=9.76e-05 tok/s=41,157 eta=7943.923783818488
step=5136 tokens=673185792/1000000000 loss=2.7957 lr=9.76e-05 tok/s=41,185 eta=7935.178182937396
step=5137 tokens=673316864/1000000000 loss=2.8144 lr=9.75e-05 tok/s=41,034 eta=7961.265003536661
step=5138 tokens=673447936/1000000000 loss=2.7878 lr=9.75e-05 tok/s=41,017 eta=7961.393401011414
step=5139 tokens=673579008/1000000000 loss=3.2748 lr=9.74e-05 tok/s=41,067 eta=7948.424704012646
step=5140 tokens=673710080/1000000000 loss=3.5191 lr=9.74e-05 tok/s=40,985 eta=7961.29881952935
step=5141 tokens=673841152/1000000000 loss=3.5897 lr=9.73e-05 tok/s=41,033 eta=7948.7807798396225
step=5142 tokens=673972224/1000000000 loss=3.6379 lr=9.73e-05 tok/s=41,050 eta=7942.252268046036
step=5143 tokens=674103296/1000000000 loss=3.5399 lr=9.72e-05 tok/s=41,263 eta=7897.956328830478
step=5144 tokens=674234368/1000000000 loss=3.4941 lr=9.72e-05 tok/s=41,171 eta=7912.4871421719445
step=5145 tokens=674365440/1000000000 loss=3.5662 lr=9.71e-05 tok/s=40,820 eta=7977.399753859335
step=5146 tokens=674496512/1000000000 loss=3.4499 lr=9.71e-05 tok/s=40,976 eta=7943.759682295015
step=5147 tokens=674627584/1000000000 loss=3.4899 lr=9.7e-05 tok/s=41,215 eta=7894.488011957168
step=5148 tokens=674758656/1000000000 loss=3.5180 lr=9.7e-05 tok/s=41,229 eta=7888.592344353419
step=5149 tokens=674889728/1000000000 loss=3.5573 lr=9.69e-05 tok/s=41,211 eta=7888.967965884027
step=5150 tokens=675020800/1000000000 loss=3.4858 lr=9.69e-05 tok/s=41,090 eta=7909.039111500879
step=5151 tokens=675151872/1000000000 loss=3.3121 lr=9.68e-05 tok/s=41,088 eta=7906.083097597629
step=5152 tokens=675282944/1000000000 loss=3.4655 lr=9.68e-05 tok/s=41,137 eta=7893.5298401057535
step=5153 tokens=675414016/1000000000 loss=3.4584 lr=9.67e-05 tok/s=41,130 eta=7891.79176372191
step=5154 tokens=675545088/1000000000 loss=3.5190 lr=9.67e-05 tok/s=40,909 eta=7931.138809307514
step=5155 tokens=675676160/1000000000 loss=3.5300 lr=9.66e-05 tok/s=40,749 eta=7958.982114137903
step=5156 tokens=675807232/1000000000 loss=3.5836 lr=9.66e-05 tok/s=40,823 eta=7941.487652243955
step=5157 tokens=675938304/1000000000 loss=3.4487 lr=9.65e-05 tok/s=40,865 eta=7929.970277401737
step=5158 tokens=676069376/1000000000 loss=3.5385 lr=9.65e-05 tok/s=40,826 eta=7934.4240695237195
step=5159 tokens=676200448/1000000000 loss=3.4869 lr=9.64e-05 tok/s=41,163 eta=7866.278962819777
step=5160 tokens=676331520/1000000000 loss=3.3742 lr=9.64e-05 tok/s=40,968 eta=7900.5901482265745
step=5161 tokens=676462592/1000000000 loss=3.3615 lr=9.63e-05 tok/s=41,098 eta=7872.341671733499
step=5162 tokens=676593664/1000000000 loss=3.3838 lr=9.63e-05 tok/s=41,113 eta=7866.190227355981
step=5163 tokens=676724736/1000000000 loss=3.3889 lr=9.62e-05 tok/s=41,066 eta=7872.15357601224
step=5164 tokens=676855808/1000000000 loss=3.3695 lr=9.62e-05 tok/s=40,929 eta=7895.327296607058
step=5165 tokens=676986880/1000000000 loss=3.4540 lr=9.61e-05 tok/s=41,093 eta=7860.611487633528
step=5166 tokens=677117952/1000000000 loss=3.4416 lr=9.61e-05 tok/s=41,102 eta=7855.581001727163
step=5167 tokens=677249024/1000000000 loss=3.4273 lr=9.6e-05 tok/s=40,986 eta=7874.707209236029
step=5168 tokens=677380096/1000000000 loss=3.3518 lr=9.6e-05 tok/s=41,038 eta=7861.57107293778
step=5169 tokens=677511168/1000000000 loss=3.5389 lr=9.59e-05 tok/s=41,119 eta=7842.845392839323
step=5170 tokens=677642240/1000000000 loss=3.5014 lr=9.59e-05 tok/s=41,050 eta=7852.778563859372
step=5171 tokens=677773312/1000000000 loss=3.3674 lr=9.58e-05 tok/s=41,115 eta=7837.284031207322
step=5172 tokens=677904384/1000000000 loss=3.3871 lr=9.58e-05 tok/s=41,193 eta=7819.253584146158
step=5173 tokens=678035456/1000000000 loss=3.3209 lr=9.57e-05 tok/s=41,054 eta=7842.380203613648
step=5174 tokens=678166528/1000000000 loss=3.4948 lr=9.57e-05 tok/s=40,679 eta=7911.508534502273
step=5175 tokens=678297600/1000000000 loss=3.2858 lr=9.56e-05 tok/s=40,788 eta=7887.2717539166315
step=5176 tokens=678428672/1000000000 loss=3.5287 lr=9.56e-05 tok/s=41,024 eta=7838.640186478869
step=5177 tokens=678559744/1000000000 loss=3.3063 lr=9.56e-05 tok/s=40,851 eta=7868.56528125825
step=5178 tokens=678690816/1000000000 loss=3.1742 lr=9.55e-05 tok/s=40,816 eta=7872.109776111056
step=5179 tokens=678821888/1000000000 loss=3.2803 lr=9.55e-05 tok/s=40,958 eta=7841.587753120083
step=5180 tokens=678952960/1000000000 loss=3.3708 lr=9.54e-05 tok/s=40,851 eta=7858.960866423495
step=5181 tokens=679084032/1000000000 loss=3.2468 lr=9.54e-05 tok/s=41,000 eta=7827.241935659591
step=5182 tokens=679215104/1000000000 loss=3.4678 lr=9.53e-05 tok/s=41,085 eta=7807.771741910311
step=5183 tokens=679346176/1000000000 loss=3.3714 lr=9.53e-05 tok/s=41,096 eta=7802.593470431448
step=5184 tokens=679477248/1000000000 loss=3.2522 lr=9.52e-05 tok/s=41,166 eta=7786.070010235168
step=5185 tokens=679608320/1000000000 loss=3.3210 lr=9.52e-05 tok/s=40,888 eta=7835.742842409529
step=5186 tokens=679739392/1000000000 loss=3.2562 lr=9.51e-05 tok/s=40,862 eta=7837.607941854134
step=5187 tokens=679870464/1000000000 loss=3.3229 lr=9.51e-05 tok/s=41,304 eta=7750.570333740085
step=5188 tokens=680001536/1000000000 loss=3.3681 lr=9.5e-05 tok/s=29,752 eta=10755.706846449597
step=5189 tokens=680132608/1000000000 loss=3.2229 lr=9.5e-05 tok/s=41,182 eta=7767.164337495225
step=5190 tokens=680263680/1000000000 loss=3.3743 lr=9.49e-05 tok/s=41,216 eta=7757.546845801715
step=5191 tokens=680394752/1000000000 loss=3.3379 lr=9.49e-05 tok/s=41,133 eta=7769.999096235134
step=5192 tokens=680525824/1000000000 loss=3.5128 lr=9.48e-05 tok/s=41,103 eta=7772.615230092721
step=5193 tokens=680656896/1000000000 loss=3.3070 lr=9.48e-05 tok/s=41,156 eta=7759.373046771906
step=5194 tokens=680787968/1000000000 loss=3.3692 lr=9.47e-05 tok/s=40,842 eta=7815.791399645244
step=5195 tokens=680919040/1000000000 loss=3.3363 lr=9.47e-05 tok/s=40,916 eta=7798.478569491034
step=5196 tokens=681050112/1000000000 loss=3.2589 lr=9.46e-05 tok/s=41,156 eta=7749.7654952586345
step=5197 tokens=681181184/1000000000 loss=3.2478 lr=9.46e-05 tok/s=40,833 eta=7807.837969518606
step=5198 tokens=681312256/1000000000 loss=3.5003 lr=9.45e-05 tok/s=40,917 eta=7788.601243073639
step=5199 tokens=681443328/1000000000 loss=3.2948 lr=9.45e-05 tok/s=41,031 eta=7763.881642094038
step=5200 tokens=681574400/1000000000 loss=3.3273 lr=9.44e-05 tok/s=40,829 eta=7798.9871647168075
step=5201 tokens=681705472/1000000000 loss=3.3955 lr=9.44e-05 tok/s=40,841 eta=7793.457601357207
step=5202 tokens=681836544/1000000000 loss=3.2472 lr=9.43e-05 tok/s=40,874 eta=7784.065997201446
step=5203 tokens=681967616/1000000000 loss=2.7744 lr=9.43e-05 tok/s=41,156 eta=7727.53247192293
step=5204 tokens=682098688/1000000000 loss=2.4542 lr=9.42e-05 tok/s=41,069 eta=7740.658615821857
step=5205 tokens=682229760/1000000000 loss=2.4698 lr=9.42e-05 tok/s=40,725 eta=7802.752300225189
step=5206 tokens=682360832/1000000000 loss=2.4388 lr=9.41e-05 tok/s=40,927 eta=7761.041819172184
step=5207 tokens=682491904/1000000000 loss=2.4245 lr=9.41e-05 tok/s=40,935 eta=7756.375302500065
step=5208 tokens=682622976/1000000000 loss=2.3799 lr=9.4e-05 tok/s=40,922 eta=7755.6543298782635
step=5209 tokens=682754048/1000000000 loss=2.4205 lr=9.4e-05 tok/s=40,831 eta=7769.717379739809
step=5210 tokens=682885120/1000000000 loss=2.4533 lr=9.4e-05 tok/s=41,068 eta=7721.777125262392
step=5211 tokens=683016192/1000000000 loss=2.3892 lr=9.39e-05 tok/s=40,991 eta=7733.0708392716115
step=5212 tokens=683147264/1000000000 loss=2.3891 lr=9.39e-05 tok/s=41,102 eta=7708.937918204995
step=5213 tokens=683278336/1000000000 loss=2.4058 lr=9.38e-05 tok/s=41,194 eta=7688.584675376449
step=5214 tokens=683409408/1000000000 loss=2.3803 lr=9.38e-05 tok/s=41,146 eta=7694.259670080332
step=5215 tokens=683540480/1000000000 loss=2.3936 lr=9.37e-05 tok/s=41,167 eta=7687.267245700321
step=5216 tokens=683671552/1000000000 loss=2.3360 lr=9.37e-05 tok/s=41,089 eta=7698.645587021938
step=5217 tokens=683802624/1000000000 loss=2.3403 lr=9.36e-05 tok/s=41,056 eta=7701.7005629909
step=5218 tokens=683933696/1000000000 loss=2.3222 lr=9.36e-05 tok/s=41,053 eta=7698.916180594793
step=5219 tokens=684064768/1000000000 loss=2.3376 lr=9.35e-05 tok/s=41,045 eta=7697.380620152616
step=5220 tokens=684195840/1000000000 loss=2.3583 lr=9.35e-05 tok/s=41,026 eta=7697.70464073284
step=5221 tokens=684326912/1000000000 loss=2.3298 lr=9.34e-05 tok/s=41,036 eta=7692.556352311698
step=5222 tokens=684457984/1000000000 loss=2.3742 lr=9.34e-05 tok/s=41,164 eta=7665.44588459117
step=5223 tokens=684589056/1000000000 loss=2.3105 lr=9.33e-05 tok/s=41,078 eta=7678.273853146172
step=5224 tokens=684720128/1000000000 loss=2.3207 lr=9.33e-05 tok/s=41,107 eta=7669.695264273529
step=5225 tokens=684851200/1000000000 loss=2.3297 lr=9.32e-05 tok/s=41,127 eta=7662.7554077787
step=5226 tokens=684982272/1000000000 loss=2.3165 lr=9.32e-05 tok/s=41,126 eta=7659.777310000298
step=5227 tokens=685113344/1000000000 loss=2.3348 lr=9.31e-05 tok/s=40,977 eta=7684.499713965933
step=5228 tokens=685244416/1000000000 loss=2.3246 lr=9.31e-05 tok/s=41,257 eta=7629.116431557994
step=5229 tokens=685375488/1000000000 loss=2.3254 lr=9.3e-05 tok/s=41,143 eta=7647.03663780006
step=5230 tokens=685506560/1000000000 loss=2.3114 lr=9.3e-05 tok/s=41,039 eta=7663.212676062759
step=5231 tokens=685637632/1000000000 loss=2.3518 lr=9.29e-05 tok/s=41,357 eta=7601.185400541814
step=5232 tokens=685768704/1000000000 loss=2.3597 lr=9.29e-05 tok/s=41,165 eta=7633.489237575322
step=5233 tokens=685899776/1000000000 loss=2.3201 lr=9.28e-05 tok/s=41,139 eta=7635.069355681594
step=5234 tokens=686030848/1000000000 loss=2.3306 lr=9.28e-05 tok/s=41,102 eta=7638.837959145518
step=5235 tokens=686161920/1000000000 loss=2.9792 lr=9.28e-05 tok/s=41,216 eta=7614.422247247476
step=5236 tokens=686292992/1000000000 loss=3.9169 lr=9.27e-05 tok/s=41,322 eta=7591.799903529807
step=5237 tokens=686424064/1000000000 loss=3.5629 lr=9.27e-05 tok/s=41,317 eta=7589.455354629068
step=5238 tokens=686555136/1000000000 loss=3.4650 lr=9.26e-05 tok/s=41,261 eta=7596.57543045292
step=5239 tokens=686686208/1000000000 loss=3.4808 lr=9.26e-05 tok/s=41,082 eta=7626.508224497002
step=5240 tokens=686817280/1000000000 loss=3.4043 lr=9.25e-05 tok/s=40,949 eta=7648.088928762858
step=5241 tokens=686948352/1000000000 loss=3.4642 lr=9.25e-05 tok/s=41,087 eta=7619.195991727409
step=5242 tokens=687079424/1000000000 loss=3.5913 lr=9.24e-05 tok/s=41,200 eta=7595.195966175896
checkpoint saved: runs/20260905-135527/checkpoints/step_000005242 (time)
step=5243 tokens=687210496/1000000000 loss=3.4976 lr=9.24e-05 tok/s=36,020 eta=8683.765958572107
step=5244 tokens=687341568/1000000000 loss=3.5145 lr=9.23e-05 tok/s=41,132 eta=7601.395141397243
step=5245 tokens=687472640/1000000000 loss=3.5322 lr=9.23e-05 tok/s=41,051 eta=7613.22448521697
step=5246 tokens=687603712/1000000000 loss=3.4888 lr=9.22e-05 tok/s=41,214 eta=7579.874803949034
step=5247 tokens=687734784/1000000000 loss=3.4169 lr=9.22e-05 tok/s=41,046 eta=7607.599538407093
step=5248 tokens=687865856/1000000000 loss=3.5014 lr=9.21e-05 tok/s=41,110 eta=7592.595404546378
step=5249 tokens=687996928/1000000000 loss=3.4779 lr=9.21e-05 tok/s=41,109 eta=7589.652330000667
step=5250 tokens=688128000/1000000000 loss=3.4235 lr=9.2e-05 tok/s=40,942 eta=7617.429312349387
step=5251 tokens=688259072/1000000000 loss=3.5929 lr=9.2e-05 tok/s=41,135 eta=7578.478950740165
step=5252 tokens=688390144/1000000000 loss=3.5249 lr=9.19e-05 tok/s=41,282 eta=7548.385400644884
step=5253 tokens=688521216/1000000000 loss=3.5050 lr=9.19e-05 tok/s=41,279 eta=7545.670102418283
step=5254 tokens=688652288/1000000000 loss=3.5686 lr=9.18e-05 tok/s=41,170 eta=7562.425846968042
step=5255 tokens=688783360/1000000000 loss=3.3375 lr=9.18e-05 tok/s=40,753 eta=7636.6518888612445
step=5256 tokens=688914432/1000000000 loss=3.5077 lr=9.17e-05 tok/s=41,160 eta=7557.876544946629
step=5257 tokens=689045504/1000000000 loss=3.3391 lr=9.17e-05 tok/s=40,991 eta=7585.891166325052
step=5258 tokens=689176576/1000000000 loss=3.4849 lr=9.17e-05 tok/s=41,068 eta=7568.458686798579
step=5259 tokens=689307648/1000000000 loss=3.4661 lr=9.16e-05 tok/s=41,362 eta=7511.462707772943
step=5260 tokens=689438720/1000000000 loss=3.4593 lr=9.16e-05 tok/s=41,339 eta=7512.477588308518
step=5261 tokens=689569792/1000000000 loss=3.4248 lr=9.15e-05 tok/s=41,168 eta=7540.5915582938715
step=5262 tokens=689700864/1000000000 loss=3.2460 lr=9.15e-05 tok/s=41,214 eta=7528.960020315106
step=5263 tokens=689831936/1000000000 loss=3.4968 lr=9.14e-05 tok/s=41,253 eta=7518.725118569144
step=5264 tokens=689963008/1000000000 loss=3.4691 lr=9.14e-05 tok/s=41,217 eta=7522.047694744336
step=5265 tokens=690094080/1000000000 loss=3.4570 lr=9.13e-05 tok/s=29,890 eta=10368.283958790285
step=5266 tokens=690225152/1000000000 loss=3.3076 lr=9.13e-05 tok/s=41,220 eta=7515.204918709861
step=5267 tokens=690356224/1000000000 loss=3.1775 lr=9.12e-05 tok/s=41,146 eta=7525.438417177051
step=5268 tokens=690487296/1000000000 loss=2.9871 lr=9.12e-05 tok/s=41,097 eta=7531.339810165037
step=5269 tokens=690618368/1000000000 loss=2.9445 lr=9.11e-05 tok/s=41,171 eta=7514.5740025885625
step=5270 tokens=690749440/1000000000 loss=2.9106 lr=9.11e-05 tok/s=41,072 eta=7529.3869487474085
step=5271 tokens=690880512/1000000000 loss=2.9000 lr=9.1e-05 tok/s=41,034 eta=7533.169541087942
step=5272 tokens=691011584/1000000000 loss=2.8526 lr=9.1e-05 tok/s=41,133 eta=7511.910687055064
step=5273 tokens=691142656/1000000000 loss=2.8641 lr=9.09e-05 tok/s=40,966 eta=7539.319625095659
step=5274 tokens=691273728/1000000000 loss=2.8262 lr=9.09e-05 tok/s=41,227 eta=7488.424202299669
step=5275 tokens=691404800/1000000000 loss=2.8621 lr=9.08e-05 tok/s=40,826 eta=7558.835940721074
step=5276 tokens=691535872/1000000000 loss=2.8445 lr=9.08e-05 tok/s=40,979 eta=7527.301894111529
step=5277 tokens=691666944/1000000000 loss=2.8125 lr=9.07e-05 tok/s=40,933 eta=7532.536487365685
step=5278 tokens=691798016/1000000000 loss=2.8368 lr=9.07e-05 tok/s=41,006 eta=7516.096252390468
step=5279 tokens=691929088/1000000000 loss=2.7932 lr=9.07e-05 tok/s=40,823 eta=7546.575623887523
step=5280 tokens=692060160/1000000000 loss=2.8525 lr=9.06e-05 tok/s=41,209 eta=7472.64476612399
step=5281 tokens=692191232/1000000000 loss=2.8282 lr=9.06e-05 tok/s=41,191 eta=7472.738969196303
step=5282 tokens=692322304/1000000000 loss=2.8098 lr=9.05e-05 tok/s=41,273 eta=7454.753374961239
step=5283 tokens=692453376/1000000000 loss=2.8215 lr=9.05e-05 tok/s=40,860 eta=7526.9231367353805
step=5284 tokens=692584448/1000000000 loss=2.7947 lr=9.04e-05 tok/s=41,207 eta=7460.334394414748
step=5285 tokens=692715520/1000000000 loss=2.7810 lr=9.04e-05 tok/s=41,222 eta=7454.316807153692
step=5286 tokens=692846592/1000000000 loss=2.8079 lr=9.03e-05 tok/s=41,210 eta=7453.285859586036
step=5287 tokens=692977664/1000000000 loss=2.8093 lr=9.03e-05 tok/s=41,210 eta=7450.272070706969
step=5288 tokens=693108736/1000000000 loss=2.8389 lr=9.02e-05 tok/s=41,157 eta=7456.522133730842
step=5289 tokens=693239808/1000000000 loss=2.8059 lr=9.02e-05 tok/s=41,084 eta=7466.73880046664
step=5290 tokens=693370880/1000000000 loss=2.8033 lr=9.01e-05 tok/s=41,216 eta=7439.527420717939
step=5291 tokens=693501952/1000000000 loss=2.8012 lr=9.01e-05 tok/s=41,107 eta=7456.074644978847
step=5292 tokens=693633024/1000000000 loss=2.7751 lr=9e-05 tok/s=41,147 eta=7445.640334187402
step=5293 tokens=693764096/1000000000 loss=2.7933 lr=9e-05 tok/s=40,925 eta=7482.772823589587
step=5294 tokens=693895168/1000000000 loss=2.7958 lr=8.99e-05 tok/s=41,076 eta=7452.209200901136
step=5295 tokens=694026240/1000000000 loss=2.7812 lr=8.99e-05 tok/s=41,075 eta=7449.176464374262
step=5296 tokens=694157312/1000000000 loss=2.7544 lr=8.99e-05 tok/s=41,207 eta=7422.053902464753
step=5297 tokens=694288384/1000000000 loss=2.8117 lr=8.98e-05 tok/s=41,195 eta=7420.998973630659
step=5298 tokens=694419456/1000000000 loss=2.7497 lr=8.98e-05 tok/s=40,665 eta=7514.613425439404
step=5299 tokens=694550528/1000000000 loss=3.0622 lr=8.97e-05 tok/s=40,991 eta=7451.70984565369
step=5300 tokens=694681600/1000000000 loss=3.5886 lr=8.97e-05 tok/s=40,906 eta=7463.931026493036
step=5301 tokens=694812672/1000000000 loss=3.6571 lr=8.96e-05 tok/s=41,069 eta=7431.025894139586
step=5302 tokens=694943744/1000000000 loss=3.6775 lr=8.96e-05 tok/s=41,137 eta=7415.535076077189
step=5303 tokens=695074816/1000000000 loss=3.4616 lr=8.95e-05 tok/s=41,074 eta=7423.775008724572
step=5304 tokens=695205888/1000000000 loss=3.5498 lr=8.95e-05 tok/s=41,292 eta=7381.47738793204
step=5305 tokens=695336960/1000000000 loss=3.5152 lr=8.94e-05 tok/s=41,073 eta=7417.680818764382
step=5306 tokens=695468032/1000000000 loss=3.6310 lr=8.94e-05 tok/s=40,871 eta=7451.11001885101
step=5307 tokens=695599104/1000000000 loss=3.6210 lr=8.93e-05 tok/s=41,120 eta=7402.8232601664
step=5308 tokens=695730176/1000000000 loss=3.7075 lr=8.93e-05 tok/s=41,098 eta=7403.442080289733
step=5309 tokens=695861248/1000000000 loss=3.7654 lr=8.92e-05 tok/s=41,198 eta=7382.3976754818095
step=5310 tokens=695992320/1000000000 loss=4.0786 lr=8.92e-05 tok/s=40,889 eta=7435.009128320731
step=5311 tokens=696123392/1000000000 loss=3.4786 lr=8.91e-05 tok/s=41,263 eta=7364.4284928539655
step=5312 tokens=696254464/1000000000 loss=3.6378 lr=8.91e-05 tok/s=41,156 eta=7380.264036677778
step=5313 tokens=696385536/1000000000 loss=3.5022 lr=8.91e-05 tok/s=41,199 eta=7369.456068981891
step=5314 tokens=696516608/1000000000 loss=3.4352 lr=8.9e-05 tok/s=41,041 eta=7394.639871265051
step=5315 tokens=696647680/1000000000 loss=3.5746 lr=8.9e-05 tok/s=41,158 eta=7370.381109200349
step=5316 tokens=696778752/1000000000 loss=3.4840 lr=8.89e-05 tok/s=41,376 eta=7328.503698077227
step=5317 tokens=696909824/1000000000 loss=3.5419 lr=8.89e-05 tok/s=41,072 eta=7379.56414717388
step=5318 tokens=697040896/1000000000 loss=3.5474 lr=8.88e-05 tok/s=41,274 eta=7340.248846467192
step=5319 tokens=697171968/1000000000 loss=3.5362 lr=8.88e-05 tok/s=40,893 eta=7405.431837776281
step=5320 tokens=697303040/1000000000 loss=3.4341 lr=8.87e-05 tok/s=41,415 eta=7308.884277707962
step=5321 tokens=697434112/1000000000 loss=3.6397 lr=8.87e-05 tok/s=41,177 eta=7347.925918422083
step=5322 tokens=697565184/1000000000 loss=3.6033 lr=8.86e-05 tok/s=41,271 eta=7328.000935582823
step=5323 tokens=697696256/1000000000 loss=3.5998 lr=8.86e-05 tok/s=41,323 eta=7315.57093668299
step=5324 tokens=697827328/1000000000 loss=3.4942 lr=8.85e-05 tok/s=40,957 eta=7377.858308451709
step=5325 tokens=697958400/1000000000 loss=3.6158 lr=8.85e-05 tok/s=40,748 eta=7412.431745102587
step=5326 tokens=698089472/1000000000 loss=3.5673 lr=8.84e-05 tok/s=41,075 eta=7350.200189592045
step=5327 tokens=698220544/1000000000 loss=3.6277 lr=8.84e-05 tok/s=40,912 eta=7376.293939938383
step=5328 tokens=698351616/1000000000 loss=3.5539 lr=8.84e-05 tok/s=40,949 eta=7366.431340725844
step=5329 tokens=698482688/1000000000 loss=3.4941 lr=8.83e-05 tok/s=41,126 eta=7331.63436160509
step=5330 tokens=698613760/1000000000 loss=3.5819 lr=8.83e-05 tok/s=41,074 eta=7337.633950082892
step=5331 tokens=698744832/1000000000 loss=3.5083 lr=8.82e-05 tok/s=40,710 eta=7400.006781633389
step=5332 tokens=698875904/1000000000 loss=3.5709 lr=8.82e-05 tok/s=40,876 eta=7366.785802505529
step=5333 tokens=699006976/1000000000 loss=3.3934 lr=8.81e-05 tok/s=41,065 eta=7329.6741370713125
step=5334 tokens=699138048/1000000000 loss=3.4679 lr=8.81e-05 tok/s=41,100 eta=7320.180870863876
step=5335 tokens=699269120/1000000000 loss=3.4161 lr=8.8e-05 tok/s=40,902 eta=7352.446250509593
step=5336 tokens=699400192/1000000000 loss=3.3966 lr=8.8e-05 tok/s=40,963 eta=7338.4132997116985
step=5337 tokens=699531264/1000000000 loss=3.3777 lr=8.79e-05 tok/s=40,702 eta=7382.102513838646
step=5338 tokens=699662336/1000000000 loss=3.4714 lr=8.79e-05 tok/s=40,361 eta=7441.2210300597835
step=5339 tokens=699793408/1000000000 loss=3.5290 lr=8.78e-05 tok/s=41,052 eta=7312.8079254521635
step=5340 tokens=699924480/1000000000 loss=3.5468 lr=8.78e-05 tok/s=41,013 eta=7316.647767931964
step=5341 tokens=700055552/1000000000 loss=3.3722 lr=8.77e-05 tok/s=29,802 eta=10064.502571295901
checkpoint saved: runs/20260905-135527/checkpoints/tokens_000700m (permanent_tokens)
step=5342 tokens=700186624/1000000000 loss=3.5869 lr=8.77e-05 tok/s=36,002 eta=8327.733441786042
step=5343 tokens=700317696/1000000000 loss=3.5038 lr=8.77e-05 tok/s=41,020 eta=7305.684758550912
step=5344 tokens=700448768/1000000000 loss=3.4615 lr=8.76e-05 tok/s=40,696 eta=7360.703076217056
step=5345 tokens=700579840/1000000000 loss=3.4135 lr=8.76e-05 tok/s=40,710 eta=7355.020453468996
step=5346 tokens=700710912/1000000000 loss=3.4162 lr=8.75e-05 tok/s=40,970 eta=7305.035996739911
step=5347 tokens=700841984/1000000000 loss=3.5284 lr=8.75e-05 tok/s=40,745 eta=7342.204814862936
step=5348 tokens=700973056/1000000000 loss=3.3999 lr=8.74e-05 tok/s=41,034 eta=7287.271025095694
step=5349 tokens=701104128/1000000000 loss=3.3282 lr=8.74e-05 tok/s=41,020 eta=7286.5858227827885
step=5350 tokens=701235200/1000000000 loss=3.4767 lr=8.73e-05 tok/s=41,195 eta=7252.451624030222
step=5351 tokens=701366272/1000000000 loss=3.4854 lr=8.73e-05 tok/s=41,145 eta=7258.067699209378
step=5352 tokens=701497344/1000000000 loss=3.4252 lr=8.72e-05 tok/s=41,198 eta=7245.498277926025
step=5353 tokens=701628416/1000000000 loss=3.4188 lr=8.72e-05 tok/s=41,183 eta=7245.0445592591
step=5354 tokens=701759488/1000000000 loss=3.3955 lr=8.71e-05 tok/s=41,122 eta=7252.665805733084
step=5355 tokens=701890560/1000000000 loss=3.3922 lr=8.71e-05 tok/s=41,216 eta=7232.789905840114
step=5356 tokens=702021632/1000000000 loss=3.4589 lr=8.7e-05 tok/s=40,840 eta=7296.172175006231
step=5357 tokens=702152704/1000000000 loss=3.3807 lr=8.7e-05 tok/s=41,120 eta=7243.452414810841
step=5358 tokens=702283776/1000000000 loss=3.3676 lr=8.7e-05 tok/s=40,943 eta=7271.40206159048
step=5359 tokens=702414848/1000000000 loss=3.5146 lr=8.69e-05 tok/s=40,942 eta=7268.408883111593
step=5360 tokens=702545920/1000000000 loss=3.5639 lr=8.69e-05 tok/s=41,170 eta=7225.041640063747
step=5361 tokens=702676992/1000000000 loss=3.3739 lr=8.68e-05 tok/s=41,216 eta=7213.821398836624
step=5362 tokens=702808064/1000000000 loss=3.4482 lr=8.68e-05 tok/s=41,094 eta=7232.061303699594
step=5363 tokens=702939136/1000000000 loss=3.8776 lr=8.67e-05 tok/s=41,056 eta=7235.539839688566
step=5364 tokens=703070208/1000000000 loss=4.1316 lr=8.67e-05 tok/s=41,151 eta=7215.670344126533
step=5365 tokens=703201280/1000000000 loss=4.5909 lr=8.66e-05 tok/s=41,012 eta=7236.825022523079
step=5366 tokens=703332352/1000000000 loss=4.3500 lr=8.66e-05 tok/s=41,128 eta=7213.31153951669
step=5367 tokens=703463424/1000000000 loss=4.2404 lr=8.65e-05 tok/s=41,018 eta=7229.45664598284
step=5368 tokens=703594496/1000000000 loss=4.2744 lr=8.65e-05 tok/s=41,115 eta=7209.215169843035
step=5369 tokens=703725568/1000000000 loss=4.3735 lr=8.64e-05 tok/s=41,060 eta=7215.656619285064
step=5370 tokens=703856640/1000000000 loss=4.5042 lr=8.64e-05 tok/s=41,145 eta=7197.485971262036
step=5371 tokens=703987712/1000000000 loss=4.5523 lr=8.64e-05 tok/s=41,153 eta=7192.888888399455
step=5372 tokens=704118784/1000000000 loss=4.1703 lr=8.63e-05 tok/s=41,093 eta=7200.3135866288985
step=5373 tokens=704249856/1000000000 loss=4.1886 lr=8.63e-05 tok/s=40,763 eta=7255.291914900143
step=5374 tokens=704380928/1000000000 loss=4.4645 lr=8.62e-05 tok/s=40,952 eta=7218.617362858722
step=5375 tokens=704512000/1000000000 loss=4.3108 lr=8.62e-05 tok/s=41,030 eta=7201.812534925771
step=5376 tokens=704643072/1000000000 loss=4.4506 lr=8.61e-05 tok/s=41,060 eta=7193.33617871919
step=5377 tokens=704774144/1000000000 loss=4.4906 lr=8.61e-05 tok/s=40,771 eta=7241.153568258118
step=5378 tokens=704905216/1000000000 loss=4.4878 lr=8.6e-05 tok/s=40,902 eta=7214.75038690511
step=5379 tokens=705036288/1000000000 loss=4.4616 lr=8.6e-05 tok/s=41,115 eta=7174.094686282952
step=5380 tokens=705167360/1000000000 loss=4.3518 lr=8.59e-05 tok/s=41,097 eta=7174.101407328937
step=5381 tokens=705298432/1000000000 loss=4.2415 lr=8.59e-05 tok/s=41,176 eta=7157.08978440045
step=5382 tokens=705429504/1000000000 loss=4.2416 lr=8.58e-05 tok/s=41,200 eta=7149.770050127028
step=5383 tokens=705560576/1000000000 loss=4.3489 lr=8.58e-05 tok/s=41,008 eta=7180.015542141014
step=5384 tokens=705691648/1000000000 loss=4.4055 lr=8.58e-05 tok/s=41,395 eta=7109.82738395081
step=5385 tokens=705822720/1000000000 loss=4.1616 lr=8.57e-05 tok/s=41,087 eta=7159.937375421108
step=5386 tokens=705953792/1000000000 loss=4.5365 lr=8.57e-05 tok/s=40,901 eta=7189.287215635738
step=5387 tokens=706084864/1000000000 loss=4.3221 lr=8.56e-05 tok/s=41,203 eta=7133.380839297834
step=5388 tokens=706215936/1000000000 loss=4.2168 lr=8.56e-05 tok/s=41,104 eta=7147.345226684152
step=5389 tokens=706347008/1000000000 loss=4.2608 lr=8.55e-05 tok/s=41,248 eta=7119.192874775574
step=5390 tokens=706478080/1000000000 loss=4.4959 lr=8.55e-05 tok/s=41,289 eta=7108.916763724999
step=5391 tokens=706609152/1000000000 loss=4.1624 lr=8.54e-05 tok/s=41,222 eta=7117.315115329138
step=5392 tokens=706740224/1000000000 loss=4.1847 lr=8.54e-05 tok/s=41,245 eta=7110.196980217003
step=5393 tokens=706871296/1000000000 loss=4.3598 lr=8.53e-05 tok/s=41,024 eta=7145.261153467915
step=5394 tokens=707002368/1000000000 loss=4.2790 lr=8.53e-05 tok/s=41,040 eta=7139.381582946243
step=5395 tokens=707133440/1000000000 loss=3.9527 lr=8.53e-05 tok/s=41,063 eta=7132.135675606569
step=5396 tokens=707264512/1000000000 loss=3.5805 lr=8.52e-05 tok/s=40,937 eta=7150.838393407278
step=5397 tokens=707395584/1000000000 loss=3.5372 lr=8.52e-05 tok/s=41,117 eta=7116.376222935664
step=5398 tokens=707526656/1000000000 loss=3.5261 lr=8.51e-05 tok/s=41,293 eta=7082.852748702759
step=5399 tokens=707657728/1000000000 loss=3.5515 lr=8.51e-05 tok/s=41,030 eta=7125.0578212899145
step=5400 tokens=707788800/1000000000 loss=3.3877 lr=8.5e-05 tok/s=41,094 eta=7110.7670036415975
step=5401 tokens=707919872/1000000000 loss=3.5146 lr=8.5e-05 tok/s=41,106 eta=7105.465340441814
step=5402 tokens=708050944/1000000000 loss=3.4873 lr=8.49e-05 tok/s=40,976 eta=7124.850534694216
step=5403 tokens=708182016/1000000000 loss=3.3605 lr=8.49e-05 tok/s=41,096 eta=7100.852741500586
step=5404 tokens=708313088/1000000000 loss=3.4874 lr=8.48e-05 tok/s=41,121 eta=7093.403084054753
step=5405 tokens=708444160/1000000000 loss=3.3374 lr=8.48e-05 tok/s=41,169 eta=7081.896200575154
step=5406 tokens=708575232/1000000000 loss=3.3865 lr=8.48e-05 tok/s=41,089 eta=7092.587139512815
step=5407 tokens=708706304/1000000000 loss=3.6226 lr=8.47e-05 tok/s=40,787 eta=7141.876549246133
step=5408 tokens=708837376/1000000000 loss=3.4904 lr=8.47e-05 tok/s=41,066 eta=7090.104613474053
step=5409 tokens=708968448/1000000000 loss=3.4316 lr=8.46e-05 tok/s=41,080 eta=7084.43112267006
step=5410 tokens=709099520/1000000000 loss=3.4909 lr=8.46e-05 tok/s=41,042 eta=7087.834813903633
step=5411 tokens=709230592/1000000000 loss=3.3568 lr=8.45e-05 tok/s=40,782 eta=7129.933941628614
step=5412 tokens=709361664/1000000000 loss=3.5636 lr=8.45e-05 tok/s=41,143 eta=7064.1368817349585
step=5413 tokens=709492736/1000000000 loss=3.4789 lr=8.44e-05 tok/s=41,160 eta=7057.976604600376
step=5414 tokens=709623808/1000000000 loss=3.4773 lr=8.44e-05 tok/s=41,184 eta=7050.741729425111
step=5415 tokens=709754880/1000000000 loss=3.4646 lr=8.43e-05 tok/s=40,562 eta=7155.564815403485
step=5416 tokens=709885952/1000000000 loss=3.4019 lr=8.43e-05 tok/s=40,701 eta=7127.900264580547
step=5417 tokens=710017024/1000000000 loss=3.6079 lr=8.42e-05 tok/s=29,177 eta=9938.804337828924
step=5418 tokens=710148096/1000000000 loss=3.4817 lr=8.42e-05 tok/s=40,765 eta=7110.2959384970145
step=5419 tokens=710279168/1000000000 loss=3.4610 lr=8.42e-05 tok/s=40,631 eta=7130.5402236061445
step=5420 tokens=710410240/1000000000 loss=3.5387 lr=8.41e-05 tok/s=40,687 eta=7117.545866072782
step=5421 tokens=710541312/1000000000 loss=3.3916 lr=8.41e-05 tok/s=40,332 eta=7176.867728577026
step=5422 tokens=710672384/1000000000 loss=3.4335 lr=8.4e-05 tok/s=40,657 eta=7116.352007512328
step=5423 tokens=710803456/1000000000 loss=3.4949 lr=8.4e-05 tok/s=40,606 eta=7121.97133415176
step=5424 tokens=710934528/1000000000 loss=3.4671 lr=8.39e-05 tok/s=40,263 eta=7179.466809494176
step=5425 tokens=711065600/1000000000 loss=3.4269 lr=8.39e-05 tok/s=40,704 eta=7098.455798438887
step=5426 tokens=711196672/1000000000 loss=3.4596 lr=8.38e-05 tok/s=40,664 eta=7102.239367578522
step=5427 tokens=711327744/1000000000 loss=3.9248 lr=8.38e-05 tok/s=40,630 eta=7104.829759745171
step=5428 tokens=711458816/1000000000 loss=4.2932 lr=8.38e-05 tok/s=40,427 eta=7137.33339810396
step=5429 tokens=711589888/1000000000 loss=4.6504 lr=8.37e-05 tok/s=40,604 eta=7102.952477222171
step=5430 tokens=711720960/1000000000 loss=4.3275 lr=8.37e-05 tok/s=40,817 eta=7062.738037297132
step=5431 tokens=711852032/1000000000 loss=4.3133 lr=8.36e-05 tok/s=40,796 eta=7063.08052501867
step=5432 tokens=711983104/1000000000 loss=4.2659 lr=8.36e-05 tok/s=40,657 eta=7084.15250699075
step=5433 tokens=712114176/1000000000 loss=4.2951 lr=8.35e-05 tok/s=40,834 eta=7050.066370581023
step=5434 tokens=712245248/1000000000 loss=4.4229 lr=8.35e-05 tok/s=40,814 eta=7050.397532458405
step=5435 tokens=712376320/1000000000 loss=4.1283 lr=8.34e-05 tok/s=40,952 eta=7023.444226869755
step=5436 tokens=712507392/1000000000 loss=4.2132 lr=8.34e-05 tok/s=40,812 eta=7044.2450734496215
step=5437 tokens=712638464/1000000000 loss=4.1052 lr=8.33e-05 tok/s=40,967 eta=7014.462876537774
step=5438 tokens=712769536/1000000000 loss=4.4059 lr=8.33e-05 tok/s=40,933 eta=7017.106008013229
step=5439 tokens=712900608/1000000000 loss=4.3941 lr=8.33e-05 tok/s=40,650 eta=7062.772688468874
step=5440 tokens=713031680/1000000000 loss=4.2806 lr=8.32e-05 tok/s=40,933 eta=7010.599137814969
step=5441 tokens=713162752/1000000000 loss=4.1350 lr=8.32e-05 tok/s=41,068 eta=6984.481421537231
step=5442 tokens=713293824/1000000000 loss=4.1271 lr=8.31e-05 tok/s=40,927 eta=7005.306253507652
step=5443 tokens=713424896/1000000000 loss=3.9321 lr=8.31e-05 tok/s=41,072 eta=6977.316938356418
step=5444 tokens=713555968/1000000000 loss=4.4279 lr=8.3e-05 tok/s=41,144 eta=6961.916577636925
step=5445 tokens=713687040/1000000000 loss=4.0592 lr=8.3e-05 tok/s=41,227 eta=6944.796482626638
step=5446 tokens=713818112/1000000000 loss=4.3788 lr=8.29e-05 tok/s=41,066 eta=6968.900883499376
step=5447 tokens=713949184/1000000000 loss=4.5636 lr=8.29e-05 tok/s=41,082 eta=6962.96473572412
step=5448 tokens=714080256/1000000000 loss=4.1083 lr=8.28e-05 tok/s=41,042 eta=6966.548394263879
step=5449 tokens=714211328/1000000000 loss=4.2596 lr=8.28e-05 tok/s=40,759 eta=7011.647672827905
step=5450 tokens=714342400/1000000000 loss=4.2319 lr=8.28e-05 tok/s=41,060 eta=6957.041034219388
step=5451 tokens=714473472/1000000000 loss=4.0435 lr=8.27e-05 tok/s=41,104 eta=6946.500518428814
step=5452 tokens=714604544/1000000000 loss=4.1430 lr=8.27e-05 tok/s=41,143 eta=6936.699490360585
step=5453 tokens=714735616/1000000000 loss=4.0954 lr=8.26e-05 tok/s=41,173 eta=6928.387835660285
step=5454 tokens=714866688/1000000000 loss=4.2899 lr=8.26e-05 tok/s=41,142 eta=6930.461887197299
step=5455 tokens=714997760/1000000000 loss=4.3437 lr=8.25e-05 tok/s=41,119 eta=6931.190877955685
step=5456 tokens=715128832/1000000000 loss=4.0757 lr=8.25e-05 tok/s=41,199 eta=6914.525525452596
step=5457 tokens=715259904/1000000000 loss=3.9812 lr=8.24e-05 tok/s=41,191 eta=6912.729210172918
step=5458 tokens=715390976/1000000000 loss=4.2377 lr=8.24e-05 tok/s=41,147 eta=6916.876213903405
step=5459 tokens=715522048/1000000000 loss=3.7784 lr=8.24e-05 tok/s=40,859 eta=6962.4958579912045
step=5460 tokens=715653120/1000000000 loss=3.3970 lr=8.23e-05 tok/s=40,966 eta=6941.017454914113
step=5461 tokens=715784192/1000000000 loss=3.4110 lr=8.23e-05 tok/s=40,751 eta=6974.479104422899
step=5462 tokens=715915264/1000000000 loss=3.3582 lr=8.22e-05 tok/s=41,135 eta=6906.21029590502
step=5463 tokens=716046336/1000000000 loss=3.3595 lr=8.22e-05 tok/s=40,978 eta=6929.340194715333
step=5464 tokens=716177408/1000000000 loss=3.3711 lr=8.21e-05 tok/s=40,806 eta=6955.42880270152
step=5465 tokens=716308480/1000000000 loss=3.3529 lr=8.21e-05 tok/s=40,954 eta=6926.993031626387
step=5466 tokens=716439552/1000000000 loss=3.2991 lr=8.2e-05 tok/s=41,040 eta=6909.299645330456
step=5467 tokens=716570624/1000000000 loss=3.3013 lr=8.2e-05 tok/s=41,007 eta=6911.794636148444
step=5468 tokens=716701696/1000000000 loss=3.3103 lr=8.19e-05 tok/s=41,139 eta=6886.34675685179
step=5469 tokens=716832768/1000000000 loss=3.3137 lr=8.19e-05 tok/s=40,967 eta=6912.018613976663
step=5470 tokens=716963840/1000000000 loss=3.2370 lr=8.19e-05 tok/s=40,906 eta=6919.212040336665
step=5471 tokens=717094912/1000000000 loss=3.2409 lr=8.18e-05 tok/s=40,892 eta=6918.287167145194
step=5472 tokens=717225984/1000000000 loss=3.2942 lr=8.18e-05 tok/s=40,705 eta=6946.891963867898
step=5473 tokens=717357056/1000000000 loss=3.2912 lr=8.17e-05 tok/s=41,044 eta=6886.257831103652
step=5474 tokens=717488128/1000000000 loss=3.3362 lr=8.17e-05 tok/s=40,969 eta=6895.774659182662
step=5475 tokens=717619200/1000000000 loss=3.2843 lr=8.16e-05 tok/s=40,928 eta=6899.378541739338
step=5476 tokens=717750272/1000000000 loss=3.2879 lr=8.16e-05 tok/s=41,022 eta=6880.414989881008
step=5477 tokens=717881344/1000000000 loss=3.2963 lr=8.15e-05 tok/s=40,945 eta=6890.1825687277615
step=5478 tokens=718012416/1000000000 loss=3.2849 lr=8.15e-05 tok/s=40,936 eta=6888.582691609206
step=5479 tokens=718143488/1000000000 loss=3.2639 lr=8.15e-05 tok/s=40,724 eta=6921.172263470238
step=5480 tokens=718274560/1000000000 loss=3.2776 lr=8.14e-05 tok/s=40,876 eta=6892.195613739583
step=5481 tokens=718405632/1000000000 loss=3.2911 lr=8.14e-05 tok/s=40,877 eta=6888.865007259488
step=5482 tokens=718536704/1000000000 loss=3.2673 lr=8.13e-05 tok/s=40,738 eta=6909.063938961176
step=5483 tokens=718667776/1000000000 loss=3.2827 lr=8.13e-05 tok/s=40,833 eta=6889.749127362866
step=5484 tokens=718798848/1000000000 loss=3.2447 lr=8.12e-05 tok/s=40,935 eta=6869.3849978868275
step=5485 tokens=718929920/1000000000 loss=3.3014 lr=8.12e-05 tok/s=40,834 eta=6883.156259257026
step=5486 tokens=719060992/1000000000 loss=3.3082 lr=8.11e-05 tok/s=41,015 eta=6849.681856823665
step=5487 tokens=719192064/1000000000 loss=3.2457 lr=8.11e-05 tok/s=40,799 eta=6882.66697171675
step=5488 tokens=719323136/1000000000 loss=3.2921 lr=8.11e-05 tok/s=41,044 eta=6838.403910838883
step=5489 tokens=719454208/1000000000 loss=3.2298 lr=8.1e-05 tok/s=40,878 eta=6862.931059487897
step=5490 tokens=719585280/1000000000 loss=3.2881 lr=8.1e-05 tok/s=40,866 eta=6861.736493764585
step=5491 tokens=719716352/1000000000 loss=3.1554 lr=8.09e-05 tok/s=40,718 eta=6883.577527603984
step=5492 tokens=719847424/1000000000 loss=3.0058 lr=8.09e-05 tok/s=40,836 eta=6860.472842163914
step=5493 tokens=719978496/1000000000 loss=2.9872 lr=8.08e-05 tok/s=40,892 eta=6847.846160745117
step=5494 tokens=720109568/1000000000 loss=2.9160 lr=8.08e-05 tok/s=29,510 eta=9484.68542086325
step=5495 tokens=720240640/1000000000 loss=2.9066 lr=8.07e-05 tok/s=40,907 eta=6838.964020162049
step=5496 tokens=720371712/1000000000 loss=2.8887 lr=8.07e-05 tok/s=41,063 eta=6809.815743270105
step=5497 tokens=720502784/1000000000 loss=2.8705 lr=8.07e-05 tok/s=40,796 eta=6851.043932061308
step=5498 tokens=720633856/1000000000 loss=2.8599 lr=8.06e-05 tok/s=41,070 eta=6802.171844050796
step=5499 tokens=720764928/1000000000 loss=2.8684 lr=8.06e-05 tok/s=40,929 eta=6822.404923012292
step=5500 tokens=720896000/1000000000 loss=2.8216 lr=8.05e-05 tok/s=40,846 eta=6833.069645934287
step=5501 tokens=721027072/1000000000 loss=2.8427 lr=8.05e-05 tok/s=40,947 eta=6813.039594317749
step=5502 tokens=721158144/1000000000 loss=2.8522 lr=8.04e-05 tok/s=40,966 eta=6806.640233753971
step=5503 tokens=721289216/1000000000 loss=2.8597 lr=8.04e-05 tok/s=40,643 eta=6857.506464131218
step=5504 tokens=721420288/1000000000 loss=2.7931 lr=8.03e-05 tok/s=40,679 eta=6848.279967729356
step=5505 tokens=721551360/1000000000 loss=2.7884 lr=8.03e-05 tok/s=40,873 eta=6812.589097064383
step=5506 tokens=721682432/1000000000 loss=2.7709 lr=8.03e-05 tok/s=40,845 eta=6813.954602729249
step=5507 tokens=721813504/1000000000 loss=2.8225 lr=8.02e-05 tok/s=41,038 eta=6778.6742774285485
step=5508 tokens=721944576/1000000000 loss=2.7823 lr=8.02e-05 tok/s=40,980 eta=6785.112533767549
step=5509 tokens=722075648/1000000000 loss=2.8101 lr=8.01e-05 tok/s=40,862 eta=6801.495634119382
step=5510 tokens=722206720/1000000000 loss=2.7962 lr=8.01e-05 tok/s=40,441 eta=6869.175138376339
step=5511 tokens=722337792/1000000000 loss=2.7556 lr=8e-05 tok/s=40,707 eta=6821.046537274211
step=5512 tokens=722468864/1000000000 loss=2.8203 lr=8e-05 tok/s=40,799 eta=6802.385715020193
step=5513 tokens=722599936/1000000000 loss=2.7866 lr=8e-05 tok/s=40,830 eta=6793.949421940546
step=5514 tokens=722731008/1000000000 loss=2.8072 lr=7.99e-05 tok/s=40,884 eta=6781.9145054598475
step=5515 tokens=722862080/1000000000 loss=2.7900 lr=7.99e-05 tok/s=40,930 eta=6771.088965529039
step=5516 tokens=722993152/1000000000 loss=2.7611 lr=7.98e-05 tok/s=40,846 eta=6781.724672987777
step=5517 tokens=723124224/1000000000 loss=2.7641 lr=7.98e-05 tok/s=41,010 eta=6751.420124541882
step=5518 tokens=723255296/1000000000 loss=2.7477 lr=7.97e-05 tok/s=40,944 eta=6759.152773484505
step=5519 tokens=723386368/1000000000 loss=2.7665 lr=7.97e-05 tok/s=40,591 eta=6814.685919026077
step=5520 tokens=723517440/1000000000 loss=2.7671 lr=7.96e-05 tok/s=40,975 eta=6747.606563581172
step=5521 tokens=723648512/1000000000 loss=2.7842 lr=7.96e-05 tok/s=40,974 eta=6744.501384863449
step=5522 tokens=723779584/1000000000 loss=2.7896 lr=7.96e-05 tok/s=40,761 eta=6776.533467081935
step=5523 tokens=723910656/1000000000 loss=3.1952 lr=7.95e-05 tok/s=40,949 eta=6742.222000866297
step=5524 tokens=724041728/1000000000 loss=3.5448 lr=7.95e-05 tok/s=40,881 eta=6750.280901793416
step=5525 tokens=724172800/1000000000 loss=3.6603 lr=7.94e-05 tok/s=40,862 eta=6750.244460593226
step=5526 tokens=724303872/1000000000 loss=3.5912 lr=7.94e-05 tok/s=41,086 eta=6710.218637626736
step=5527 tokens=724434944/1000000000 loss=3.3973 lr=7.93e-05 tok/s=40,715 eta=6768.16902847087
step=5528 tokens=724566016/1000000000 loss=3.5652 lr=7.93e-05 tok/s=41,008 eta=6716.627969537724
step=5529 tokens=724697088/1000000000 loss=3.5386 lr=7.92e-05 tok/s=40,685 eta=6766.6526412581725
step=5530 tokens=724828160/1000000000 loss=3.5185 lr=7.92e-05 tok/s=40,823 eta=6740.525513425954
step=5531 tokens=724959232/1000000000 loss=3.3722 lr=7.92e-05 tok/s=41,102 eta=6691.704752250741
step=5532 tokens=725090304/1000000000 loss=3.5092 lr=7.91e-05 tok/s=40,945 eta=6714.166495413834
step=5533 tokens=725221376/1000000000 loss=3.5403 lr=7.91e-05 tok/s=40,851 eta=6726.370855950305
step=5534 tokens=725352448/1000000000 loss=3.4405 lr=7.9e-05 tok/s=41,078 eta=6685.953770474335
step=5535 tokens=725483520/1000000000 loss=3.4944 lr=7.9e-05 tok/s=40,676 eta=6748.8262667595545
step=5536 tokens=725614592/1000000000 loss=3.4866 lr=7.89e-05 tok/s=40,708 eta=6740.34425981701
step=5537 tokens=725745664/1000000000 loss=3.4211 lr=7.89e-05 tok/s=40,668 eta=6743.7957136367495
step=5538 tokens=725876736/1000000000 loss=3.4772 lr=7.89e-05 tok/s=40,737 eta=6729.107975613826
step=5539 tokens=726007808/1000000000 loss=3.3695 lr=7.88e-05 tok/s=40,789 eta=6717.306737620698
step=5540 tokens=726138880/1000000000 loss=3.5647 lr=7.88e-05 tok/s=40,743 eta=6721.752421627774
step=5541 tokens=726269952/1000000000 loss=3.4605 lr=7.87e-05 tok/s=41,103 eta=6659.664738857078
step=5542 tokens=726401024/1000000000 loss=3.4987 lr=7.87e-05 tok/s=40,933 eta=6684.075713352517
step=5543 tokens=726532096/1000000000 loss=3.5052 lr=7.86e-05 tok/s=40,689 eta=6720.873675520748
step=5544 tokens=726663168/1000000000 loss=3.4609 lr=7.86e-05 tok/s=41,105 eta=6649.6443600659195
step=5545 tokens=726794240/1000000000 loss=3.5126 lr=7.86e-05 tok/s=40,981 eta=6666.609564966642
step=5546 tokens=726925312/1000000000 loss=3.2761 lr=7.85e-05 tok/s=41,051 eta=6652.051289923365
step=5547 tokens=727056384/1000000000 loss=3.5622 lr=7.85e-05 tok/s=40,795 eta=6690.661580150214
step=5548 tokens=727187456/1000000000 loss=3.5292 lr=7.84e-05 tok/s=40,895 eta=6670.986161880756
step=5549 tokens=727318528/1000000000 loss=3.4680 lr=7.84e-05 tok/s=40,615 eta=6713.863704560237
step=5550 tokens=727449600/1000000000 loss=3.4397 lr=7.83e-05 tok/s=41,095 eta=6632.271337352715
step=5551 tokens=727580672/1000000000 loss=3.4336 lr=7.83e-05 tok/s=40,803 eta=6676.496632536488
step=5552 tokens=727711744/1000000000 loss=3.4855 lr=7.82e-05 tok/s=40,824 eta=6669.7942262198385
step=5553 tokens=727842816/1000000000 loss=3.3260 lr=7.82e-05 tok/s=40,868 eta=6659.38858525839
step=5554 tokens=727973888/1000000000 loss=3.4636 lr=7.82e-05 tok/s=40,633 eta=6694.742760572667
step=5555 tokens=728104960/1000000000 loss=3.3509 lr=7.81e-05 tok/s=40,864 eta=6653.64952953524
step=5556 tokens=728236032/1000000000 loss=3.3568 lr=7.81e-05 tok/s=40,722 eta=6673.718280519129
step=5557 tokens=728367104/1000000000 loss=3.2858 lr=7.8e-05 tok/s=40,892 eta=6642.700073264513
step=5558 tokens=728498176/1000000000 loss=3.3063 lr=7.8e-05 tok/s=40,927 eta=6633.73548127979
step=5559 tokens=728629248/1000000000 loss=3.3047 lr=7.79e-05 tok/s=40,665 eta=6673.293046508709
step=5560 tokens=728760320/1000000000 loss=3.2715 lr=7.79e-05 tok/s=40,770 eta=6652.952263168924
step=5561 tokens=728891392/1000000000 loss=3.2531 lr=7.79e-05 tok/s=40,810 eta=6643.112779430054
step=5562 tokens=729022464/1000000000 loss=3.2413 lr=7.78e-05 tok/s=40,941 eta=6618.711940014998
step=5563 tokens=729153536/1000000000 loss=3.2204 lr=7.78e-05 tok/s=40,684 eta=6657.388936123929
step=5564 tokens=729284608/1000000000 loss=3.2369 lr=7.77e-05 tok/s=40,725 eta=6647.382447957222
step=5565 tokens=729415680/1000000000 loss=3.2353 lr=7.77e-05 tok/s=40,505 eta=6680.189973707037
step=5566 tokens=729546752/1000000000 loss=3.2249 lr=7.76e-05 tok/s=40,955 eta=6603.624806670499
step=5567 tokens=729677824/1000000000 loss=3.2235 lr=7.76e-05 tok/s=40,606 eta=6657.211076479984
step=5568 tokens=729808896/1000000000 loss=3.2723 lr=7.76e-05 tok/s=40,921 eta=6602.827775020334
step=5569 tokens=729939968/1000000000 loss=3.2025 lr=7.75e-05 tok/s=40,975 eta=6590.907308364846
step=5570 tokens=730071040/1000000000 loss=3.2569 lr=7.75e-05 tok/s=29,517 eta=9144.807955037906
step=5571 tokens=730202112/1000000000 loss=3.2467 lr=7.74e-05 tok/s=40,643 eta=6638.27010477513
step=5572 tokens=730333184/1000000000 loss=3.2229 lr=7.74e-05 tok/s=40,839 eta=6603.095037799337
step=5573 tokens=730464256/1000000000 loss=3.2408 lr=7.73e-05 tok/s=40,933 eta=6584.832040203498
step=5574 tokens=730595328/1000000000 loss=3.2306 lr=7.73e-05 tok/s=41,064 eta=6560.582884980495
step=5575 tokens=730726400/1000000000 loss=3.2150 lr=7.73e-05 tok/s=40,936 eta=6577.897563580249
step=5576 tokens=730857472/1000000000 loss=3.2085 lr=7.72e-05 tok/s=40,922 eta=6577.042704211161
step=5577 tokens=730988544/1000000000 loss=3.2395 lr=7.72e-05 tok/s=40,809 eta=6591.9372127359975
step=5578 tokens=731119616/1000000000 loss=3.2137 lr=7.71e-05 tok/s=40,988 eta=6559.933137787261
step=5579 tokens=731250688/1000000000 loss=3.1764 lr=7.71e-05 tok/s=41,183 eta=6525.7544277420875
step=5580 tokens=731381760/1000000000 loss=3.2057 lr=7.7e-05 tok/s=40,993 eta=6552.804530365952
step=5581 tokens=731512832/1000000000 loss=3.2322 lr=7.7e-05 tok/s=40,933 eta=6559.160857219387
step=5582 tokens=731643904/1000000000 loss=3.2074 lr=7.69e-05 tok/s=40,897 eta=6561.783207264357
step=5583 tokens=731774976/1000000000 loss=3.2200 lr=7.69e-05 tok/s=41,004 eta=6541.371853449714
step=5584 tokens=731906048/1000000000 loss=3.2194 lr=7.69e-05 tok/s=41,110 eta=6521.4376852039695
step=5585 tokens=732037120/1000000000 loss=3.2554 lr=7.68e-05 tok/s=41,148 eta=6512.096625647959
step=5586 tokens=732168192/1000000000 loss=3.2417 lr=7.68e-05 tok/s=41,165 eta=6506.315080989342
step=5587 tokens=732299264/1000000000 loss=3.1190 lr=7.67e-05 tok/s=41,043 eta=6522.413703173224
step=5588 tokens=732430336/1000000000 loss=2.9981 lr=7.67e-05 tok/s=41,043 eta=6519.206480061723
step=5589 tokens=732561408/1000000000 loss=2.9054 lr=7.66e-05 tok/s=40,909 eta=6537.391490972627
step=5590 tokens=732692480/1000000000 loss=2.8620 lr=7.66e-05 tok/s=40,959 eta=6526.299271673709
step=5591 tokens=732823552/1000000000 loss=2.8504 lr=7.66e-05 tok/s=40,905 eta=6531.68682611426
step=5592 tokens=732954624/1000000000 loss=2.8415 lr=7.65e-05 tok/s=40,914 eta=6526.975505578474
step=5593 tokens=733085696/1000000000 loss=2.8275 lr=7.65e-05 tok/s=40,687 eta=6560.131622450095
step=5594 tokens=733216768/1000000000 loss=2.8166 lr=7.64e-05 tok/s=40,733 eta=6549.582008779912
step=5595 tokens=733347840/1000000000 loss=2.8138 lr=7.64e-05 tok/s=40,708 eta=6550.3495803243895
step=5596 tokens=733478912/1000000000 loss=2.8085 lr=7.63e-05 tok/s=40,912 eta=6514.496652026683
step=5597 tokens=733609984/1000000000 loss=2.8020 lr=7.63e-05 tok/s=40,857 eta=6520.048595542724
step=5598 tokens=733741056/1000000000 loss=2.7957 lr=7.63e-05 tok/s=40,983 eta=6496.778675713149
step=5599 tokens=733872128/1000000000 loss=2.7659 lr=7.62e-05 tok/s=41,043 eta=6484.093091045571
step=5600 tokens=734003200/1000000000 loss=2.7583 lr=7.62e-05 tok/s=40,730 eta=6530.73137001528
step=5601 tokens=734134272/1000000000 loss=2.7725 lr=7.61e-05 tok/s=40,827 eta=6512.05582933551
step=5602 tokens=734265344/1000000000 loss=2.7968 lr=7.61e-05 tok/s=40,969 eta=6486.259305775677
step=5603 tokens=734396416/1000000000 loss=2.8361 lr=7.6e-05 tok/s=40,761 eta=6516.099461013418
step=5604 tokens=734527488/1000000000 loss=2.7786 lr=7.6e-05 tok/s=40,932 eta=6485.674044235114
step=5605 tokens=734658560/1000000000 loss=2.7866 lr=7.6e-05 tok/s=40,417 eta=6565.1514000756815
step=5606 tokens=734789632/1000000000 loss=2.7750 lr=7.59e-05 tok/s=40,918 eta=6481.546019001594
step=5607 tokens=734920704/1000000000 loss=2.7941 lr=7.59e-05 tok/s=40,867 eta=6486.379335560021
step=5608 tokens=735051776/1000000000 loss=2.7698 lr=7.58e-05 tok/s=40,885 eta=6480.259111884387
step=5609 tokens=735182848/1000000000 loss=2.7737 lr=7.58e-05 tok/s=40,926 eta=6470.658290888482
step=5610 tokens=735313920/1000000000 loss=2.7727 lr=7.58e-05 tok/s=40,909 eta=6470.167755967246
step=5611 tokens=735444992/1000000000 loss=2.7519 lr=7.57e-05 tok/s=41,015 eta=6450.244566909282
step=5612 tokens=735576064/1000000000 loss=2.7798 lr=7.57e-05 tok/s=40,807 eta=6479.802971793378
step=5613 tokens=735707136/1000000000 loss=2.7966 lr=7.56e-05 tok/s=41,061 eta=6436.544748861331
step=5614 tokens=735838208/1000000000 loss=2.7496 lr=7.56e-05 tok/s=40,897 eta=6459.217053578523
step=5615 tokens=735969280/1000000000 loss=2.7430 lr=7.55e-05 tok/s=40,909 eta=6454.026195247284
step=5616 tokens=736100352/1000000000 loss=2.7432 lr=7.55e-05 tok/s=40,692 eta=6485.344820595924
step=5617 tokens=736231424/1000000000 loss=2.7383 lr=7.55e-05 tok/s=40,792 eta=6466.2022468423565
step=5618 tokens=736362496/1000000000 loss=2.7932 lr=7.54e-05 tok/s=41,032 eta=6425.170213297516
step=5619 tokens=736493568/1000000000 loss=3.2885 lr=7.54e-05 tok/s=41,023 eta=6423.3312475245375
step=5620 tokens=736624640/1000000000 loss=3.4742 lr=7.53e-05 tok/s=40,792 eta=6456.496010709784
step=5621 tokens=736755712/1000000000 loss=3.5458 lr=7.53e-05 tok/s=40,873 eta=6440.474881957558
checkpoint saved: runs/20260905-135527/checkpoints/step_000005621 (time)
step=5622 tokens=736886784/1000000000 loss=3.6185 lr=7.52e-05 tok/s=34,474 eta=7632.290648505162
step=5623 tokens=737017856/1000000000 loss=3.4926 lr=7.52e-05 tok/s=40,770 eta=6450.372982980358
step=5624 tokens=737148928/1000000000 loss=3.6345 lr=7.52e-05 tok/s=40,646 eta=6466.837633602574
step=5625 tokens=737280000/1000000000 loss=3.4790 lr=7.51e-05 tok/s=40,912 eta=6421.5708656880115
step=5626 tokens=737411072/1000000000 loss=3.6101 lr=7.51e-05 tok/s=41,074 eta=6393.0921601229265
step=5627 tokens=737542144/1000000000 loss=3.5742 lr=7.5e-05 tok/s=40,832 eta=6427.683013197292
step=5628 tokens=737673216/1000000000 loss=3.4746 lr=7.5e-05 tok/s=41,029 eta=6393.7447100768595
step=5629 tokens=737804288/1000000000 loss=3.5896 lr=7.49e-05 tok/s=40,946 eta=6403.463532110108
step=5630 tokens=737935360/1000000000 loss=3.6376 lr=7.49e-05 tok/s=41,033 eta=6386.70626896105
step=5631 tokens=738066432/1000000000 loss=3.4973 lr=7.49e-05 tok/s=40,798 eta=6420.328273304949
step=5632 tokens=738197504/1000000000 loss=3.4919 lr=7.48e-05 tok/s=40,855 eta=6408.121064900887
step=5633 tokens=738328576/1000000000 loss=3.4478 lr=7.48e-05 tok/s=40,884 eta=6400.367775187036
step=5634 tokens=738459648/1000000000 loss=3.4002 lr=7.47e-05 tok/s=40,610 eta=6440.265847578439
step=5635 tokens=738590720/1000000000 loss=3.4869 lr=7.47e-05 tok/s=40,778 eta=6410.498926233697
step=5636 tokens=738721792/1000000000 loss=3.4531 lr=7.46e-05 tok/s=40,621 eta=6432.155258945507
step=5637 tokens=738852864/1000000000 loss=3.4548 lr=7.46e-05 tok/s=40,940 eta=6378.751422808459
step=5638 tokens=738983936/1000000000 loss=3.4272 lr=7.46e-05 tok/s=40,850 eta=6389.550837673794
step=5639 tokens=739115008/1000000000 loss=3.4962 lr=7.45e-05 tok/s=40,586 eta=6427.971628903859
step=5640 tokens=739246080/1000000000 loss=3.4141 lr=7.45e-05 tok/s=40,890 eta=6376.9159999840695
step=5641 tokens=739377152/1000000000 loss=3.5639 lr=7.44e-05 tok/s=40,858 eta=6378.797205443551
step=5642 tokens=739508224/1000000000 loss=3.5278 lr=7.44e-05 tok/s=40,566 eta=6421.510227754629
step=5643 tokens=739639296/1000000000 loss=3.5266 lr=7.44e-05 tok/s=41,022 eta=6346.914014697154
step=5644 tokens=739770368/1000000000 loss=3.4424 lr=7.43e-05 tok/s=40,844 eta=6371.31040339681
step=5645 tokens=739901440/1000000000 loss=3.3815 lr=7.43e-05 tok/s=41,181 eta=6315.952355437124
step=5646 tokens=740032512/1000000000 loss=3.4403 lr=7.42e-05 tok/s=29,575 eta=8790.146136117324
step=5647 tokens=740163584/1000000000 loss=3.3912 lr=7.42e-05 tok/s=40,518 eta=6412.81948698
step=5648 tokens=740294656/1000000000 loss=3.3705 lr=7.41e-05 tok/s=40,996 eta=6334.913434194376
step=5649 tokens=740425728/1000000000 loss=3.5629 lr=7.41e-05 tok/s=40,702 eta=6377.430986864643
step=5650 tokens=740556800/1000000000 loss=3.5243 lr=7.41e-05 tok/s=40,862 eta=6349.18112532358
step=5651 tokens=740687872/1000000000 loss=3.5803 lr=7.4e-05 tok/s=40,812 eta=6353.840636473123
step=5652 tokens=740818944/1000000000 loss=3.3790 lr=7.4e-05 tok/s=40,851 eta=6344.481899537237
step=5653 tokens=740950016/1000000000 loss=3.3734 lr=7.39e-05 tok/s=40,084 eta=6462.68092817096
step=5654 tokens=741081088/1000000000 loss=3.5381 lr=7.39e-05 tok/s=40,905 eta=6329.751366869453
step=5655 tokens=741212160/1000000000 loss=3.3727 lr=7.39e-05 tok/s=41,070 eta=6301.177292389371
step=5656 tokens=741343232/1000000000 loss=3.3119 lr=7.38e-05 tok/s=41,103 eta=6292.890853560069
step=5657 tokens=741474304/1000000000 loss=3.4903 lr=7.38e-05 tok/s=40,881 eta=6323.893878626189
step=5658 tokens=741605376/1000000000 loss=3.6024 lr=7.37e-05 tok/s=40,948 eta=6310.354102362983
step=5659 tokens=741736448/1000000000 loss=3.4683 lr=7.37e-05 tok/s=40,883 eta=6317.121037718463
step=5660 tokens=741867520/1000000000 loss=3.5201 lr=7.36e-05 tok/s=40,909 eta=6309.849767597134
step=5661 tokens=741998592/1000000000 loss=3.6028 lr=7.36e-05 tok/s=40,868 eta=6313.038013294524
step=5662 tokens=742129664/1000000000 loss=3.4147 lr=7.36e-05 tok/s=40,864 eta=6310.403547803604
step=5663 tokens=742260736/1000000000 loss=3.2898 lr=7.35e-05 tok/s=40,738 eta=6326.686114146212
step=5664 tokens=742391808/1000000000 loss=3.3371 lr=7.35e-05 tok/s=40,855 eta=6305.477824472529
step=5665 tokens=742522880/1000000000 loss=3.3120 lr=7.34e-05 tok/s=40,950 eta=6287.604983825585
step=5666 tokens=742653952/1000000000 loss=3.4169 lr=7.34e-05 tok/s=40,799 eta=6307.628727196125
step=5667 tokens=742785024/1000000000 loss=3.4094 lr=7.34e-05 tok/s=40,816 eta=6301.805953835088
step=5668 tokens=742916096/1000000000 loss=3.3976 lr=7.33e-05 tok/s=40,831 eta=6296.332728988417
step=5669 tokens=743047168/1000000000 loss=3.4660 lr=7.33e-05 tok/s=40,717 eta=6310.762990894463
step=5670 tokens=743178240/1000000000 loss=3.4553 lr=7.32e-05 tok/s=41,095 eta=6249.401499766935
step=5671 tokens=743309312/1000000000 loss=3.4091 lr=7.32e-05 tok/s=40,859 eta=6282.401892545037
step=5672 tokens=743440384/1000000000 loss=3.4068 lr=7.31e-05 tok/s=40,479 eta=6338.026421760862
step=5673 tokens=743571456/1000000000 loss=3.3777 lr=7.31e-05 tok/s=40,766 eta=6290.239427314621
step=5674 tokens=743702528/1000000000 loss=3.4819 lr=7.31e-05 tok/s=40,904 eta=6265.878719176817
step=5675 tokens=743833600/1000000000 loss=3.4633 lr=7.3e-05 tok/s=41,196 eta=6218.204441784911
step=5676 tokens=743964672/1000000000 loss=3.4264 lr=7.3e-05 tok/s=41,148 eta=6222.26319642859
step=5677 tokens=744095744/1000000000 loss=3.3877 lr=7.29e-05 tok/s=41,019 eta=6238.708106047738
step=5678 tokens=744226816/1000000000 loss=3.5010 lr=7.29e-05 tok/s=41,106 eta=6222.253013410731
step=5679 tokens=744357888/1000000000 loss=3.3297 lr=7.29e-05 tok/s=40,909 eta=6249.092938106031
step=5680 tokens=744488960/1000000000 loss=3.5020 lr=7.28e-05 tok/s=40,750 eta=6270.2768840515655
step=5681 tokens=744620032/1000000000 loss=3.3801 lr=7.28e-05 tok/s=40,859 eta=6250.312787379201
step=5682 tokens=744751104/1000000000 loss=3.3943 lr=7.27e-05 tok/s=40,966 eta=6230.77686585427
step=5683 tokens=744882176/1000000000 loss=3.3745 lr=7.27e-05 tok/s=40,872 eta=6241.8949851850975
step=5684 tokens=745013248/1000000000 loss=3.5213 lr=7.26e-05 tok/s=40,860 eta=6240.502639058835
step=5685 tokens=745144320/1000000000 loss=3.5255 lr=7.26e-05 tok/s=41,031 eta=6211.239068672439
step=5686 tokens=745275392/1000000000 loss=3.3811 lr=7.26e-05 tok/s=41,031 eta=6208.126784381639
step=5687 tokens=745406464/1000000000 loss=3.4224 lr=7.25e-05 tok/s=40,976 eta=6213.294140292271
step=5688 tokens=745537536/1000000000 loss=3.4270 lr=7.25e-05 tok/s=40,921 eta=6218.313863114862
step=5689 tokens=745668608/1000000000 loss=3.4482 lr=7.24e-05 tok/s=40,728 eta=6244.556035366844
step=5690 tokens=745799680/1000000000 loss=3.5268 lr=7.24e-05 tok/s=41,032 eta=6195.235839728565
step=5691 tokens=745930752/1000000000 loss=3.5387 lr=7.24e-05 tok/s=40,969 eta=6201.571843255076
step=5692 tokens=746061824/1000000000 loss=3.4600 lr=7.23e-05 tok/s=40,943 eta=6202.21580582502
step=5693 tokens=746192896/1000000000 loss=3.4787 lr=7.23e-05 tok/s=40,997 eta=6190.923245913927
step=5694 tokens=746323968/1000000000 loss=3.5023 lr=7.22e-05 tok/s=40,812 eta=6215.646804782533
step=5695 tokens=746455040/1000000000 loss=3.4479 lr=7.22e-05 tok/s=40,913 eta=6197.146351435988
step=5696 tokens=746586112/1000000000 loss=3.4356 lr=7.21e-05 tok/s=40,814 eta=6208.924192393422
step=5697 tokens=746717184/1000000000 loss=3.5018 lr=7.21e-05 tok/s=40,827 eta=6203.766531717062
step=5698 tokens=746848256/1000000000 loss=3.4211 lr=7.21e-05 tok/s=40,831 eta=6199.954131686406
step=5699 tokens=746979328/1000000000 loss=3.3308 lr=7.2e-05 tok/s=40,956 eta=6177.913129818142
step=5700 tokens=747110400/1000000000 loss=3.5058 lr=7.2e-05 tok/s=40,941 eta=6176.957500536714
step=5701 tokens=747241472/1000000000 loss=3.3215 lr=7.19e-05 tok/s=41,063 eta=6155.383134418943
step=5702 tokens=747372544/1000000000 loss=3.4554 lr=7.19e-05 tok/s=40,910 eta=6175.254333584386
step=5703 tokens=747503616/1000000000 loss=3.5418 lr=7.19e-05 tok/s=40,885 eta=6175.739627069329
step=5704 tokens=747634688/1000000000 loss=3.4550 lr=7.18e-05 tok/s=40,874 eta=6174.236384056556
step=5705 tokens=747765760/1000000000 loss=3.3859 lr=7.18e-05 tok/s=40,851 eta=6174.527338644704
step=5706 tokens=747896832/1000000000 loss=3.4832 lr=7.17e-05 tok/s=40,613 eta=6207.40486856621
step=5707 tokens=748027904/1000000000 loss=3.3550 lr=7.17e-05 tok/s=40,761 eta=6181.665718992724
step=5708 tokens=748158976/1000000000 loss=3.4510 lr=7.17e-05 tok/s=40,633 eta=6198.017338158586
step=5709 tokens=748290048/1000000000 loss=3.4582 lr=7.16e-05 tok/s=40,662 eta=6190.314510157398
step=5710 tokens=748421120/1000000000 loss=3.3951 lr=7.16e-05 tok/s=40,575 eta=6200.370999513715
step=5711 tokens=748552192/1000000000 loss=3.4648 lr=7.15e-05 tok/s=40,538 eta=6202.807596746195
step=5712 tokens=748683264/1000000000 loss=3.3657 lr=7.15e-05 tok/s=40,424 eta=6217.029731169951
step=5713 tokens=748814336/1000000000 loss=2.4922 lr=7.15e-05 tok/s=40,606 eta=6185.9880584993025
step=5714 tokens=748945408/1000000000 loss=2.4661 lr=7.14e-05 tok/s=40,443 eta=6207.627109235332
step=5715 tokens=749076480/1000000000 loss=2.4849 lr=7.14e-05 tok/s=40,384 eta=6213.379569910568
step=5716 tokens=749207552/1000000000 loss=2.3782 lr=7.13e-05 tok/s=40,150 eta=6246.455353475914
step=5717 tokens=749338624/1000000000 loss=2.3921 lr=7.13e-05 tok/s=40,568 eta=6178.772398489102
step=5718 tokens=749469696/1000000000 loss=2.3806 lr=7.12e-05 tok/s=40,859 eta=6131.602560527546
step=5719 tokens=749600768/1000000000 loss=2.3618 lr=7.12e-05 tok/s=40,795 eta=6137.962369142192
step=5720 tokens=749731840/1000000000 loss=2.3910 lr=7.12e-05 tok/s=40,804 eta=6133.359024596973
step=5721 tokens=749862912/1000000000 loss=2.4486 lr=7.11e-05 tok/s=40,800 eta=6130.772456378125
step=5722 tokens=749993984/1000000000 loss=2.3906 lr=7.11e-05 tok/s=40,657 eta=6149.172771388049
step=5723 tokens=750125056/1000000000 loss=2.3985 lr=7.1e-05 tok/s=29,347 eta=8514.392779391843
checkpoint saved: runs/20260905-135527/checkpoints/tokens_000750m (permanent_tokens)
step=5724 tokens=750256128/1000000000 loss=2.3379 lr=7.1e-05 tok/s=35,813 eta=6973.545560402309
step=5725 tokens=750387200/1000000000 loss=2.3496 lr=7.1e-05 tok/s=40,644 eta=6141.445285184136
step=5726 tokens=750518272/1000000000 loss=2.3643 lr=7.09e-05 tok/s=40,848 eta=6107.541715972675
step=5727 tokens=750649344/1000000000 loss=2.3593 lr=7.09e-05 tok/s=40,518 eta=6154.077765952507
step=5728 tokens=750780416/1000000000 loss=2.2735 lr=7.08e-05 tok/s=40,734 eta=6118.1881375389585
step=5729 tokens=750911488/1000000000 loss=2.3784 lr=7.08e-05 tok/s=40,330 eta=6176.246533358279
step=5730 tokens=751042560/1000000000 loss=2.3601 lr=7.08e-05 tok/s=40,655 eta=6123.725910388232
step=5731 tokens=751173632/1000000000 loss=2.3338 lr=7.07e-05 tok/s=40,353 eta=6166.1865002685545
step=5732 tokens=751304704/1000000000 loss=2.3566 lr=7.07e-05 tok/s=40,505 eta=6139.848066770622
step=5733 tokens=751435776/1000000000 loss=2.3607 lr=7.06e-05 tok/s=40,599 eta=6122.3662932705565
step=5734 tokens=751566848/1000000000 loss=2.2914 lr=7.06e-05 tok/s=40,710 eta=6102.499129087941
step=5735 tokens=751697920/1000000000 loss=2.3579 lr=7.06e-05 tok/s=40,407 eta=6145.0993022439825
step=5736 tokens=751828992/1000000000 loss=2.3024 lr=7.05e-05 tok/s=40,069 eta=6193.614856763711
step=5737 tokens=751960064/1000000000 loss=2.3444 lr=7.05e-05 tok/s=40,374 eta=6143.631477883736
step=5738 tokens=752091136/1000000000 loss=2.3598 lr=7.04e-05 tok/s=40,918 eta=6058.603163898043
step=5739 tokens=752222208/1000000000 loss=2.3384 lr=7.04e-05 tok/s=40,541 eta=6111.765540678224
step=5740 tokens=752353280/1000000000 loss=2.3296 lr=7.04e-05 tok/s=40,427 eta=6125.783763998811
step=5741 tokens=752484352/1000000000 loss=2.3219 lr=7.03e-05 tok/s=40,855 eta=6058.421556621808
step=5742 tokens=752615424/1000000000 loss=2.3058 lr=7.03e-05 tok/s=40,853 eta=6055.432749586173
step=5743 tokens=752746496/1000000000 loss=2.3345 lr=7.02e-05 tok/s=40,453 eta=6112.137208647348
step=5744 tokens=752877568/1000000000 loss=2.2844 lr=7.02e-05 tok/s=40,625 eta=6082.948731961189
step=5745 tokens=753008640/1000000000 loss=2.0013 lr=7.02e-05 tok/s=40,633 eta=6078.632721930816
step=5746 tokens=753139712/1000000000 loss=1.9298 lr=7.01e-05 tok/s=40,745 eta=6058.7279665942815
step=5747 tokens=753270784/1000000000 loss=1.8530 lr=7.01e-05 tok/s=40,734 eta=6057.048084694829
step=5748 tokens=753401856/1000000000 loss=1.8296 lr=7e-05 tok/s=40,686 eta=6060.969515009076
step=5749 tokens=753532928/1000000000 loss=1.7939 lr=7e-05 tok/s=40,654 eta=6062.504414466587
step=5750 tokens=753664000/1000000000 loss=1.7807 lr=7e-05 tok/s=40,773 eta=6041.573714247754
step=5751 tokens=753795072/1000000000 loss=1.7523 lr=6.99e-05 tok/s=40,951 eta=6012.176382519973
step=5752 tokens=753926144/1000000000 loss=1.7500 lr=6.99e-05 tok/s=40,517 eta=6073.394911191745
step=5753 tokens=754057216/1000000000 loss=1.7134 lr=6.98e-05 tok/s=40,615 eta=6055.465541557285
step=5754 tokens=754188288/1000000000 loss=1.7107 lr=6.98e-05 tok/s=40,466 eta=6074.485430334929
step=5755 tokens=754319360/1000000000 loss=1.7343 lr=6.97e-05 tok/s=40,481 eta=6069.041697248375
step=5756 tokens=754450432/1000000000 loss=1.6989 lr=6.97e-05 tok/s=40,791 eta=6019.772380757126
step=5757 tokens=754581504/1000000000 loss=1.7242 lr=6.97e-05 tok/s=40,733 eta=6024.996232405863
step=5758 tokens=754712576/1000000000 loss=1.7028 lr=6.96e-05 tok/s=40,715 eta=6024.473930253081
step=5759 tokens=754843648/1000000000 loss=1.7096 lr=6.96e-05 tok/s=40,815 eta=6006.488610609543
step=5760 tokens=754974720/1000000000 loss=1.6825 lr=6.95e-05 tok/s=40,620 eta=6032.102503289006
step=5761 tokens=755105792/1000000000 loss=1.6797 lr=6.95e-05 tok/s=40,614 eta=6029.833423842581
step=5762 tokens=755236864/1000000000 loss=1.6830 lr=6.95e-05 tok/s=40,457 eta=6050.031838264354
step=5763 tokens=755367936/1000000000 loss=1.6599 lr=6.94e-05 tok/s=40,478 eta=6043.5578126613445
step=5764 tokens=755499008/1000000000 loss=1.6690 lr=6.94e-05 tok/s=40,635 eta=6017.074188478227
step=5765 tokens=755630080/1000000000 loss=1.6537 lr=6.93e-05 tok/s=40,801 eta=5989.303195776563
step=5766 tokens=755761152/1000000000 loss=1.6441 lr=6.93e-05 tok/s=40,562 eta=6021.385742602272
step=5767 tokens=755892224/1000000000 loss=1.6629 lr=6.93e-05 tok/s=40,431 eta=6037.708830266608
step=5768 tokens=756023296/1000000000 loss=1.6823 lr=6.92e-05 tok/s=40,517 eta=6021.598416578907
step=5769 tokens=756154368/1000000000 loss=1.6545 lr=6.92e-05 tok/s=40,573 eta=6010.117643327142
step=5770 tokens=756285440/1000000000 loss=1.6533 lr=6.91e-05 tok/s=40,596 eta=6003.430421616157
step=5771 tokens=756416512/1000000000 loss=1.6349 lr=6.91e-05 tok/s=40,577 eta=6002.977427204644
step=5772 tokens=756547584/1000000000 loss=1.6546 lr=6.91e-05 tok/s=40,525 eta=6007.5170641928935
step=5773 tokens=756678656/1000000000 loss=1.6640 lr=6.9e-05 tok/s=40,379 eta=6025.87696109105
step=5774 tokens=756809728/1000000000 loss=2.1597 lr=6.9e-05 tok/s=40,382 eta=6022.241577090202
step=5775 tokens=756940800/1000000000 loss=2.4493 lr=6.89e-05 tok/s=40,385 eta=6018.525520074871
step=5776 tokens=757071872/1000000000 loss=2.3356 lr=6.89e-05 tok/s=40,435 eta=6007.797883712884
step=5777 tokens=757202944/1000000000 loss=2.3579 lr=6.89e-05 tok/s=40,270 eta=6029.268850032019
step=5778 tokens=757334016/1000000000 loss=2.3918 lr=6.88e-05 tok/s=40,256 eta=6028.043858392301
step=5779 tokens=757465088/1000000000 loss=2.3726 lr=6.88e-05 tok/s=40,479 eta=5991.681943252862
step=5780 tokens=757596160/1000000000 loss=2.3296 lr=6.87e-05 tok/s=40,434 eta=5995.06899319296
step=5781 tokens=757727232/1000000000 loss=2.3554 lr=6.87e-05 tok/s=40,484 eta=5984.390313152415
step=5782 tokens=757858304/1000000000 loss=2.3559 lr=6.87e-05 tok/s=40,235 eta=6018.172337647738
step=5783 tokens=757989376/1000000000 loss=2.3165 lr=6.86e-05 tok/s=40,547 eta=5968.647840154305
step=5784 tokens=758120448/1000000000 loss=2.2749 lr=6.86e-05 tok/s=40,571 eta=5961.830087201459
step=5785 tokens=758251520/1000000000 loss=2.3339 lr=6.86e-05 tok/s=40,584 eta=5956.77515978519
step=5786 tokens=758382592/1000000000 loss=2.3139 lr=6.85e-05 tok/s=40,673 eta=5940.512427009038
step=5787 tokens=758513664/1000000000 loss=2.4075 lr=6.85e-05 tok/s=40,671 eta=5937.494393940199
step=5788 tokens=758644736/1000000000 loss=2.3213 lr=6.84e-05 tok/s=40,785 eta=5917.704205489623
step=5789 tokens=758775808/1000000000 loss=2.3072 lr=6.84e-05 tok/s=40,815 eta=5910.1642361516015
step=5790 tokens=758906880/1000000000 loss=2.3667 lr=6.84e-05 tok/s=40,730 eta=5919.296794420409
step=5791 tokens=759037952/1000000000 loss=2.3275 lr=6.83e-05 tok/s=40,451 eta=5956.868410207042
step=5792 tokens=759169024/1000000000 loss=2.2851 lr=6.83e-05 tok/s=40,403 eta=5960.78359900496
step=5793 tokens=759300096/1000000000 loss=2.3492 lr=6.82e-05 tok/s=40,602 eta=5928.342351534743
step=5794 tokens=759431168/1000000000 loss=2.2691 lr=6.82e-05 tok/s=40,852 eta=5888.844608619523
step=5795 tokens=759562240/1000000000 loss=2.3046 lr=6.82e-05 tok/s=40,589 eta=5923.76354324942
step=5796 tokens=759693312/1000000000 loss=2.2783 lr=6.81e-05 tok/s=40,202 eta=5977.424147169046
step=5797 tokens=759824384/1000000000 loss=2.2941 lr=6.81e-05 tok/s=40,641 eta=5909.661928162769
step=5798 tokens=759955456/1000000000 loss=2.3288 lr=6.8e-05 tok/s=40,452 eta=5934.021019903218
step=5799 tokens=760086528/1000000000 loss=2.3166 lr=6.8e-05 tok/s=29,444 eta=8148.210680470052
step=5800 tokens=760217600/1000000000 loss=2.2522 lr=6.8e-05 tok/s=40,523 eta=5917.12689751013
step=5801 tokens=760348672/1000000000 loss=2.3358 lr=6.79e-05 tok/s=40,454 eta=5923.996789292116
step=5802 tokens=760479744/1000000000 loss=2.3078 lr=6.79e-05 tok/s=40,543 eta=5907.848568520044
step=5803 tokens=760610816/1000000000 loss=2.2903 lr=6.78e-05 tok/s=40,553 eta=5903.09874483257
step=5804 tokens=760741888/1000000000 loss=2.2440 lr=6.78e-05 tok/s=40,338 eta=5931.389522292717
step=5805 tokens=760872960/1000000000 loss=2.2802 lr=6.78e-05 tok/s=40,495 eta=5905.091028726628
step=5806 tokens=761004032/1000000000 loss=2.6667 lr=6.77e-05 tok/s=40,555 eta=5893.099048247797
step=5807 tokens=761135104/1000000000 loss=2.8498 lr=6.77e-05 tok/s=40,748 eta=5862.0307621895645
step=5808 tokens=761266176/1000000000 loss=2.8464 lr=6.76e-05 tok/s=40,688 eta=5867.466545557296
step=5809 tokens=761397248/1000000000 loss=2.8308 lr=6.76e-05 tok/s=40,898 eta=5834.0320048945105
step=5810 tokens=761528320/1000000000 loss=2.8271 lr=6.76e-05 tok/s=40,682 eta=5861.885614910502
step=5811 tokens=761659392/1000000000 loss=2.8560 lr=6.75e-05 tok/s=40,709 eta=5854.690863860389
step=5812 tokens=761790464/1000000000 loss=2.8041 lr=6.75e-05 tok/s=40,515 eta=5879.5871190812695
step=5813 tokens=761921536/1000000000 loss=2.8016 lr=6.74e-05 tok/s=40,656 eta=5855.878975617912
step=5814 tokens=762052608/1000000000 loss=2.8058 lr=6.74e-05 tok/s=40,842 eta=5826.054514564187
step=5815 tokens=762183680/1000000000 loss=2.7983 lr=6.74e-05 tok/s=40,953 eta=5807.087641978083
step=5816 tokens=762314752/1000000000 loss=2.7655 lr=6.73e-05 tok/s=40,947 eta=5804.640687468636
step=5817 tokens=762445824/1000000000 loss=2.7410 lr=6.73e-05 tok/s=40,705 eta=5836.0410950702335
step=5818 tokens=762576896/1000000000 loss=2.7896 lr=6.73e-05 tok/s=40,666 eta=5838.400118126706
step=5819 tokens=762707968/1000000000 loss=2.8053 lr=6.72e-05 tok/s=40,678 eta=5833.423486657152
step=5820 tokens=762839040/1000000000 loss=2.7718 lr=6.72e-05 tok/s=40,512 eta=5854.123820270609
step=5821 tokens=762970112/1000000000 loss=2.7695 lr=6.71e-05 tok/s=40,562 eta=5843.674185301281
step=5822 tokens=763101184/1000000000 loss=2.7862 lr=6.71e-05 tok/s=40,755 eta=5812.745784244956
step=5823 tokens=763232256/1000000000 loss=2.7595 lr=6.71e-05 tok/s=40,666 eta=5822.22570029449
step=5824 tokens=763363328/1000000000 loss=2.7541 lr=6.7e-05 tok/s=40,647 eta=5821.724034172568
step=5825 tokens=763494400/1000000000 loss=2.7692 lr=6.7e-05 tok/s=40,720 eta=5808.095589436168
step=5826 tokens=763625472/1000000000 loss=2.7547 lr=6.69e-05 tok/s=40,674 eta=5811.384758887092
step=5827 tokens=763756544/1000000000 loss=2.7361 lr=6.69e-05 tok/s=40,590 eta=5820.260611638973
step=5828 tokens=763887616/1000000000 loss=2.7237 lr=6.69e-05 tok/s=40,423 eta=5840.981825269705
step=5829 tokens=764018688/1000000000 loss=2.7300 lr=6.68e-05 tok/s=40,483 eta=5829.172470702698
step=5830 tokens=764149760/1000000000 loss=2.7691 lr=6.68e-05 tok/s=40,269 eta=5856.875971786906
step=5831 tokens=764280832/1000000000 loss=2.7810 lr=6.67e-05 tok/s=40,297 eta=5849.616652753091
step=5832 tokens=764411904/1000000000 loss=2.7716 lr=6.67e-05 tok/s=40,312 eta=5844.159593177069
step=5833 tokens=764542976/1000000000 loss=2.7395 lr=6.67e-05 tok/s=40,468 eta=5818.287022502944
step=5834 tokens=764674048/1000000000 loss=2.7416 lr=6.66e-05 tok/s=40,540 eta=5804.838685337472
step=5835 tokens=764805120/1000000000 loss=2.7571 lr=6.66e-05 tok/s=40,509 eta=5806.051193979052
step=5836 tokens=764936192/1000000000 loss=2.7495 lr=6.65e-05 tok/s=40,704 eta=5774.994787169519
step=5837 tokens=765067264/1000000000 loss=2.7314 lr=6.65e-05 tok/s=40,907 eta=5743.1281154069575
step=5838 tokens=765198336/1000000000 loss=3.3099 lr=6.65e-05 tok/s=40,667 eta=5773.833122940756
step=5839 tokens=765329408/1000000000 loss=3.6213 lr=6.64e-05 tok/s=40,486 eta=5796.312168249989
step=5840 tokens=765460480/1000000000 loss=3.6117 lr=6.64e-05 tok/s=40,495 eta=5791.7968851166725
step=5841 tokens=765591552/1000000000 loss=3.6761 lr=6.64e-05 tok/s=40,495 eta=5788.542555324769
step=5842 tokens=765722624/1000000000 loss=3.4203 lr=6.63e-05 tok/s=40,570 eta=5774.619920040044
step=5843 tokens=765853696/1000000000 loss=3.4462 lr=6.63e-05 tok/s=40,535 eta=5776.328885964386
step=5844 tokens=765984768/1000000000 loss=3.4221 lr=6.62e-05 tok/s=40,560 eta=5769.621106468183
step=5845 tokens=766115840/1000000000 loss=3.4690 lr=6.62e-05 tok/s=40,601 eta=5760.593055706809
step=5846 tokens=766246912/1000000000 loss=3.4253 lr=6.62e-05 tok/s=40,669 eta=5747.743420477628
step=5847 tokens=766377984/1000000000 loss=3.7030 lr=6.61e-05 tok/s=40,603 eta=5753.844032073564
step=5848 tokens=766509056/1000000000 loss=3.5056 lr=6.61e-05 tok/s=40,094 eta=5823.646316619713
step=5849 tokens=766640128/1000000000 loss=3.6083 lr=6.6e-05 tok/s=40,269 eta=5794.979482324461
step=5850 tokens=766771200/1000000000 loss=3.5007 lr=6.6e-05 tok/s=40,575 eta=5748.134963460963
step=5851 tokens=766902272/1000000000 loss=3.4163 lr=6.6e-05 tok/s=40,637 eta=5736.125370642254
step=5852 tokens=767033344/1000000000 loss=3.4279 lr=6.59e-05 tok/s=40,673 eta=5727.743434530484
step=5853 tokens=767164416/1000000000 loss=3.4853 lr=6.59e-05 tok/s=40,480 eta=5751.90194878478
step=5854 tokens=767295488/1000000000 loss=3.4040 lr=6.59e-05 tok/s=40,548 eta=5738.95417965261
step=5855 tokens=767426560/1000000000 loss=3.3564 lr=6.58e-05 tok/s=40,216 eta=5783.043328087323
step=5856 tokens=767557632/1000000000 loss=3.5521 lr=6.58e-05 tok/s=40,216 eta=5779.8625815477435
step=5857 tokens=767688704/1000000000 loss=3.4763 lr=6.57e-05 tok/s=40,206 eta=5778.09290400257
step=5858 tokens=767819776/1000000000 loss=3.3888 lr=6.57e-05 tok/s=40,492 eta=5733.9481711852095
step=5859 tokens=767950848/1000000000 loss=3.5273 lr=6.57e-05 tok/s=40,622 eta=5712.460226780261
step=5860 tokens=768081920/1000000000 loss=3.4899 lr=6.56e-05 tok/s=40,748 eta=5691.537396141331
step=5861 tokens=768212992/1000000000 loss=3.4182 lr=6.56e-05 tok/s=40,606 eta=5708.127518873532
step=5862 tokens=768344064/1000000000 loss=3.4618 lr=6.55e-05 tok/s=40,600 eta=5705.8319626509365
step=5863 tokens=768475136/1000000000 loss=3.4596 lr=6.55e-05 tok/s=40,289 eta=5746.551857521771
step=5864 tokens=768606208/1000000000 loss=3.3878 lr=6.55e-05 tok/s=40,156 eta=5762.365284674105
step=5865 tokens=768737280/1000000000 loss=3.3631 lr=6.54e-05 tok/s=40,331 eta=5734.108491944568
step=5866 tokens=768868352/1000000000 loss=3.3977 lr=6.54e-05 tok/s=40,375 eta=5724.601010326627
step=5867 tokens=768999424/1000000000 loss=3.4865 lr=6.54e-05 tok/s=40,389 eta=5719.340448380597
step=5868 tokens=769130496/1000000000 loss=3.5598 lr=6.53e-05 tok/s=40,402 eta=5714.313152732434
step=5869 tokens=769261568/1000000000 loss=3.4704 lr=6.53e-05 tok/s=40,046 eta=5761.825748007723
step=5870 tokens=769392640/1000000000 loss=2.7901 lr=6.52e-05 tok/s=40,142 eta=5744.7702871587935
step=5871 tokens=769523712/1000000000 loss=2.4095 lr=6.52e-05 tok/s=40,605 eta=5676.117186392637
step=5872 tokens=769654784/1000000000 loss=2.4225 lr=6.52e-05 tok/s=40,690 eta=5661.013822428341
step=5873 tokens=769785856/1000000000 loss=2.3989 lr=6.51e-05 tok/s=40,529 eta=5680.207686157745
step=5874 tokens=769916928/1000000000 loss=2.3779 lr=6.51e-05 tok/s=40,565 eta=5671.895651029616
step=5875 tokens=770048000/1000000000 loss=2.3420 lr=6.5e-05 tok/s=29,412 eta=7818.180274521346
step=5876 tokens=770179072/1000000000 loss=2.3311 lr=6.5e-05 tok/s=40,555 eta=5666.847600100109
step=5877 tokens=770310144/1000000000 loss=2.3072 lr=6.5e-05 tok/s=40,760 eta=5635.1481878722025
step=5878 tokens=770441216/1000000000 loss=2.2903 lr=6.49e-05 tok/s=40,300 eta=5696.267152830982
step=5879 tokens=770572288/1000000000 loss=2.3173 lr=6.49e-05 tok/s=40,246 eta=5700.63556226978
step=5880 tokens=770703360/1000000000 loss=2.2941 lr=6.49e-05 tok/s=40,446 eta=5669.149741571753
step=5881 tokens=770834432/1000000000 loss=2.2761 lr=6.48e-05 tok/s=40,349 eta=5679.585217854084
step=5882 tokens=770965504/1000000000 loss=2.2686 lr=6.48e-05 tok/s=40,397 eta=5669.600774649546
step=5883 tokens=771096576/1000000000 loss=2.2704 lr=6.47e-05 tok/s=40,347 eta=5673.341180902324
step=5884 tokens=771227648/1000000000 loss=2.2675 lr=6.47e-05 tok/s=40,611 eta=5633.251625199139
step=5885 tokens=771358720/1000000000 loss=2.3123 lr=6.47e-05 tok/s=40,562 eta=5636.890679642401
step=5886 tokens=771489792/1000000000 loss=2.3094 lr=6.46e-05 tok/s=40,136 eta=5693.4336029928545
step=5887 tokens=771620864/1000000000 loss=2.3090 lr=6.46e-05 tok/s=40,365 eta=5657.8354116526525
step=5888 tokens=771751936/1000000000 loss=2.2756 lr=6.46e-05 tok/s=40,295 eta=5664.42649079018
step=5889 tokens=771883008/1000000000 loss=2.3407 lr=6.45e-05 tok/s=40,457 eta=5638.444574931866
step=5890 tokens=772014080/1000000000 loss=2.2677 lr=6.45e-05 tok/s=40,405 eta=5642.500352686021
step=5891 tokens=772145152/1000000000 loss=2.3022 lr=6.44e-05 tok/s=40,478 eta=5629.167963494969
step=5892 tokens=772276224/1000000000 loss=2.2880 lr=6.44e-05 tok/s=40,514 eta=5620.906581522839
step=5893 tokens=772407296/1000000000 loss=2.3281 lr=6.44e-05 tok/s=40,585 eta=5607.8331053760985
step=5894 tokens=772538368/1000000000 loss=2.2989 lr=6.43e-05 tok/s=40,613 eta=5600.679651396989
step=5895 tokens=772669440/1000000000 loss=2.2777 lr=6.43e-05 tok/s=40,174 eta=5658.595935525148
step=5896 tokens=772800512/1000000000 loss=2.2745 lr=6.43e-05 tok/s=40,293 eta=5638.614880793557
step=5897 tokens=772931584/1000000000 loss=2.3220 lr=6.42e-05 tok/s=40,419 eta=5617.827952209665
step=5898 tokens=773062656/1000000000 loss=2.3013 lr=6.42e-05 tok/s=40,460 eta=5608.969508520491
step=5899 tokens=773193728/1000000000 loss=2.2510 lr=6.41e-05 tok/s=40,804 eta=5558.471220731896
step=5900 tokens=773324800/1000000000 loss=2.2884 lr=6.41e-05 tok/s=40,733 eta=5564.83716560884
step=5901 tokens=773455872/1000000000 loss=2.2876 lr=6.41e-05 tok/s=40,373 eta=5611.33347800489
step=5902 tokens=773586944/1000000000 loss=2.9515 lr=6.4e-05 tok/s=40,586 eta=5578.5779029297255
step=5903 tokens=773718016/1000000000 loss=3.5536 lr=6.4e-05 tok/s=40,657 eta=5565.609076526392
step=5904 tokens=773849088/1000000000 loss=3.6061 lr=6.4e-05 tok/s=40,504 eta=5583.466908459936
step=5905 tokens=773980160/1000000000 loss=3.4727 lr=6.39e-05 tok/s=40,432 eta=5590.139628965452
step=5906 tokens=774111232/1000000000 loss=3.4309 lr=6.39e-05 tok/s=40,464 eta=5582.443550101451
step=5907 tokens=774242304/1000000000 loss=3.4890 lr=6.38e-05 tok/s=40,455 eta=5580.447486509923
step=5908 tokens=774373376/1000000000 loss=3.4641 lr=6.38e-05 tok/s=40,746 eta=5537.4359420399505
step=5909 tokens=774504448/1000000000 loss=3.3651 lr=6.38e-05 tok/s=40,564 eta=5559.059661918484
step=5910 tokens=774635520/1000000000 loss=3.6331 lr=6.37e-05 tok/s=40,433 eta=5573.7488688882295
step=5911 tokens=774766592/1000000000 loss=3.3605 lr=6.37e-05 tok/s=40,443 eta=5569.209020085314
step=5912 tokens=774897664/1000000000 loss=3.3449 lr=6.36e-05 tok/s=40,516 eta=5555.841340488394
step=5913 tokens=775028736/1000000000 loss=3.5140 lr=6.36e-05 tok/s=40,422 eta=5565.581729189652
step=5914 tokens=775159808/1000000000 loss=3.4312 lr=6.36e-05 tok/s=40,412 eta=5563.677503543894
step=5915 tokens=775290880/1000000000 loss=3.3550 lr=6.35e-05 tok/s=40,282 eta=5578.452704244064
step=5916 tokens=775421952/1000000000 loss=3.4081 lr=6.35e-05 tok/s=40,131 eta=5596.193033118564
step=5917 tokens=775553024/1000000000 loss=3.4603 lr=6.35e-05 tok/s=40,228 eta=5579.4358180825675
step=5918 tokens=775684096/1000000000 loss=3.3155 lr=6.34e-05 tok/s=40,249 eta=5573.2581720446215
step=5919 tokens=775815168/1000000000 loss=3.4040 lr=6.34e-05 tok/s=39,985 eta=5606.767451170327
step=5920 tokens=775946240/1000000000 loss=3.4524 lr=6.34e-05 tok/s=40,188 eta=5575.179465438326
step=5921 tokens=776077312/1000000000 loss=3.5423 lr=6.33e-05 tok/s=40,232 eta=5565.826475795349
step=5922 tokens=776208384/1000000000 loss=3.4462 lr=6.33e-05 tok/s=40,212 eta=5565.269130230913
step=5923 tokens=776339456/1000000000 loss=3.6460 lr=6.32e-05 tok/s=40,443 eta=5530.22164555719
step=5924 tokens=776470528/1000000000 loss=3.3991 lr=6.32e-05 tok/s=40,424 eta=5529.607020940853
step=5925 tokens=776601600/1000000000 loss=3.4246 lr=6.32e-05 tok/s=40,481 eta=5518.666659434294
step=5926 tokens=776732672/1000000000 loss=3.3522 lr=6.31e-05 tok/s=40,357 eta=5532.365826558239
step=5927 tokens=776863744/1000000000 loss=3.4439 lr=6.31e-05 tok/s=40,386 eta=5525.0637587151605
step=5928 tokens=776994816/1000000000 loss=3.4615 lr=6.31e-05 tok/s=40,387 eta=5521.743409134822
step=5929 tokens=777125888/1000000000 loss=3.3131 lr=6.3e-05 tok/s=40,548 eta=5496.5985599658425
step=5930 tokens=777256960/1000000000 loss=3.3461 lr=6.3e-05 tok/s=40,419 eta=5510.834298897759
step=5931 tokens=777388032/1000000000 loss=3.5986 lr=6.29e-05 tok/s=40,564 eta=5487.974197859908
step=5932 tokens=777519104/1000000000 loss=3.3926 lr=6.29e-05 tok/s=40,496 eta=5493.950624394583
step=5933 tokens=777650176/1000000000 loss=3.3460 lr=6.29e-05 tok/s=40,223 eta=5527.89291641639
step=5934 tokens=777781248/1000000000 loss=3.5218 lr=6.28e-05 tok/s=40,522 eta=5483.940411586601
step=5935 tokens=777912320/1000000000 loss=3.3093 lr=6.28e-05 tok/s=40,321 eta=5507.924955030652
step=5936 tokens=778043392/1000000000 loss=3.3979 lr=6.28e-05 tok/s=40,455 eta=5486.519927898557
step=5937 tokens=778174464/1000000000 loss=3.4218 lr=6.27e-05 tok/s=40,642 eta=5458.0989763979205
step=5938 tokens=778305536/1000000000 loss=3.5504 lr=6.27e-05 tok/s=40,448 eta=5480.988885990941
step=5939 tokens=778436608/1000000000 loss=3.4421 lr=6.26e-05 tok/s=40,743 eta=5438.010798062517
step=5940 tokens=778567680/1000000000 loss=3.3838 lr=6.26e-05 tok/s=40,526 eta=5463.944653675204
step=5941 tokens=778698752/1000000000 loss=3.4446 lr=6.26e-05 tok/s=40,597 eta=5451.161071919273
step=5942 tokens=778829824/1000000000 loss=3.4297 lr=6.25e-05 tok/s=40,465 eta=5465.68351529952
step=5943 tokens=778960896/1000000000 loss=3.4366 lr=6.25e-05 tok/s=40,590 eta=5445.685846998813
step=5944 tokens=779091968/1000000000 loss=3.3478 lr=6.25e-05 tok/s=40,660 eta=5433.002941812118
step=5945 tokens=779223040/1000000000 loss=3.4984 lr=6.24e-05 tok/s=40,507 eta=5450.2823669126055
step=5946 tokens=779354112/1000000000 loss=3.5034 lr=6.24e-05 tok/s=40,594 eta=5435.4055245841255
step=5947 tokens=779485184/1000000000 loss=3.4699 lr=6.23e-05 tok/s=40,544 eta=5438.9245421782325
step=5948 tokens=779616256/1000000000 loss=3.3437 lr=6.23e-05 tok/s=40,534 eta=5436.958101101471
step=5949 tokens=779747328/1000000000 loss=3.4517 lr=6.23e-05 tok/s=40,386 eta=5453.660923214566
step=5950 tokens=779878400/1000000000 loss=3.3934 lr=6.22e-05 tok/s=40,362 eta=5453.685454722677
step=5951 tokens=780009472/1000000000 loss=3.4883 lr=6.22e-05 tok/s=29,365 eta=7491.714904134574
step=5952 tokens=780140544/1000000000 loss=3.3788 lr=6.22e-05 tok/s=40,472 eta=5432.3510204899985
step=5953 tokens=780271616/1000000000 loss=3.2527 lr=6.21e-05 tok/s=40,236 eta=5460.960335717971
step=5954 tokens=780402688/1000000000 loss=3.3002 lr=6.21e-05 tok/s=40,595 eta=5409.452903269109
step=5955 tokens=780533760/1000000000 loss=3.3981 lr=6.21e-05 tok/s=40,387 eta=5434.106746778681
step=5956 tokens=780664832/1000000000 loss=3.3574 lr=6.2e-05 tok/s=40,386 eta=5430.919158307529
step=5957 tokens=780795904/1000000000 loss=3.4875 lr=6.2e-05 tok/s=40,462 eta=5417.587937859534
step=5958 tokens=780926976/1000000000 loss=3.4049 lr=6.19e-05 tok/s=40,494 eta=5410.078586426526
step=5959 tokens=781058048/1000000000 loss=3.3387 lr=6.19e-05 tok/s=40,471 eta=5409.889676877737
step=5960 tokens=781189120/1000000000 loss=3.5136 lr=6.19e-05 tok/s=40,542 eta=5397.198863595707
step=5961 tokens=781320192/1000000000 loss=3.4095 lr=6.18e-05 tok/s=40,525 eta=5396.156648081454
step=5962 tokens=781451264/1000000000 loss=3.3804 lr=6.18e-05 tok/s=40,572 eta=5386.6311375542
step=5963 tokens=781582336/1000000000 loss=3.4152 lr=6.18e-05 tok/s=40,903 eta=5339.922786682009
step=5964 tokens=781713408/1000000000 loss=3.4838 lr=6.17e-05 tok/s=40,629 eta=5372.740080704389
step=5965 tokens=781844480/1000000000 loss=3.3872 lr=6.17e-05 tok/s=40,374 eta=5403.31631254105
step=5966 tokens=781975552/1000000000 loss=3.3294 lr=6.17e-05 tok/s=40,394 eta=5397.428444761221
step=5967 tokens=782106624/1000000000 loss=3.3000 lr=6.16e-05 tok/s=40,347 eta=5400.43824529487
step=5968 tokens=782237696/1000000000 loss=3.2899 lr=6.16e-05 tok/s=40,495 eta=5377.564399153472
step=5969 tokens=782368768/1000000000 loss=3.2331 lr=6.15e-05 tok/s=40,751 eta=5340.519973320346
step=5970 tokens=782499840/1000000000 loss=3.2521 lr=6.15e-05 tok/s=40,375 eta=5386.942422871075
step=5971 tokens=782630912/1000000000 loss=3.2901 lr=6.15e-05 tok/s=40,399 eta=5380.491195567553
step=5972 tokens=782761984/1000000000 loss=3.2421 lr=6.14e-05 tok/s=40,435 eta=5372.569660492203
step=5973 tokens=782893056/1000000000 loss=3.2727 lr=6.14e-05 tok/s=40,258 eta=5392.85830879009
step=5974 tokens=783024128/1000000000 loss=3.2210 lr=6.14e-05 tok/s=40,222 eta=5394.511252354556
step=5975 tokens=783155200/1000000000 loss=3.2562 lr=6.13e-05 tok/s=40,180 eta=5396.852470796484
step=5976 tokens=783286272/1000000000 loss=3.2748 lr=6.13e-05 tok/s=40,021 eta=5415.0294763561815
step=5977 tokens=783417344/1000000000 loss=3.2397 lr=6.13e-05 tok/s=40,211 eta=5386.094136873017
step=5978 tokens=783548416/1000000000 loss=3.2376 lr=6.12e-05 tok/s=40,324 eta=5367.821731882019
step=5979 tokens=783679488/1000000000 loss=3.2477 lr=6.12e-05 tok/s=40,217 eta=5378.865368673584
step=5980 tokens=783810560/1000000000 loss=3.2220 lr=6.11e-05 tok/s=40,387 eta=5352.887596294416
step=5981 tokens=783941632/1000000000 loss=3.2734 lr=6.11e-05 tok/s=40,270 eta=5365.178112201459
step=5982 tokens=784072704/1000000000 loss=3.2408 lr=6.11e-05 tok/s=40,203 eta=5370.88690451829
step=5983 tokens=784203776/1000000000 loss=3.2103 lr=6.1e-05 tok/s=40,187 eta=5369.736812826578
step=5984 tokens=784334848/1000000000 loss=3.2604 lr=6.1e-05 tok/s=40,225 eta=5361.514516156698
step=5985 tokens=784465920/1000000000 loss=3.2698 lr=6.1e-05 tok/s=40,232 eta=5357.233112833869
step=5986 tokens=784596992/1000000000 loss=3.2049 lr=6.09e-05 tok/s=40,225 eta=5354.99263137665
step=5987 tokens=784728064/1000000000 loss=3.2793 lr=6.09e-05 tok/s=40,222 eta=5352.044803664249
step=5988 tokens=784859136/1000000000 loss=3.2200 lr=6.09e-05 tok/s=40,376 eta=5328.464727977313
step=5989 tokens=784990208/1000000000 loss=3.2574 lr=6.08e-05 tok/s=40,327 eta=5331.717764413909
step=5990 tokens=785121280/1000000000 loss=3.2800 lr=6.08e-05 tok/s=40,512 eta=5304.105719153187
step=5991 tokens=785252352/1000000000 loss=3.2202 lr=6.07e-05 tok/s=40,371 eta=5319.369764012034
step=5992 tokens=785383424/1000000000 loss=3.2241 lr=6.07e-05 tok/s=40,414 eta=5310.439641629846
step=5993 tokens=785514496/1000000000 loss=3.2080 lr=6.07e-05 tok/s=40,411 eta=5307.6365048450025
step=5994 tokens=785645568/1000000000 loss=3.2264 lr=6.06e-05 tok/s=40,422 eta=5302.921011457115
step=5995 tokens=785776640/1000000000 loss=3.1938 lr=6.06e-05 tok/s=40,697 eta=5263.888931084344
step=5996 tokens=785907712/1000000000 loss=3.2537 lr=6.06e-05 tok/s=40,166 eta=5330.171283793196
step=5997 tokens=786038784/1000000000 loss=3.2701 lr=6.05e-05 tok/s=40,239 eta=5317.249813635533
step=5998 tokens=786169856/1000000000 loss=3.2164 lr=6.05e-05 tok/s=40,313 eta=5304.255533455389
step=5999 tokens=786300928/1000000000 loss=3.2061 lr=6.05e-05 tok/s=40,292 eta=5303.818409296936
step=6000 tokens=786432000/1000000000 loss=3.2483 lr=6.04e-05 tok/s=40,295 eta=5300.14088425294
checkpoint saved: runs/20260905-135527/checkpoints/step_000006000 (time)
step=6001 tokens=786563072/1000000000 loss=3.2083 lr=6.04e-05 tok/s=34,461 eta=6193.64845617433
step=6002 tokens=786694144/1000000000 loss=3.2279 lr=6.04e-05 tok/s=40,525 eta=5263.620955673406
step=6003 tokens=786825216/1000000000 loss=3.2202 lr=6.03e-05 tok/s=40,106 eta=5315.261253607122
step=6004 tokens=786956288/1000000000 loss=3.2368 lr=6.03e-05 tok/s=40,081 eta=5315.385916624261
step=6005 tokens=787087360/1000000000 loss=3.2328 lr=6.02e-05 tok/s=40,110 eta=5308.280230607158
step=6006 tokens=787218432/1000000000 loss=3.2392 lr=6.02e-05 tok/s=40,148 eta=5299.927076192318
step=6007 tokens=787349504/1000000000 loss=3.2241 lr=6.02e-05 tok/s=40,186 eta=5291.703832715512
step=6008 tokens=787480576/1000000000 loss=3.2319 lr=6.01e-05 tok/s=40,209 eta=5285.348309220736
step=6009 tokens=787611648/1000000000 loss=3.2440 lr=6.01e-05 tok/s=40,205 eta=5282.677611784905
step=6010 tokens=787742720/1000000000 loss=3.2431 lr=6.01e-05 tok/s=40,526 eta=5237.500491249893
step=6011 tokens=787873792/1000000000 loss=3.2185 lr=6e-05 tok/s=40,379 eta=5253.422913565186
step=6012 tokens=788004864/1000000000 loss=3.2369 lr=6e-05 tok/s=40,233 eta=5269.22855205425
step=6013 tokens=788135936/1000000000 loss=3.2111 lr=6e-05 tok/s=40,503 eta=5230.78771407792
step=6014 tokens=788267008/1000000000 loss=3.2457 lr=5.99e-05 tok/s=40,251 eta=5260.375620370708
step=6015 tokens=788398080/1000000000 loss=3.2320 lr=5.99e-05 tok/s=40,200 eta=5263.714995707931
step=6016 tokens=788529152/1000000000 loss=3.2307 lr=5.99e-05 tok/s=40,203 eta=5260.077982780924
step=6017 tokens=788660224/1000000000 loss=3.2263 lr=5.98e-05 tok/s=40,243 eta=5251.581779389212
step=6018 tokens=788791296/1000000000 loss=3.2376 lr=5.98e-05 tok/s=40,317 eta=5238.656612152769
step=6019 tokens=788922368/1000000000 loss=3.2474 lr=5.97e-05 tok/s=40,766 eta=5177.746196065573
step=6020 tokens=789053440/1000000000 loss=3.2377 lr=5.97e-05 tok/s=40,366 eta=5225.9065772389495
step=6021 tokens=789184512/1000000000 loss=3.2013 lr=5.97e-05 tok/s=40,342 eta=5225.661812484539
step=6022 tokens=789315584/1000000000 loss=3.1897 lr=5.96e-05 tok/s=40,341 eta=5222.651207831479
step=6023 tokens=789446656/1000000000 loss=3.2141 lr=5.96e-05 tok/s=40,339 eta=5219.56585498744
step=6024 tokens=789577728/1000000000 loss=3.2386 lr=5.96e-05 tok/s=40,404 eta=5207.967165548988
step=6025 tokens=789708800/1000000000 loss=3.2495 lr=5.95e-05 tok/s=40,307 eta=5217.284284582625
step=6026 tokens=789839872/1000000000 loss=3.1971 lr=5.95e-05 tok/s=40,205 eta=5227.264324170776
step=6027 tokens=789970944/1000000000 loss=3.2059 lr=5.95e-05 tok/s=40,374 eta=5202.045543583768
step=6028 tokens=790102016/1000000000 loss=3.1835 lr=5.94e-05 tok/s=29,499 eta=7115.512973410616
step=6029 tokens=790233088/1000000000 loss=3.2106 lr=5.94e-05 tok/s=40,462 eta=5184.29079621891
step=6030 tokens=790364160/1000000000 loss=2.7079 lr=5.94e-05 tok/s=40,745 eta=5145.121454934294
step=6031 tokens=790495232/1000000000 loss=2.4316 lr=5.93e-05 tok/s=40,220 eta=5208.93351342877
step=6032 tokens=790626304/1000000000 loss=2.3962 lr=5.93e-05 tok/s=40,565 eta=5161.474208614124
step=6033 tokens=790757376/1000000000 loss=2.3840 lr=5.92e-05 tok/s=40,166 eta=5209.504489527997
step=6034 tokens=790888448/1000000000 loss=2.3155 lr=5.92e-05 tok/s=40,222 eta=5198.978951790016
step=6035 tokens=791019520/1000000000 loss=2.3942 lr=5.92e-05 tok/s=39,983 eta=5226.761086396057
step=6036 tokens=791150592/1000000000 loss=2.3686 lr=5.91e-05 tok/s=40,253 eta=5188.363701867499
step=6037 tokens=791281664/1000000000 loss=2.3511 lr=5.91e-05 tok/s=40,194 eta=5192.823979425355
step=6038 tokens=791412736/1000000000 loss=2.3331 lr=5.91e-05 tok/s=40,224 eta=5185.691566852555
step=6039 tokens=791543808/1000000000 loss=2.3870 lr=5.9e-05 tok/s=40,349 eta=5166.285431207458
step=6040 tokens=791674880/1000000000 loss=2.2920 lr=5.9e-05 tok/s=40,545 eta=5138.167703556098
step=6041 tokens=791805952/1000000000 loss=2.3132 lr=5.9e-05 tok/s=39,991 eta=5205.970471733954
step=6042 tokens=791937024/1000000000 loss=2.2872 lr=5.89e-05 tok/s=40,353 eta=5156.08672395967
step=6043 tokens=792068096/1000000000 loss=2.3000 lr=5.89e-05 tok/s=40,238 eta=5167.536377290811
step=6044 tokens=792199168/1000000000 loss=2.3171 lr=5.89e-05 tok/s=40,316 eta=5154.276837495893
step=6045 tokens=792330240/1000000000 loss=2.3509 lr=5.88e-05 tok/s=40,317 eta=5150.916892347524
step=6046 tokens=792461312/1000000000 loss=2.2780 lr=5.88e-05 tok/s=40,336 eta=5145.298551225951
step=6047 tokens=792592384/1000000000 loss=2.3518 lr=5.88e-05 tok/s=40,488 eta=5122.640939304588
step=6048 tokens=792723456/1000000000 loss=2.2893 lr=5.87e-05 tok/s=40,307 eta=5142.394506367829
step=6049 tokens=792854528/1000000000 loss=2.2887 lr=5.87e-05 tok/s=40,216 eta=5150.764947838655
step=6050 tokens=792985600/1000000000 loss=2.3372 lr=5.87e-05 tok/s=40,330 eta=5133.018228382387
step=6051 tokens=793116672/1000000000 loss=2.2921 lr=5.86e-05 tok/s=40,256 eta=5139.134076838309
step=6052 tokens=793247744/1000000000 loss=2.2727 lr=5.86e-05 tok/s=40,205 eta=5142.445255488002
step=6053 tokens=793378816/1000000000 loss=2.3253 lr=5.85e-05 tok/s=40,461 eta=5106.637573276362
step=6054 tokens=793509888/1000000000 loss=2.2399 lr=5.85e-05 tok/s=40,455 eta=5104.201835229652
step=6055 tokens=793640960/1000000000 loss=2.2960 lr=5.85e-05 tok/s=40,233 eta=5129.087905174364
step=6056 tokens=793772032/1000000000 loss=2.2841 lr=5.84e-05 tok/s=40,332 eta=5113.2383432123
step=6057 tokens=793903104/1000000000 loss=2.2873 lr=5.84e-05 tok/s=39,928 eta=5161.730848271927
step=6058 tokens=794034176/1000000000 loss=2.2584 lr=5.84e-05 tok/s=40,112 eta=5134.798725490619
step=6059 tokens=794165248/1000000000 loss=2.2422 lr=5.83e-05 tok/s=40,420 eta=5092.4246967604
step=6060 tokens=794296320/1000000000 loss=2.3227 lr=5.83e-05 tok/s=40,314 eta=5102.524557214065
step=6061 tokens=794427392/1000000000 loss=2.2435 lr=5.83e-05 tok/s=40,387 eta=5090.019946631492
step=6062 tokens=794558464/1000000000 loss=2.6526 lr=5.82e-05 tok/s=40,611 eta=5058.822926299811
step=6063 tokens=794689536/1000000000 loss=2.8727 lr=5.82e-05 tok/s=40,462 eta=5074.123299602205
step=6064 tokens=794820608/1000000000 loss=2.8297 lr=5.82e-05 tok/s=40,692 eta=5042.228478433685
step=6065 tokens=794951680/1000000000 loss=2.8214 lr=5.81e-05 tok/s=40,514 eta=5061.139700226905
step=6066 tokens=795082752/1000000000 loss=2.8351 lr=5.81e-05 tok/s=40,386 eta=5073.974550854456
step=6067 tokens=795213824/1000000000 loss=2.7842 lr=5.81e-05 tok/s=40,371 eta=5072.631649255669
step=6068 tokens=795344896/1000000000 loss=2.8138 lr=5.8e-05 tok/s=40,433 eta=5061.543730237142
step=6069 tokens=795475968/1000000000 loss=2.7902 lr=5.8e-05 tok/s=40,322 eta=5072.254314911924
step=6070 tokens=795607040/1000000000 loss=2.8093 lr=5.8e-05 tok/s=40,285 eta=5073.646670631898
step=6071 tokens=795738112/1000000000 loss=2.7879 lr=5.79e-05 tok/s=39,964 eta=5111.2100753868135
step=6072 tokens=795869184/1000000000 loss=2.7555 lr=5.79e-05 tok/s=40,295 eta=5065.847813539048
step=6073 tokens=796000256/1000000000 loss=2.7481 lr=5.79e-05 tok/s=40,336 eta=5057.478797017973
step=6074 tokens=796131328/1000000000 loss=2.7503 lr=5.78e-05 tok/s=40,104 eta=5083.459324715858
step=6075 tokens=796262400/1000000000 loss=2.7749 lr=5.78e-05 tok/s=39,918 eta=5103.881701235446
step=6076 tokens=796393472/1000000000 loss=2.7489 lr=5.77e-05 tok/s=40,133 eta=5073.330856072798
step=6077 tokens=796524544/1000000000 loss=2.7619 lr=5.77e-05 tok/s=40,078 eta=5076.945362193998
step=6078 tokens=796655616/1000000000 loss=2.7813 lr=5.77e-05 tok/s=40,083 eta=5073.143880087625
step=6079 tokens=796786688/1000000000 loss=2.7570 lr=5.76e-05 tok/s=40,100 eta=5067.7164939536815
step=6080 tokens=796917760/1000000000 loss=2.7576 lr=5.76e-05 tok/s=40,088 eta=5065.972922162779
step=6081 tokens=797048832/1000000000 loss=2.7386 lr=5.76e-05 tok/s=40,087 eta=5062.73488271459
step=6082 tokens=797179904/1000000000 loss=2.7443 lr=5.75e-05 tok/s=40,106 eta=5057.086193866129
step=6083 tokens=797310976/1000000000 loss=2.7104 lr=5.75e-05 tok/s=40,138 eta=5049.77223357487
step=6084 tokens=797442048/1000000000 loss=2.7094 lr=5.75e-05 tok/s=40,174 eta=5042.00910738252
step=6085 tokens=797573120/1000000000 loss=2.7242 lr=5.74e-05 tok/s=40,222 eta=5032.800745868424
step=6086 tokens=797704192/1000000000 loss=2.7361 lr=5.74e-05 tok/s=40,470 eta=4998.609884396211
step=6087 tokens=797835264/1000000000 loss=2.7341 lr=5.74e-05 tok/s=40,366 eta=5008.296330957005
step=6088 tokens=797966336/1000000000 loss=2.7337 lr=5.73e-05 tok/s=40,330 eta=5009.53265659511
step=6089 tokens=798097408/1000000000 loss=2.7494 lr=5.73e-05 tok/s=40,436 eta=4993.186061833603
step=6090 tokens=798228480/1000000000 loss=2.7309 lr=5.73e-05 tok/s=40,265 eta=5011.113047240545
step=6091 tokens=798359552/1000000000 loss=2.7252 lr=5.72e-05 tok/s=40,104 eta=5027.945289104732
step=6092 tokens=798490624/1000000000 loss=2.7521 lr=5.72e-05 tok/s=40,144 eta=5019.7228237621375
step=6093 tokens=798621696/1000000000 loss=2.7345 lr=5.72e-05 tok/s=40,145 eta=5016.2477050565785
step=6094 tokens=798752768/1000000000 loss=2.7356 lr=5.71e-05 tok/s=40,147 eta=5012.779729141865
step=6095 tokens=798883840/1000000000 loss=2.7492 lr=5.71e-05 tok/s=40,419 eta=4975.793782858123
step=6096 tokens=799014912/1000000000 loss=2.7241 lr=5.71e-05 tok/s=40,100 eta=5012.1556867441
step=6097 tokens=799145984/1000000000 loss=2.7190 lr=5.7e-05 tok/s=40,179 eta=4999.033789038111
step=6098 tokens=799277056/1000000000 loss=2.7413 lr=5.7e-05 tok/s=40,153 eta=4998.898973857373
step=6099 tokens=799408128/1000000000 loss=2.7351 lr=5.7e-05 tok/s=40,327 eta=4974.169033785952
step=6100 tokens=799539200/1000000000 loss=2.7037 lr=5.69e-05 tok/s=40,601 eta=4937.347081447531
step=6101 tokens=799670272/1000000000 loss=2.7459 lr=5.69e-05 tok/s=40,561 eta=4938.940065049137
step=6102 tokens=799801344/1000000000 loss=2.7013 lr=5.69e-05 tok/s=40,596 eta=4931.54492824964
step=6103 tokens=799932416/1000000000 loss=2.6873 lr=5.68e-05 tok/s=40,428 eta=4948.7805923885435
step=6104 tokens=800063488/1000000000 loss=2.7203 lr=5.68e-05 tok/s=29,297 eta=6824.399609819269
checkpoint saved: runs/20260905-135527/checkpoints/tokens_000800m (permanent_tokens)
step=6105 tokens=800194560/1000000000 loss=2.7408 lr=5.68e-05 tok/s=33,981 eta=5879.947982430686
step=6106 tokens=800325632/1000000000 loss=2.7322 lr=5.67e-05 tok/s=40,086 eta=4981.179893567173
step=6107 tokens=800456704/1000000000 loss=2.6897 lr=5.67e-05 tok/s=39,853 eta=5007.022513365705
step=6108 tokens=800587776/1000000000 loss=2.7559 lr=5.67e-05 tok/s=40,089 eta=4974.252478553868
step=6109 tokens=800718848/1000000000 loss=2.7333 lr=5.66e-05 tok/s=40,084 eta=4971.6345437397285
step=6110 tokens=800849920/1000000000 loss=2.7193 lr=5.66e-05 tok/s=40,050 eta=4972.497584107186
step=6111 tokens=800980992/1000000000 loss=2.7127 lr=5.66e-05 tok/s=40,052 eta=4969.000375473303
step=6112 tokens=801112064/1000000000 loss=2.6918 lr=5.65e-05 tok/s=40,080 eta=4962.28887294039
step=6113 tokens=801243136/1000000000 loss=2.7194 lr=5.65e-05 tok/s=40,065 eta=4960.921480026197
step=6114 tokens=801374208/1000000000 loss=2.7351 lr=5.65e-05 tok/s=40,006 eta=4964.841148394668
step=6115 tokens=801505280/1000000000 loss=2.7110 lr=5.64e-05 tok/s=40,000 eta=4962.346142758781
step=6116 tokens=801636352/1000000000 loss=2.7114 lr=5.64e-05 tok/s=40,081 eta=4949.026611799651
step=6117 tokens=801767424/1000000000 loss=2.6613 lr=5.64e-05 tok/s=40,055 eta=4949.043323473417
step=6118 tokens=801898496/1000000000 loss=2.7442 lr=5.63e-05 tok/s=40,080 eta=4942.707103059495
step=6119 tokens=802029568/1000000000 loss=2.7300 lr=5.63e-05 tok/s=40,091 eta=4937.965572780234
step=6120 tokens=802160640/1000000000 loss=2.7132 lr=5.63e-05 tok/s=40,101 eta=4933.54502533323
step=6121 tokens=802291712/1000000000 loss=2.7251 lr=5.62e-05 tok/s=40,114 eta=4928.691852660019
step=6122 tokens=802422784/1000000000 loss=2.6774 lr=5.62e-05 tok/s=40,145 eta=4921.56204367417
step=6123 tokens=802553856/1000000000 loss=2.7062 lr=5.62e-05 tok/s=40,353 eta=4892.994688676794
step=6124 tokens=802684928/1000000000 loss=2.6724 lr=5.61e-05 tok/s=40,171 eta=4911.838140668883
step=6125 tokens=802816000/1000000000 loss=2.6740 lr=5.61e-05 tok/s=40,208 eta=4904.13643914826
step=6126 tokens=802947072/1000000000 loss=3.3985 lr=5.61e-05 tok/s=40,271 eta=4893.126492788577
step=6127 tokens=803078144/1000000000 loss=3.4848 lr=5.6e-05 tok/s=40,162 eta=4903.15160898515
step=6128 tokens=803209216/1000000000 loss=3.6088 lr=5.6e-05 tok/s=40,201 eta=4895.178809981962
step=6129 tokens=803340288/1000000000 loss=3.5986 lr=5.6e-05 tok/s=40,172 eta=4895.41347964094
step=6130 tokens=803471360/1000000000 loss=3.6025 lr=5.59e-05 tok/s=40,170 eta=4892.445778206142
step=6131 tokens=803602432/1000000000 loss=3.5968 lr=5.59e-05 tok/s=40,224 eta=4882.583408108428
step=6132 tokens=803733504/1000000000 loss=3.5786 lr=5.59e-05 tok/s=40,196 eta=4882.738457198891
step=6133 tokens=803864576/1000000000 loss=3.5408 lr=5.58e-05 tok/s=40,200 eta=4878.995097882298
step=6134 tokens=803995648/1000000000 loss=3.4884 lr=5.58e-05 tok/s=40,287 eta=4865.161178592934
step=6135 tokens=804126720/1000000000 loss=3.6332 lr=5.58e-05 tok/s=40,397 eta=4848.7239834992215
step=6136 tokens=804257792/1000000000 loss=3.6236 lr=5.57e-05 tok/s=40,272 eta=4860.471139395627
step=6137 tokens=804388864/1000000000 loss=3.5940 lr=5.57e-05 tok/s=40,301 eta=4853.740956839594
step=6138 tokens=804519936/1000000000 loss=3.5312 lr=5.57e-05 tok/s=40,273 eta=4853.850500574291
step=6139 tokens=804651008/1000000000 loss=3.7872 lr=5.56e-05 tok/s=40,190 eta=4860.672428105681
step=6140 tokens=804782080/1000000000 loss=3.2644 lr=5.56e-05 tok/s=40,214 eta=4854.496832885543
step=6141 tokens=804913152/1000000000 loss=3.5375 lr=5.56e-05 tok/s=40,176 eta=4855.820329295288
step=6142 tokens=805044224/1000000000 loss=3.5370 lr=5.55e-05 tok/s=40,235 eta=4845.377643670045
step=6143 tokens=805175296/1000000000 loss=3.4767 lr=5.55e-05 tok/s=40,176 eta=4849.308120338091
step=6144 tokens=805306368/1000000000 loss=3.6171 lr=5.55e-05 tok/s=40,265 eta=4835.274940610371
step=6145 tokens=805437440/1000000000 loss=3.5867 lr=5.54e-05 tok/s=40,330 eta=4824.248631749735
step=6146 tokens=805568512/1000000000 loss=3.5186 lr=5.54e-05 tok/s=40,271 eta=4828.05484174447
step=6147 tokens=805699584/1000000000 loss=3.4154 lr=5.54e-05 tok/s=40,277 eta=4824.065750110366
step=6148 tokens=805830656/1000000000 loss=3.5320 lr=5.53e-05 tok/s=39,681 eta=4893.241365266553
step=6149 tokens=805961728/1000000000 loss=3.5844 lr=5.53e-05 tok/s=39,926 eta=4859.917822019446
step=6150 tokens=806092800/1000000000 loss=3.7187 lr=5.53e-05 tok/s=40,060 eta=4840.427539050708
step=6151 tokens=806223872/1000000000 loss=3.5958 lr=5.52e-05 tok/s=40,105 eta=4831.715850237865
step=6152 tokens=806354944/1000000000 loss=3.5252 lr=5.52e-05 tok/s=40,177 eta=4819.858332103
step=6153 tokens=806486016/1000000000 loss=3.5630 lr=5.52e-05 tok/s=40,491 eta=4779.183507200467
step=6154 tokens=806617088/1000000000 loss=3.4678 lr=5.51e-05 tok/s=40,439 eta=4782.051529903349
step=6155 tokens=806748160/1000000000 loss=3.4877 lr=5.51e-05 tok/s=40,454 eta=4777.057489662319
step=6156 tokens=806879232/1000000000 loss=3.5048 lr=5.51e-05 tok/s=40,427 eta=4777.028239041227
step=6157 tokens=807010304/1000000000 loss=3.4949 lr=5.5e-05 tok/s=40,331 eta=4785.1901974968505
step=6158 tokens=807141376/1000000000 loss=3.4262 lr=5.5e-05 tok/s=39,998 eta=4821.689886138013
step=6159 tokens=807272448/1000000000 loss=3.3058 lr=5.5e-05 tok/s=39,866 eta=4834.3331320420075
step=6160 tokens=807403520/1000000000 loss=3.3926 lr=5.49e-05 tok/s=40,005 eta=4814.298379367506
step=6161 tokens=807534592/1000000000 loss=3.3807 lr=5.49e-05 tok/s=40,021 eta=4809.110357265503
step=6162 tokens=807665664/1000000000 loss=3.4263 lr=5.49e-05 tok/s=40,049 eta=4802.430052733899
step=6163 tokens=807796736/1000000000 loss=3.4576 lr=5.48e-05 tok/s=40,066 eta=4797.1088070758415
step=6164 tokens=807927808/1000000000 loss=3.4935 lr=5.48e-05 tok/s=40,342 eta=4761.0746616251
step=6165 tokens=808058880/1000000000 loss=3.4839 lr=5.48e-05 tok/s=40,272 eta=4766.124592428183
step=6166 tokens=808189952/1000000000 loss=3.3035 lr=5.47e-05 tok/s=40,200 eta=4771.450563058438
step=6167 tokens=808321024/1000000000 loss=3.2945 lr=5.47e-05 tok/s=40,194 eta=4768.880746698435
step=6168 tokens=808452096/1000000000 loss=3.3611 lr=5.47e-05 tok/s=40,148 eta=4771.089600711969
step=6169 tokens=808583168/1000000000 loss=3.4094 lr=5.46e-05 tok/s=40,176 eta=4764.500813373299
step=6170 tokens=808714240/1000000000 loss=3.3718 lr=5.46e-05 tok/s=39,972 eta=4785.450183873421
step=6171 tokens=808845312/1000000000 loss=3.3758 lr=5.46e-05 tok/s=39,933 eta=4786.835915842522
step=6172 tokens=808976384/1000000000 loss=3.3632 lr=5.45e-05 tok/s=40,171 eta=4755.277612486015
step=6173 tokens=809107456/1000000000 loss=3.4318 lr=5.45e-05 tok/s=40,212 eta=4747.156433636416
step=6174 tokens=809238528/1000000000 loss=3.3993 lr=5.45e-05 tok/s=40,198 eta=4745.590739012619
step=6175 tokens=809369600/1000000000 loss=3.3450 lr=5.44e-05 tok/s=40,282 eta=4732.450307475108
step=6176 tokens=809500672/1000000000 loss=3.4030 lr=5.44e-05 tok/s=40,371 eta=4718.668424334162
step=6177 tokens=809631744/1000000000 loss=3.4418 lr=5.44e-05 tok/s=40,169 eta=4739.142468587793
step=6178 tokens=809762816/1000000000 loss=3.4334 lr=5.43e-05 tok/s=40,214 eta=4730.588935078785
step=6179 tokens=809893888/1000000000 loss=3.3653 lr=5.43e-05 tok/s=40,311 eta=4715.974548654633
step=6180 tokens=810024960/1000000000 loss=3.2675 lr=5.43e-05 tok/s=29,202 eta=6505.637524129826
step=6181 tokens=810156032/1000000000 loss=3.4503 lr=5.42e-05 tok/s=40,298 eta=4711.008745805501
step=6182 tokens=810287104/1000000000 loss=3.4583 lr=5.42e-05 tok/s=40,313 eta=4706.047423827684
step=6183 tokens=810418176/1000000000 loss=3.4708 lr=5.42e-05 tok/s=40,325 eta=4701.295601164194
step=6184 tokens=810549248/1000000000 loss=3.4014 lr=5.41e-05 tok/s=40,294 eta=4701.759399946265
step=6185 tokens=810680320/1000000000 loss=3.3787 lr=5.41e-05 tok/s=40,284 eta=4699.636846975776
step=6186 tokens=810811392/1000000000 loss=3.4845 lr=5.41e-05 tok/s=40,148 eta=4712.304839474383
step=6187 tokens=810942464/1000000000 loss=3.4046 lr=5.4e-05 tok/s=40,022 eta=4723.801919156624
step=6188 tokens=811073536/1000000000 loss=3.3565 lr=5.4e-05 tok/s=40,021 eta=4720.6598608919585
step=6189 tokens=811204608/1000000000 loss=3.3641 lr=5.4e-05 tok/s=40,494 eta=4662.292729076176
step=6190 tokens=811335680/1000000000 loss=3.4308 lr=5.39e-05 tok/s=40,316 eta=4679.649868512645
step=6191 tokens=811466752/1000000000 loss=3.6479 lr=5.39e-05 tok/s=40,490 eta=4656.254148653632
step=6192 tokens=811597824/1000000000 loss=3.5076 lr=5.39e-05 tok/s=40,474 eta=4654.930180301176
step=6193 tokens=811728896/1000000000 loss=3.5887 lr=5.39e-05 tok/s=40,658 eta=4630.548630605565
step=6194 tokens=811859968/1000000000 loss=3.4206 lr=5.38e-05 tok/s=40,437 eta=4652.660157755146
step=6195 tokens=811991040/1000000000 loss=3.3016 lr=5.38e-05 tok/s=40,282 eta=4667.347774889673
step=6196 tokens=812122112/1000000000 loss=3.3722 lr=5.38e-05 tok/s=40,406 eta=4649.708803119849
step=6197 tokens=812253184/1000000000 loss=3.3867 lr=5.37e-05 tok/s=40,258 eta=4663.547581301225
step=6198 tokens=812384256/1000000000 loss=3.3860 lr=5.37e-05 tok/s=40,260 eta=4660.1600712048385
step=6199 tokens=812515328/1000000000 loss=3.3660 lr=5.37e-05 tok/s=40,523 eta=4626.6008453885
step=6200 tokens=812646400/1000000000 loss=3.5838 lr=5.36e-05 tok/s=40,430 eta=4634.005916386337
step=6201 tokens=812777472/1000000000 loss=3.3597 lr=5.36e-05 tok/s=40,375 eta=4637.046659234286
step=6202 tokens=812908544/1000000000 loss=3.5739 lr=5.36e-05 tok/s=40,599 eta=4608.274305275089
step=6203 tokens=813039616/1000000000 loss=3.4525 lr=5.35e-05 tok/s=40,257 eta=4644.19501163537
step=6204 tokens=813170688/1000000000 loss=3.3673 lr=5.35e-05 tok/s=40,415 eta=4622.748666291362
step=6205 tokens=813301760/1000000000 loss=3.5510 lr=5.35e-05 tok/s=40,584 eta=4600.3204469996035
step=6206 tokens=813432832/1000000000 loss=3.4778 lr=5.34e-05 tok/s=40,296 eta=4629.88914749798
step=6207 tokens=813563904/1000000000 loss=3.4555 lr=5.34e-05 tok/s=40,363 eta=4618.994544948674
step=6208 tokens=813694976/1000000000 loss=3.3493 lr=5.34e-05 tok/s=40,366 eta=4615.343463585067
step=6209 tokens=813826048/1000000000 loss=3.3467 lr=5.33e-05 tok/s=40,543 eta=4591.968400171604
step=6210 tokens=813957120/1000000000 loss=3.3641 lr=5.33e-05 tok/s=40,508 eta=4592.773974889684
step=6211 tokens=814088192/1000000000 loss=3.4611 lr=5.33e-05 tok/s=40,549 eta=4584.838368713937
step=6212 tokens=814219264/1000000000 loss=3.4482 lr=5.32e-05 tok/s=40,312 eta=4608.569320153462
step=6213 tokens=814350336/1000000000 loss=3.4169 lr=5.32e-05 tok/s=40,396 eta=4595.763185722259
step=6214 tokens=814481408/1000000000 loss=3.4301 lr=5.32e-05 tok/s=40,367 eta=4595.803477792274
step=6215 tokens=814612480/1000000000 loss=3.5068 lr=5.31e-05 tok/s=40,450 eta=4583.074452238102
step=6216 tokens=814743552/1000000000 loss=3.8946 lr=5.31e-05 tok/s=40,469 eta=4577.759108244372
step=6217 tokens=814874624/1000000000 loss=3.4235 lr=5.31e-05 tok/s=40,623 eta=4557.195983571911
step=6218 tokens=815005696/1000000000 loss=3.5183 lr=5.31e-05 tok/s=40,262 eta=4594.760284849713
step=6219 tokens=815136768/1000000000 loss=3.4047 lr=5.3e-05 tok/s=40,246 eta=4593.34323467377
step=6220 tokens=815267840/1000000000 loss=3.5068 lr=5.3e-05 tok/s=40,556 eta=4554.967589836905
step=6221 tokens=815398912/1000000000 loss=3.4048 lr=5.3e-05 tok/s=40,194 eta=4592.746257663596
step=6222 tokens=815529984/1000000000 loss=3.3977 lr=5.29e-05 tok/s=40,303 eta=4577.02963351194
step=6223 tokens=815661056/1000000000 loss=3.5433 lr=5.29e-05 tok/s=40,276 eta=4576.946991048491
step=6224 tokens=815792128/1000000000 loss=3.4925 lr=5.29e-05 tok/s=40,474 eta=4551.229637343532
step=6225 tokens=815923200/1000000000 loss=3.4658 lr=5.28e-05 tok/s=40,395 eta=4556.9728305171675
step=6226 tokens=816054272/1000000000 loss=3.4854 lr=5.28e-05 tok/s=40,073 eta=4590.264105238183
step=6227 tokens=816185344/1000000000 loss=3.3049 lr=5.28e-05 tok/s=40,306 eta=4560.522903759191
step=6228 tokens=816316416/1000000000 loss=3.4617 lr=5.27e-05 tok/s=40,240 eta=4564.702597938184
step=6229 tokens=816447488/1000000000 loss=3.5655 lr=5.27e-05 tok/s=40,386 eta=4545.001067763362
step=6230 tokens=816578560/1000000000 loss=3.3638 lr=5.27e-05 tok/s=40,350 eta=4545.751454179135
step=6231 tokens=816709632/1000000000 loss=3.4275 lr=5.26e-05 tok/s=40,342 eta=4543.400637938041
step=6232 tokens=816840704/1000000000 loss=3.5617 lr=5.26e-05 tok/s=40,406 eta=4532.985721076438
step=6233 tokens=816971776/1000000000 loss=3.4589 lr=5.26e-05 tok/s=40,325 eta=4538.796651333315
step=6234 tokens=817102848/1000000000 loss=3.5033 lr=5.25e-05 tok/s=40,462 eta=4520.192775054607
step=6235 tokens=817233920/1000000000 loss=3.4619 lr=5.25e-05 tok/s=40,440 eta=4519.4130086398745
step=6236 tokens=817364992/1000000000 loss=3.5213 lr=5.25e-05 tok/s=40,371 eta=4523.970680638382
step=6237 tokens=817496064/1000000000 loss=3.4432 lr=5.25e-05 tok/s=40,465 eta=4510.210069558953
step=6238 tokens=817627136/1000000000 loss=3.5364 lr=5.24e-05 tok/s=40,560 eta=4496.32180186563
step=6239 tokens=817758208/1000000000 loss=3.5107 lr=5.24e-05 tok/s=40,371 eta=4514.190164976369
step=6240 tokens=817889280/1000000000 loss=3.4182 lr=5.24e-05 tok/s=40,657 eta=4479.251107503691
step=6241 tokens=818020352/1000000000 loss=3.3387 lr=5.23e-05 tok/s=40,362 eta=4508.695180171512
step=6242 tokens=818151424/1000000000 loss=3.4757 lr=5.23e-05 tok/s=40,338 eta=4508.1036656064525
step=6243 tokens=818282496/1000000000 loss=3.3535 lr=5.23e-05 tok/s=40,339 eta=4504.782740080335
step=6244 tokens=818413568/1000000000 loss=3.4524 lr=5.22e-05 tok/s=40,461 eta=4487.9473180099885
step=6245 tokens=818544640/1000000000 loss=3.4307 lr=5.22e-05 tok/s=40,379 eta=4493.784632520692
step=6246 tokens=818675712/1000000000 loss=3.4614 lr=5.22e-05 tok/s=40,578 eta=4468.520508714868
step=6247 tokens=818806784/1000000000 loss=3.4826 lr=5.21e-05 tok/s=40,600 eta=4462.8335171998915
step=6248 tokens=818937856/1000000000 loss=3.3940 lr=5.21e-05 tok/s=40,544 eta=4465.825371808294
step=6249 tokens=819068928/1000000000 loss=3.2957 lr=5.21e-05 tok/s=40,606 eta=4455.819061628832
step=6250 tokens=819200000/1000000000 loss=3.4377 lr=5.2e-05 tok/s=40,239 eta=4493.142934666139
step=6251 tokens=819331072/1000000000 loss=3.4806 lr=5.2e-05 tok/s=40,189 eta=4495.524955976213
step=6252 tokens=819462144/1000000000 loss=3.3684 lr=5.2e-05 tok/s=40,334 eta=4476.064562542017
step=6253 tokens=819593216/1000000000 loss=3.4920 lr=5.2e-05 tok/s=40,580 eta=4445.655099273663
step=6254 tokens=819724288/1000000000 loss=3.4258 lr=5.19e-05 tok/s=40,387 eta=4463.679159556088
step=6255 tokens=819855360/1000000000 loss=3.3934 lr=5.19e-05 tok/s=40,577 eta=4439.550072281614
step=6256 tokens=819986432/1000000000 loss=3.4161 lr=5.19e-05 tok/s=40,490 eta=4445.825513706922
step=6257 tokens=820117504/1000000000 loss=3.5066 lr=5.18e-05 tok/s=29,162 eta=6168.4198870515365
step=6258 tokens=820248576/1000000000 loss=3.3654 lr=5.18e-05 tok/s=40,305 eta=4459.82596979619
step=6259 tokens=820379648/1000000000 loss=3.4040 lr=5.18e-05 tok/s=40,285 eta=4458.725147812671
step=6260 tokens=820510720/1000000000 loss=3.4562 lr=5.17e-05 tok/s=40,890 eta=4389.603135354602
step=6261 tokens=820641792/1000000000 loss=3.4303 lr=5.17e-05 tok/s=40,710 eta=4405.795339686073
step=6262 tokens=820772864/1000000000 loss=3.3340 lr=5.17e-05 tok/s=40,358 eta=4440.974231930399
step=6263 tokens=820903936/1000000000 loss=3.4180 lr=5.16e-05 tok/s=40,784 eta=4391.377336894375
step=6264 tokens=821035008/1000000000 loss=3.3623 lr=5.16e-05 tok/s=40,563 eta=4412.0703138410945
step=6265 tokens=821166080/1000000000 loss=3.4187 lr=5.16e-05 tok/s=40,683 eta=4395.840369705173
step=6266 tokens=821297152/1000000000 loss=3.4805 lr=5.16e-05 tok/s=40,506 eta=4411.768931588808
step=6267 tokens=821428224/1000000000 loss=3.3769 lr=5.15e-05 tok/s=40,640 eta=4393.99536671047
step=6268 tokens=821559296/1000000000 loss=3.2596 lr=5.15e-05 tok/s=40,574 eta=4397.897808640184
step=6269 tokens=821690368/1000000000 loss=3.4054 lr=5.15e-05 tok/s=40,553 eta=4396.967602628366
step=6270 tokens=821821440/1000000000 loss=3.3856 lr=5.14e-05 tok/s=40,471 eta=4402.638766432913
step=6271 tokens=821952512/1000000000 loss=3.3873 lr=5.14e-05 tok/s=40,437 eta=4403.03011974319
step=6272 tokens=822083584/1000000000 loss=3.4146 lr=5.14e-05 tok/s=40,231 eta=4422.422873007661
step=6273 tokens=822214656/1000000000 loss=3.3618 lr=5.13e-05 tok/s=40,237 eta=4418.49572952793
step=6274 tokens=822345728/1000000000 loss=3.4784 lr=5.13e-05 tok/s=40,248 eta=4414.024390983217
step=6275 tokens=822476800/1000000000 loss=3.3914 lr=5.13e-05 tok/s=40,236 eta=4412.028195461107
step=6276 tokens=822607872/1000000000 loss=3.3423 lr=5.12e-05 tok/s=40,243 eta=4408.075567644139
step=6277 tokens=822738944/1000000000 loss=3.3611 lr=5.12e-05 tok/s=40,511 eta=4375.651131263844
step=6278 tokens=822870016/1000000000 loss=3.4576 lr=5.12e-05 tok/s=40,330 eta=4392.008815007868
step=6279 tokens=823001088/1000000000 loss=3.2633 lr=5.12e-05 tok/s=40,255 eta=4396.984637731795
step=6280 tokens=823132160/1000000000 loss=3.4003 lr=5.11e-05 tok/s=40,438 eta=4373.835291531275
step=6281 tokens=823263232/1000000000 loss=3.3266 lr=5.11e-05 tok/s=40,267 eta=4389.076573567072
step=6282 tokens=823394304/1000000000 loss=3.5117 lr=5.11e-05 tok/s=40,302 eta=4382.04956973497
step=6283 tokens=823525376/1000000000 loss=3.4909 lr=5.1e-05 tok/s=40,295 eta=4379.6052599897075
step=6284 tokens=823656448/1000000000 loss=3.4203 lr=5.1e-05 tok/s=40,294 eta=4376.404352742904
step=6285 tokens=823787520/1000000000 loss=3.4115 lr=5.1e-05 tok/s=40,386 eta=4363.247730205137
step=6286 tokens=823918592/1000000000 loss=2.7763 lr=5.09e-05 tok/s=40,345 eta=4364.391416580598
step=6287 tokens=824049664/1000000000 loss=2.3716 lr=5.09e-05 tok/s=40,342 eta=4361.444997569108
step=6288 tokens=824180736/1000000000 loss=2.4075 lr=5.09e-05 tok/s=40,200 eta=4373.640434750082
step=6289 tokens=824311808/1000000000 loss=2.3820 lr=5.09e-05 tok/s=40,333 eta=4355.944063785991
step=6290 tokens=824442880/1000000000 loss=2.3012 lr=5.08e-05 tok/s=40,339 eta=4352.087121671389
step=6291 tokens=824573952/1000000000 loss=2.3227 lr=5.08e-05 tok/s=40,359 eta=4346.668117077088
step=6292 tokens=824705024/1000000000 loss=2.3510 lr=5.08e-05 tok/s=40,339 eta=4345.563997063954
step=6293 tokens=824836096/1000000000 loss=2.3448 lr=5.07e-05 tok/s=40,250 eta=4351.909934858064
step=6294 tokens=824967168/1000000000 loss=2.3135 lr=5.07e-05 tok/s=40,256 eta=4347.960616121696
step=6295 tokens=825098240/1000000000 loss=2.3611 lr=5.07e-05 tok/s=40,149 eta=4356.358428183659
step=6296 tokens=825229312/1000000000 loss=2.3471 lr=5.06e-05 tok/s=40,212 eta=4346.235065571061
step=6297 tokens=825360384/1000000000 loss=2.3223 lr=5.06e-05 tok/s=40,305 eta=4332.96886823527
step=6298 tokens=825491456/1000000000 loss=2.2895 lr=5.06e-05 tok/s=40,467 eta=4312.350153533154
step=6299 tokens=825622528/1000000000 loss=2.2966 lr=5.05e-05 tok/s=40,493 eta=4306.392010362666
step=6300 tokens=825753600/1000000000 loss=2.3000 lr=5.05e-05 tok/s=40,599 eta=4291.92730411081
step=6301 tokens=825884672/1000000000 loss=2.2879 lr=5.05e-05 tok/s=40,253 eta=4325.488219071491
step=6302 tokens=826015744/1000000000 loss=2.2735 lr=5.05e-05 tok/s=40,165 eta=4331.736376331249
step=6303 tokens=826146816/1000000000 loss=2.3016 lr=5.04e-05 tok/s=40,265 eta=4317.691058879926
step=6304 tokens=826277888/1000000000 loss=2.3042 lr=5.04e-05 tok/s=40,169 eta=4324.766745185564
step=6305 tokens=826408960/1000000000 loss=2.2288 lr=5.04e-05 tok/s=40,125 eta=4326.246558917644
step=6306 tokens=826540032/1000000000 loss=2.2856 lr=5.03e-05 tok/s=40,148 eta=4320.5245469644515
step=6307 tokens=826671104/1000000000 loss=2.3382 lr=5.03e-05 tok/s=40,097 eta=4322.716805918975
step=6308 tokens=826802176/1000000000 loss=2.2420 lr=5.03e-05 tok/s=39,907 eta=4340.01147346959
step=6309 tokens=826933248/1000000000 loss=2.3046 lr=5.02e-05 tok/s=40,135 eta=4312.1212687555535
step=6310 tokens=827064320/1000000000 loss=2.2749 lr=5.02e-05 tok/s=40,126 eta=4309.821578658232
step=6311 tokens=827195392/1000000000 loss=2.3162 lr=5.02e-05 tok/s=40,147 eta=4304.335625887752
step=6312 tokens=827326464/1000000000 loss=2.2688 lr=5.02e-05 tok/s=40,145 eta=4301.272698572706
step=6313 tokens=827457536/1000000000 loss=2.2707 lr=5.01e-05 tok/s=40,135 eta=4299.01114635726
step=6314 tokens=827588608/1000000000 loss=2.2565 lr=5.01e-05 tok/s=40,146 eta=4294.627683875423
step=6315 tokens=827719680/1000000000 loss=2.2396 lr=5.01e-05 tok/s=39,922 eta=4315.389319549546
step=6316 tokens=827850752/1000000000 loss=2.2423 lr=5e-05 tok/s=40,135 eta=4289.259276032382
step=6317 tokens=827981824/1000000000 loss=2.3035 lr=5e-05 tok/s=40,145 eta=4284.948698790014
step=6318 tokens=828112896/1000000000 loss=3.0796 lr=5e-05 tok/s=40,159 eta=4280.161107163713
step=6319 tokens=828243968/1000000000 loss=3.5814 lr=5e-05 tok/s=40,345 eta=4257.165398889605
step=6320 tokens=828375040/1000000000 loss=3.6884 lr=4.99e-05 tok/s=40,056 eta=4284.615377060568
step=6321 tokens=828506112/1000000000 loss=3.4284 lr=4.99e-05 tok/s=40,089 eta=4277.837543875853
step=6322 tokens=828637184/1000000000 loss=3.5147 lr=4.99e-05 tok/s=40,243 eta=4258.220539099447
step=6323 tokens=828768256/1000000000 loss=3.4042 lr=4.98e-05 tok/s=40,187 eta=4260.846196577504
step=6324 tokens=828899328/1000000000 loss=3.5476 lr=4.98e-05 tok/s=40,372 eta=4238.122482440431
step=6325 tokens=829030400/1000000000 loss=3.5912 lr=4.98e-05 tok/s=40,350 eta=4237.170203112368
step=6326 tokens=829161472/1000000000 loss=3.3237 lr=4.97e-05 tok/s=40,286 eta=4240.649990459727
step=6327 tokens=829292544/1000000000 loss=3.4522 lr=4.97e-05 tok/s=40,291 eta=4236.839939621175
step=6328 tokens=829423616/1000000000 loss=3.4528 lr=4.97e-05 tok/s=40,289 eta=4233.847217458617
step=6329 tokens=829554688/1000000000 loss=3.4479 lr=4.97e-05 tok/s=40,355 eta=4223.664732629395
step=6330 tokens=829685760/1000000000 loss=3.0145 lr=4.96e-05 tok/s=40,370 eta=4218.828943834648
step=6331 tokens=829816832/1000000000 loss=3.4404 lr=4.96e-05 tok/s=40,247 eta=4228.4928555582055
step=6332 tokens=829947904/1000000000 loss=3.3713 lr=4.96e-05 tok/s=40,247 eta=4225.205266185404
step=6333 tokens=830078976/1000000000 loss=3.6116 lr=4.95e-05 tok/s=29,225 eta=5814.29460871676
step=6334 tokens=830210048/1000000000 loss=3.5223 lr=4.95e-05 tok/s=40,326 eta=4210.422772457586
step=6335 tokens=830341120/1000000000 loss=3.5343 lr=4.95e-05 tok/s=40,356 eta=4204.072313241621
step=6336 tokens=830472192/1000000000 loss=3.3844 lr=4.94e-05 tok/s=40,061 eta=4231.7477589009095
step=6337 tokens=830603264/1000000000 loss=3.4316 lr=4.94e-05 tok/s=40,356 eta=4197.514947510218
step=6338 tokens=830734336/1000000000 loss=3.6212 lr=4.94e-05 tok/s=40,426 eta=4187.062622039155
step=6339 tokens=830865408/1000000000 loss=3.5381 lr=4.94e-05 tok/s=40,138 eta=4213.813001523048
step=6340 tokens=830996480/1000000000 loss=3.6562 lr=4.93e-05 tok/s=40,198 eta=4204.275345184057
step=6341 tokens=831127552/1000000000 loss=3.5682 lr=4.93e-05 tok/s=40,366 eta=4183.480882920318
step=6342 tokens=831258624/1000000000 loss=3.4962 lr=4.93e-05 tok/s=40,310 eta=4186.1164771154845
step=6343 tokens=831389696/1000000000 loss=3.5772 lr=4.92e-05 tok/s=40,253 eta=4188.789017553975
step=6344 tokens=831520768/1000000000 loss=3.4819 lr=4.92e-05 tok/s=40,264 eta=4184.365103665589
step=6345 tokens=831651840/1000000000 loss=3.4743 lr=4.92e-05 tok/s=40,264 eta=4181.135403862257
step=6346 tokens=831782912/1000000000 loss=3.6004 lr=4.92e-05 tok/s=40,370 eta=4166.869341327292
step=6347 tokens=831913984/1000000000 loss=3.5958 lr=4.91e-05 tok/s=40,338 eta=4166.888412956446
step=6348 tokens=832045056/1000000000 loss=3.6136 lr=4.91e-05 tok/s=40,315 eta=4166.094964076133
step=6349 tokens=832176128/1000000000 loss=3.5968 lr=4.91e-05 tok/s=40,658 eta=4127.660683317402
step=6350 tokens=832307200/1000000000 loss=3.4444 lr=4.9e-05 tok/s=40,016 eta=4190.652994979536
step=6351 tokens=832438272/1000000000 loss=3.4209 lr=4.9e-05 tok/s=40,287 eta=4159.1705395136905
step=6352 tokens=832569344/1000000000 loss=3.4412 lr=4.9e-05 tok/s=40,485 eta=4135.631408490537
step=6353 tokens=832700416/1000000000 loss=3.3806 lr=4.9e-05 tok/s=40,582 eta=4122.498649872173
step=6354 tokens=832831488/1000000000 loss=3.5241 lr=4.89e-05 tok/s=40,462 eta=4131.5099746414335
step=6355 tokens=832962560/1000000000 loss=3.5529 lr=4.89e-05 tok/s=40,486 eta=4125.802337389413
step=6356 tokens=833093632/1000000000 loss=3.3379 lr=4.89e-05 tok/s=40,372 eta=4134.227537994999
step=6357 tokens=833224704/1000000000 loss=3.2728 lr=4.88e-05 tok/s=40,310 eta=4137.278261134232
step=6358 tokens=833355776/1000000000 loss=3.4288 lr=4.88e-05 tok/s=40,475 eta=4117.224750873829
step=6359 tokens=833486848/1000000000 loss=3.6242 lr=4.88e-05 tok/s=40,556 eta=4105.735864722811
step=6360 tokens=833617920/1000000000 loss=3.4351 lr=4.88e-05 tok/s=40,662 eta=4091.7865293599384
step=6361 tokens=833748992/1000000000 loss=3.3950 lr=4.87e-05 tok/s=40,767 eta=4078.07432402752
step=6362 tokens=833880064/1000000000 loss=3.3909 lr=4.87e-05 tok/s=40,712 eta=4080.345201140172
step=6363 tokens=834011136/1000000000 loss=3.4122 lr=4.87e-05 tok/s=40,552 eta=4093.2657849881743
step=6364 tokens=834142208/1000000000 loss=3.3647 lr=4.86e-05 tok/s=40,373 eta=4108.167407554635
step=6365 tokens=834273280/1000000000 loss=3.3948 lr=4.86e-05 tok/s=40,475 eta=4094.520079026421
step=6366 tokens=834404352/1000000000 loss=3.4716 lr=4.86e-05 tok/s=40,396 eta=4099.313667525101
step=6367 tokens=834535424/1000000000 loss=3.4112 lr=4.86e-05 tok/s=40,415 eta=4094.179623877829
step=6368 tokens=834666496/1000000000 loss=3.3388 lr=4.85e-05 tok/s=40,702 eta=4062.041555295483
step=6369 tokens=834797568/1000000000 loss=3.4266 lr=4.85e-05 tok/s=40,396 eta=4089.583206956522
step=6370 tokens=834928640/1000000000 loss=3.4095 lr=4.85e-05 tok/s=40,757 eta=4050.1270641052206
step=6371 tokens=835059712/1000000000 loss=3.4653 lr=4.84e-05 tok/s=40,327 eta=4090.097711092324
step=6372 tokens=835190784/1000000000 loss=3.6123 lr=4.84e-05 tok/s=40,597 eta=4059.651584659579
step=6373 tokens=835321856/1000000000 loss=3.4299 lr=4.84e-05 tok/s=40,494 eta=4066.7144634700044
step=6374 tokens=835452928/1000000000 loss=3.3691 lr=4.84e-05 tok/s=40,276 eta=4085.4570374132827
step=6375 tokens=835584000/1000000000 loss=3.4380 lr=4.83e-05 tok/s=40,526 eta=4057.0506909069977
step=6376 tokens=835715072/1000000000 loss=3.3998 lr=4.83e-05 tok/s=40,282 eta=4078.3249139432605
step=6377 tokens=835846144/1000000000 loss=3.5080 lr=4.83e-05 tok/s=40,253 eta=4078.09291657248
step=6378 tokens=835977216/1000000000 loss=3.4760 lr=4.82e-05 tok/s=40,265 eta=4073.551497758524
step=6379 tokens=836108288/1000000000 loss=3.3886 lr=4.82e-05 tok/s=40,245 eta=4072.3585288640684
step=6380 tokens=836239360/1000000000 loss=3.4669 lr=4.82e-05 tok/s=40,385 eta=4054.9890840699186
checkpoint saved: runs/20260905-135527/checkpoints/step_000006380 (time)
step=6381 tokens=836370432/1000000000 loss=3.5026 lr=4.82e-05 tok/s=32,913 eta=4971.629241841493
step=6382 tokens=836501504/1000000000 loss=3.1087 lr=4.81e-05 tok/s=40,563 eta=4030.696174240637
step=6383 tokens=836632576/1000000000 loss=2.8786 lr=4.81e-05 tok/s=40,528 eta=4030.9352644920987
step=6384 tokens=836763648/1000000000 loss=2.8722 lr=4.81e-05 tok/s=40,348 eta=4045.740535990543
step=6385 tokens=836894720/1000000000 loss=2.8282 lr=4.8e-05 tok/s=40,301 eta=4047.197693628118
step=6386 tokens=837025792/1000000000 loss=2.7950 lr=4.8e-05 tok/s=40,448 eta=4029.1920891736686
step=6387 tokens=837156864/1000000000 loss=2.8034 lr=4.8e-05 tok/s=40,581 eta=4012.7463094601603
step=6388 tokens=837287936/1000000000 loss=2.8017 lr=4.8e-05 tok/s=40,653 eta=4002.4840017480506
step=6389 tokens=837419008/1000000000 loss=2.7712 lr=4.79e-05 tok/s=40,737 eta=3990.9497825016065
step=6390 tokens=837550080/1000000000 loss=2.7920 lr=4.79e-05 tok/s=40,563 eta=4004.879495169019
step=6391 tokens=837681152/1000000000 loss=2.8006 lr=4.79e-05 tok/s=40,358 eta=4021.965189840677
step=6392 tokens=837812224/1000000000 loss=2.7637 lr=4.78e-05 tok/s=40,310 eta=4023.552724776918
step=6393 tokens=837943296/1000000000 loss=2.7686 lr=4.78e-05 tok/s=40,320 eta=4019.2418529568436
step=6394 tokens=838074368/1000000000 loss=2.7707 lr=4.78e-05 tok/s=40,311 eta=4016.953368818062
step=6395 tokens=838205440/1000000000 loss=2.7396 lr=4.78e-05 tok/s=40,399 eta=4004.873885737639
step=6396 tokens=838336512/1000000000 loss=2.7478 lr=4.77e-05 tok/s=40,350 eta=4006.560339522323
step=6397 tokens=838467584/1000000000 loss=2.7447 lr=4.77e-05 tok/s=40,218 eta=4016.470536337358
step=6398 tokens=838598656/1000000000 loss=2.7304 lr=4.77e-05 tok/s=40,263 eta=4008.706857774003
step=6399 tokens=838729728/1000000000 loss=2.7129 lr=4.76e-05 tok/s=40,289 eta=4002.8687555948018
step=6400 tokens=838860800/1000000000 loss=2.7201 lr=4.76e-05 tok/s=40,242 eta=4004.2773303147046
step=6401 tokens=838991872/1000000000 loss=2.7602 lr=4.76e-05 tok/s=40,273 eta=3997.9055993159245
step=6402 tokens=839122944/1000000000 loss=2.7450 lr=4.76e-05 tok/s=40,277 eta=3994.293816529592
step=6403 tokens=839254016/1000000000 loss=2.7424 lr=4.75e-05 tok/s=40,401 eta=3978.7313103376573
step=6404 tokens=839385088/1000000000 loss=2.7469 lr=4.75e-05 tok/s=40,549 eta=3960.9841220336984
step=6405 tokens=839516160/1000000000 loss=2.7004 lr=4.75e-05 tok/s=40,403 eta=3972.107290532201
step=6406 tokens=839647232/1000000000 loss=2.7030 lr=4.74e-05 tok/s=40,388 eta=3970.3331997203827
step=6407 tokens=839778304/1000000000 loss=2.6832 lr=4.74e-05 tok/s=40,257 eta=3980.005937716277
step=6408 tokens=839909376/1000000000 loss=2.7409 lr=4.74e-05 tok/s=40,271 eta=3975.2963708798766
step=6409 tokens=840040448/1000000000 loss=2.7372 lr=4.74e-05 tok/s=29,205 eta=5477.208904270925
step=6410 tokens=840171520/1000000000 loss=2.7505 lr=4.73e-05 tok/s=40,312 eta=3964.769333343975
step=6411 tokens=840302592/1000000000 loss=2.7062 lr=4.73e-05 tok/s=40,522 eta=3940.9712079814426
step=6412 tokens=840433664/1000000000 loss=2.7123 lr=4.73e-05 tok/s=40,474 eta=3942.4108298388014
step=6413 tokens=840564736/1000000000 loss=2.7067 lr=4.73e-05 tok/s=40,398 eta=3946.6588804883645
step=6414 tokens=840695808/1000000000 loss=3.3265 lr=4.72e-05 tok/s=40,449 eta=3938.3953198102995
step=6415 tokens=840826880/1000000000 loss=3.6063 lr=4.72e-05 tok/s=40,479 eta=3932.22366902326
step=6416 tokens=840957952/1000000000 loss=3.5594 lr=4.72e-05 tok/s=40,589 eta=3918.383197940809
step=6417 tokens=841089024/1000000000 loss=3.6659 lr=4.71e-05 tok/s=40,434 eta=3930.1502551697677
step=6418 tokens=841220096/1000000000 loss=3.6050 lr=4.71e-05 tok/s=40,327 eta=3937.3511625175947
step=6419 tokens=841351168/1000000000 loss=3.5703 lr=4.71e-05 tok/s=40,466 eta=3920.545335017195
step=6420 tokens=841482240/1000000000 loss=3.5326 lr=4.71e-05 tok/s=40,381 eta=3925.5322279604707
step=6421 tokens=841613312/1000000000 loss=3.4102 lr=4.7e-05 tok/s=40,574 eta=3903.6520533844
step=6422 tokens=841744384/1000000000 loss=3.5186 lr=4.7e-05 tok/s=40,608 eta=3897.150950476823
step=6423 tokens=841875456/1000000000 loss=3.2892 lr=4.7e-05 tok/s=40,331 eta=3920.6940403291856
step=6424 tokens=842006528/1000000000 loss=3.4914 lr=4.69e-05 tok/s=40,558 eta=3895.4875000633415
step=6425 tokens=842137600/1000000000 loss=3.4144 lr=4.69e-05 tok/s=39,937 eta=3952.797568907306
step=6426 tokens=842268672/1000000000 loss=3.5316 lr=4.69e-05 tok/s=40,252 eta=3918.566282612674
step=6427 tokens=842399744/1000000000 loss=3.5233 lr=4.69e-05 tok/s=40,213 eta=3919.1731736740658
step=6428 tokens=842530816/1000000000 loss=3.5573 lr=4.68e-05 tok/s=40,232 eta=3914.0462344493044
step=6429 tokens=842661888/1000000000 loss=3.4680 lr=4.68e-05 tok/s=40,250 eta=3908.9789966419426
step=6430 tokens=842792960/1000000000 loss=3.5322 lr=4.68e-05 tok/s=40,488 eta=3882.7833775541694
step=6431 tokens=842924032/1000000000 loss=3.5472 lr=4.68e-05 tok/s=40,607 eta=3868.160659027207
step=6432 tokens=843055104/1000000000 loss=3.4824 lr=4.67e-05 tok/s=40,390 eta=3885.768140518605
step=6433 tokens=843186176/1000000000 loss=3.5821 lr=4.67e-05 tok/s=40,274 eta=3893.7204690069
step=6434 tokens=843317248/1000000000 loss=3.4945 lr=4.67e-05 tok/s=40,358 eta=3882.352302646419
step=6435 tokens=843448320/1000000000 loss=3.6388 lr=4.66e-05 tok/s=40,322 eta=3882.5235872443964
step=6436 tokens=843579392/1000000000 loss=3.4772 lr=4.66e-05 tok/s=40,517 eta=3860.6367612264016
step=6437 tokens=843710464/1000000000 loss=3.5418 lr=4.66e-05 tok/s=40,290 eta=3879.094620700944
step=6438 tokens=843841536/1000000000 loss=3.5360 lr=4.66e-05 tok/s=40,398 eta=3865.5201784245614
step=6439 tokens=843972608/1000000000 loss=3.5142 lr=4.65e-05 tok/s=40,383 eta=3863.67823383117
step=6440 tokens=844103680/1000000000 loss=3.4850 lr=4.65e-05 tok/s=40,228 eta=3875.270777281711
step=6441 tokens=844234752/1000000000 loss=3.7109 lr=4.65e-05 tok/s=40,214 eta=3873.40462844912
step=6442 tokens=844365824/1000000000 loss=3.5962 lr=4.65e-05 tok/s=40,220 eta=3869.573285889425
step=6443 tokens=844496896/1000000000 loss=3.4921 lr=4.64e-05 tok/s=40,272 eta=3861.336240035233
step=6444 tokens=844627968/1000000000 loss=3.5476 lr=4.64e-05 tok/s=40,481 eta=3838.123459679542
step=6445 tokens=844759040/1000000000 loss=3.4834 lr=4.64e-05 tok/s=40,299 eta=3852.219336682847
step=6446 tokens=844890112/1000000000 loss=3.3665 lr=4.63e-05 tok/s=40,376 eta=3841.642278981792
step=6447 tokens=845021184/1000000000 loss=3.2877 lr=4.63e-05 tok/s=40,691 eta=3808.6864649430727
step=6448 tokens=845152256/1000000000 loss=3.2891 lr=4.63e-05 tok/s=40,831 eta=3792.37217842598
step=6449 tokens=845283328/1000000000 loss=3.2839 lr=4.63e-05 tok/s=40,533 eta=3817.0967489801005
step=6450 tokens=845414400/1000000000 loss=3.2879 lr=4.62e-05 tok/s=40,440 eta=3822.6176149960847
step=6451 tokens=845545472/1000000000 loss=3.2612 lr=4.62e-05 tok/s=40,719 eta=3793.1727502383237
step=6452 tokens=845676544/1000000000 loss=3.2057 lr=4.62e-05 tok/s=40,671 eta=3794.400444558687
step=6453 tokens=845807616/1000000000 loss=3.2642 lr=4.62e-05 tok/s=40,783 eta=3780.812874674612
step=6454 tokens=845938688/1000000000 loss=3.2533 lr=4.61e-05 tok/s=40,449 eta=3808.7876878349507
step=6455 tokens=846069760/1000000000 loss=3.2640 lr=4.61e-05 tok/s=40,442 eta=3806.1523717970617
step=6456 tokens=846200832/1000000000 loss=3.2311 lr=4.61e-05 tok/s=40,504 eta=3797.1028116147313
step=6457 tokens=846331904/1000000000 loss=3.2785 lr=4.61e-05 tok/s=40,462 eta=3797.872742303942
step=6458 tokens=846462976/1000000000 loss=3.2362 lr=4.6e-05 tok/s=40,518 eta=3789.34699922057
step=6459 tokens=846594048/1000000000 loss=3.2508 lr=4.6e-05 tok/s=40,548 eta=3783.358040269971
step=6460 tokens=846725120/1000000000 loss=3.1974 lr=4.6e-05 tok/s=40,418 eta=3792.203636170561
step=6461 tokens=846856192/1000000000 loss=3.2424 lr=4.59e-05 tok/s=40,370 eta=3793.515142657529
step=6462 tokens=846987264/1000000000 loss=3.2784 lr=4.59e-05 tok/s=40,280 eta=3798.725013660537
step=6463 tokens=847118336/1000000000 loss=3.1943 lr=4.59e-05 tok/s=40,292 eta=3794.3408251334986
step=6464 tokens=847249408/1000000000 loss=3.2249 lr=4.59e-05 tok/s=40,588 eta=3763.423307824211
step=6465 tokens=847380480/1000000000 loss=3.1688 lr=4.58e-05 tok/s=40,810 eta=3739.750650541106
step=6466 tokens=847511552/1000000000 loss=3.2551 lr=4.58e-05 tok/s=40,855 eta=3732.4021687815202
step=6467 tokens=847642624/1000000000 loss=3.2374 lr=4.58e-05 tok/s=40,902 eta=3724.91204109226
step=6468 tokens=847773696/1000000000 loss=3.2207 lr=4.58e-05 tok/s=40,337 eta=3773.885962775832
step=6469 tokens=847904768/1000000000 loss=3.2541 lr=4.57e-05 tok/s=40,526 eta=3752.999783693131
step=6470 tokens=848035840/1000000000 loss=3.2429 lr=4.57e-05 tok/s=40,072 eta=3792.2982590297365
step=6471 tokens=848166912/1000000000 loss=3.2501 lr=4.57e-05 tok/s=40,163 eta=3780.427260989928
step=6472 tokens=848297984/1000000000 loss=3.1831 lr=4.57e-05 tok/s=40,295 eta=3764.8116900831533
step=6473 tokens=848429056/1000000000 loss=3.2242 lr=4.56e-05 tok/s=40,260 eta=3764.7826995247506
step=6474 tokens=848560128/1000000000 loss=3.2469 lr=4.56e-05 tok/s=40,300 eta=3757.8531234630764
step=6475 tokens=848691200/1000000000 loss=3.2139 lr=4.56e-05 tok/s=40,460 eta=3739.702908858791
step=6476 tokens=848822272/1000000000 loss=3.2317 lr=4.55e-05 tok/s=40,373 eta=3744.5098703871213
step=6477 tokens=848953344/1000000000 loss=3.1960 lr=4.55e-05 tok/s=40,365 eta=3742.058841924455
step=6478 tokens=849084416/1000000000 loss=4.0402 lr=4.55e-05 tok/s=40,561 eta=3720.6683151947705
step=6479 tokens=849215488/1000000000 loss=4.3454 lr=4.55e-05 tok/s=40,132 eta=3757.217992621403
step=6480 tokens=849346560/1000000000 loss=4.4045 lr=4.54e-05 tok/s=40,091 eta=3757.760489240471
step=6481 tokens=849477632/1000000000 loss=4.5810 lr=4.54e-05 tok/s=40,080 eta=3755.5312682727695
step=6482 tokens=849608704/1000000000 loss=4.1720 lr=4.54e-05 tok/s=40,170 eta=3743.8413563477407
step=6483 tokens=849739776/1000000000 loss=4.4988 lr=4.54e-05 tok/s=40,303 eta=3728.2882369812396
step=6484 tokens=849870848/1000000000 loss=4.2010 lr=4.53e-05 tok/s=40,475 eta=3709.2054913175302
step=6485 tokens=850001920/1000000000 loss=4.3906 lr=4.53e-05 tok/s=29,075 eta=5159.031344006256
checkpoint saved: runs/20260905-135527/checkpoints/tokens_000850m (permanent_tokens)
step=6486 tokens=850132992/1000000000 loss=4.5333 lr=4.53e-05 tok/s=34,710 eta=4317.637978700127
step=6487 tokens=850264064/1000000000 loss=4.1620 lr=4.53e-05 tok/s=40,538 eta=3693.7348757669756
step=6488 tokens=850395136/1000000000 loss=4.3375 lr=4.52e-05 tok/s=40,501 eta=3693.8413366990126
step=6489 tokens=850526208/1000000000 loss=4.3394 lr=4.52e-05 tok/s=40,177 eta=3720.3629526806794
step=6490 tokens=850657280/1000000000 loss=4.2706 lr=4.52e-05 tok/s=40,241 eta=3711.2337775382803
step=6491 tokens=850788352/1000000000 loss=4.4421 lr=4.52e-05 tok/s=40,203 eta=3711.450479072883
step=6492 tokens=850919424/1000000000 loss=4.2665 lr=4.51e-05 tok/s=40,277 eta=3701.376176038323
step=6493 tokens=851050496/1000000000 loss=4.1788 lr=4.51e-05 tok/s=40,199 eta=3705.2929201378506
step=6494 tokens=851181568/1000000000 loss=4.2910 lr=4.51e-05 tok/s=40,201 eta=3701.8806327984094
step=6495 tokens=851312640/1000000000 loss=4.1634 lr=4.5e-05 tok/s=40,196 eta=3699.0563311455417
step=6496 tokens=851443712/1000000000 loss=4.1393 lr=4.5e-05 tok/s=40,213 eta=3694.2159479588345
step=6497 tokens=851574784/1000000000 loss=4.2118 lr=4.5e-05 tok/s=40,196 eta=3692.5541718205395
step=6498 tokens=851705856/1000000000 loss=4.3630 lr=4.5e-05 tok/s=40,189 eta=3689.906547077993
step=6499 tokens=851836928/1000000000 loss=4.4321 lr=4.49e-05 tok/s=40,313 eta=3675.3343927679566
step=6500 tokens=851968000/1000000000 loss=4.2160 lr=4.49e-05 tok/s=40,374 eta=3666.561500140595
step=6501 tokens=852099072/1000000000 loss=4.1452 lr=4.49e-05 tok/s=40,270 eta=3672.7453103340063
step=6502 tokens=852230144/1000000000 loss=4.0913 lr=4.49e-05 tok/s=40,344 eta=3662.733323744399
step=6503 tokens=852361216/1000000000 loss=4.1329 lr=4.48e-05 tok/s=40,214 eta=3671.3579008867787
step=6504 tokens=852492288/1000000000 loss=4.2858 lr=4.48e-05 tok/s=40,229 eta=3666.6743701627597
step=6505 tokens=852623360/1000000000 loss=4.6517 lr=4.48e-05 tok/s=40,069 eta=3678.100713314393
step=6506 tokens=852754432/1000000000 loss=4.0230 lr=4.48e-05 tok/s=40,054 eta=3676.1533481374877
step=6507 tokens=852885504/1000000000 loss=4.2129 lr=4.47e-05 tok/s=40,099 eta=3668.8023415562106
step=6508 tokens=853016576/1000000000 loss=4.3408 lr=4.47e-05 tok/s=40,275 eta=3649.53027189023
step=6509 tokens=853147648/1000000000 loss=4.1901 lr=4.47e-05 tok/s=40,150 eta=3657.5787392405923
step=6510 tokens=853278720/1000000000 loss=4.2673 lr=4.47e-05 tok/s=40,236 eta=3646.5072341930872
step=6511 tokens=853409792/1000000000 loss=4.5229 lr=4.46e-05 tok/s=40,260 eta=3641.070979148726
step=6512 tokens=853540864/1000000000 loss=4.6610 lr=4.46e-05 tok/s=40,423 eta=3623.186610171088
step=6513 tokens=853671936/1000000000 loss=4.2105 lr=4.46e-05 tok/s=40,361 eta=3625.4957247863654
step=6514 tokens=853803008/1000000000 loss=4.1901 lr=4.46e-05 tok/s=40,450 eta=3614.2415150587285
step=6515 tokens=853934080/1000000000 loss=4.1955 lr=4.45e-05 tok/s=40,151 eta=3637.8814642260995
step=6516 tokens=854065152/1000000000 loss=4.3509 lr=4.45e-05 tok/s=40,082 eta=3640.886602342371
step=6517 tokens=854196224/1000000000 loss=4.2070 lr=4.45e-05 tok/s=40,118 eta=3634.402577683212
step=6518 tokens=854327296/1000000000 loss=4.2293 lr=4.45e-05 tok/s=40,121 eta=3630.808057976917
step=6519 tokens=854458368/1000000000 loss=4.1570 lr=4.44e-05 tok/s=40,152 eta=3624.8027490292543
step=6520 tokens=854589440/1000000000 loss=3.9781 lr=4.44e-05 tok/s=40,126 eta=3623.8606367858943
step=6521 tokens=854720512/1000000000 loss=4.2971 lr=4.44e-05 tok/s=40,166 eta=3616.9948405479804
step=6522 tokens=854851584/1000000000 loss=4.2086 lr=4.44e-05 tok/s=40,298 eta=3601.8987660289686
step=6523 tokens=854982656/1000000000 loss=4.3104 lr=4.43e-05 tok/s=40,364 eta=3592.749949873924
step=6524 tokens=855113728/1000000000 loss=4.1348 lr=4.43e-05 tok/s=40,291 eta=3595.9667039518363
step=6525 tokens=855244800/1000000000 loss=4.3841 lr=4.43e-05 tok/s=40,474 eta=3576.4859318275494
step=6526 tokens=855375872/1000000000 loss=4.2498 lr=4.43e-05 tok/s=40,394 eta=3580.334526712616
step=6527 tokens=855506944/1000000000 loss=4.0730 lr=4.42e-05 tok/s=40,101 eta=3603.201540927615
step=6528 tokens=855638016/1000000000 loss=3.9943 lr=4.42e-05 tok/s=40,244 eta=3587.2048999139133
step=6529 tokens=855769088/1000000000 loss=4.2210 lr=4.42e-05 tok/s=40,316 eta=3577.5517484295874
step=6530 tokens=855900160/1000000000 loss=4.2863 lr=4.41e-05 tok/s=40,020 eta=3600.7071465704053
step=6531 tokens=856031232/1000000000 loss=3.5774 lr=4.41e-05 tok/s=40,160 eta=3584.848024532249
step=6532 tokens=856162304/1000000000 loss=4.3417 lr=4.41e-05 tok/s=40,314 eta=3567.945154945206
step=6533 tokens=856293376/1000000000 loss=4.2237 lr=4.41e-05 tok/s=40,345 eta=3561.9077041484875
step=6534 tokens=856424448/1000000000 loss=4.2972 lr=4.4e-05 tok/s=40,121 eta=3578.600154102534
step=6535 tokens=856555520/1000000000 loss=4.1534 lr=4.4e-05 tok/s=40,060 eta=3580.7096965038486
step=6536 tokens=856686592/1000000000 loss=4.1932 lr=4.4e-05 tok/s=40,190 eta=3565.9411818698145
step=6537 tokens=856817664/1000000000 loss=4.2074 lr=4.4e-05 tok/s=40,343 eta=3549.1105110855997
step=6538 tokens=856948736/1000000000 loss=4.5148 lr=4.39e-05 tok/s=40,199 eta=3558.6070047120206
step=6539 tokens=857079808/1000000000 loss=4.1421 lr=4.39e-05 tok/s=40,177 eta=3557.288384244934
step=6540 tokens=857210880/1000000000 loss=4.0034 lr=4.39e-05 tok/s=40,193 eta=3552.580183845113
step=6541 tokens=857341952/1000000000 loss=4.1513 lr=4.39e-05 tok/s=40,162 eta=3552.044108539616
step=6542 tokens=857473024/1000000000 loss=3.8747 lr=4.38e-05 tok/s=40,151 eta=3549.7808669556966
step=6543 tokens=857604096/1000000000 loss=3.6089 lr=4.38e-05 tok/s=40,136 eta=3547.833855774652
step=6544 tokens=857735168/1000000000 loss=3.5238 lr=4.38e-05 tok/s=40,319 eta=3528.515298776944
step=6545 tokens=857866240/1000000000 loss=3.5624 lr=4.38e-05 tok/s=40,367 eta=3521.025343015597
step=6546 tokens=857997312/1000000000 loss=3.4909 lr=4.37e-05 tok/s=40,200 eta=3532.41834556467
step=6547 tokens=858128384/1000000000 loss=3.4376 lr=4.37e-05 tok/s=40,405 eta=3511.242116303217
step=6548 tokens=858259456/1000000000 loss=3.4924 lr=4.37e-05 tok/s=40,369 eta=3511.1379659528748
step=6549 tokens=858390528/1000000000 loss=3.4184 lr=4.37e-05 tok/s=40,333 eta=3510.9677053463142
step=6550 tokens=858521600/1000000000 loss=3.7756 lr=4.36e-05 tok/s=40,375 eta=3504.1377505810683
step=6551 tokens=858652672/1000000000 loss=3.3994 lr=4.36e-05 tok/s=40,435 eta=3495.678909520222
step=6552 tokens=858783744/1000000000 loss=3.5138 lr=4.36e-05 tok/s=40,476 eta=3488.92708655308
step=6553 tokens=858914816/1000000000 loss=3.4824 lr=4.36e-05 tok/s=40,181 eta=3511.2802405768566
step=6554 tokens=859045888/1000000000 loss=3.5073 lr=4.35e-05 tok/s=40,302 eta=3497.490224654405
step=6555 tokens=859176960/1000000000 loss=3.4638 lr=4.35e-05 tok/s=40,250 eta=3498.6879081573775
step=6556 tokens=859308032/1000000000 loss=3.3546 lr=4.35e-05 tok/s=40,145 eta=3504.6252003353147
step=6557 tokens=859439104/1000000000 loss=3.4667 lr=4.35e-05 tok/s=40,335 eta=3484.8180888494107
step=6558 tokens=859570176/1000000000 loss=3.4367 lr=4.35e-05 tok/s=40,356 eta=3479.7944637237833
step=6559 tokens=859701248/1000000000 loss=3.5558 lr=4.34e-05 tok/s=40,347 eta=3477.320507573009
step=6560 tokens=859832320/1000000000 loss=3.4850 lr=4.34e-05 tok/s=40,358 eta=3473.112949214507
step=6561 tokens=859963392/1000000000 loss=3.3784 lr=4.34e-05 tok/s=40,129 eta=3489.6570439106044
step=6562 tokens=860094464/1000000000 loss=3.4729 lr=4.34e-05 tok/s=29,067 eta=4813.127106981001
step=6563 tokens=860225536/1000000000 loss=3.3504 lr=4.33e-05 tok/s=40,181 eta=3478.619647087618
step=6564 tokens=860356608/1000000000 loss=3.4190 lr=4.33e-05 tok/s=40,284 eta=3466.4715281714243
step=6565 tokens=860487680/1000000000 loss=3.4106 lr=4.33e-05 tok/s=40,226 eta=3468.232916020398
step=6566 tokens=860618752/1000000000 loss=3.4747 lr=4.33e-05 tok/s=40,352 eta=3454.149219635212
step=6567 tokens=860749824/1000000000 loss=3.5143 lr=4.32e-05 tok/s=40,344 eta=3451.53435494228
step=6568 tokens=860880896/1000000000 loss=3.3582 lr=4.32e-05 tok/s=40,366 eta=3446.4509271274665
step=6569 tokens=861011968/1000000000 loss=3.4800 lr=4.32e-05 tok/s=40,452 eta=3435.900857000366
step=6570 tokens=861143040/1000000000 loss=3.3757 lr=4.32e-05 tok/s=40,357 eta=3440.7202028896386
step=6571 tokens=861274112/1000000000 loss=3.3081 lr=4.31e-05 tok/s=40,159 eta=3454.3869883417883
step=6572 tokens=861405184/1000000000 loss=3.5284 lr=4.31e-05 tok/s=40,235 eta=3444.623447583597
step=6573 tokens=861536256/1000000000 loss=3.4583 lr=4.31e-05 tok/s=40,728 eta=3399.701870964589
step=6574 tokens=861667328/1000000000 loss=3.3917 lr=4.31e-05 tok/s=40,180 eta=3442.8386677019175
step=6575 tokens=861798400/1000000000 loss=3.4075 lr=4.3e-05 tok/s=40,537 eta=3409.2463538665133
step=6576 tokens=861929472/1000000000 loss=3.4098 lr=4.3e-05 tok/s=40,615 eta=3399.4924160727705
step=6577 tokens=862060544/1000000000 loss=3.5573 lr=4.3e-05 tok/s=40,126 eta=3437.6880670161945
step=6578 tokens=862191616/1000000000 loss=3.5770 lr=4.3e-05 tok/s=40,157 eta=3431.7383415683403
step=6579 tokens=862322688/1000000000 loss=3.7954 lr=4.29e-05 tok/s=40,347 eta=3412.363097329254
step=6580 tokens=862453760/1000000000 loss=3.5795 lr=4.29e-05 tok/s=40,336 eta=3409.980819061068
step=6581 tokens=862584832/1000000000 loss=3.5361 lr=4.29e-05 tok/s=40,384 eta=3402.712474001717
step=6582 tokens=862715904/1000000000 loss=3.4692 lr=4.29e-05 tok/s=40,401 eta=3397.9961264381527
step=6583 tokens=862846976/1000000000 loss=3.4885 lr=4.28e-05 tok/s=40,358 eta=3398.3696698007952
step=6584 tokens=862978048/1000000000 loss=3.4391 lr=4.28e-05 tok/s=40,617 eta=3373.536663871041
step=6585 tokens=863109120/1000000000 loss=3.5947 lr=4.28e-05 tok/s=40,815 eta=3353.9475583264184
step=6586 tokens=863240192/1000000000 loss=3.4253 lr=4.28e-05 tok/s=40,729 eta=3357.82587633104
step=6587 tokens=863371264/1000000000 loss=3.4024 lr=4.27e-05 tok/s=40,608 eta=3364.6126533325146
step=6588 tokens=863502336/1000000000 loss=3.4821 lr=4.27e-05 tok/s=40,346 eta=3383.1464272461935
step=6589 tokens=863633408/1000000000 loss=3.4683 lr=4.27e-05 tok/s=40,112 eta=3399.6163138841002
step=6590 tokens=863764480/1000000000 loss=3.5175 lr=4.27e-05 tok/s=40,222 eta=3387.0935776496895
step=6591 tokens=863895552/1000000000 loss=3.4581 lr=4.26e-05 tok/s=40,504 eta=3360.2865161596187
step=6592 tokens=864026624/1000000000 loss=3.4675 lr=4.26e-05 tok/s=40,479 eta=3359.128477770638
step=6593 tokens=864157696/1000000000 loss=3.3515 lr=4.26e-05 tok/s=40,458 eta=3357.5953489985095
step=6594 tokens=864288768/1000000000 loss=3.3897 lr=4.26e-05 tok/s=40,507 eta=3350.3509678470073
step=6595 tokens=864419840/1000000000 loss=3.3351 lr=4.26e-05 tok/s=40,261 eta=3367.5249905402006
step=6596 tokens=864550912/1000000000 loss=3.5899 lr=4.25e-05 tok/s=40,433 eta=3349.929051745869
step=6597 tokens=864681984/1000000000 loss=3.3909 lr=4.25e-05 tok/s=40,418 eta=3347.961124630525
step=6598 tokens=864813056/1000000000 loss=3.5579 lr=4.25e-05 tok/s=40,497 eta=3338.21321275474
step=6599 tokens=864944128/1000000000 loss=3.4776 lr=4.25e-05 tok/s=40,486 eta=3335.886978110492
step=6600 tokens=865075200/1000000000 loss=3.5225 lr=4.24e-05 tok/s=40,566 eta=3326.063410289274
step=6601 tokens=865206272/1000000000 loss=3.5065 lr=4.24e-05 tok/s=40,606 eta=3319.587135795693
step=6602 tokens=865337344/1000000000 loss=3.5838 lr=4.24e-05 tok/s=40,479 eta=3326.7374773601514
step=6603 tokens=865468416/1000000000 loss=3.5005 lr=4.24e-05 tok/s=40,468 eta=3324.4102760387264
step=6604 tokens=865599488/1000000000 loss=3.5090 lr=4.23e-05 tok/s=40,469 eta=3321.0756759925976
step=6605 tokens=865730560/1000000000 loss=3.5244 lr=4.23e-05 tok/s=40,441 eta=3320.172124146089
step=6606 tokens=865861632/1000000000 loss=3.1457 lr=4.23e-05 tok/s=40,327 eta=3326.29470065037
step=6607 tokens=865992704/1000000000 loss=2.8494 lr=4.23e-05 tok/s=40,319 eta=3323.703246575393
step=6608 tokens=866123776/1000000000 loss=2.8568 lr=4.22e-05 tok/s=40,358 eta=3317.2365953702606
step=6609 tokens=866254848/1000000000 loss=2.8092 lr=4.22e-05 tok/s=40,391 eta=3311.2462764991997
step=6610 tokens=866385920/1000000000 loss=2.8337 lr=4.22e-05 tok/s=40,369 eta=3309.8465401619274
step=6611 tokens=866516992/1000000000 loss=2.7803 lr=4.22e-05 tok/s=40,507 eta=3295.3243635268154
step=6612 tokens=866648064/1000000000 loss=2.7418 lr=4.21e-05 tok/s=40,341 eta=3305.628487217281
step=6613 tokens=866779136/1000000000 loss=2.7474 lr=4.21e-05 tok/s=40,274 eta=3307.859325563228
step=6614 tokens=866910208/1000000000 loss=2.8164 lr=4.21e-05 tok/s=40,479 eta=3287.872878054268
step=6615 tokens=867041280/1000000000 loss=2.7653 lr=4.21e-05 tok/s=40,589 eta=3275.7565008728
step=6616 tokens=867172352/1000000000 loss=2.7923 lr=4.21e-05 tok/s=40,655 eta=3267.223841765392
step=6617 tokens=867303424/1000000000 loss=2.7343 lr=4.2e-05 tok/s=40,743 eta=3256.9399855852025
step=6618 tokens=867434496/1000000000 loss=2.7137 lr=4.2e-05 tok/s=40,729 eta=3254.8200723263258
step=6619 tokens=867565568/1000000000 loss=2.7129 lr=4.2e-05 tok/s=40,813 eta=3244.909225814883
step=6620 tokens=867696640/1000000000 loss=2.7066 lr=4.2e-05 tok/s=40,793 eta=3243.2734132230453
step=6621 tokens=867827712/1000000000 loss=2.7088 lr=4.19e-05 tok/s=40,733 eta=3244.8545394314087
step=6622 tokens=867958784/1000000000 loss=2.7490 lr=4.19e-05 tok/s=40,648 eta=3248.367545299866
step=6623 tokens=868089856/1000000000 loss=2.7311 lr=4.19e-05 tok/s=40,730 eta=3238.6571751647907
step=6624 tokens=868220928/1000000000 loss=2.7437 lr=4.19e-05 tok/s=40,785 eta=3231.045265616739
step=6625 tokens=868352000/1000000000 loss=2.7542 lr=4.18e-05 tok/s=40,636 eta=3239.694385286136
step=6626 tokens=868483072/1000000000 loss=2.7299 lr=4.18e-05 tok/s=40,707 eta=3230.828055417127
step=6627 tokens=868614144/1000000000 loss=2.7245 lr=4.18e-05 tok/s=40,682 eta=3229.604073277142
step=6628 tokens=868745216/1000000000 loss=2.7415 lr=4.18e-05 tok/s=40,615 eta=3231.649051706577
step=6629 tokens=868876288/1000000000 loss=2.7292 lr=4.18e-05 tok/s=40,580 eta=3231.260226361675
step=6630 tokens=869007360/1000000000 loss=2.7179 lr=4.17e-05 tok/s=40,584 eta=3227.713701259475
step=6631 tokens=869138432/1000000000 loss=2.7371 lr=4.17e-05 tok/s=40,579 eta=3224.8253212626114
step=6632 tokens=869269504/1000000000 loss=2.6918 lr=4.17e-05 tok/s=40,311 eta=3243.040178386427
step=6633 tokens=869400576/1000000000 loss=2.7059 lr=4.17e-05 tok/s=40,277 eta=3242.570594037716
step=6634 tokens=869531648/1000000000 loss=2.7067 lr=4.16e-05 tok/s=40,429 eta=3227.102899787442
step=6635 tokens=869662720/1000000000 loss=2.7179 lr=4.16e-05 tok/s=40,395 eta=3226.5995238023725
step=6636 tokens=869793792/1000000000 loss=2.7162 lr=4.16e-05 tok/s=40,393 eta=3223.515103373027
step=6637 tokens=869924864/1000000000 loss=2.7378 lr=4.16e-05 tok/s=40,397 eta=3219.889339340326
step=6638 tokens=870055936/1000000000 loss=3.2174 lr=4.15e-05 tok/s=29,270 eta=4439.504937757729
step=6639 tokens=870187008/1000000000 loss=3.4193 lr=4.15e-05 tok/s=40,381 eta=3214.6711275856783
step=6640 tokens=870318080/1000000000 loss=3.4244 lr=4.15e-05 tok/s=40,183 eta=3227.307845929712
step=6641 tokens=870449152/1000000000 loss=3.4210 lr=4.15e-05 tok/s=40,354 eta=3210.3422749580536
step=6642 tokens=870580224/1000000000 loss=3.3834 lr=4.15e-05 tok/s=39,975 eta=3237.4785436480684
step=6643 tokens=870711296/1000000000 loss=3.4137 lr=4.14e-05 tok/s=40,308 eta=3207.5234989633177
step=6644 tokens=870842368/1000000000 loss=3.2480 lr=4.14e-05 tok/s=40,168 eta=3215.4758744536935
step=6645 tokens=870973440/1000000000 loss=3.6513 lr=4.14e-05 tok/s=40,141 eta=3214.30698023726
step=6646 tokens=871104512/1000000000 loss=3.2954 lr=4.14e-05 tok/s=40,157 eta=3209.7600287395467
step=6647 tokens=871235584/1000000000 loss=3.3785 lr=4.13e-05 tok/s=40,215 eta=3201.9074968084738
step=6648 tokens=871366656/1000000000 loss=3.2826 lr=4.13e-05 tok/s=40,156 eta=3203.3552676632344
step=6649 tokens=871497728/1000000000 loss=3.5583 lr=4.13e-05 tok/s=40,149 eta=3200.6209426526134
step=6650 tokens=871628800/1000000000 loss=3.4621 lr=4.13e-05 tok/s=40,279 eta=3187.0461144365577
step=6651 tokens=871759872/1000000000 loss=3.4609 lr=4.12e-05 tok/s=40,291 eta=3182.852021579539
step=6652 tokens=871890944/1000000000 loss=3.3243 lr=4.12e-05 tok/s=40,292 eta=3179.5024161417314
step=6653 tokens=872022016/1000000000 loss=3.3636 lr=4.12e-05 tok/s=40,494 eta=3160.437095492592
step=6654 tokens=872153088/1000000000 loss=3.4068 lr=4.12e-05 tok/s=40,225 eta=3178.3039223539463
step=6655 tokens=872284160/1000000000 loss=3.3061 lr=4.12e-05 tok/s=40,308 eta=3168.476157867146
step=6656 tokens=872415232/1000000000 loss=3.4147 lr=4.11e-05 tok/s=40,289 eta=3166.7421760755856
step=6657 tokens=872546304/1000000000 loss=3.2028 lr=4.11e-05 tok/s=40,291 eta=3163.3311910060147
step=6658 tokens=872677376/1000000000 loss=3.2626 lr=4.11e-05 tok/s=40,278 eta=3161.1071430807046
step=6659 tokens=872808448/1000000000 loss=3.2905 lr=4.11e-05 tok/s=40,364 eta=3151.122622606717
step=6660 tokens=872939520/1000000000 loss=3.4769 lr=4.1e-05 tok/s=40,247 eta=3157.0102704600536
step=6661 tokens=873070592/1000000000 loss=3.3212 lr=4.1e-05 tok/s=40,006 eta=3172.749519155103
step=6662 tokens=873201664/1000000000 loss=3.2835 lr=4.1e-05 tok/s=40,307 eta=3145.7820343121934
step=6663 tokens=873332736/1000000000 loss=3.4519 lr=4.1e-05 tok/s=40,317 eta=3141.7625642432395
step=6664 tokens=873463808/1000000000 loss=3.0083 lr=4.1e-05 tok/s=40,503 eta=3124.110686210664
step=6665 tokens=873594880/1000000000 loss=3.0113 lr=4.09e-05 tok/s=40,507 eta=3120.582870118474
step=6666 tokens=873725952/1000000000 loss=3.2773 lr=4.09e-05 tok/s=40,606 eta=3109.7552777977126
step=6667 tokens=873857024/1000000000 loss=3.2173 lr=4.09e-05 tok/s=40,608 eta=3106.3235520934595
step=6668 tokens=873988096/1000000000 loss=3.5153 lr=4.09e-05 tok/s=40,538 eta=3108.522253221229
step=6669 tokens=874119168/1000000000 loss=3.3633 lr=4.08e-05 tok/s=40,285 eta=3124.7620365609423
step=6670 tokens=874250240/1000000000 loss=3.4074 lr=4.08e-05 tok/s=40,333 eta=3117.7766918239167
step=6671 tokens=874381312/1000000000 loss=3.3908 lr=4.08e-05 tok/s=40,612 eta=3093.112093369245
step=6672 tokens=874512384/1000000000 loss=3.3435 lr=4.08e-05 tok/s=40,260 eta=3116.961199266855
step=6673 tokens=874643456/1000000000 loss=3.4769 lr=4.08e-05 tok/s=40,153 eta=3121.978188373915
step=6674 tokens=874774528/1000000000 loss=3.3693 lr=4.07e-05 tok/s=40,126 eta=3120.7926784414954
step=6675 tokens=874905600/1000000000 loss=3.3861 lr=4.07e-05 tok/s=40,414 eta=3095.3434773374643
step=6676 tokens=875036672/1000000000 loss=3.4456 lr=4.07e-05 tok/s=40,510 eta=3084.762944273399
step=6677 tokens=875167744/1000000000 loss=3.2340 lr=4.07e-05 tok/s=40,404 eta=3089.637927033908
step=6678 tokens=875298816/1000000000 loss=3.3946 lr=4.06e-05 tok/s=40,663 eta=3066.7191011404943
step=6679 tokens=875429888/1000000000 loss=3.3700 lr=4.06e-05 tok/s=40,558 eta=3071.411870462757
step=6680 tokens=875560960/1000000000 loss=3.4182 lr=4.06e-05 tok/s=40,744 eta=3054.1638315584546
step=6681 tokens=875692032/1000000000 loss=3.2963 lr=4.06e-05 tok/s=40,888 eta=3040.2204871568565
step=6682 tokens=875823104/1000000000 loss=3.3132 lr=4.06e-05 tok/s=40,883 eta=3037.398885780059
step=6683 tokens=875954176/1000000000 loss=3.4419 lr=4.05e-05 tok/s=40,617 eta=3054.0564813843766
step=6684 tokens=876085248/1000000000 loss=3.5048 lr=4.05e-05 tok/s=40,496 eta=3059.9108106144363
step=6685 tokens=876216320/1000000000 loss=3.2465 lr=4.05e-05 tok/s=40,496 eta=3056.6615665901663
step=6686 tokens=876347392/1000000000 loss=3.1951 lr=4.05e-05 tok/s=40,500 eta=3053.125790321826
step=6687 tokens=876478464/1000000000 loss=3.3872 lr=4.04e-05 tok/s=40,373 eta=3059.5195615152093
step=6688 tokens=876609536/1000000000 loss=3.5822 lr=4.04e-05 tok/s=40,402 eta=3054.0931200876494
step=6689 tokens=876740608/1000000000 loss=3.3621 lr=4.04e-05 tok/s=40,579 eta=3037.532910287187
step=6690 tokens=876871680/1000000000 loss=3.4242 lr=4.04e-05 tok/s=40,614 eta=3031.696769362021
step=6691 tokens=877002752/1000000000 loss=3.3043 lr=4.04e-05 tok/s=40,599 eta=3029.5863312389442
step=6692 tokens=877133824/1000000000 loss=3.3645 lr=4.03e-05 tok/s=40,453 eta=3037.2425361500595
step=6693 tokens=877264896/1000000000 loss=3.3906 lr=4.03e-05 tok/s=40,593 eta=3023.570446539715
step=6694 tokens=877395968/1000000000 loss=3.3748 lr=4.03e-05 tok/s=40,493 eta=3027.7533446399552
step=6695 tokens=877527040/1000000000 loss=3.4507 lr=4.03e-05 tok/s=40,601 eta=3016.470292843416
step=6696 tokens=877658112/1000000000 loss=3.3171 lr=4.03e-05 tok/s=40,835 eta=2996.015131547624
step=6697 tokens=877789184/1000000000 loss=3.3992 lr=4.02e-05 tok/s=40,521 eta=3015.9618213812955
step=6698 tokens=877920256/1000000000 loss=3.3206 lr=4.02e-05 tok/s=40,446 eta=3018.318849102935
step=6699 tokens=878051328/1000000000 loss=3.3410 lr=4.02e-05 tok/s=40,324 eta=3024.255548969546
step=6700 tokens=878182400/1000000000 loss=3.3225 lr=4.02e-05 tok/s=40,462 eta=3010.676566340818
step=6701 tokens=878313472/1000000000 loss=3.4638 lr=4.01e-05 tok/s=40,758 eta=2985.5824301784482
step=6702 tokens=878444544/1000000000 loss=3.4287 lr=4.01e-05 tok/s=40,572 eta=2996.0145561343925
step=6703 tokens=878575616/1000000000 loss=3.5143 lr=4.01e-05 tok/s=40,369 eta=3007.898939388777
step=6704 tokens=878706688/1000000000 loss=3.3583 lr=4.01e-05 tok/s=40,374 eta=3004.2745426065785
step=6705 tokens=878837760/1000000000 loss=3.6418 lr=4.01e-05 tok/s=40,381 eta=3000.4995976811633
step=6706 tokens=878968832/1000000000 loss=3.4236 lr=4e-05 tok/s=40,504 eta=2988.14882937502
step=6707 tokens=879099904/1000000000 loss=3.4316 lr=4e-05 tok/s=40,556 eta=2981.035487873493
step=6708 tokens=879230976/1000000000 loss=3.4124 lr=4e-05 tok/s=40,838 eta=2957.2348844898365
step=6709 tokens=879362048/1000000000 loss=3.5282 lr=4e-05 tok/s=40,946 eta=2946.2742004408274
step=6710 tokens=879493120/1000000000 loss=3.4311 lr=3.99e-05 tok/s=40,816 eta=2952.457932151058
step=6711 tokens=879624192/1000000000 loss=3.3767 lr=3.99e-05 tok/s=40,366 eta=2982.1045031104354
step=6712 tokens=879755264/1000000000 loss=3.4590 lr=3.99e-05 tok/s=40,356 eta=2979.621858866847
step=6713 tokens=879886336/1000000000 loss=3.4824 lr=3.99e-05 tok/s=40,385 eta=2974.2473900094674
step=6714 tokens=880017408/1000000000 loss=3.4288 lr=3.99e-05 tok/s=29,336 eta=4089.8748067465594
step=6715 tokens=880148480/1000000000 loss=3.3859 lr=3.98e-05 tok/s=40,563 eta=2954.7082440484023
step=6716 tokens=880279552/1000000000 loss=3.2789 lr=3.98e-05 tok/s=40,448 eta=2959.842565492995
step=6717 tokens=880410624/1000000000 loss=3.4055 lr=3.98e-05 tok/s=40,751 eta=2934.65333191822
step=6718 tokens=880541696/1000000000 loss=3.3944 lr=3.98e-05 tok/s=40,692 eta=2935.7017979577367
step=6719 tokens=880672768/1000000000 loss=3.4577 lr=3.98e-05 tok/s=40,803 eta=2924.484459971007
step=6720 tokens=880803840/1000000000 loss=3.5057 lr=3.97e-05 tok/s=40,406 eta=2949.9621268580654
step=6721 tokens=880934912/1000000000 loss=3.3142 lr=3.97e-05 tok/s=40,269 eta=2956.7318890725846
step=6722 tokens=881065984/1000000000 loss=3.5350 lr=3.97e-05 tok/s=40,402 eta=2943.743407675065
step=6723 tokens=881197056/1000000000 loss=3.4653 lr=3.97e-05 tok/s=40,381 eta=2942.064304055646
step=6724 tokens=881328128/1000000000 loss=3.3610 lr=3.97e-05 tok/s=40,485 eta=2931.226807698922
step=6725 tokens=881459200/1000000000 loss=3.3843 lr=3.96e-05 tok/s=40,573 eta=2921.6564932968695
step=6726 tokens=881590272/1000000000 loss=3.3124 lr=3.96e-05 tok/s=40,480 eta=2925.1504021842234
step=6727 tokens=881721344/1000000000 loss=3.5157 lr=3.96e-05 tok/s=40,907 eta=2891.4056984006324
step=6728 tokens=881852416/1000000000 loss=3.4435 lr=3.96e-05 tok/s=40,922 eta=2887.14805717531
step=6729 tokens=881983488/1000000000 loss=3.4784 lr=3.95e-05 tok/s=40,592 eta=2907.399629659406
step=6730 tokens=882114560/1000000000 loss=3.3523 lr=3.95e-05 tok/s=40,670 eta=2898.5669441918762
step=6731 tokens=882245632/1000000000 loss=3.3121 lr=3.95e-05 tok/s=40,886 eta=2880.0996028730247
step=6732 tokens=882376704/1000000000 loss=3.4696 lr=3.95e-05 tok/s=40,625 eta=2895.3167716920025
step=6733 tokens=882507776/1000000000 loss=3.4174 lr=3.95e-05 tok/s=40,297 eta=2915.6884022617387
step=6734 tokens=882638848/1000000000 loss=3.3199 lr=3.94e-05 tok/s=40,294 eta=2912.633510639373
step=6735 tokens=882769920/1000000000 loss=3.4661 lr=3.94e-05 tok/s=40,373 eta=2903.6568230176454
step=6736 tokens=882900992/1000000000 loss=3.4196 lr=3.94e-05 tok/s=40,371 eta=2900.588054707806
step=6737 tokens=883032064/1000000000 loss=3.3931 lr=3.94e-05 tok/s=40,372 eta=2897.2380367965607
step=6738 tokens=883163136/1000000000 loss=3.4636 lr=3.94e-05 tok/s=40,363 eta=2894.661505749944
step=6739 tokens=883294208/1000000000 loss=3.5317 lr=3.93e-05 tok/s=40,152 eta=2906.6222615205133
step=6740 tokens=883425280/1000000000 loss=3.5084 lr=3.93e-05 tok/s=40,244 eta=2896.7247044674536
step=6741 tokens=883556352/1000000000 loss=3.4468 lr=3.93e-05 tok/s=40,355 eta=2885.4724878371003
step=6742 tokens=883687424/1000000000 loss=3.4296 lr=3.93e-05 tok/s=40,517 eta=2870.687694977583
step=6743 tokens=883818496/1000000000 loss=3.4420 lr=3.93e-05 tok/s=40,420 eta=2874.3336442951086
step=6744 tokens=883949568/1000000000 loss=3.4247 lr=3.92e-05 tok/s=40,444 eta=2869.3936472687915
step=6745 tokens=884080640/1000000000 loss=3.4709 lr=3.92e-05 tok/s=40,619 eta=2853.8445393164393
step=6746 tokens=884211712/1000000000 loss=3.3315 lr=3.92e-05 tok/s=40,244 eta=2877.188744400469
step=6747 tokens=884342784/1000000000 loss=3.4473 lr=3.92e-05 tok/s=40,399 eta=2862.881422331003
step=6748 tokens=884473856/1000000000 loss=3.4718 lr=3.92e-05 tok/s=40,452 eta=2855.8841544144043
step=6749 tokens=884604928/1000000000 loss=3.4290 lr=3.91e-05 tok/s=40,485 eta=2850.308900201369
step=6750 tokens=884736000/1000000000 loss=3.4091 lr=3.91e-05 tok/s=40,577 eta=2840.624594233361
step=6751 tokens=884867072/1000000000 loss=3.4177 lr=3.91e-05 tok/s=40,444 eta=2846.717687251965
step=6752 tokens=884998144/1000000000 loss=3.3999 lr=3.91e-05 tok/s=40,391 eta=2847.2259426133655
step=6753 tokens=885129216/1000000000 loss=3.2990 lr=3.91e-05 tok/s=40,511 eta=2835.5218941466937
step=6754 tokens=885260288/1000000000 loss=3.5380 lr=3.9e-05 tok/s=40,456 eta=2836.1875772449057
step=6755 tokens=885391360/1000000000 loss=3.3927 lr=3.9e-05 tok/s=40,433 eta=2834.5620824825187
step=6756 tokens=885522432/1000000000 loss=3.5217 lr=3.9e-05 tok/s=40,356 eta=2836.711328221032
step=6757 tokens=885653504/1000000000 loss=3.5106 lr=3.9e-05 tok/s=40,243 eta=2841.423802062611
step=6758 tokens=885784576/1000000000 loss=3.4956 lr=3.89e-05 tok/s=40,114 eta=2847.292831764249
step=6759 tokens=885915648/1000000000 loss=3.4702 lr=3.89e-05 tok/s=40,105 eta=2844.626206214586
step=6760 tokens=886046720/1000000000 loss=3.4669 lr=3.89e-05 tok/s=40,131 eta=2839.5516689495626
step=6761 tokens=886177792/1000000000 loss=3.5572 lr=3.89e-05 tok/s=39,942 eta=2849.664986526338
step=6762 tokens=886308864/1000000000 loss=3.4751 lr=3.89e-05 tok/s=39,837 eta=2853.8772534497534
checkpoint saved: runs/20260905-135527/checkpoints/step_000006762 (time)
step=6763 tokens=886439936/1000000000 loss=3.3853 lr=3.88e-05 tok/s=32,319 eta=3513.767219296167
step=6764 tokens=886571008/1000000000 loss=3.4587 lr=3.88e-05 tok/s=39,877 eta=2844.475411614002
step=6765 tokens=886702080/1000000000 loss=3.3721 lr=3.88e-05 tok/s=40,067 eta=2827.6838592832746
step=6766 tokens=886833152/1000000000 loss=3.3604 lr=3.88e-05 tok/s=39,336 eta=2876.937147774319
step=6767 tokens=886964224/1000000000 loss=3.2489 lr=3.88e-05 tok/s=39,495 eta=2862.056921677492
step=6768 tokens=887095296/1000000000 loss=3.1979 lr=3.87e-05 tok/s=39,236 eta=2877.5608835372022
step=6769 tokens=887226368/1000000000 loss=3.3162 lr=3.87e-05 tok/s=39,256 eta=2872.780884324285
step=6770 tokens=887357440/1000000000 loss=3.2925 lr=3.87e-05 tok/s=39,266 eta=2868.7330079297876
step=6771 tokens=887488512/1000000000 loss=3.2345 lr=3.87e-05 tok/s=39,049 eta=2881.298930302222
step=6772 tokens=887619584/1000000000 loss=3.2273 lr=3.87e-05 tok/s=39,084 eta=2875.3828643426145
step=6773 tokens=887750656/1000000000 loss=3.4101 lr=3.86e-05 tok/s=39,095 eta=2871.185661402081
step=6774 tokens=887881728/1000000000 loss=3.3248 lr=3.86e-05 tok/s=38,602 eta=2904.5038292393183
step=6775 tokens=888012800/1000000000 loss=3.4016 lr=3.86e-05 tok/s=38,683 eta=2895.0007249501623
step=6776 tokens=888143872/1000000000 loss=3.4135 lr=3.86e-05 tok/s=39,001 eta=2868.0630767338
step=6777 tokens=888274944/1000000000 loss=3.4700 lr=3.86e-05 tok/s=38,494 eta=2902.376404878348
step=6778 tokens=888406016/1000000000 loss=3.3234 lr=3.85e-05 tok/s=38,910 eta=2868.038730482476
step=6779 tokens=888537088/1000000000 loss=3.1324 lr=3.85e-05 tok/s=38,574 eta=2889.619376034902
step=6780 tokens=888668160/1000000000 loss=3.1789 lr=3.85e-05 tok/s=38,672 eta=2878.8965572355773
step=6781 tokens=888799232/1000000000 loss=3.3156 lr=3.85e-05 tok/s=38,464 eta=2891.028254582727
step=6782 tokens=888930304/1000000000 loss=3.2281 lr=3.85e-05 tok/s=38,381 eta=2893.855308749231
step=6783 tokens=889061376/1000000000 loss=3.3679 lr=3.84e-05 tok/s=38,247 eta=2900.55963911336
step=6784 tokens=889192448/1000000000 loss=3.4911 lr=3.84e-05 tok/s=38,650 eta=2866.92019658447
step=6785 tokens=889323520/1000000000 loss=3.1129 lr=3.84e-05 tok/s=38,730 eta=2857.6651590714405
step=6786 tokens=889454592/1000000000 loss=3.3002 lr=3.84e-05 tok/s=38,958 eta=2837.568580666289
step=6787 tokens=889585664/1000000000 loss=3.2555 lr=3.84e-05 tok/s=38,815 eta=2844.605565247739
step=6788 tokens=889716736/1000000000 loss=3.3122 lr=3.83e-05 tok/s=39,453 eta=2795.305646196273
step=6789 tokens=889847808/1000000000 loss=3.3260 lr=3.83e-05 tok/s=39,418 eta=2794.4317524640096
step=6790 tokens=889978880/1000000000 loss=3.4027 lr=3.83e-05 tok/s=39,436 eta=2789.887276731232
step=6791 tokens=890109952/1000000000 loss=3.5172 lr=3.83e-05 tok/s=28,268 eta=3887.406393694336
step=6792 tokens=890241024/1000000000 loss=3.4515 lr=3.83e-05 tok/s=39,190 eta=2800.680790616059
step=6793 tokens=890372096/1000000000 loss=3.1947 lr=3.83e-05 tok/s=39,255 eta=2792.68391620396
step=6794 tokens=890503168/1000000000 loss=3.2898 lr=3.82e-05 tok/s=39,470 eta=2774.1689934285123
step=6795 tokens=890634240/1000000000 loss=3.5307 lr=3.82e-05 tok/s=39,153 eta=2793.2654717436226
step=6796 tokens=890765312/1000000000 loss=3.2404 lr=3.82e-05 tok/s=39,486 eta=2766.420212400861
step=6797 tokens=890896384/1000000000 loss=3.1962 lr=3.82e-05 tok/s=39,745 eta=2745.064816778804
step=6798 tokens=891027456/1000000000 loss=4.0302 lr=3.82e-05 tok/s=39,889 eta=2731.8950251995416
step=6799 tokens=891158528/1000000000 loss=4.1780 lr=3.81e-05 tok/s=39,872 eta=2729.7490652560973
step=6800 tokens=891289600/1000000000 loss=4.4116 lr=3.81e-05 tok/s=39,851 eta=2727.9065680279405
step=6801 tokens=891420672/1000000000 loss=4.3714 lr=3.81e-05 tok/s=39,928 eta=2719.3517351350774
step=6802 tokens=891551744/1000000000 loss=4.1848 lr=3.81e-05 tok/s=39,991 eta=2711.824173298036
step=6803 tokens=891682816/1000000000 loss=4.2819 lr=3.81e-05 tok/s=40,037 eta=2705.4517055732945
step=6804 tokens=891813888/1000000000 loss=4.1630 lr=3.8e-05 tok/s=40,363 eta=2680.3056571380166
step=6805 tokens=891944960/1000000000 loss=4.3194 lr=3.8e-05 tok/s=40,078 eta=2696.1432002326574
step=6806 tokens=892076032/1000000000 loss=4.0955 lr=3.8e-05 tok/s=40,076 eta=2692.9872843236726
step=6807 tokens=892207104/1000000000 loss=4.3336 lr=3.8e-05 tok/s=40,111 eta=2687.3525065890713
step=6808 tokens=892338176/1000000000 loss=4.3281 lr=3.8e-05 tok/s=40,280 eta=2672.855538731041
step=6809 tokens=892469248/1000000000 loss=4.2502 lr=3.79e-05 tok/s=40,418 eta=2660.440841927552
step=6810 tokens=892600320/1000000000 loss=4.1257 lr=3.79e-05 tok/s=40,289 eta=2665.7219030456017
step=6811 tokens=892731392/1000000000 loss=4.3672 lr=3.79e-05 tok/s=40,265 eta=2664.090320023679
step=6812 tokens=892862464/1000000000 loss=4.4373 lr=3.79e-05 tok/s=40,437 eta=2649.50448663757
step=6813 tokens=892993536/1000000000 loss=4.2662 lr=3.79e-05 tok/s=40,536 eta=2639.820428538258
step=6814 tokens=893124608/1000000000 loss=4.1135 lr=3.78e-05 tok/s=40,551 eta=2635.5563863855336
step=6815 tokens=893255680/1000000000 loss=4.3846 lr=3.78e-05 tok/s=40,589 eta=2629.8882952916615
step=6816 tokens=893386752/1000000000 loss=4.4433 lr=3.78e-05 tok/s=40,533 eta=2630.2680652911963
step=6817 tokens=893517824/1000000000 loss=4.5919 lr=3.78e-05 tok/s=40,655 eta=2619.1333628290913
step=6818 tokens=893648896/1000000000 loss=4.0758 lr=3.78e-05 tok/s=40,693 eta=2613.47759423761
step=6819 tokens=893779968/1000000000 loss=4.3848 lr=3.78e-05 tok/s=40,589 eta=2616.9752655530415
step=6820 tokens=893911040/1000000000 loss=4.6292 lr=3.77e-05 tok/s=40,259 eta=2635.170478113778
step=6821 tokens=894042112/1000000000 loss=4.3055 lr=3.77e-05 tok/s=40,230 eta=2633.831874622023
step=6822 tokens=894173184/1000000000 loss=3.8902 lr=3.77e-05 tok/s=40,243 eta=2629.664305620326
step=6823 tokens=894304256/1000000000 loss=4.5819 lr=3.77e-05 tok/s=40,291 eta=2623.308121957319
step=6824 tokens=894435328/1000000000 loss=4.0457 lr=3.77e-05 tok/s=40,405 eta=2612.66776118653
step=6825 tokens=894566400/1000000000 loss=3.9065 lr=3.76e-05 tok/s=40,259 eta=2618.8832007865826
step=6826 tokens=894697472/1000000000 loss=4.1307 lr=3.76e-05 tok/s=40,450 eta=2603.266398906444
step=6827 tokens=894828544/1000000000 loss=3.9167 lr=3.76e-05 tok/s=40,205 eta=2615.909896620687
step=6828 tokens=894959616/1000000000 loss=4.2521 lr=3.76e-05 tok/s=40,291 eta=2607.030028266785
step=6829 tokens=895090688/1000000000 loss=4.6952 lr=3.76e-05 tok/s=40,292 eta=2603.75148130359
step=6830 tokens=895221760/1000000000 loss=3.7858 lr=3.75e-05 tok/s=40,094 eta=2613.3028548464536
step=6831 tokens=895352832/1000000000 loss=3.4299 lr=3.75e-05 tok/s=40,300 eta=2596.6948014293425
step=6832 tokens=895483904/1000000000 loss=3.5891 lr=3.75e-05 tok/s=40,445 eta=2584.138575549052
step=6833 tokens=895614976/1000000000 loss=3.3890 lr=3.75e-05 tok/s=40,334 eta=2588.0165947347455
step=6834 tokens=895746048/1000000000 loss=3.5125 lr=3.75e-05 tok/s=40,343 eta=2584.2069816696367
step=6835 tokens=895877120/1000000000 loss=3.5175 lr=3.75e-05 tok/s=40,667 eta=2560.3959381654813
step=6836 tokens=896008192/1000000000 loss=3.4461 lr=3.74e-05 tok/s=40,606 eta=2560.9670579619747
step=6837 tokens=896139264/1000000000 loss=3.7308 lr=3.74e-05 tok/s=40,560 eta=2560.672483287437
step=6838 tokens=896270336/1000000000 loss=3.4246 lr=3.74e-05 tok/s=40,412 eta=2566.8113818113798
step=6839 tokens=896401408/1000000000 loss=3.4847 lr=3.74e-05 tok/s=40,121 eta=2582.139785059847
step=6840 tokens=896532480/1000000000 loss=3.3495 lr=3.74e-05 tok/s=40,538 eta=2552.3381363806884
step=6841 tokens=896663552/1000000000 loss=3.4199 lr=3.73e-05 tok/s=40,578 eta=2546.5954932795503
step=6842 tokens=896794624/1000000000 loss=3.5443 lr=3.73e-05 tok/s=40,536 eta=2546.0268641607636
step=6843 tokens=896925696/1000000000 loss=3.3781 lr=3.73e-05 tok/s=40,447 eta=2548.3970075710404
step=6844 tokens=897056768/1000000000 loss=3.5512 lr=3.73e-05 tok/s=40,603 eta=2535.3672853517405
step=6845 tokens=897187840/1000000000 loss=3.4657 lr=3.73e-05 tok/s=40,650 eta=2529.219865680808
step=6846 tokens=897318912/1000000000 loss=3.5436 lr=3.72e-05 tok/s=40,417 eta=2540.553659536327
step=6847 tokens=897449984/1000000000 loss=3.4630 lr=3.72e-05 tok/s=40,595 eta=2526.1750889461487
step=6848 tokens=897581056/1000000000 loss=3.4685 lr=3.72e-05 tok/s=40,341 eta=2538.8357633698547
step=6849 tokens=897712128/1000000000 loss=3.4886 lr=3.72e-05 tok/s=40,557 eta=2522.0716791631926
step=6850 tokens=897843200/1000000000 loss=3.4193 lr=3.72e-05 tok/s=40,409 eta=2528.080435382927
step=6851 tokens=897974272/1000000000 loss=3.5223 lr=3.72e-05 tok/s=40,311 eta=2530.942267148815
step=6852 tokens=898105344/1000000000 loss=3.4657 lr=3.71e-05 tok/s=40,398 eta=2522.2629390513557
step=6853 tokens=898236416/1000000000 loss=3.3155 lr=3.71e-05 tok/s=40,490 eta=2513.2799971510235
step=6854 tokens=898367488/1000000000 loss=3.4009 lr=3.71e-05 tok/s=40,521 eta=2508.174653021533
step=6855 tokens=898498560/1000000000 loss=3.3967 lr=3.71e-05 tok/s=40,453 eta=2509.124482975073
step=6856 tokens=898629632/1000000000 loss=3.2618 lr=3.71e-05 tok/s=40,822 eta=2483.22521352291
step=6857 tokens=898760704/1000000000 loss=3.4032 lr=3.7e-05 tok/s=40,834 eta=2479.29898244657
step=6858 tokens=898891776/1000000000 loss=3.4734 lr=3.7e-05 tok/s=40,915 eta=2471.1709687867155
step=6859 tokens=899022848/1000000000 loss=3.4742 lr=3.7e-05 tok/s=40,930 eta=2467.077272942891
step=6860 tokens=899153920/1000000000 loss=3.4704 lr=3.7e-05 tok/s=40,774 eta=2473.27662611154
step=6861 tokens=899284992/1000000000 loss=3.4281 lr=3.7e-05 tok/s=40,550 eta=2483.7524247889887
step=6862 tokens=899416064/1000000000 loss=3.6484 lr=3.7e-05 tok/s=40,597 eta=2477.6293810246125
step=6863 tokens=899547136/1000000000 loss=3.3193 lr=3.69e-05 tok/s=40,633 eta=2472.1776222474973
step=6864 tokens=899678208/1000000000 loss=3.4913 lr=3.69e-05 tok/s=40,625 eta=2469.448836272912
step=6865 tokens=899809280/1000000000 loss=3.4551 lr=3.69e-05 tok/s=40,756 eta=2458.293476756609
step=6866 tokens=899940352/1000000000 loss=3.4514 lr=3.69e-05 tok/s=40,789 eta=2453.1212758697725
step=6867 tokens=900071424/1000000000 loss=3.4024 lr=3.69e-05 tok/s=29,493 eta=3388.245837625432
checkpoint saved: runs/20260905-135527/checkpoints/tokens_000900m (permanent_tokens)
step=6868 tokens=900202496/1000000000 loss=3.3967 lr=3.68e-05 tok/s=35,575 eta=2805.2850214922587
step=6869 tokens=900333568/1000000000 loss=3.3001 lr=3.68e-05 tok/s=40,765 eta=2444.931615610351
step=6870 tokens=900464640/1000000000 loss=3.3265 lr=3.68e-05 tok/s=40,307 eta=2469.417242204389
step=6871 tokens=900595712/1000000000 loss=3.2997 lr=3.68e-05 tok/s=40,780 eta=2437.5970421932916
step=6872 tokens=900726784/1000000000 loss=3.4625 lr=3.68e-05 tok/s=40,745 eta=2436.4271676979724
step=6873 tokens=900857856/1000000000 loss=3.3984 lr=3.68e-05 tok/s=40,708 eta=2435.453803918542
step=6874 tokens=900988928/1000000000 loss=3.4248 lr=3.67e-05 tok/s=40,728 eta=2431.029592530469
step=6875 tokens=901120000/1000000000 loss=3.4137 lr=3.67e-05 tok/s=40,681 eta=2430.624967136694
step=6876 tokens=901251072/1000000000 loss=3.4041 lr=3.67e-05 tok/s=40,658 eta=2428.797804187932
step=6877 tokens=901382144/1000000000 loss=3.4592 lr=3.67e-05 tok/s=40,579 eta=2430.2891004800726
step=6878 tokens=901513216/1000000000 loss=3.4039 lr=3.67e-05 tok/s=40,608 eta=2425.2985922036482
step=6879 tokens=901644288/1000000000 loss=3.4369 lr=3.67e-05 tok/s=40,511 eta=2427.896886428138
step=6880 tokens=901775360/1000000000 loss=3.4181 lr=3.66e-05 tok/s=40,514 eta=2424.484282939424
step=6881 tokens=901906432/1000000000 loss=3.4508 lr=3.66e-05 tok/s=40,771 eta=2405.9728927960564
step=6882 tokens=902037504/1000000000 loss=3.3416 lr=3.66e-05 tok/s=40,603 eta=2412.7042764111716
step=6883 tokens=902168576/1000000000 loss=3.3433 lr=3.66e-05 tok/s=40,589 eta=2410.301123993561
step=6884 tokens=902299648/1000000000 loss=3.3419 lr=3.66e-05 tok/s=40,643 eta=2403.853345494305
step=6885 tokens=902430720/1000000000 loss=3.4314 lr=3.65e-05 tok/s=40,788 eta=2392.0847622185993
step=6886 tokens=902561792/1000000000 loss=3.4503 lr=3.65e-05 tok/s=40,448 eta=2408.9884712011076
step=6887 tokens=902692864/1000000000 loss=3.4433 lr=3.65e-05 tok/s=40,626 eta=2395.1721368103613
step=6888 tokens=902823936/1000000000 loss=3.5857 lr=3.65e-05 tok/s=40,625 eta=2392.041991150002
step=6889 tokens=902955008/1000000000 loss=3.3150 lr=3.65e-05 tok/s=40,576 eta=2391.6829176625
step=6890 tokens=903086080/1000000000 loss=3.3711 lr=3.65e-05 tok/s=40,423 eta=2397.5092821357202
step=6891 tokens=903217152/1000000000 loss=3.3184 lr=3.64e-05 tok/s=40,519 eta=2388.57656750734
step=6892 tokens=903348224/1000000000 loss=3.3604 lr=3.64e-05 tok/s=40,306 eta=2397.9369048866783
step=6893 tokens=903479296/1000000000 loss=3.4282 lr=3.64e-05 tok/s=40,295 eta=2395.3297789285243
step=6894 tokens=903610368/1000000000 loss=2.4645 lr=3.64e-05 tok/s=40,317 eta=2390.7910419320274
step=6895 tokens=903741440/1000000000 loss=1.9083 lr=3.64e-05 tok/s=40,399 eta=2382.7203410853335
step=6896 tokens=903872512/1000000000 loss=1.8573 lr=3.64e-05 tok/s=40,651 eta=2364.7073765337755
step=6897 tokens=904003584/1000000000 loss=1.8097 lr=3.63e-05 tok/s=40,599 eta=2364.505220863332
step=6898 tokens=904134656/1000000000 loss=1.7835 lr=3.63e-05 tok/s=40,611 eta=2360.5803133058726
step=6899 tokens=904265728/1000000000 loss=1.7969 lr=3.63e-05 tok/s=40,641 eta=2355.6349820836454
step=6900 tokens=904396800/1000000000 loss=1.7755 lr=3.63e-05 tok/s=40,381 eta=2367.541960629714
step=6901 tokens=904527872/1000000000 loss=1.7570 lr=3.63e-05 tok/s=40,442 eta=2360.711831096038
step=6902 tokens=904658944/1000000000 loss=1.7536 lr=3.63e-05 tok/s=40,361 eta=2362.202731119419
step=6903 tokens=904790016/1000000000 loss=1.7370 lr=3.62e-05 tok/s=40,172 eta=2370.0624389810496
step=6904 tokens=904921088/1000000000 loss=1.7234 lr=3.62e-05 tok/s=40,221 eta=2363.90649608253
step=6905 tokens=905052160/1000000000 loss=1.7026 lr=3.62e-05 tok/s=40,333 eta=2354.123497230097
step=6906 tokens=905183232/1000000000 loss=1.6957 lr=3.62e-05 tok/s=40,659 eta=2331.981330651431
step=6907 tokens=905314304/1000000000 loss=1.7039 lr=3.62e-05 tok/s=40,520 eta=2336.776936692624
step=6908 tokens=905445376/1000000000 loss=1.7167 lr=3.62e-05 tok/s=40,056 eta=2360.5832224200635
step=6909 tokens=905576448/1000000000 loss=1.7011 lr=3.61e-05 tok/s=40,185 eta=2349.733276383843
step=6910 tokens=905707520/1000000000 loss=1.6843 lr=3.61e-05 tok/s=40,314 eta=2338.9441785482995
step=6911 tokens=905838592/1000000000 loss=1.6965 lr=3.61e-05 tok/s=40,308 eta=2336.0493825624917
step=6912 tokens=905969664/1000000000 loss=1.6684 lr=3.61e-05 tok/s=40,300 eta=2333.238842152432
step=6913 tokens=906100736/1000000000 loss=1.6964 lr=3.61e-05 tok/s=40,303 eta=2329.8276220949874
step=6914 tokens=906231808/1000000000 loss=1.6809 lr=3.61e-05 tok/s=40,294 eta=2327.090246371941
step=6915 tokens=906362880/1000000000 loss=1.6645 lr=3.6e-05 tok/s=40,367 eta=2319.6474313905023
step=6916 tokens=906493952/1000000000 loss=1.6671 lr=3.6e-05 tok/s=40,187 eta=2326.776704579389
step=6917 tokens=906625024/1000000000 loss=1.6798 lr=3.6e-05 tok/s=40,279 eta=2318.228213042206
step=6918 tokens=906756096/1000000000 loss=1.6588 lr=3.6e-05 tok/s=40,136 eta=2323.1904746758296
step=6919 tokens=906887168/1000000000 loss=1.6660 lr=3.6e-05 tok/s=40,402 eta=2304.6736647706653
step=6920 tokens=907018240/1000000000 loss=1.6806 lr=3.6e-05 tok/s=39,955 eta=2327.1537092509448
step=6921 tokens=907149312/1000000000 loss=1.6612 lr=3.59e-05 tok/s=40,260 eta=2306.26499912727
step=6922 tokens=907280384/1000000000 loss=1.6491 lr=3.59e-05 tok/s=40,219 eta=2305.3673230449817
step=6923 tokens=907411456/1000000000 loss=1.6680 lr=3.59e-05 tok/s=40,220 eta=2302.041523524184
step=6924 tokens=907542528/1000000000 loss=1.6558 lr=3.59e-05 tok/s=40,225 eta=2298.521006378242
step=6925 tokens=907673600/1000000000 loss=1.6483 lr=3.59e-05 tok/s=40,217 eta=2295.7150166357765
step=6926 tokens=907804672/1000000000 loss=2.4485 lr=3.59e-05 tok/s=40,306 eta=2287.3598584237834
step=6927 tokens=907935744/1000000000 loss=2.9439 lr=3.58e-05 tok/s=40,615 eta=2266.779267115037
step=6928 tokens=908066816/1000000000 loss=2.8723 lr=3.58e-05 tok/s=40,602 eta=2264.246766402804
step=6929 tokens=908197888/1000000000 loss=2.8569 lr=3.58e-05 tok/s=40,536 eta=2264.7237332765267
step=6930 tokens=908328960/1000000000 loss=2.8860 lr=3.58e-05 tok/s=40,702 eta=2252.2581164034036
step=6931 tokens=908460032/1000000000 loss=2.8124 lr=3.58e-05 tok/s=40,416 eta=2264.9470526531045
step=6932 tokens=908591104/1000000000 loss=2.8092 lr=3.58e-05 tok/s=40,561 eta=2253.6043388974967
step=6933 tokens=908722176/1000000000 loss=2.8056 lr=3.57e-05 tok/s=40,531 eta=2252.0363790038355
step=6934 tokens=908853248/1000000000 loss=2.8150 lr=3.57e-05 tok/s=40,532 eta=2248.751018403807
step=6935 tokens=908984320/1000000000 loss=2.7492 lr=3.57e-05 tok/s=40,522 eta=2246.1002714734805
step=6936 tokens=909115392/1000000000 loss=2.8162 lr=3.57e-05 tok/s=40,419 eta=2248.560302091072
step=6937 tokens=909246464/1000000000 loss=2.7650 lr=3.57e-05 tok/s=40,518 eta=2239.808307329787
step=6938 tokens=909377536/1000000000 loss=2.7801 lr=3.57e-05 tok/s=40,383 eta=2244.102363414224
step=6939 tokens=909508608/1000000000 loss=2.7413 lr=3.56e-05 tok/s=40,261 eta=2247.6447837535475
step=6940 tokens=909639680/1000000000 loss=2.7640 lr=3.56e-05 tok/s=40,219 eta=2246.682689510614
step=6941 tokens=909770752/1000000000 loss=2.7165 lr=3.56e-05 tok/s=40,284 eta=2239.8246472436954
step=6942 tokens=909901824/1000000000 loss=2.7578 lr=3.56e-05 tok/s=40,230 eta=2239.5898807737262
step=6943 tokens=910032896/1000000000 loss=2.7446 lr=3.56e-05 tok/s=29,249 eta=3075.8741187500623
step=6944 tokens=910163968/1000000000 loss=2.7683 lr=3.56e-05 tok/s=40,342 eta=2226.871720078434
step=6945 tokens=910295040/1000000000 loss=2.7338 lr=3.55e-05 tok/s=40,318 eta=2224.919767450528
step=6946 tokens=910426112/1000000000 loss=2.7803 lr=3.55e-05 tok/s=40,650 eta=2203.5635128694944
step=6947 tokens=910557184/1000000000 loss=2.7086 lr=3.55e-05 tok/s=40,584 eta=2203.875334454738
step=6948 tokens=910688256/1000000000 loss=2.7550 lr=3.55e-05 tok/s=40,606 eta=2199.474300052192
step=6949 tokens=910819328/1000000000 loss=2.7513 lr=3.55e-05 tok/s=40,549 eta=2199.3556785940523
step=6950 tokens=910950400/1000000000 loss=2.7610 lr=3.55e-05 tok/s=40,248 eta=2212.520778339352
step=6951 tokens=911081472/1000000000 loss=2.7298 lr=3.54e-05 tok/s=40,339 eta=2204.2724178183694
step=6952 tokens=911212544/1000000000 loss=2.7154 lr=3.54e-05 tok/s=40,347 eta=2200.621137011904
step=6953 tokens=911343616/1000000000 loss=2.7105 lr=3.54e-05 tok/s=40,330 eta=2198.299288616513
step=6954 tokens=911474688/1000000000 loss=2.7396 lr=3.54e-05 tok/s=40,349 eta=2193.9839129390098
step=6955 tokens=911605760/1000000000 loss=2.7079 lr=3.54e-05 tok/s=40,405 eta=2187.680797089938
step=6956 tokens=911736832/1000000000 loss=2.7097 lr=3.54e-05 tok/s=40,604 eta=2173.780918008222
step=6957 tokens=911867904/1000000000 loss=2.7385 lr=3.54e-05 tok/s=40,550 eta=2173.4088008526073
step=6958 tokens=911998976/1000000000 loss=3.1594 lr=3.53e-05 tok/s=40,282 eta=2184.6173278164506
step=6959 tokens=912130048/1000000000 loss=3.3515 lr=3.53e-05 tok/s=40,275 eta=2181.7286246020803
step=6960 tokens=912261120/1000000000 loss=3.2864 lr=3.53e-05 tok/s=40,281 eta=2178.1745275906374
step=6961 tokens=912392192/1000000000 loss=3.3183 lr=3.53e-05 tok/s=40,305 eta=2173.6194527549283
step=6962 tokens=912523264/1000000000 loss=3.3228 lr=3.53e-05 tok/s=40,559 eta=2156.759323658994
step=6963 tokens=912654336/1000000000 loss=3.2719 lr=3.53e-05 tok/s=40,492 eta=2157.1128428827715
step=6964 tokens=912785408/1000000000 loss=3.2556 lr=3.52e-05 tok/s=40,635 eta=2146.2884954905912
step=6965 tokens=912916480/1000000000 loss=3.2912 lr=3.52e-05 tok/s=40,657 eta=2141.893823780192
step=6966 tokens=913047552/1000000000 loss=3.2303 lr=3.52e-05 tok/s=40,777 eta=2132.363846771788
step=6967 tokens=913178624/1000000000 loss=3.2678 lr=3.52e-05 tok/s=40,457 eta=2146.022567870407
step=6968 tokens=913309696/1000000000 loss=3.2765 lr=3.52e-05 tok/s=40,478 eta=2141.6438216108813
step=6969 tokens=913440768/1000000000 loss=3.2583 lr=3.52e-05 tok/s=40,665 eta=2128.6095214382376
step=6970 tokens=913571840/1000000000 loss=3.3164 lr=3.51e-05 tok/s=40,689 eta=2124.1117023125666
step=6971 tokens=913702912/1000000000 loss=3.2518 lr=3.51e-05 tok/s=40,616 eta=2124.7245079230192
step=6972 tokens=913833984/1000000000 loss=3.2586 lr=3.51e-05 tok/s=40,409 eta=2132.3456962722653
step=6973 tokens=913965056/1000000000 loss=3.2763 lr=3.51e-05 tok/s=40,409 eta=2129.1098921377816
step=6974 tokens=914096128/1000000000 loss=3.2817 lr=3.51e-05 tok/s=40,269 eta=2133.2618037078246
step=6975 tokens=914227200/1000000000 loss=3.2629 lr=3.51e-05 tok/s=40,262 eta=2130.387424110991
step=6976 tokens=914358272/1000000000 loss=3.2567 lr=3.51e-05 tok/s=40,452 eta=2117.12075940306
step=6977 tokens=914489344/1000000000 loss=3.2496 lr=3.5e-05 tok/s=40,388 eta=2117.2253347743076
step=6978 tokens=914620416/1000000000 loss=3.2331 lr=3.5e-05 tok/s=40,360 eta=2115.4479803534923
step=6979 tokens=914751488/1000000000 loss=3.1818 lr=3.5e-05 tok/s=40,450 eta=2107.4860543308514
step=6980 tokens=914882560/1000000000 loss=3.2073 lr=3.5e-05 tok/s=40,469 eta=2103.275635561754
step=6981 tokens=915013632/1000000000 loss=3.2966 lr=3.5e-05 tok/s=40,470 eta=2099.991154548049
step=6982 tokens=915144704/1000000000 loss=3.2301 lr=3.5e-05 tok/s=40,569 eta=2091.650600924981
step=6983 tokens=915275776/1000000000 loss=3.2074 lr=3.49e-05 tok/s=40,480 eta=2092.9751089699585
step=6984 tokens=915406848/1000000000 loss=3.2085 lr=3.49e-05 tok/s=40,372 eta=2095.3650433611433
step=6985 tokens=915537920/1000000000 loss=3.2051 lr=3.49e-05 tok/s=40,324 eta=2094.5811676252483
step=6986 tokens=915668992/1000000000 loss=3.2112 lr=3.49e-05 tok/s=40,227 eta=2096.382156323362
step=6987 tokens=915800064/1000000000 loss=3.1881 lr=3.49e-05 tok/s=40,203 eta=2094.35136203095
step=6988 tokens=915931136/1000000000 loss=3.2075 lr=3.49e-05 tok/s=40,209 eta=2090.808714610201
step=6989 tokens=916062208/1000000000 loss=3.2701 lr=3.49e-05 tok/s=40,221 eta=2086.9404631800994
step=6990 tokens=916193280/1000000000 loss=3.3973 lr=3.48e-05 tok/s=40,462 eta=2071.2578530136348
step=6991 tokens=916324352/1000000000 loss=3.3538 lr=3.48e-05 tok/s=40,406 eta=2070.8735207131335
step=6992 tokens=916455424/1000000000 loss=3.4427 lr=3.48e-05 tok/s=40,487 eta=2063.5054981004773
step=6993 tokens=916586496/1000000000 loss=3.4277 lr=3.48e-05 tok/s=40,485 eta=2060.3583306173996
step=6994 tokens=916717568/1000000000 loss=3.8956 lr=3.48e-05 tok/s=40,516 eta=2055.5407094020456
step=6995 tokens=916848640/1000000000 loss=3.4325 lr=3.48e-05 tok/s=40,531 eta=2051.5689884751623
step=6996 tokens=916979712/1000000000 loss=3.4966 lr=3.48e-05 tok/s=40,487 eta=2050.5190668330947
step=6997 tokens=917110784/1000000000 loss=3.4030 lr=3.47e-05 tok/s=40,272 eta=2058.232906722607
step=6998 tokens=917241856/1000000000 loss=3.4150 lr=3.47e-05 tok/s=40,358 eta=2050.599939638102
step=6999 tokens=917372928/1000000000 loss=3.3697 lr=3.47e-05 tok/s=40,358 eta=2047.3477909170479
step=7000 tokens=917504000/1000000000 loss=3.6070 lr=3.47e-05 tok/s=40,345 eta=2044.7448628092386
step=7001 tokens=917635072/1000000000 loss=3.4254 lr=3.47e-05 tok/s=40,333 eta=2042.1045693795518
step=7002 tokens=917766144/1000000000 loss=3.4329 lr=3.47e-05 tok/s=40,426 eta=2034.1811668737846
step=7003 tokens=917897216/1000000000 loss=3.4469 lr=3.46e-05 tok/s=40,312 eta=2036.70435260126
step=7004 tokens=918028288/1000000000 loss=3.3884 lr=3.46e-05 tok/s=40,139 eta=2042.2015214507337
step=7005 tokens=918159360/1000000000 loss=3.3557 lr=3.46e-05 tok/s=40,402 eta=2025.6597767142443
step=7006 tokens=918290432/1000000000 loss=3.3299 lr=3.46e-05 tok/s=40,380 eta=2023.507963712136
step=7007 tokens=918421504/1000000000 loss=3.6382 lr=3.46e-05 tok/s=40,662 eta=2006.2762874927691
step=7008 tokens=918552576/1000000000 loss=3.3510 lr=3.46e-05 tok/s=40,583 eta=2006.9525932642102
step=7009 tokens=918683648/1000000000 loss=3.3746 lr=3.46e-05 tok/s=40,441 eta=2010.7158073557766
step=7010 tokens=918814720/1000000000 loss=3.4531 lr=3.45e-05 tok/s=40,048 eta=2027.209063618337
step=7011 tokens=918945792/1000000000 loss=3.7936 lr=3.45e-05 tok/s=40,514 eta=2000.6238227263252
step=7012 tokens=919076864/1000000000 loss=3.3925 lr=3.45e-05 tok/s=40,471 eta=1999.5573130932921
step=7013 tokens=919207936/1000000000 loss=3.4555 lr=3.45e-05 tok/s=40,466 eta=1996.5599800592681
step=7014 tokens=919339008/1000000000 loss=3.2988 lr=3.45e-05 tok/s=40,517 eta=1990.807830545221
step=7015 tokens=919470080/1000000000 loss=3.3990 lr=3.45e-05 tok/s=40,436 eta=1991.5343044040612
step=7016 tokens=919601152/1000000000 loss=3.3259 lr=3.45e-05 tok/s=40,518 eta=1984.2729661805051
step=7017 tokens=919732224/1000000000 loss=3.3036 lr=3.44e-05 tok/s=40,435 eta=1985.0888374063088
step=7018 tokens=919863296/1000000000 loss=3.4924 lr=3.44e-05 tok/s=40,401 eta=1983.5264285629826
step=7019 tokens=919994368/1000000000 loss=3.3612 lr=3.44e-05 tok/s=40,424 eta=1979.1680479859247
step=7020 tokens=920125440/1000000000 loss=3.3618 lr=3.44e-05 tok/s=29,427 eta=2714.3520818803177
step=7021 tokens=920256512/1000000000 loss=3.5029 lr=3.44e-05 tok/s=40,554 eta=1966.366657071547
step=7022 tokens=920387584/1000000000 loss=3.1231 lr=3.44e-05 tok/s=40,559 eta=1962.8924565819184
step=7023 tokens=920518656/1000000000 loss=2.7900 lr=3.44e-05 tok/s=40,538 eta=1960.669229725305
step=7024 tokens=920649728/1000000000 loss=2.7703 lr=3.43e-05 tok/s=40,565 eta=1956.1036122098578
step=7025 tokens=920780800/1000000000 loss=2.7351 lr=3.43e-05 tok/s=40,493 eta=1956.3439280801476
step=7026 tokens=920911872/1000000000 loss=2.7553 lr=3.43e-05 tok/s=40,299 eta=1962.5439096693397
step=7027 tokens=921042944/1000000000 loss=2.7661 lr=3.43e-05 tok/s=40,357 eta=1956.4509051297111
step=7028 tokens=921174016/1000000000 loss=2.7685 lr=3.43e-05 tok/s=40,282 eta=1956.8367078609847
step=7029 tokens=921305088/1000000000 loss=2.7469 lr=3.43e-05 tok/s=40,296 eta=1952.9183214745008
step=7030 tokens=921436160/1000000000 loss=2.7608 lr=3.43e-05 tok/s=40,296 eta=1949.6781465606712
step=7031 tokens=921567232/1000000000 loss=2.7446 lr=3.42e-05 tok/s=40,344 eta=1944.1137827716925
step=7032 tokens=921698304/1000000000 loss=2.7194 lr=3.42e-05 tok/s=40,319 eta=1942.0674639906943
step=7033 tokens=921829376/1000000000 loss=2.7541 lr=3.42e-05 tok/s=40,248 eta=1942.2461461155758
step=7034 tokens=921960448/1000000000 loss=2.7207 lr=3.42e-05 tok/s=40,218 eta=1940.4297465103846
step=7035 tokens=922091520/1000000000 loss=2.6861 lr=3.42e-05 tok/s=40,762 eta=1911.308705767157
step=7036 tokens=922222592/1000000000 loss=2.7348 lr=3.42e-05 tok/s=40,419 eta=1924.255431608598
step=7037 tokens=922353664/1000000000 loss=2.7634 lr=3.42e-05 tok/s=40,776 eta=1904.2281795614872
step=7038 tokens=922484736/1000000000 loss=2.7500 lr=3.41e-05 tok/s=40,385 eta=1919.415534632429
step=7039 tokens=922615808/1000000000 loss=2.7423 lr=3.41e-05 tok/s=40,379 eta=1916.436661111928
step=7040 tokens=922746880/1000000000 loss=2.7143 lr=3.41e-05 tok/s=40,438 eta=1910.3935255089582
step=7041 tokens=922877952/1000000000 loss=2.7045 lr=3.41e-05 tok/s=40,462 eta=1906.0444966805724
step=7042 tokens=923009024/1000000000 loss=2.7284 lr=3.41e-05 tok/s=40,455 eta=1903.1138054981066
step=7043 tokens=923140096/1000000000 loss=2.7011 lr=3.41e-05 tok/s=40,413 eta=1901.8668749720025
step=7044 tokens=923271168/1000000000 loss=2.7236 lr=3.41e-05 tok/s=40,397 eta=1899.3887275869906
step=7045 tokens=923402240/1000000000 loss=2.7149 lr=3.4e-05 tok/s=40,285 eta=1901.3754763522088
step=7046 tokens=923533312/1000000000 loss=2.7047 lr=3.4e-05 tok/s=40,407 eta=1892.4247113824204
step=7047 tokens=923664384/1000000000 loss=2.7018 lr=3.4e-05 tok/s=40,455 eta=1886.9107275723654
step=7048 tokens=923795456/1000000000 loss=2.6621 lr=3.4e-05 tok/s=40,413 eta=1885.645438423915
step=7049 tokens=923926528/1000000000 loss=2.7182 lr=3.4e-05 tok/s=40,649 eta=1871.464070471667
step=7050 tokens=924057600/1000000000 loss=2.6938 lr=3.4e-05 tok/s=40,639 eta=1868.6923150475466
step=7051 tokens=924188672/1000000000 loss=2.6878 lr=3.4e-05 tok/s=40,498 eta=1871.9935640685394
step=7052 tokens=924319744/1000000000 loss=2.6824 lr=3.4e-05 tok/s=40,414 eta=1872.6181718174869
step=7053 tokens=924450816/1000000000 loss=2.7061 lr=3.39e-05 tok/s=40,447 eta=1867.849309241415
step=7054 tokens=924581888/1000000000 loss=3.1832 lr=3.39e-05 tok/s=40,610 eta=1857.135152283052
step=7055 tokens=924712960/1000000000 loss=3.5738 lr=3.39e-05 tok/s=40,834 eta=1843.7361078298725
step=7056 tokens=924844032/1000000000 loss=3.4824 lr=3.39e-05 tok/s=40,747 eta=1844.4628262950393
step=7057 tokens=924975104/1000000000 loss=3.5609 lr=3.39e-05 tok/s=40,753 eta=1840.9557608026612
step=7058 tokens=925106176/1000000000 loss=3.4986 lr=3.39e-05 tok/s=40,646 eta=1842.6051666067794
step=7059 tokens=925237248/1000000000 loss=3.5501 lr=3.39e-05 tok/s=41,044 eta=1821.524783355839
step=7060 tokens=925368320/1000000000 loss=3.4690 lr=3.38e-05 tok/s=40,907 eta=1824.420932713192
step=7061 tokens=925499392/1000000000 loss=3.5745 lr=3.38e-05 tok/s=40,912 eta=1821.005745828637
step=7062 tokens=925630464/1000000000 loss=3.2007 lr=3.38e-05 tok/s=40,841 eta=1820.96802072462
step=7063 tokens=925761536/1000000000 loss=3.3515 lr=3.38e-05 tok/s=40,814 eta=1818.9508161265971
step=7064 tokens=925892608/1000000000 loss=3.5038 lr=3.38e-05 tok/s=40,491 eta=1830.2198151276918
step=7065 tokens=926023680/1000000000 loss=3.4020 lr=3.38e-05 tok/s=40,855 eta=1810.6990259055808
step=7066 tokens=926154752/1000000000 loss=3.5271 lr=3.38e-05 tok/s=40,832 eta=1808.5334141333394
step=7067 tokens=926285824/1000000000 loss=3.4573 lr=3.38e-05 tok/s=40,750 eta=1808.923603723058
step=7068 tokens=926416896/1000000000 loss=3.5026 lr=3.37e-05 tok/s=40,726 eta=1806.8029426423689
step=7069 tokens=926547968/1000000000 loss=3.5820 lr=3.37e-05 tok/s=40,259 eta=1824.4865058898176
step=7070 tokens=926679040/1000000000 loss=3.5335 lr=3.37e-05 tok/s=40,308 eta=1819.0011907489786
step=7071 tokens=926810112/1000000000 loss=3.4082 lr=3.37e-05 tok/s=40,300 eta=1816.1364382761383
step=7072 tokens=926941184/1000000000 loss=3.5546 lr=3.37e-05 tok/s=40,308 eta=1812.523932878927
step=7073 tokens=927072256/1000000000 loss=3.5929 lr=3.37e-05 tok/s=40,425 eta=1804.0370292097268
step=7074 tokens=927203328/1000000000 loss=3.4660 lr=3.37e-05 tok/s=40,334 eta=1804.8444010225503
step=7075 tokens=927334400/1000000000 loss=3.4340 lr=3.36e-05 tok/s=40,591 eta=1790.187017261931
step=7076 tokens=927465472/1000000000 loss=3.5676 lr=3.36e-05 tok/s=40,821 eta=1776.873914113355
step=7077 tokens=927596544/1000000000 loss=3.4499 lr=3.36e-05 tok/s=40,682 eta=1779.7345190348394
step=7078 tokens=927727616/1000000000 loss=3.5849 lr=3.36e-05 tok/s=40,293 eta=1793.6522777307
step=7079 tokens=927858688/1000000000 loss=3.4173 lr=3.36e-05 tok/s=40,357 eta=1787.5745189638242
step=7080 tokens=927989760/1000000000 loss=3.4355 lr=3.36e-05 tok/s=40,515 eta=1777.3518167078466
step=7081 tokens=928120832/1000000000 loss=3.5180 lr=3.36e-05 tok/s=40,543 eta=1772.9317499319689
step=7082 tokens=928251904/1000000000 loss=3.5265 lr=3.36e-05 tok/s=40,603 eta=1767.0552177934728
step=7083 tokens=928382976/1000000000 loss=3.5932 lr=3.35e-05 tok/s=40,513 eta=1767.7567427099705
step=7084 tokens=928514048/1000000000 loss=3.3906 lr=3.35e-05 tok/s=40,169 eta=1779.6145399614156
step=7085 tokens=928645120/1000000000 loss=3.6024 lr=3.35e-05 tok/s=40,243 eta=1773.109870501286
step=7086 tokens=928776192/1000000000 loss=3.5500 lr=3.35e-05 tok/s=40,303 eta=1767.2209080747807
step=7087 tokens=928907264/1000000000 loss=3.4384 lr=3.35e-05 tok/s=40,561 eta=1752.7442698317109
step=7088 tokens=929038336/1000000000 loss=3.5380 lr=3.35e-05 tok/s=40,491 eta=1752.5364855985488
step=7089 tokens=929169408/1000000000 loss=3.4410 lr=3.35e-05 tok/s=40,521 eta=1748.0044463801562
step=7090 tokens=929300480/1000000000 loss=3.4899 lr=3.35e-05 tok/s=40,678 eta=1738.0183642571874
step=7091 tokens=929431552/1000000000 loss=3.5557 lr=3.34e-05 tok/s=40,508 eta=1742.1058431006195
step=7092 tokens=929562624/1000000000 loss=3.5303 lr=3.34e-05 tok/s=40,416 eta=1742.8150884731463
step=7093 tokens=929693696/1000000000 loss=3.4118 lr=3.34e-05 tok/s=40,540 eta=1734.228815911655
step=7094 tokens=929824768/1000000000 loss=3.3781 lr=3.34e-05 tok/s=40,731 eta=1722.914456618778
step=7095 tokens=929955840/1000000000 loss=3.4187 lr=3.34e-05 tok/s=40,631 eta=1723.9159119020558
step=7096 tokens=930086912/1000000000 loss=3.4540 lr=3.34e-05 tok/s=29,267 eta=2388.791285817911
step=7097 tokens=930217984/1000000000 loss=3.5662 lr=3.34e-05 tok/s=40,409 eta=1726.8930359873
step=7098 tokens=930349056/1000000000 loss=3.3493 lr=3.34e-05 tok/s=40,692 eta=1711.6700857247847
step=7099 tokens=930480128/1000000000 loss=3.4749 lr=3.33e-05 tok/s=41,078 eta=1692.3948673058383
step=7100 tokens=930611200/1000000000 loss=3.4113 lr=3.33e-05 tok/s=40,677 eta=1705.8477026500157
step=7101 tokens=930742272/1000000000 loss=3.2076 lr=3.33e-05 tok/s=40,744 eta=1699.8457629053607
step=7102 tokens=930873344/1000000000 loss=3.3360 lr=3.33e-05 tok/s=40,962 eta=1687.5941016716833
step=7103 tokens=931004416/1000000000 loss=3.4969 lr=3.33e-05 tok/s=40,923 eta=1685.9714915166453
step=7104 tokens=931135488/1000000000 loss=3.3954 lr=3.33e-05 tok/s=40,986 eta=1680.186896554999
step=7105 tokens=931266560/1000000000 loss=3.5212 lr=3.33e-05 tok/s=40,524 eta=1696.109296570644
step=7106 tokens=931397632/1000000000 loss=3.6408 lr=3.33e-05 tok/s=40,708 eta=1685.2199889243607
step=7107 tokens=931528704/1000000000 loss=3.4454 lr=3.32e-05 tok/s=40,860 eta=1675.7542648701988
step=7108 tokens=931659776/1000000000 loss=3.5361 lr=3.32e-05 tok/s=40,693 eta=1679.4012920898922
step=7109 tokens=931790848/1000000000 loss=3.3728 lr=3.32e-05 tok/s=40,673 eta=1677.0161693920033
step=7110 tokens=931921920/1000000000 loss=3.6090 lr=3.32e-05 tok/s=40,581 eta=1677.581836153213
step=7111 tokens=932052992/1000000000 loss=3.4471 lr=3.32e-05 tok/s=40,657 eta=1671.222203936095
step=7112 tokens=932184064/1000000000 loss=3.5690 lr=3.32e-05 tok/s=40,602 eta=1670.240537428356
step=7113 tokens=932315136/1000000000 loss=3.4549 lr=3.32e-05 tok/s=40,719 eta=1662.2370015905033
step=7114 tokens=932446208/1000000000 loss=3.3309 lr=3.32e-05 tok/s=40,708 eta=1659.454681977296
step=7115 tokens=932577280/1000000000 loss=3.4728 lr=3.31e-05 tok/s=40,733 eta=1655.2262431054146
step=7116 tokens=932708352/1000000000 loss=3.4024 lr=3.31e-05 tok/s=40,594 eta=1657.6586818421822
step=7117 tokens=932839424/1000000000 loss=3.4149 lr=3.31e-05 tok/s=40,839 eta=1644.510761172155
step=7118 tokens=932970496/1000000000 loss=3.5040 lr=3.31e-05 tok/s=40,619 eta=1650.1875692816259
step=7119 tokens=933101568/1000000000 loss=3.5181 lr=3.31e-05 tok/s=40,631 eta=1646.4954393003454
step=7120 tokens=933232640/1000000000 loss=3.4112 lr=3.31e-05 tok/s=40,611 eta=1644.0596852044791
step=7121 tokens=933363712/1000000000 loss=3.4517 lr=3.31e-05 tok/s=40,574 eta=1642.3347961407603
step=7122 tokens=933494784/1000000000 loss=3.5891 lr=3.31e-05 tok/s=40,606 eta=1637.8033344279236
step=7123 tokens=933625856/1000000000 loss=3.4218 lr=3.3e-05 tok/s=40,536 eta=1637.4079341192
step=7124 tokens=933756928/1000000000 loss=3.4702 lr=3.3e-05 tok/s=40,386 eta=1640.2582195383557
step=7125 tokens=933888000/1000000000 loss=3.5354 lr=3.3e-05 tok/s=40,336 eta=1639.0308625551172
step=7126 tokens=934019072/1000000000 loss=3.4267 lr=3.3e-05 tok/s=40,347 eta=1635.3446747037765
step=7127 tokens=934150144/1000000000 loss=3.4608 lr=3.3e-05 tok/s=40,350 eta=1631.9752679103467
step=7128 tokens=934281216/1000000000 loss=3.4849 lr=3.3e-05 tok/s=40,356 eta=1628.4894146789582
step=7129 tokens=934412288/1000000000 loss=3.4666 lr=3.3e-05 tok/s=40,366 eta=1624.8266694468712
step=7130 tokens=934543360/1000000000 loss=3.5543 lr=3.3e-05 tok/s=40,472 eta=1617.3451865585537
step=7131 tokens=934674432/1000000000 loss=3.3658 lr=3.29e-05 tok/s=40,589 eta=1609.4343539691668
step=7132 tokens=934805504/1000000000 loss=3.6256 lr=3.29e-05 tok/s=40,562 eta=1607.2756352462534
step=7133 tokens=934936576/1000000000 loss=3.5652 lr=3.29e-05 tok/s=40,568 eta=1603.807202628417
step=7134 tokens=935067648/1000000000 loss=3.2577 lr=3.29e-05 tok/s=40,535 eta=1601.8958132758692
step=7135 tokens=935198720/1000000000 loss=3.4108 lr=3.29e-05 tok/s=40,422 eta=1603.111082175409
step=7136 tokens=935329792/1000000000 loss=3.4184 lr=3.29e-05 tok/s=40,312 eta=1604.2303290011694
step=7137 tokens=935460864/1000000000 loss=3.5513 lr=3.29e-05 tok/s=40,660 eta=1587.2892441596875
step=7138 tokens=935591936/1000000000 loss=3.3875 lr=3.29e-05 tok/s=40,797 eta=1578.7564713282777
step=7139 tokens=935723008/1000000000 loss=3.4917 lr=3.29e-05 tok/s=40,694 eta=1579.5364238256213
step=7140 tokens=935854080/1000000000 loss=3.3837 lr=3.28e-05 tok/s=40,251 eta=1593.6328649013064
step=7141 tokens=935985152/1000000000 loss=3.4602 lr=3.28e-05 tok/s=40,180 eta=1593.2191807661839
step=7142 tokens=936116224/1000000000 loss=3.5239 lr=3.28e-05 tok/s=40,475 eta=1578.3667276689696
step=7143 tokens=936247296/1000000000 loss=3.5131 lr=3.28e-05 tok/s=40,271 eta=1583.0865649196733
step=7144 tokens=936378368/1000000000 loss=3.4972 lr=3.28e-05 tok/s=40,274 eta=1579.7020716591894
checkpoint saved: runs/20260905-135527/checkpoints/step_000007144 (time)
step=7145 tokens=936509440/1000000000 loss=3.4989 lr=3.28e-05 tok/s=35,673 eta=1779.789293866842
step=7146 tokens=936640512/1000000000 loss=3.5147 lr=3.28e-05 tok/s=40,540 eta=1562.8760894910079
step=7147 tokens=936771584/1000000000 loss=3.3761 lr=3.28e-05 tok/s=40,540 eta=1559.652412710387
step=7148 tokens=936902656/1000000000 loss=3.4269 lr=3.28e-05 tok/s=40,553 eta=1555.912849298087
step=7149 tokens=937033728/1000000000 loss=3.4556 lr=3.27e-05 tok/s=40,310 eta=1562.0663548640343
step=7150 tokens=937164800/1000000000 loss=3.2593 lr=3.27e-05 tok/s=40,321 eta=1558.3855240263929
step=7151 tokens=937295872/1000000000 loss=3.2527 lr=3.27e-05 tok/s=40,324 eta=1554.993864477694
step=7152 tokens=937426944/1000000000 loss=3.2465 lr=3.27e-05 tok/s=40,325 eta=1551.7357928433926
step=7153 tokens=937558016/1000000000 loss=3.2771 lr=3.27e-05 tok/s=40,475 eta=1542.7223331777689
step=7154 tokens=937689088/1000000000 loss=3.2629 lr=3.27e-05 tok/s=40,355 eta=1544.0702814126096
step=7155 tokens=937820160/1000000000 loss=3.2197 lr=3.27e-05 tok/s=40,378 eta=1539.9560101851507
step=7156 tokens=937951232/1000000000 loss=3.2223 lr=3.27e-05 tok/s=40,427 eta=1534.85185581492
step=7157 tokens=938082304/1000000000 loss=3.2061 lr=3.27e-05 tok/s=40,422 eta=1531.7976158585136
step=7158 tokens=938213376/1000000000 loss=3.2128 lr=3.26e-05 tok/s=40,415 eta=1528.7923790863315
step=7159 tokens=938344448/1000000000 loss=3.2260 lr=3.26e-05 tok/s=40,651 eta=1516.6987219689106
step=7160 tokens=938475520/1000000000 loss=3.2253 lr=3.26e-05 tok/s=40,282 eta=1527.3426207179218
step=7161 tokens=938606592/1000000000 loss=3.2574 lr=3.26e-05 tok/s=40,202 eta=1527.120274144683
step=7162 tokens=938737664/1000000000 loss=3.1637 lr=3.26e-05 tok/s=40,341 eta=1518.6189670665603
step=7163 tokens=938868736/1000000000 loss=3.1979 lr=3.26e-05 tok/s=40,522 eta=1508.6081524128822
step=7164 tokens=938999808/1000000000 loss=3.1930 lr=3.26e-05 tok/s=40,599 eta=1502.5034905349796
step=7165 tokens=939130880/1000000000 loss=3.2104 lr=3.26e-05 tok/s=40,648 eta=1497.479198840566
step=7166 tokens=939261952/1000000000 loss=3.2178 lr=3.26e-05 tok/s=40,483 eta=1500.3199881288015
step=7167 tokens=939393024/1000000000 loss=3.2091 lr=3.25e-05 tok/s=40,201 eta=1507.584280698593
step=7168 tokens=939524096/1000000000 loss=3.2244 lr=3.25e-05 tok/s=40,325 eta=1499.7182686795215
step=7169 tokens=939655168/1000000000 loss=3.2324 lr=3.25e-05 tok/s=40,295 eta=1497.5604222025231
step=7170 tokens=939786240/1000000000 loss=3.2313 lr=3.25e-05 tok/s=40,311 eta=1493.7239166917389
step=7171 tokens=939917312/1000000000 loss=3.2239 lr=3.25e-05 tok/s=40,414 eta=1486.6948018805742
step=7172 tokens=940048384/1000000000 loss=3.2150 lr=3.25e-05 tok/s=29,372 eta=2041.07998032
step=7173 tokens=940179456/1000000000 loss=3.1855 lr=3.25e-05 tok/s=40,385 eta=1481.2685262661876
step=7174 tokens=940310528/1000000000 loss=3.2313 lr=3.25e-05 tok/s=40,507 eta=1473.5596234796847
step=7175 tokens=940441600/1000000000 loss=3.2650 lr=3.25e-05 tok/s=40,368 eta=1475.387643857337
step=7176 tokens=940572672/1000000000 loss=3.2245 lr=3.24e-05 tok/s=40,334 eta=1473.3871883676425
step=7177 tokens=940703744/1000000000 loss=3.2305 lr=3.24e-05 tok/s=40,436 eta=1466.427966759652
step=7178 tokens=940834816/1000000000 loss=3.2209 lr=3.24e-05 tok/s=40,415 eta=1463.9461865999829
step=7179 tokens=940965888/1000000000 loss=3.2057 lr=3.24e-05 tok/s=40,302 eta=1464.798091422635
step=7180 tokens=941096960/1000000000 loss=3.1749 lr=3.24e-05 tok/s=40,479 eta=1455.1379871675663
step=7181 tokens=941228032/1000000000 loss=3.2412 lr=3.24e-05 tok/s=40,550 eta=1449.3811207798742
step=7182 tokens=941359104/1000000000 loss=2.9784 lr=3.24e-05 tok/s=40,358 eta=1453.026407599268
step=7183 tokens=941490176/1000000000 loss=2.8732 lr=3.24e-05 tok/s=40,551 eta=1442.8603145884363
step=7184 tokens=941621248/1000000000 loss=2.8313 lr=3.24e-05 tok/s=40,548 eta=1439.729782443462
step=7185 tokens=941752320/1000000000 loss=2.7945 lr=3.23e-05 tok/s=40,261 eta=1446.7619062766598
step=7186 tokens=941883392/1000000000 loss=2.7966 lr=3.23e-05 tok/s=40,251 eta=1443.840842708538
step=7187 tokens=942014464/1000000000 loss=2.7636 lr=3.23e-05 tok/s=40,190 eta=1442.7801040156935
step=7188 tokens=942145536/1000000000 loss=2.7498 lr=3.23e-05 tok/s=40,157 eta=1440.7212735301146
step=7189 tokens=942276608/1000000000 loss=2.7497 lr=3.23e-05 tok/s=40,310 eta=1431.9792962360784
step=7190 tokens=942407680/1000000000 loss=2.7271 lr=3.23e-05 tok/s=40,506 eta=1421.8389254939411
step=7191 tokens=942538752/1000000000 loss=2.7677 lr=3.23e-05 tok/s=40,710 eta=1411.4630707773051
step=7192 tokens=942669824/1000000000 loss=2.7294 lr=3.23e-05 tok/s=40,050 eta=1431.4618872294395
step=7193 tokens=942800896/1000000000 loss=2.7420 lr=3.23e-05 tok/s=40,528 eta=1411.3465624515381
step=7194 tokens=942931968/1000000000 loss=2.6938 lr=3.23e-05 tok/s=40,592 eta=1405.899377816957
step=7195 tokens=943063040/1000000000 loss=2.7229 lr=3.22e-05 tok/s=40,552 eta=1404.035286181926
step=7196 tokens=943194112/1000000000 loss=2.7357 lr=3.22e-05 tok/s=40,515 eta=1402.0846018199836
step=7197 tokens=943325184/1000000000 loss=2.7120 lr=3.22e-05 tok/s=40,341 eta=1404.8985559779903
step=7198 tokens=943456256/1000000000 loss=2.7039 lr=3.22e-05 tok/s=40,359 eta=1401.0187634664596
step=7199 tokens=943587328/1000000000 loss=2.6878 lr=3.22e-05 tok/s=40,681 eta=1386.6967050898968
step=7200 tokens=943718400/1000000000 loss=2.7324 lr=3.22e-05 tok/s=40,597 eta=1386.3317938992523
step=7201 tokens=943849472/1000000000 loss=2.7306 lr=3.22e-05 tok/s=40,663 eta=1380.8607519898922
step=7202 tokens=943980544/1000000000 loss=2.7246 lr=3.22e-05 tok/s=40,410 eta=1386.2626394796719
step=7203 tokens=944111616/1000000000 loss=2.7017 lr=3.22e-05 tok/s=40,430 eta=1382.3515120190557
step=7204 tokens=944242688/1000000000 loss=2.7164 lr=3.22e-05 tok/s=40,212 eta=1386.5828213759428
step=7205 tokens=944373760/1000000000 loss=2.7245 lr=3.21e-05 tok/s=40,278 eta=1381.061082609048
step=7206 tokens=944504832/1000000000 loss=2.6571 lr=3.21e-05 tok/s=40,291 eta=1377.3703247568126
step=7207 tokens=944635904/1000000000 loss=2.6751 lr=3.21e-05 tok/s=40,279 eta=1374.5272105979345
step=7208 tokens=944766976/1000000000 loss=2.7117 lr=3.21e-05 tok/s=40,439 eta=1365.8424560183848
step=7209 tokens=944898048/1000000000 loss=2.6497 lr=3.21e-05 tok/s=40,553 eta=1358.7605255034741
step=7210 tokens=945029120/1000000000 loss=2.7025 lr=3.21e-05 tok/s=40,510 eta=1356.9747788180855
step=7211 tokens=945160192/1000000000 loss=2.6957 lr=3.21e-05 tok/s=40,711 eta=1347.04421091706
step=7212 tokens=945291264/1000000000 loss=2.7329 lr=3.21e-05 tok/s=40,677 eta=1344.959261130034
step=7213 tokens=945422336/1000000000 loss=2.7030 lr=3.21e-05 tok/s=40,606 eta=1344.083791965652
step=7214 tokens=945553408/1000000000 loss=3.2225 lr=3.21e-05 tok/s=40,532 eta=1343.2998330986525
step=7215 tokens=945684480/1000000000 loss=3.5630 lr=3.2e-05 tok/s=40,639 eta=1336.551582685517
step=7216 tokens=945815552/1000000000 loss=3.6329 lr=3.2e-05 tok/s=40,629 eta=1333.6454953551647
step=7217 tokens=945946624/1000000000 loss=3.5563 lr=3.2e-05 tok/s=40,619 eta=1330.7260250091185
step=7218 tokens=946077696/1000000000 loss=3.4612 lr=3.2e-05 tok/s=40,344 eta=1336.5471541503634
step=7219 tokens=946208768/1000000000 loss=3.5828 lr=3.2e-05 tok/s=40,302 eta=1334.7190083028254
step=7220 tokens=946339840/1000000000 loss=3.4660 lr=3.2e-05 tok/s=40,345 eta=1330.0242269021785
step=7221 tokens=946470912/1000000000 loss=3.3587 lr=3.2e-05 tok/s=40,294 eta=1328.4765522722867
step=7222 tokens=946601984/1000000000 loss=3.5584 lr=3.2e-05 tok/s=40,304 eta=1324.8708551302389
step=7223 tokens=946733056/1000000000 loss=3.4584 lr=3.2e-05 tok/s=40,303 eta=1321.6536445413858
step=7224 tokens=946864128/1000000000 loss=3.5026 lr=3.2e-05 tok/s=40,471 eta=1312.9219003643504
step=7225 tokens=946995200/1000000000 loss=3.3711 lr=3.19e-05 tok/s=40,179 eta=1319.2261409832313
step=7226 tokens=947126272/1000000000 loss=3.5175 lr=3.19e-05 tok/s=40,583 eta=1302.867334074784
step=7227 tokens=947257344/1000000000 loss=3.4050 lr=3.19e-05 tok/s=40,502 eta=1302.2266952349385
step=7228 tokens=947388416/1000000000 loss=3.5580 lr=3.19e-05 tok/s=40,504 eta=1298.9106548075024
step=7229 tokens=947519488/1000000000 loss=3.4827 lr=3.19e-05 tok/s=40,658 eta=1290.780145070349
step=7230 tokens=947650560/1000000000 loss=3.5294 lr=3.19e-05 tok/s=40,503 eta=1292.4768179780676
step=7231 tokens=947781632/1000000000 loss=3.3970 lr=3.19e-05 tok/s=40,905 eta=1276.5748064654545
step=7232 tokens=947912704/1000000000 loss=3.3495 lr=3.19e-05 tok/s=40,766 eta=1277.7227061972264
step=7233 tokens=948043776/1000000000 loss=3.3499 lr=3.19e-05 tok/s=40,562 eta=1280.9180268011426
step=7234 tokens=948174848/1000000000 loss=3.4547 lr=3.19e-05 tok/s=40,316 eta=1285.4829917454124
step=7235 tokens=948305920/1000000000 loss=3.4645 lr=3.18e-05 tok/s=40,598 eta=1273.3154988594579
step=7236 tokens=948436992/1000000000 loss=3.6300 lr=3.18e-05 tok/s=40,706 eta=1266.7313804106586
step=7237 tokens=948568064/1000000000 loss=3.5500 lr=3.18e-05 tok/s=40,709 eta=1263.4101416701362
step=7238 tokens=948699136/1000000000 loss=3.4545 lr=3.18e-05 tok/s=40,402 eta=1269.7657892082402
step=7239 tokens=948830208/1000000000 loss=3.4751 lr=3.18e-05 tok/s=40,343 eta=1268.372580507391
step=7240 tokens=948961280/1000000000 loss=3.5276 lr=3.18e-05 tok/s=40,344 eta=1265.103110283596
step=7241 tokens=949092352/1000000000 loss=3.5048 lr=3.18e-05 tok/s=40,355 eta=1261.506697448974
step=7242 tokens=949223424/1000000000 loss=3.4083 lr=3.18e-05 tok/s=40,364 eta=1257.9720977965335
step=7243 tokens=949354496/1000000000 loss=3.6050 lr=3.18e-05 tok/s=40,373 eta=1254.4387745074334
step=7244 tokens=949485568/1000000000 loss=3.4160 lr=3.18e-05 tok/s=40,517 eta=1246.738632584182
step=7245 tokens=949616640/1000000000 loss=3.4196 lr=3.18e-05 tok/s=40,536 eta=1242.9245774167807
step=7246 tokens=949747712/1000000000 loss=3.4774 lr=3.17e-05 tok/s=40,373 eta=1244.706598566985
step=7247 tokens=949878784/1000000000 loss=3.5822 lr=3.17e-05 tok/s=40,118 eta=1249.359051899772
step=7248 tokens=950009856/1000000000 loss=3.3999 lr=3.17e-05 tok/s=29,102 eta=1717.785403655682
checkpoint saved: runs/20260905-135527/checkpoints/tokens_000950m (permanent_tokens)
step=7249 tokens=950140928/1000000000 loss=3.4757 lr=3.17e-05 tok/s=35,452 eta=1406.3663401865967
step=7250 tokens=950272000/1000000000 loss=3.5794 lr=3.17e-05 tok/s=40,354 eta=1232.3077856065083
step=7251 tokens=950403072/1000000000 loss=3.6791 lr=3.17e-05 tok/s=40,857 eta=1213.9107377428932
step=7252 tokens=950534144/1000000000 loss=3.5849 lr=3.17e-05 tok/s=40,652 eta=1216.8073336962923
step=7253 tokens=950665216/1000000000 loss=3.4231 lr=3.17e-05 tok/s=40,337 eta=1223.0678469162801
step=7254 tokens=950796288/1000000000 loss=3.4309 lr=3.17e-05 tok/s=40,535 eta=1213.8500867735352
step=7255 tokens=950927360/1000000000 loss=3.3889 lr=3.17e-05 tok/s=40,228 eta=1219.8527031271876
step=7256 tokens=951058432/1000000000 loss=3.5368 lr=3.17e-05 tok/s=40,222 eta=1216.772442744541
step=7257 tokens=951189504/1000000000 loss=3.4564 lr=3.16e-05 tok/s=40,231 eta=1213.2540503620603
step=7258 tokens=951320576/1000000000 loss=3.4970 lr=3.16e-05 tok/s=40,522 eta=1201.314966895751
step=7259 tokens=951451648/1000000000 loss=3.3686 lr=3.16e-05 tok/s=40,449 eta=1200.222001735999
step=7260 tokens=951582720/1000000000 loss=3.4524 lr=3.16e-05 tok/s=40,528 eta=1194.6541330191237
step=7261 tokens=951713792/1000000000 loss=3.5796 lr=3.16e-05 tok/s=40,605 eta=1189.1549834505195
step=7262 tokens=951844864/1000000000 loss=3.5287 lr=3.16e-05 tok/s=40,574 eta=1186.8516558542528
step=7263 tokens=951975936/1000000000 loss=3.4953 lr=3.16e-05 tok/s=40,485 eta=1186.2144218478516
step=7264 tokens=952107008/1000000000 loss=3.4401 lr=3.16e-05 tok/s=40,325 eta=1187.6753563537593
step=7265 tokens=952238080/1000000000 loss=3.5899 lr=3.16e-05 tok/s=40,404 eta=1182.121044135986
step=7266 tokens=952369152/1000000000 loss=3.3910 lr=3.16e-05 tok/s=40,511 eta=1175.7586603884947
step=7267 tokens=952500224/1000000000 loss=3.4654 lr=3.16e-05 tok/s=40,515 eta=1172.3900764306386
step=7268 tokens=952631296/1000000000 loss=3.5785 lr=3.16e-05 tok/s=40,566 eta=1167.6821229645484
step=7269 tokens=952762368/1000000000 loss=3.4222 lr=3.15e-05 tok/s=40,605 eta=1163.3345912012694
step=7270 tokens=952893440/1000000000 loss=3.2877 lr=3.15e-05 tok/s=40,424 eta=1165.3070873390411
step=7271 tokens=953024512/1000000000 loss=3.4934 lr=3.15e-05 tok/s=40,388 eta=1163.0964935178604
step=7272 tokens=953155584/1000000000 loss=3.4639 lr=3.15e-05 tok/s=40,275 eta=1163.1088986261682
step=7273 tokens=953286656/1000000000 loss=3.4264 lr=3.15e-05 tok/s=40,318 eta=1158.620734361709
step=7274 tokens=953417728/1000000000 loss=3.4912 lr=3.15e-05 tok/s=40,361 eta=1154.1412304422536
step=7275 tokens=953548800/1000000000 loss=3.4365 lr=3.15e-05 tok/s=40,511 eta=1146.6411976858537
step=7276 tokens=953679872/1000000000 loss=3.4793 lr=3.15e-05 tok/s=40,486 eta=1144.1164120546043
step=7277 tokens=953810944/1000000000 loss=3.4318 lr=3.15e-05 tok/s=40,217 eta=1148.4915473427218
step=7278 tokens=953942016/1000000000 loss=3.9200 lr=3.15e-05 tok/s=40,247 eta=1144.3788575144179
step=7279 tokens=954073088/1000000000 loss=4.2549 lr=3.15e-05 tok/s=40,254 eta=1140.9148538246407
step=7280 tokens=954204160/1000000000 loss=4.1911 lr=3.15e-05 tok/s=40,258 eta=1137.567645017686
step=7281 tokens=954335232/1000000000 loss=4.0937 lr=3.14e-05 tok/s=40,261 eta=1134.2301860896328
step=7282 tokens=954466304/1000000000 loss=4.3643 lr=3.14e-05 tok/s=40,244 eta=1131.4320953795673
step=7283 tokens=954597376/1000000000 loss=4.4375 lr=3.14e-05 tok/s=40,462 eta=1122.1070010218027
step=7284 tokens=954728448/1000000000 loss=4.2666 lr=3.14e-05 tok/s=40,328 eta=1122.5843590317672
step=7285 tokens=954859520/1000000000 loss=4.1538 lr=3.14e-05 tok/s=40,611 eta=1111.546872948767
step=7286 tokens=954990592/1000000000 loss=4.1290 lr=3.14e-05 tok/s=40,837 eta=1102.1751229980698
step=7287 tokens=955121664/1000000000 loss=4.4235 lr=3.14e-05 tok/s=40,675 eta=1103.33891382892
step=7288 tokens=955252736/1000000000 loss=4.4988 lr=3.14e-05 tok/s=40,320 eta=1109.8042005619093
step=7289 tokens=955383808/1000000000 loss=4.2458 lr=3.14e-05 tok/s=40,302 eta=1107.038234649101
step=7290 tokens=955514880/1000000000 loss=4.2267 lr=3.14e-05 tok/s=40,446 eta=1099.8729851238652
step=7291 tokens=955645952/1000000000 loss=4.1601 lr=3.14e-05 tok/s=40,520 eta=1094.6129255778944
step=7292 tokens=955777024/1000000000 loss=4.1438 lr=3.14e-05 tok/s=40,636 eta=1088.2722125992154
step=7293 tokens=955908096/1000000000 loss=4.1734 lr=3.13e-05 tok/s=40,503 eta=1088.6194727295394
step=7294 tokens=956039168/1000000000 loss=4.4113 lr=3.13e-05 tok/s=40,286 eta=1091.2077981483512
step=7295 tokens=956170240/1000000000 loss=4.4296 lr=3.13e-05 tok/s=40,457 eta=1083.3581308901869
step=7296 tokens=956301312/1000000000 loss=4.4727 lr=3.13e-05 tok/s=40,326 eta=1083.6229995571032
step=7297 tokens=956432384/1000000000 loss=4.1183 lr=3.13e-05 tok/s=40,484 eta=1076.162468249337
step=7298 tokens=956563456/1000000000 loss=3.9992 lr=3.13e-05 tok/s=40,779 eta=1065.171565915849
step=7299 tokens=956694528/1000000000 loss=4.1674 lr=3.13e-05 tok/s=40,263 eta=1075.5597616947528
step=7300 tokens=956825600/1000000000 loss=4.1874 lr=3.13e-05 tok/s=40,270 eta=1072.133964455486
step=7301 tokens=956956672/1000000000 loss=4.4472 lr=3.13e-05 tok/s=40,410 eta=1065.1549009117396
step=7302 tokens=957087744/1000000000 loss=4.1135 lr=3.13e-05 tok/s=40,224 eta=1066.8386122144411
step=7303 tokens=957218816/1000000000 loss=4.2717 lr=3.13e-05 tok/s=40,310 eta=1061.293327433058
step=7304 tokens=957349888/1000000000 loss=4.2061 lr=3.13e-05 tok/s=40,201 eta=1060.927699949884
step=7305 tokens=957480960/1000000000 loss=4.1604 lr=3.13e-05 tok/s=40,199 eta=1057.722326757547
step=7306 tokens=957612032/1000000000 loss=4.2449 lr=3.12e-05 tok/s=40,576 eta=1044.6657324140303
step=7307 tokens=957743104/1000000000 loss=4.0963 lr=3.12e-05 tok/s=40,525 eta=1042.737800895317
step=7308 tokens=957874176/1000000000 loss=4.2040 lr=3.12e-05 tok/s=40,545 eta=1038.9862820630617
step=7309 tokens=958005248/1000000000 loss=4.0342 lr=3.12e-05 tok/s=40,405 eta=1039.3348737282936
step=7310 tokens=958136320/1000000000 loss=3.7191 lr=3.12e-05 tok/s=40,384 eta=1036.6350914006284
step=7311 tokens=958267392/1000000000 loss=3.2692 lr=3.12e-05 tok/s=40,465 eta=1031.3291894730974
step=7312 tokens=958398464/1000000000 loss=3.2601 lr=3.12e-05 tok/s=40,330 eta=1031.5205102643033
step=7313 tokens=958529536/1000000000 loss=3.2930 lr=3.12e-05 tok/s=40,254 eta=1030.2199744256952
step=7314 tokens=958660608/1000000000 loss=3.2811 lr=3.12e-05 tok/s=40,331 eta=1025.0009570861828
step=7315 tokens=958791680/1000000000 loss=3.2235 lr=3.12e-05 tok/s=40,341 eta=1021.4902876611485
step=7316 tokens=958922752/1000000000 loss=3.2103 lr=3.12e-05 tok/s=40,337 eta=1018.3498024261033
step=7317 tokens=959053824/1000000000 loss=3.2119 lr=3.12e-05 tok/s=40,339 eta=1015.0577407887275
step=7318 tokens=959184896/1000000000 loss=3.2344 lr=3.12e-05 tok/s=40,318 eta=1012.3334658991002
step=7319 tokens=959315968/1000000000 loss=3.2083 lr=3.11e-05 tok/s=40,340 eta=1008.5197234207942
step=7320 tokens=959447040/1000000000 loss=3.2475 lr=3.11e-05 tok/s=40,376 eta=1004.3709742135684
step=7321 tokens=959578112/1000000000 loss=3.2289 lr=3.11e-05 tok/s=40,463 eta=998.9821565120136
step=7322 tokens=959709184/1000000000 loss=3.2358 lr=3.11e-05 tok/s=40,367 eta=998.1130545151842
step=7323 tokens=959840256/1000000000 loss=3.1900 lr=3.11e-05 tok/s=40,192 eta=999.1900326340053
step=7324 tokens=959971328/1000000000 loss=3.2037 lr=3.11e-05 tok/s=40,191 eta=995.9618673090173
step=7325 tokens=960102400/1000000000 loss=3.2176 lr=3.11e-05 tok/s=29,102 eta=1370.9370353419856
step=7326 tokens=960233472/1000000000 loss=3.1990 lr=3.11e-05 tok/s=40,178 eta=989.7542057470823
step=7327 tokens=960364544/1000000000 loss=3.2136 lr=3.11e-05 tok/s=40,204 eta=985.8509066093162
step=7328 tokens=960495616/1000000000 loss=3.2371 lr=3.11e-05 tok/s=40,177 eta=983.2493210990212
step=7329 tokens=960626688/1000000000 loss=3.2121 lr=3.11e-05 tok/s=40,201 eta=979.4233584494019
step=7330 tokens=960757760/1000000000 loss=3.1733 lr=3.11e-05 tok/s=40,455 eta=970.0286527250634
step=7331 tokens=960888832/1000000000 loss=3.1931 lr=3.11e-05 tok/s=40,312 eta=970.2046275939641
step=7332 tokens=961019904/1000000000 loss=3.2428 lr=3.11e-05 tok/s=40,405 eta=964.7263898684829
step=7333 tokens=961150976/1000000000 loss=3.1973 lr=3.1e-05 tok/s=40,299 eta=964.0188813791899
step=7334 tokens=961282048/1000000000 loss=3.2250 lr=3.1e-05 tok/s=40,169 eta=963.8744997408778
step=7335 tokens=961413120/1000000000 loss=3.1946 lr=3.1e-05 tok/s=40,343 eta=956.4667943004952
step=7336 tokens=961544192/1000000000 loss=3.1970 lr=3.1e-05 tok/s=40,341 eta=953.2752091388849
step=7337 tokens=961675264/1000000000 loss=3.1991 lr=3.1e-05 tok/s=40,538 eta=945.4025939964895
step=7338 tokens=961806336/1000000000 loss=3.2301 lr=3.1e-05 tok/s=40,297 eta=947.8093128359218
step=7339 tokens=961937408/1000000000 loss=3.2530 lr=3.1e-05 tok/s=40,283 eta=944.8783622478597
step=7340 tokens=962068480/1000000000 loss=3.2666 lr=3.1e-05 tok/s=40,558 eta=935.250364846176
step=7341 tokens=962199552/1000000000 loss=3.1846 lr=3.1e-05 tok/s=40,276 eta=938.5449649053704
step=7342 tokens=962330624/1000000000 loss=3.3797 lr=3.1e-05 tok/s=40,236 eta=936.2045050236837
step=7343 tokens=962461696/1000000000 loss=3.4610 lr=3.1e-05 tok/s=40,250 eta=932.6386181551211
step=7344 tokens=962592768/1000000000 loss=3.4402 lr=3.1e-05 tok/s=40,260 eta=929.1426374119274
step=7345 tokens=962723840/1000000000 loss=3.2881 lr=3.1e-05 tok/s=40,635 eta=917.3349064158151
step=7346 tokens=962854912/1000000000 loss=3.5751 lr=3.1e-05 tok/s=40,161 eta=924.900727133481
step=7347 tokens=962985984/1000000000 loss=3.5274 lr=3.09e-05 tok/s=40,501 eta=913.9042346226095
step=7348 tokens=963117056/1000000000 loss=3.9096 lr=3.09e-05 tok/s=40,385 eta=913.2796736588533
step=7349 tokens=963248128/1000000000 loss=3.5631 lr=3.09e-05 tok/s=40,419 eta=909.2782726441177
step=7350 tokens=963379200/1000000000 loss=3.3560 lr=3.09e-05 tok/s=40,432 eta=905.7306054288447
step=7351 tokens=963510272/1000000000 loss=3.4858 lr=3.09e-05 tok/s=40,391 eta=903.4132762952048
step=7352 tokens=963641344/1000000000 loss=3.3902 lr=3.09e-05 tok/s=40,379 eta=900.4458330727384
step=7353 tokens=963772416/1000000000 loss=3.4265 lr=3.09e-05 tok/s=40,453 eta=895.5426100517575
step=7354 tokens=963903488/1000000000 loss=3.3647 lr=3.09e-05 tok/s=40,246 eta=896.8858121424707
step=7355 tokens=964034560/1000000000 loss=3.4267 lr=3.09e-05 tok/s=40,243 eta=893.7090164533638
step=7356 tokens=964165632/1000000000 loss=3.4496 lr=3.09e-05 tok/s=40,229 eta=890.7656972136853
step=7357 tokens=964296704/1000000000 loss=3.4132 lr=3.09e-05 tok/s=40,233 eta=887.416307782509
step=7358 tokens=964427776/1000000000 loss=3.3679 lr=3.09e-05 tok/s=40,242 eta=883.9657228935512
step=7359 tokens=964558848/1000000000 loss=3.4064 lr=3.09e-05 tok/s=40,350 eta=878.341118984476
step=7360 tokens=964689920/1000000000 loss=3.4796 lr=3.09e-05 tok/s=40,231 eta=877.686957705759
step=7361 tokens=964820992/1000000000 loss=3.2786 lr=3.09e-05 tok/s=40,247 eta=874.0784320016355
step=7362 tokens=964952064/1000000000 loss=3.3809 lr=3.09e-05 tok/s=40,438 eta=866.6998769614424
step=7363 tokens=965083136/1000000000 loss=3.4199 lr=3.08e-05 tok/s=40,318 eta=866.0308038284192
step=7364 tokens=965214208/1000000000 loss=3.4138 lr=3.08e-05 tok/s=40,310 eta=862.9537925063543
step=7365 tokens=965345280/1000000000 loss=3.4525 lr=3.08e-05 tok/s=40,317 eta=859.5502964414283
step=7366 tokens=965476352/1000000000 loss=3.4594 lr=3.08e-05 tok/s=40,290 eta=856.875667478707
step=7367 tokens=965607424/1000000000 loss=3.3621 lr=3.08e-05 tok/s=40,393 eta=851.4521806949576
step=7368 tokens=965738496/1000000000 loss=3.3437 lr=3.08e-05 tok/s=40,248 eta=851.2522875322879
step=7369 tokens=965869568/1000000000 loss=3.2430 lr=3.08e-05 tok/s=40,252 eta=847.9201774288175
step=7370 tokens=966000640/1000000000 loss=3.2253 lr=3.08e-05 tok/s=40,300 eta=843.6657849959792
step=7371 tokens=966131712/1000000000 loss=3.4314 lr=3.08e-05 tok/s=40,122 eta=844.1257133115176
step=7372 tokens=966262784/1000000000 loss=3.4594 lr=3.08e-05 tok/s=40,120 eta=840.9148819561752
step=7373 tokens=966393856/1000000000 loss=3.3584 lr=3.08e-05 tok/s=40,127 eta=837.4936762152047
step=7374 tokens=966524928/1000000000 loss=3.2708 lr=3.08e-05 tok/s=39,876 eta=839.4870656805177
step=7375 tokens=966656000/1000000000 loss=3.2523 lr=3.08e-05 tok/s=40,145 eta=830.5858328563147
step=7376 tokens=966787072/1000000000 loss=3.1953 lr=3.08e-05 tok/s=40,154 eta=827.1358644717991
step=7377 tokens=966918144/1000000000 loss=3.1671 lr=3.08e-05 tok/s=40,080 eta=825.3934656902153
step=7378 tokens=967049216/1000000000 loss=3.2618 lr=3.08e-05 tok/s=40,124 eta=821.2238530292258
step=7379 tokens=967180288/1000000000 loss=3.2140 lr=3.07e-05 tok/s=40,133 eta=817.7719474171244
step=7380 tokens=967311360/1000000000 loss=3.1999 lr=3.07e-05 tok/s=40,062 eta=815.9514018867088
step=7381 tokens=967442432/1000000000 loss=3.2054 lr=3.07e-05 tok/s=40,139 eta=811.1179684441191
step=7382 tokens=967573504/1000000000 loss=3.2035 lr=3.07e-05 tok/s=40,130 eta=808.0460106064511
step=7383 tokens=967704576/1000000000 loss=3.2292 lr=3.07e-05 tok/s=40,180 eta=803.7688653515343
step=7384 tokens=967835648/1000000000 loss=3.1606 lr=3.07e-05 tok/s=40,603 eta=792.1756641826514
step=7385 tokens=967966720/1000000000 loss=3.1991 lr=3.07e-05 tok/s=40,208 eta=796.685596030278
step=7386 tokens=968097792/1000000000 loss=3.1799 lr=3.07e-05 tok/s=40,274 eta=792.1255472509562
step=7387 tokens=968228864/1000000000 loss=3.2246 lr=3.07e-05 tok/s=40,395 eta=786.5135161336673
step=7388 tokens=968359936/1000000000 loss=3.2290 lr=3.07e-05 tok/s=40,395 eta=783.2654242716411
step=7389 tokens=968491008/1000000000 loss=3.2111 lr=3.07e-05 tok/s=40,375 eta=780.3995355843507
step=7390 tokens=968622080/1000000000 loss=3.1910 lr=3.07e-05 tok/s=40,430 eta=776.1108886676676
step=7391 tokens=968753152/1000000000 loss=3.1892 lr=3.07e-05 tok/s=40,363 eta=774.1427947372372
step=7392 tokens=968884224/1000000000 loss=3.2241 lr=3.07e-05 tok/s=40,291 eta=772.2674454974938
step=7393 tokens=969015296/1000000000 loss=3.2186 lr=3.07e-05 tok/s=40,385 eta=767.2396063570019
step=7394 tokens=969146368/1000000000 loss=3.1724 lr=3.07e-05 tok/s=40,209 eta=767.3268159645625
step=7395 tokens=969277440/1000000000 loss=3.1979 lr=3.07e-05 tok/s=40,210 eta=764.052184069474
step=7396 tokens=969408512/1000000000 loss=3.2287 lr=3.06e-05 tok/s=40,217 eta=760.6548763039947
step=7397 tokens=969539584/1000000000 loss=3.1932 lr=3.06e-05 tok/s=40,208 eta=757.5747063547883
step=7398 tokens=969670656/1000000000 loss=3.2052 lr=3.06e-05 tok/s=40,223 eta=754.0379515836039
step=7399 tokens=969801728/1000000000 loss=3.1853 lr=3.06e-05 tok/s=40,204 eta=751.1255746374769
step=7400 tokens=969932800/1000000000 loss=3.2156 lr=3.06e-05 tok/s=40,287 eta=746.330182092926
step=7401 tokens=970063872/1000000000 loss=3.2204 lr=3.06e-05 tok/s=29,213 eta=1024.755140396976
step=7402 tokens=970194944/1000000000 loss=3.1051 lr=3.06e-05 tok/s=40,322 eta=739.1697188471518
step=7403 tokens=970326016/1000000000 loss=3.2587 lr=3.06e-05 tok/s=40,482 eta=733.0077957668104
step=7404 tokens=970457088/1000000000 loss=3.2284 lr=3.06e-05 tok/s=40,527 eta=728.9673239968035
step=7405 tokens=970588160/1000000000 loss=3.2245 lr=3.06e-05 tok/s=40,463 eta=726.8767683513117
step=7406 tokens=970719232/1000000000 loss=2.7355 lr=3.06e-05 tok/s=40,530 eta=722.4523868352335
step=7407 tokens=970850304/1000000000 loss=2.4085 lr=3.06e-05 tok/s=40,862 eta=713.3752997244048
step=7408 tokens=970981376/1000000000 loss=2.4227 lr=3.06e-05 tok/s=40,427 eta=717.8071848019658
step=7409 tokens=971112448/1000000000 loss=2.3655 lr=3.06e-05 tok/s=40,319 eta=716.470346519996
step=7410 tokens=971243520/1000000000 loss=2.4040 lr=3.06e-05 tok/s=40,293 eta=713.6854294595355
step=7411 tokens=971374592/1000000000 loss=2.3430 lr=3.06e-05 tok/s=40,321 eta=709.9439435638619
step=7412 tokens=971505664/1000000000 loss=2.3151 lr=3.06e-05 tok/s=40,363 eta=705.950651624773
step=7413 tokens=971636736/1000000000 loss=2.3848 lr=3.06e-05 tok/s=40,291 eta=703.9689046227332
step=7414 tokens=971767808/1000000000 loss=2.3922 lr=3.06e-05 tok/s=40,288 eta=700.7594344689643
step=7415 tokens=971898880/1000000000 loss=2.3127 lr=3.05e-05 tok/s=40,638 eta=691.5004672090627
step=7416 tokens=972029952/1000000000 loss=2.3069 lr=3.05e-05 tok/s=40,500 eta=690.6268438029159
step=7417 tokens=972161024/1000000000 loss=2.3637 lr=3.05e-05 tok/s=40,511 eta=687.1911106782721
step=7418 tokens=972292096/1000000000 loss=2.3016 lr=3.05e-05 tok/s=40,529 eta=683.6529883744779
step=7419 tokens=972423168/1000000000 loss=2.3610 lr=3.05e-05 tok/s=40,308 eta=684.1521527471589
step=7420 tokens=972554240/1000000000 loss=2.3620 lr=3.05e-05 tok/s=40,291 eta=681.1934561733904
step=7421 tokens=972685312/1000000000 loss=2.2826 lr=3.05e-05 tok/s=40,335 eta=677.2003533530716
step=7422 tokens=972816384/1000000000 loss=2.2992 lr=3.05e-05 tok/s=40,224 eta=675.8058166830566
step=7423 tokens=972947456/1000000000 loss=2.2503 lr=3.05e-05 tok/s=40,300 eta=671.2820769687285
step=7424 tokens=973078528/1000000000 loss=2.2958 lr=3.05e-05 tok/s=40,447 eta=665.593875647862
step=7425 tokens=973209600/1000000000 loss=2.3065 lr=3.05e-05 tok/s=40,461 eta=662.1344449452592
step=7426 tokens=973340672/1000000000 loss=2.3060 lr=3.05e-05 tok/s=40,407 eta=659.7698738613393
step=7427 tokens=973471744/1000000000 loss=2.2722 lr=3.05e-05 tok/s=40,446 eta=655.8872925837921
step=7428 tokens=973602816/1000000000 loss=2.3377 lr=3.05e-05 tok/s=40,586 eta=650.4065715814543
step=7429 tokens=973733888/1000000000 loss=2.2989 lr=3.05e-05 tok/s=40,632 eta=646.44064539025
step=7430 tokens=973864960/1000000000 loss=2.3105 lr=3.05e-05 tok/s=40,612 eta=643.536924310722
step=7431 tokens=973996032/1000000000 loss=2.2635 lr=3.05e-05 tok/s=40,259 eta=645.9117461475512
step=7432 tokens=974127104/1000000000 loss=2.2742 lr=3.05e-05 tok/s=40,556 eta=637.9594856263243
step=7433 tokens=974258176/1000000000 loss=2.3079 lr=3.05e-05 tok/s=40,334 eta=638.2209290790933
step=7434 tokens=974389248/1000000000 loss=2.3096 lr=3.05e-05 tok/s=40,343 eta=634.8279581879649
step=7435 tokens=974520320/1000000000 loss=2.2518 lr=3.05e-05 tok/s=40,326 eta=631.8375905154486
step=7436 tokens=974651392/1000000000 loss=2.2984 lr=3.04e-05 tok/s=40,380 eta=627.7469517417761
step=7437 tokens=974782464/1000000000 loss=2.3275 lr=3.04e-05 tok/s=40,487 eta=622.8506569380348
step=7438 tokens=974913536/1000000000 loss=2.2839 lr=3.04e-05 tok/s=40,518 eta=619.1506867710048
step=7439 tokens=975044608/1000000000 loss=2.2504 lr=3.04e-05 tok/s=40,233 eta=620.2770153604083
step=7440 tokens=975175680/1000000000 loss=2.2821 lr=3.04e-05 tok/s=40,121 eta=618.7366975599482
step=7441 tokens=975306752/1000000000 loss=2.2515 lr=3.04e-05 tok/s=40,148 eta=615.0565996005158
step=7442 tokens=975437824/1000000000 loss=2.2630 lr=3.04e-05 tok/s=40,154 eta=611.6991781207632
step=7443 tokens=975568896/1000000000 loss=2.2506 lr=3.04e-05 tok/s=40,153 eta=608.4460312557713
step=7444 tokens=975699968/1000000000 loss=2.2789 lr=3.04e-05 tok/s=40,150 eta=605.2258381661413
step=7445 tokens=975831040/1000000000 loss=2.2811 lr=3.04e-05 tok/s=40,162 eta=601.7811108275519
step=7446 tokens=975962112/1000000000 loss=2.2857 lr=3.04e-05 tok/s=40,173 eta=598.3524010265812
step=7447 tokens=976093184/1000000000 loss=2.2402 lr=3.04e-05 tok/s=40,305 eta=593.1471296211972
step=7448 tokens=976224256/1000000000 loss=2.2770 lr=3.04e-05 tok/s=40,462 eta=587.6081172669709
step=7449 tokens=976355328/1000000000 loss=2.3344 lr=3.04e-05 tok/s=40,493 eta=583.9199172421279
step=7450 tokens=976486400/1000000000 loss=2.2981 lr=3.04e-05 tok/s=40,520 eta=580.2899088316423
step=7451 tokens=976617472/1000000000 loss=2.2757 lr=3.04e-05 tok/s=40,497 eta=577.3888973063397
step=7452 tokens=976748544/1000000000 loss=2.3014 lr=3.04e-05 tok/s=40,491 eta=574.2411978316528
step=7453 tokens=976879616/1000000000 loss=2.3140 lr=3.04e-05 tok/s=40,395 eta=572.3565110629511
step=7454 tokens=977010688/1000000000 loss=2.2597 lr=3.04e-05 tok/s=40,278 eta=570.7602694405281
step=7455 tokens=977141760/1000000000 loss=2.2363 lr=3.04e-05 tok/s=40,507 eta=564.296970732411
step=7456 tokens=977272832/1000000000 loss=2.2690 lr=3.04e-05 tok/s=40,075 eta=567.1170527263481
step=7457 tokens=977403904/1000000000 loss=2.2696 lr=3.04e-05 tok/s=40,137 eta=562.977181658735
step=7458 tokens=977534976/1000000000 loss=2.2728 lr=3.03e-05 tok/s=40,398 eta=556.0904461781518
step=7459 tokens=977666048/1000000000 loss=2.2558 lr=3.03e-05 tok/s=40,433 eta=552.3651329458312
step=7460 tokens=977797120/1000000000 loss=2.3043 lr=3.03e-05 tok/s=40,543 eta=547.6366347277949
step=7461 tokens=977928192/1000000000 loss=2.2703 lr=3.03e-05 tok/s=40,433 eta=545.8793741590081
step=7462 tokens=978059264/1000000000 loss=2.2737 lr=3.03e-05 tok/s=40,195 eta=545.8506077423924
step=7463 tokens=978190336/1000000000 loss=2.3048 lr=3.03e-05 tok/s=40,198 eta=542.5575478895656
step=7464 tokens=978321408/1000000000 loss=2.3061 lr=3.03e-05 tok/s=40,186 eta=539.4533389535803
step=7465 tokens=978452480/1000000000 loss=2.2753 lr=3.03e-05 tok/s=40,175 eta=536.3464328495883
step=7466 tokens=978583552/1000000000 loss=2.2807 lr=3.03e-05 tok/s=40,338 eta=530.9243748959633
step=7467 tokens=978714624/1000000000 loss=2.2629 lr=3.03e-05 tok/s=40,293 eta=528.2710404372298
step=7468 tokens=978845696/1000000000 loss=2.3014 lr=3.03e-05 tok/s=40,259 eta=525.460272390929
step=7469 tokens=978976768/1000000000 loss=2.3151 lr=3.03e-05 tok/s=40,349 eta=521.0387975465936
step=7470 tokens=979107840/1000000000 loss=3.0280 lr=3.03e-05 tok/s=40,417 eta=516.9137594422978
step=7471 tokens=979238912/1000000000 loss=3.6733 lr=3.03e-05 tok/s=40,334 eta=514.7305571561408
step=7472 tokens=979369984/1000000000 loss=3.5671 lr=3.03e-05 tok/s=40,306 eta=511.84006429602675
step=7473 tokens=979501056/1000000000 loss=3.5371 lr=3.03e-05 tok/s=40,378 eta=507.6705323629147
step=7474 tokens=979632128/1000000000 loss=3.5763 lr=3.03e-05 tok/s=40,359 eta=504.66582537054353
step=7475 tokens=979763200/1000000000 loss=3.6246 lr=3.03e-05 tok/s=40,385 eta=501.0983818404199
step=7476 tokens=979894272/1000000000 loss=3.4112 lr=3.03e-05 tok/s=40,453 eta=497.00922165663343
step=7477 tokens=980025344/1000000000 loss=3.3762 lr=3.03e-05 tok/s=29,067 eta=687.1994397979549
step=7478 tokens=980156416/1000000000 loss=3.5364 lr=3.03e-05 tok/s=40,252 eta=492.98276424138925
step=7479 tokens=980287488/1000000000 loss=3.4435 lr=3.03e-05 tok/s=40,290 eta=489.2681491890619
step=7480 tokens=980418560/1000000000 loss=3.4920 lr=3.03e-05 tok/s=40,505 eta=483.4384892457669
step=7481 tokens=980549632/1000000000 loss=3.5054 lr=3.03e-05 tok/s=40,170 eta=484.195636927039
step=7482 tokens=980680704/1000000000 loss=3.4753 lr=3.03e-05 tok/s=40,305 eta=479.33291862902
step=7483 tokens=980811776/1000000000 loss=3.5218 lr=3.03e-05 tok/s=40,289 eta=476.2645924445614
step=7484 tokens=980942848/1000000000 loss=3.4359 lr=3.03e-05 tok/s=40,289 eta=473.0057716068024
step=7485 tokens=981073920/1000000000 loss=3.5701 lr=3.02e-05 tok/s=40,373 eta=468.7805475443588
step=7486 tokens=981204992/1000000000 loss=3.4769 lr=3.02e-05 tok/s=40,350 eta=465.79845504870497
step=7487 tokens=981336064/1000000000 loss=3.5018 lr=3.02e-05 tok/s=40,372 eta=462.29778285131647
step=7488 tokens=981467136/1000000000 loss=3.4504 lr=3.02e-05 tok/s=40,509 eta=457.501470231585
step=7489 tokens=981598208/1000000000 loss=3.5190 lr=3.02e-05 tok/s=40,478 eta=454.61258445881106
step=7490 tokens=981729280/1000000000 loss=3.5421 lr=3.02e-05 tok/s=40,448 eta=451.7137985148753
step=7491 tokens=981860352/1000000000 loss=3.4636 lr=3.02e-05 tok/s=40,455 eta=448.39409993786126
step=7492 tokens=981991424/1000000000 loss=3.5209 lr=3.02e-05 tok/s=40,207 eta=447.89823541628556
step=7493 tokens=982122496/1000000000 loss=3.4158 lr=3.02e-05 tok/s=39,968 eta=447.2989865852534
step=7494 tokens=982253568/1000000000 loss=3.7404 lr=3.02e-05 tok/s=40,172 eta=441.75990329500064
step=7495 tokens=982384640/1000000000 loss=3.4998 lr=3.02e-05 tok/s=40,235 eta=437.8171635016568
step=7496 tokens=982515712/1000000000 loss=3.4614 lr=3.02e-05 tok/s=40,214 eta=434.783150453562
step=7497 tokens=982646784/1000000000 loss=3.5610 lr=3.02e-05 tok/s=40,313 eta=430.4603799538389
step=7498 tokens=982777856/1000000000 loss=3.3555 lr=3.02e-05 tok/s=40,311 eta=427.2276227124584
step=7499 tokens=982908928/1000000000 loss=3.4453 lr=3.02e-05 tok/s=40,328 eta=423.8027007223615
step=7500 tokens=983040000/1000000000 loss=3.5473 lr=3.02e-05 tok/s=40,309 eta=420.74580491537006
step=7501 tokens=983171072/1000000000 loss=3.2901 lr=3.02e-05 tok/s=40,358 eta=416.99180275590436
step=7502 tokens=983302144/1000000000 loss=3.3498 lr=3.02e-05 tok/s=40,201 eta=415.35920621738575
step=7503 tokens=983433216/1000000000 loss=3.2437 lr=3.02e-05 tok/s=40,216 eta=411.9413765262968
step=7504 tokens=983564288/1000000000 loss=3.1822 lr=3.02e-05 tok/s=40,233 eta=408.5082520760042
step=7505 tokens=983695360/1000000000 loss=3.2066 lr=3.02e-05 tok/s=40,405 eta=403.53438044891556
step=7506 tokens=983826432/1000000000 loss=3.2154 lr=3.02e-05 tok/s=40,225 eta=402.07491368349304
step=7507 tokens=983957504/1000000000 loss=3.2296 lr=3.02e-05 tok/s=40,229 eta=398.77798820092033
step=7508 tokens=984088576/1000000000 loss=3.2160 lr=3.02e-05 tok/s=40,231 eta=395.503036959306
step=7509 tokens=984219648/1000000000 loss=3.2000 lr=3.02e-05 tok/s=40,252 eta=392.0435955585655
step=7510 tokens=984350720/1000000000 loss=3.2193 lr=3.02e-05 tok/s=40,200 eta=389.28942817114716
step=7511 tokens=984481792/1000000000 loss=3.2240 lr=3.02e-05 tok/s=40,306 eta=385.00894475051666
step=7512 tokens=984612864/1000000000 loss=3.1876 lr=3.02e-05 tok/s=40,451 eta=380.3882709728333
step=7513 tokens=984743936/1000000000 loss=3.2247 lr=3.02e-05 tok/s=40,274 eta=378.81111423513374
step=7514 tokens=984875008/1000000000 loss=3.1783 lr=3.02e-05 tok/s=40,390 eta=374.47579424837755
step=7515 tokens=985006080/1000000000 loss=3.2175 lr=3.02e-05 tok/s=40,163 eta=373.3249420582038
step=7516 tokens=985137152/1000000000 loss=3.2285 lr=3.02e-05 tok/s=40,128 eta=370.3850260736681
step=7517 tokens=985268224/1000000000 loss=3.2294 lr=3.02e-05 tok/s=40,098 eta=367.3984557611709
step=7518 tokens=985399296/1000000000 loss=3.2110 lr=3.01e-05 tok/s=40,142 eta=363.7226299967278
step=7519 tokens=985530368/1000000000 loss=3.1469 lr=3.01e-05 tok/s=40,226 eta=359.7119085871196
step=7520 tokens=985661440/1000000000 loss=3.1723 lr=3.01e-05 tok/s=40,256 eta=356.1813289690749
step=7521 tokens=985792512/1000000000 loss=3.2012 lr=3.01e-05 tok/s=40,319 eta=352.379306548032
step=7522 tokens=985923584/1000000000 loss=3.1898 lr=3.01e-05 tok/s=40,400 eta=348.4292885333569
step=7523 tokens=986054656/1000000000 loss=3.2455 lr=3.01e-05 tok/s=40,431 eta=344.9158819608654
step=7524 tokens=986185728/1000000000 loss=3.1917 lr=3.01e-05 tok/s=40,193 eta=343.7003116237988
checkpoint saved: runs/20260905-135527/checkpoints/step_000007524 (time)
step=7525 tokens=986316800/1000000000 loss=3.1380 lr=3.01e-05 tok/s=35,697 eta=383.3182145058757
step=7526 tokens=986447872/1000000000 loss=3.1467 lr=3.01e-05 tok/s=40,291 eta=336.35908603938594
step=7527 tokens=986578944/1000000000 loss=3.2149 lr=3.01e-05 tok/s=40,298 eta=333.0446433700313
step=7528 tokens=986710016/1000000000 loss=3.1609 lr=3.01e-05 tok/s=40,308 eta=329.707377097171
step=7529 tokens=986841088/1000000000 loss=3.1805 lr=3.01e-05 tok/s=40,402 eta=325.70178764976896
step=7530 tokens=986972160/1000000000 loss=3.2040 lr=3.01e-05 tok/s=40,575 eta=321.08234311436604
step=7531 tokens=987103232/1000000000 loss=3.1996 lr=3.01e-05 tok/s=40,299 eta=320.02550959936485
step=7532 tokens=987234304/1000000000 loss=3.2151 lr=3.01e-05 tok/s=40,238 eta=317.2564800542317
step=7533 tokens=987365376/1000000000 loss=3.2043 lr=3.01e-05 tok/s=40,237 eta=314.0079204517947
step=7534 tokens=987496448/1000000000 loss=2.6679 lr=3.01e-05 tok/s=40,195 eta=311.06986159263244
step=7535 tokens=987627520/1000000000 loss=2.3439 lr=3.01e-05 tok/s=40,224 eta=307.59099012788454
step=7536 tokens=987758592/1000000000 loss=2.3101 lr=3.01e-05 tok/s=40,225 eta=304.3197638059163
step=7537 tokens=987889664/1000000000 loss=2.3765 lr=3.01e-05 tok/s=40,206 eta=301.20728347308835
step=7538 tokens=988020736/1000000000 loss=2.3611 lr=3.01e-05 tok/s=40,428 eta=296.3136425451074
step=7539 tokens=988151808/1000000000 loss=2.3331 lr=3.01e-05 tok/s=40,226 eta=294.5381865353943
step=7540 tokens=988282880/1000000000 loss=2.3531 lr=3.01e-05 tok/s=40,180 eta=291.6145988303873
step=7541 tokens=988413952/1000000000 loss=2.2837 lr=3.01e-05 tok/s=40,079 eta=289.08043907502474
step=7542 tokens=988545024/1000000000 loss=2.2702 lr=3.01e-05 tok/s=40,328 eta=284.046429223067
step=7543 tokens=988676096/1000000000 loss=2.3140 lr=3.01e-05 tok/s=40,261 eta=281.2590107655995
step=7544 tokens=988807168/1000000000 loss=2.2310 lr=3.01e-05 tok/s=40,255 eta=278.0487454613999
step=7545 tokens=988938240/1000000000 loss=2.3344 lr=3.01e-05 tok/s=40,266 eta=274.7138628988432
step=7546 tokens=989069312/1000000000 loss=2.3094 lr=3.01e-05 tok/s=40,277 eta=271.38487009558844
step=7547 tokens=989200384/1000000000 loss=2.2259 lr=3.01e-05 tok/s=40,287 eta=268.06654767790985
step=7548 tokens=989331456/1000000000 loss=2.2681 lr=3.01e-05 tok/s=40,566 eta=262.99471845958544
step=7549 tokens=989462528/1000000000 loss=2.2460 lr=3.01e-05 tok/s=40,347 eta=261.1735068681929
step=7550 tokens=989593600/1000000000 loss=2.2880 lr=3.01e-05 tok/s=40,534 eta=256.7315680432486
step=7551 tokens=989724672/1000000000 loss=2.2500 lr=3.01e-05 tok/s=40,573 eta=253.2540008261312
step=7552 tokens=989855744/1000000000 loss=2.2966 lr=3.01e-05 tok/s=40,640 eta=249.6143015394564
step=7553 tokens=989986816/1000000000 loss=2.2489 lr=3.01e-05 tok/s=40,630 eta=246.44858218118472
step=7554 tokens=990117888/1000000000 loss=2.2782 lr=3.01e-05 tok/s=29,412 eta=335.9866167845695
step=7555 tokens=990248960/1000000000 loss=2.2802 lr=3.01e-05 tok/s=40,580 eta=240.29320945554755
step=7556 tokens=990380032/1000000000 loss=2.2620 lr=3.01e-05 tok/s=40,581 eta=237.0550007407138
step=7557 tokens=990511104/1000000000 loss=2.2633 lr=3.01e-05 tok/s=40,691 eta=233.19122686463933
step=7558 tokens=990642176/1000000000 loss=2.2999 lr=3.01e-05 tok/s=40,638 eta=230.2721067700114
step=7559 tokens=990773248/1000000000 loss=2.2723 lr=3.01e-05 tok/s=40,249 eta=229.24202097320892
step=7560 tokens=990904320/1000000000 loss=2.2550 lr=3.01e-05 tok/s=40,323 eta=225.57048598865975
step=7561 tokens=991035392/1000000000 loss=2.2743 lr=3.01e-05 tok/s=40,456 eta=221.58961812525425
step=7562 tokens=991166464/1000000000 loss=2.3161 lr=3.01e-05 tok/s=40,506 eta=218.07885718789873
step=7563 tokens=991297536/1000000000 loss=2.2139 lr=3.01e-05 tok/s=40,306 eta=215.91021005573924
step=7564 tokens=991428608/1000000000 loss=2.2682 lr=3.01e-05 tok/s=40,179 eta=213.3303288216632
step=7565 tokens=991559680/1000000000 loss=2.2672 lr=3e-05 tok/s=40,316 eta=209.35495851103894
step=7566 tokens=991690752/1000000000 loss=2.0440 lr=3e-05 tok/s=40,256 eta=206.41005435587388
step=7567 tokens=991821824/1000000000 loss=1.8779 lr=3e-05 tok/s=40,257 eta=203.14688447466878
step=7568 tokens=991952896/1000000000 loss=1.8206 lr=3e-05 tok/s=40,285 eta=199.7523048984229
step=7569 tokens=992083968/1000000000 loss=1.7888 lr=3e-05 tok/s=40,248 eta=196.68318815011781
step=7570 tokens=992215040/1000000000 loss=1.7730 lr=3e-05 tok/s=40,265 eta=193.34171121136933
step=7571 tokens=992346112/1000000000 loss=1.7339 lr=3e-05 tok/s=40,315 eta=189.8519110343259
step=7572 tokens=992477184/1000000000 loss=1.7279 lr=3e-05 tok/s=40,248 eta=186.91320365551113
step=7573 tokens=992608256/1000000000 loss=1.7269 lr=3e-05 tok/s=40,271 eta=183.5515081929161
step=7574 tokens=992739328/1000000000 loss=1.6865 lr=3e-05 tok/s=40,147 eta=180.85136200374524
step=7575 tokens=992870400/1000000000 loss=1.7254 lr=3e-05 tok/s=40,281 eta=176.99554559576995
step=7576 tokens=993001472/1000000000 loss=1.6920 lr=3e-05 tok/s=40,132 eta=174.38682472326042
step=7577 tokens=993132544/1000000000 loss=1.6820 lr=3e-05 tok/s=40,075 eta=171.36699130620508
step=7578 tokens=993263616/1000000000 loss=1.6655 lr=3e-05 tok/s=40,106 eta=167.96455049578117
step=7579 tokens=993394688/1000000000 loss=1.6974 lr=3e-05 tok/s=40,120 eta=164.63790670384805
step=7580 tokens=993525760/1000000000 loss=1.6748 lr=3e-05 tok/s=40,073 eta=161.5626027574183
step=7581 tokens=993656832/1000000000 loss=1.6880 lr=3e-05 tok/s=40,118 eta=158.11411742421842
step=7582 tokens=993787904/1000000000 loss=1.6632 lr=3e-05 tok/s=40,294 eta=154.16794089747344
step=7583 tokens=993918976/1000000000 loss=1.6728 lr=3e-05 tok/s=40,199 eta=151.27251125664208
step=7584 tokens=994050048/1000000000 loss=1.6596 lr=3e-05 tok/s=40,218 eta=147.94277225198636
step=7585 tokens=994181120/1000000000 loss=1.6382 lr=3e-05 tok/s=40,571 eta=143.4250380412587
step=7586 tokens=994312192/1000000000 loss=1.6656 lr=3e-05 tok/s=40,320 eta=141.06494074449853
step=7587 tokens=994443264/1000000000 loss=1.6321 lr=3e-05 tok/s=40,678 eta=136.601783271854
step=7588 tokens=994574336/1000000000 loss=1.6525 lr=3e-05 tok/s=40,217 eta=134.9110126848754
step=7589 tokens=994705408/1000000000 loss=1.6538 lr=3e-05 tok/s=40,203 eta=131.69799357661793
step=7590 tokens=994836480/1000000000 loss=1.6662 lr=3e-05 tok/s=40,261 eta=128.25225301683645
step=7591 tokens=994967552/1000000000 loss=1.6436 lr=3e-05 tok/s=40,252 eta=125.02382910318805
step=7592 tokens=995098624/1000000000 loss=1.6626 lr=3e-05 tok/s=40,338 eta=121.50713838480532
step=7593 tokens=995229696/1000000000 loss=1.6670 lr=3e-05 tok/s=40,325 eta=118.29658766206997
step=7594 tokens=995360768/1000000000 loss=1.6783 lr=3e-05 tok/s=40,299 eta=115.12128982183935
step=7595 tokens=995491840/1000000000 loss=1.6602 lr=3e-05 tok/s=40,215 eta=112.10045639100429
step=7596 tokens=995622912/1000000000 loss=1.6318 lr=3e-05 tok/s=40,271 eta=108.69190738924583
step=7597 tokens=995753984/1000000000 loss=1.6453 lr=3e-05 tok/s=40,124 eta=105.82193250794626
step=7598 tokens=995885056/1000000000 loss=2.4046 lr=3e-05 tok/s=39,872 eta=103.20261142251786
step=7599 tokens=996016128/1000000000 loss=2.8750 lr=3e-05 tok/s=40,099 eta=99.35091802904873
step=7600 tokens=996147200/1000000000 loss=2.8521 lr=3e-05 tok/s=40,227 eta=95.77723656494754
step=7601 tokens=996278272/1000000000 loss=2.8551 lr=3e-05 tok/s=40,797 eta=91.22627710508561
step=7602 tokens=996409344/1000000000 loss=2.7872 lr=3e-05 tok/s=40,581 eta=88.48014021851117
step=7603 tokens=996540416/1000000000 loss=2.8031 lr=3e-05 tok/s=40,183 eta=86.09636727871367
step=7604 tokens=996671488/1000000000 loss=2.7817 lr=3e-05 tok/s=40,500 eta=82.18509985237472
step=7605 tokens=996802560/1000000000 loss=2.7752 lr=3e-05 tok/s=40,369 eta=79.20530023776678
step=7606 tokens=996933632/1000000000 loss=2.7118 lr=3e-05 tok/s=40,349 eta=75.99685861651255
step=7607 tokens=997064704/1000000000 loss=2.7272 lr=3e-05 tok/s=40,288 eta=72.85860723198971
step=7608 tokens=997195776/1000000000 loss=2.7948 lr=3e-05 tok/s=40,309 eta=69.56867794421618
step=7609 tokens=997326848/1000000000 loss=2.7457 lr=3e-05 tok/s=40,430 eta=66.1174164589005
step=7610 tokens=997457920/1000000000 loss=2.7406 lr=3e-05 tok/s=40,369 eta=62.9716815681516
step=7611 tokens=997588992/1000000000 loss=2.7796 lr=3e-05 tok/s=40,444 eta=59.613806731179636
step=7612 tokens=997720064/1000000000 loss=2.7336 lr=3e-05 tok/s=40,287 eta=56.59223285944938
step=7613 tokens=997851136/1000000000 loss=2.7641 lr=3e-05 tok/s=40,303 eta=53.31815670262182
step=7614 tokens=997982208/1000000000 loss=2.7352 lr=3e-05 tok/s=40,286 eta=50.0865793102854
step=7615 tokens=998113280/1000000000 loss=2.7406 lr=3e-05 tok/s=40,297 eta=46.82074890484415
step=7616 tokens=998244352/1000000000 loss=2.7120 lr=3e-05 tok/s=40,317 eta=43.54650489166221
step=7617 tokens=998375424/1000000000 loss=2.7454 lr=3e-05 tok/s=40,306 eta=40.30650440017587
step=7618 tokens=998506496/1000000000 loss=2.7594 lr=3e-05 tok/s=40,214 eta=37.13876930381093
step=7619 tokens=998637568/1000000000 loss=2.6921 lr=3e-05 tok/s=40,047 eta=34.0206678375211
step=7620 tokens=998768640/1000000000 loss=2.6918 lr=3e-05 tok/s=40,426 eta=30.45979033926585
step=7621 tokens=998899712/1000000000 loss=2.7190 lr=3e-05 tok/s=40,248 eta=27.337948604672476
step=7622 tokens=999030784/1000000000 loss=2.7189 lr=3e-05 tok/s=40,268 eta=24.069028930105958
step=7623 tokens=999161856/1000000000 loss=2.7250 lr=3e-05 tok/s=40,287 eta=20.804437455245136
step=7624 tokens=999292928/1000000000 loss=2.7605 lr=3e-05 tok/s=40,275 eta=17.55609729313636
step=7625 tokens=999424000/1000000000 loss=2.7451 lr=3e-05 tok/s=40,339 eta=14.279050990758433
step=7626 tokens=999555072/1000000000 loss=2.7000 lr=3e-05 tok/s=40,251 eta=11.053821490841642
step=7627 tokens=999686144/1000000000 loss=2.7497 lr=3e-05 tok/s=40,266 eta=7.7945240919796674
step=7628 tokens=999817216/1000000000 loss=2.6702 lr=3e-05 tok/s=40,136 eta=4.554138763705339
step=7629 tokens=999948288/1000000000 loss=2.7078 lr=3e-05 tok/s=40,295 eta=1.283343485988098
step=7630 tokens=1000079360/1000000000 loss=3.1352 lr=3e-05 tok/s=29,152 eta=0.0
checkpoint saved: runs/20260905-135527/checkpoints/tokens_001000m (permanent_tokens)
checkpoint saved: runs/20260905-135527/checkpoints/step_000007630 (final)
