initialized from checkpoint: previous step=7630, tokens=1000079360, source=/home/xia/code/j3/runs/20260906-225321/checkpoints/step_000007630
step=1 tokens=131072/500000000 loss=3.4129 lr=1.31e-06 tok/s=17,741 eta=28175.181227118792
step=2 tokens=262144/500000000 loss=3.1483 lr=2.62e-06 tok/s=45,008 eta=11103.341880091448
step=3 tokens=393216/500000000 loss=3.0751 lr=3.93e-06 tok/s=44,991 eta=11104.648072692878
step=4 tokens=524288/500000000 loss=3.2336 lr=5.24e-06 tok/s=44,982 eta=11104.01103905999
step=5 tokens=655360/500000000 loss=3.1301 lr=6.55e-06 tok/s=44,874 eta=11127.67627141817
step=6 tokens=786432/500000000 loss=3.0414 lr=7.86e-06 tok/s=44,861 eta=11127.889387495832
step=7 tokens=917504/500000000 loss=3.2139 lr=9.18e-06 tok/s=44,861 eta=11125.092887215678
step=8 tokens=1048576/500000000 loss=3.1608 lr=1.05e-05 tok/s=44,858 eta=11122.823000693501
step=9 tokens=1179648/500000000 loss=3.3198 lr=1.18e-05 tok/s=44,834 eta=11126.041770767912
step=10 tokens=1310720/500000000 loss=3.1258 lr=1.31e-05 tok/s=44,853 eta=11118.246462591464
step=11 tokens=1441792/500000000 loss=3.0261 lr=1.44e-05 tok/s=44,841 eta=11118.28533425505
step=12 tokens=1572864/500000000 loss=3.0533 lr=1.57e-05 tok/s=44,814 eta=11122.102636508986
step=13 tokens=1703936/500000000 loss=3.2093 lr=1.7e-05 tok/s=44,845 eta=11111.529771285992
step=14 tokens=1835008/500000000 loss=3.0643 lr=1.84e-05 tok/s=44,838 eta=11110.372463233505
step=15 tokens=1966080/500000000 loss=3.1052 lr=1.97e-05 tok/s=44,850 eta=11104.536871025904
step=16 tokens=2097152/500000000 loss=2.9776 lr=2.1e-05 tok/s=44,828 eta=11106.909764225347
step=17 tokens=2228224/500000000 loss=2.9628 lr=2.23e-05 tok/s=44,851 eta=11098.42489234532
step=18 tokens=2359296/500000000 loss=3.0745 lr=2.36e-05 tok/s=44,523 eta=11177.118615141299
step=19 tokens=2490368/500000000 loss=3.2024 lr=2.49e-05 tok/s=44,849 eta=11092.94178152321
step=20 tokens=2621440/500000000 loss=3.0871 lr=2.62e-05 tok/s=44,828 eta=11095.21156132732
step=21 tokens=2752512/500000000 loss=2.9926 lr=2.75e-05 tok/s=44,838 eta=11089.764151722557
step=22 tokens=2883584/500000000 loss=3.1273 lr=2.88e-05 tok/s=44,846 eta=11084.940514605058
step=23 tokens=3014656/500000000 loss=2.9944 lr=3.01e-05 tok/s=44,686 eta=11121.62841829209
step=24 tokens=3145728/500000000 loss=3.0604 lr=3.15e-05 tok/s=44,694 eta=11116.919793594512
step=25 tokens=3276800/500000000 loss=3.1959 lr=3.28e-05 tok/s=44,089 eta=11266.305300751155
step=26 tokens=3407872/500000000 loss=3.1868 lr=3.41e-05 tok/s=44,502 eta=11158.953487866567
step=27 tokens=3538944/500000000 loss=3.1373 lr=3.54e-05 tok/s=44,194 eta=11233.696573845897
step=28 tokens=3670016/500000000 loss=2.9940 lr=3.67e-05 tok/s=44,162 eta=11238.882945903692
step=29 tokens=3801088/500000000 loss=3.0351 lr=3.8e-05 tok/s=44,235 eta=11217.216688312164
step=30 tokens=3932160/500000000 loss=3.2051 lr=3.93e-05 tok/s=44,031 eta=11266.377134510407
step=31 tokens=4063232/500000000 loss=3.2836 lr=4.06e-05 tok/s=43,826 eta=11316.124334866725
step=32 tokens=4194304/500000000 loss=3.0881 lr=4.19e-05 tok/s=43,475 eta=11404.409637777899
step=33 tokens=4325376/500000000 loss=3.0243 lr=4.33e-05 tok/s=43,908 eta=11289.011393323715
step=34 tokens=4456448/500000000 loss=3.1197 lr=4.46e-05 tok/s=43,795 eta=11314.96088946924
step=35 tokens=4587520/500000000 loss=3.2227 lr=4.59e-05 tok/s=43,693 eta=11338.371122031973
step=36 tokens=4718592/500000000 loss=3.1358 lr=4.72e-05 tok/s=43,649 eta=11346.833163261323
step=37 tokens=4849664/500000000 loss=3.1177 lr=4.85e-05 tok/s=43,296 eta=11436.357799855366
step=38 tokens=4980736/500000000 loss=3.0273 lr=4.98e-05 tok/s=43,068 eta=11493.868700567955
step=39 tokens=5111808/500000000 loss=3.0684 lr=5.11e-05 tok/s=15,706 eta=31510.254600593347
step=40 tokens=5242880/500000000 loss=3.0623 lr=5.24e-05 tok/s=44,311 eta=11165.542021336709
step=41 tokens=5373952/500000000 loss=3.0245 lr=5.37e-05 tok/s=43,586 eta=11348.217891256956
step=42 tokens=5505024/500000000 loss=3.1765 lr=5.51e-05 tok/s=43,258 eta=11431.249690121009
step=43 tokens=5636096/500000000 loss=2.9764 lr=5.64e-05 tok/s=43,411 eta=11388.040144646533
step=44 tokens=5767168/500000000 loss=3.0930 lr=5.77e-05 tok/s=43,021 eta=11488.270326564323
step=45 tokens=5898240/500000000 loss=3.1372 lr=5.9e-05 tok/s=43,081 eta=11469.13562867647
step=46 tokens=6029312/500000000 loss=3.0940 lr=6.03e-05 tok/s=42,688 eta=11571.6730577163
step=47 tokens=6160384/500000000 loss=3.1957 lr=6.16e-05 tok/s=42,936 eta=11501.629474045887
step=48 tokens=6291456/500000000 loss=3.1383 lr=6.29e-05 tok/s=42,689 eta=11565.298649592029
step=49 tokens=6422528/500000000 loss=2.9876 lr=6.42e-05 tok/s=42,578 eta=11592.249125639295
step=50 tokens=6553600/500000000 loss=3.0369 lr=6.55e-05 tok/s=42,865 eta=11511.641390168668
step=51 tokens=6684672/500000000 loss=3.0477 lr=6.68e-05 tok/s=42,634 eta=11570.84198736094
step=52 tokens=6815744/500000000 loss=3.0971 lr=6.82e-05 tok/s=42,798 eta=11523.552067833656
step=53 tokens=6946816/500000000 loss=3.1509 lr=6.95e-05 tok/s=42,890 eta=11495.737021922188
step=54 tokens=7077888/500000000 loss=3.1115 lr=7.08e-05 tok/s=42,489 eta=11601.25230581135
step=55 tokens=7208960/500000000 loss=3.1495 lr=7.21e-05 tok/s=42,828 eta=11506.14960719651
step=56 tokens=7340032/500000000 loss=3.0509 lr=7.34e-05 tok/s=42,680 eta=11543.188838899396
step=57 tokens=7471104/500000000 loss=2.9374 lr=7.47e-05 tok/s=42,703 eta=11533.867746497539
step=58 tokens=7602176/500000000 loss=3.2478 lr=7.6e-05 tok/s=42,757 eta=11516.301182477458
step=59 tokens=7733248/500000000 loss=3.1490 lr=7.73e-05 tok/s=42,984 eta=11452.298997458991
step=60 tokens=7864320/500000000 loss=3.0122 lr=7.86e-05 tok/s=42,848 eta=11485.565100721164
step=61 tokens=7995392/500000000 loss=3.3423 lr=8e-05 tok/s=42,843 eta=11483.984647584903
step=62 tokens=8126464/500000000 loss=3.0642 lr=8.13e-05 tok/s=42,880 eta=11470.934683540167
step=63 tokens=8257536/500000000 loss=3.1693 lr=8.26e-05 tok/s=42,753 eta=11501.861188907289
step=64 tokens=8388608/500000000 loss=3.1357 lr=8.39e-05 tok/s=42,544 eta=11555.328128190176
step=65 tokens=8519680/500000000 loss=3.0832 lr=8.52e-05 tok/s=42,603 eta=11536.203401680832
step=66 tokens=8650752/500000000 loss=3.2171 lr=8.65e-05 tok/s=42,699 eta=11507.226355768327
step=67 tokens=8781824/500000000 loss=3.1349 lr=8.78e-05 tok/s=42,769 eta=11485.323092801586
step=68 tokens=8912896/500000000 loss=3.1874 lr=8.91e-05 tok/s=42,689 eta=11503.938834243469
step=69 tokens=9043968/500000000 loss=3.3164 lr=9.04e-05 tok/s=42,616 eta=11520.530368344636
step=70 tokens=9175040/500000000 loss=3.0759 lr=9.18e-05 tok/s=42,553 eta=11534.440824388967
step=71 tokens=9306112/500000000 loss=3.0594 lr=9.31e-05 tok/s=42,612 eta=11515.336990880318
step=72 tokens=9437184/500000000 loss=3.0704 lr=9.44e-05 tok/s=42,514 eta=11538.975064122711
step=73 tokens=9568256/500000000 loss=3.2021 lr=9.57e-05 tok/s=42,568 eta=11521.023999351335
step=74 tokens=9699328/500000000 loss=3.1718 lr=9.7e-05 tok/s=42,314 eta=11587.219240714892
step=75 tokens=9830400/500000000 loss=3.1968 lr=9.83e-05 tok/s=42,449 eta=11547.291682723711
step=76 tokens=9961472/500000000 loss=3.1350 lr=9.96e-05 tok/s=42,405 eta=11556.186311835294
step=77 tokens=10092544/500000000 loss=3.2052 lr=0.0001 tok/s=30,931 eta=15838.60929124845
step=78 tokens=10223616/500000000 loss=2.9753 lr=0.0001 tok/s=42,656 eta=11481.960165104958
step=79 tokens=10354688/500000000 loss=2.9679 lr=0.0001 tok/s=42,672 eta=11474.579212021996
step=80 tokens=10485760/500000000 loss=3.0882 lr=0.0001 tok/s=42,655 eta=11476.234148559144
step=81 tokens=10616832/500000000 loss=3.1113 lr=0.0001 tok/s=42,597 eta=11488.67272720532
step=82 tokens=10747904/500000000 loss=3.1496 lr=0.0001 tok/s=42,358 eta=11550.494864868608
step=83 tokens=10878976/500000000 loss=3.1136 lr=0.0001 tok/s=42,435 eta=11526.437645636988
step=84 tokens=11010048/500000000 loss=3.1692 lr=0.0001 tok/s=42,196 eta=11588.506917425115
step=85 tokens=11141120/500000000 loss=3.1233 lr=0.0001 tok/s=42,425 eta=11522.868622555487
step=86 tokens=11272192/500000000 loss=3.1727 lr=0.0001 tok/s=42,360 eta=11537.558678118758
step=87 tokens=11403264/500000000 loss=3.0404 lr=0.0001 tok/s=42,448 eta=11510.534789881673
step=88 tokens=11534336/500000000 loss=3.1259 lr=0.0001 tok/s=42,458 eta=11504.768605405106
step=89 tokens=11665408/500000000 loss=3.1758 lr=0.0001 tok/s=42,260 eta=11555.549567001044
step=90 tokens=11796480/500000000 loss=3.0248 lr=0.0001 tok/s=42,446 eta=11501.83379436548
step=91 tokens=11927552/500000000 loss=3.1436 lr=0.0001 tok/s=42,315 eta=11534.328783471956
step=92 tokens=12058624/500000000 loss=3.1987 lr=0.0001 tok/s=42,232 eta=11553.875994050592
step=93 tokens=12189696/500000000 loss=3.2197 lr=0.0001 tok/s=42,190 eta=11562.229486009908
step=94 tokens=12320768/500000000 loss=3.2136 lr=0.0001 tok/s=42,141 eta=11572.688647925257
step=95 tokens=12451840/500000000 loss=2.9525 lr=0.0001 tok/s=42,274 eta=11532.982349048636
step=96 tokens=12582912/500000000 loss=3.0966 lr=0.0001 tok/s=42,241 eta=11539.029853970409
step=97 tokens=12713984/500000000 loss=3.1004 lr=0.0001 tok/s=42,209 eta=11544.487697125383
step=98 tokens=12845056/500000000 loss=3.2518 lr=0.0001 tok/s=42,522 eta=11456.480397128664
step=99 tokens=12976128/500000000 loss=3.2566 lr=0.0001 tok/s=42,131 eta=11559.878876341836
step=100 tokens=13107200/500000000 loss=3.0971 lr=0.0001 tok/s=42,364 eta=11493.177463534923
step=101 tokens=13238272/500000000 loss=3.1759 lr=0.0001 tok/s=42,288 eta=11510.722473226071
step=102 tokens=13369344/500000000 loss=3.1545 lr=0.0001 tok/s=42,030 eta=11578.256023214855
step=103 tokens=13500416/500000000 loss=3.1711 lr=0.0001 tok/s=42,268 eta=11509.943460229568
step=104 tokens=13631488/500000000 loss=3.0799 lr=0.0001 tok/s=42,273 eta=11505.506212876546
step=105 tokens=13762560/500000000 loss=3.1368 lr=0.0001 tok/s=42,470 eta=11448.885875013342
step=106 tokens=13893632/500000000 loss=3.0983 lr=0.0001 tok/s=42,331 eta=11483.485860699957
step=107 tokens=14024704/500000000 loss=3.0121 lr=0.0001 tok/s=42,429 eta=11453.776610870647
step=108 tokens=14155776/500000000 loss=3.1362 lr=0.0001 tok/s=42,562 eta=11414.962826276662
step=109 tokens=14286848/500000000 loss=3.1878 lr=0.0001 tok/s=42,303 eta=11481.68250320742
step=110 tokens=14417920/500000000 loss=3.0446 lr=0.0001 tok/s=42,334 eta=11470.365616216746
step=111 tokens=14548992/500000000 loss=3.1493 lr=0.0001 tok/s=42,583 eta=11400.162272178932
step=112 tokens=14680064/500000000 loss=3.0484 lr=0.0001 tok/s=42,443 eta=11434.69945791536
step=113 tokens=14811136/500000000 loss=3.0530 lr=0.0001 tok/s=42,525 eta=11409.4498510829
step=114 tokens=14942208/500000000 loss=3.2183 lr=0.0001 tok/s=42,206 eta=11492.527211724671
step=115 tokens=15073280/500000000 loss=3.1033 lr=0.0001 tok/s=30,665 eta=15813.756104085991
step=116 tokens=15204352/500000000 loss=3.2062 lr=0.0001 tok/s=42,613 eta=11376.634359784946
step=117 tokens=15335424/500000000 loss=3.2624 lr=0.0001 tok/s=42,629 eta=11369.372099827382
step=118 tokens=15466496/500000000 loss=3.1455 lr=0.0001 tok/s=42,815 eta=11316.919913808835
step=119 tokens=15597568/500000000 loss=3.0603 lr=0.0001 tok/s=42,651 eta=11357.313290685497
step=120 tokens=15728640/500000000 loss=3.0993 lr=0.0001 tok/s=42,700 eta=11341.284705631093
step=121 tokens=15859712/500000000 loss=2.9088 lr=0.0001 tok/s=42,559 eta=11375.801426463568
step=122 tokens=15990784/500000000 loss=2.9929 lr=0.0001 tok/s=42,387 eta=11418.714176179754
step=123 tokens=16121856/500000000 loss=3.1496 lr=0.0001 tok/s=42,509 eta=11382.8725701959
step=124 tokens=16252928/500000000 loss=3.0103 lr=0.0001 tok/s=42,642 eta=11344.39358544951
step=125 tokens=16384000/500000000 loss=3.0928 lr=0.0001 tok/s=42,598 eta=11352.973492294665
step=126 tokens=16515072/500000000 loss=3.0972 lr=0.0001 tok/s=42,660 eta=11333.478644893952
step=127 tokens=16646144/500000000 loss=3.0981 lr=0.0001 tok/s=42,535 eta=11363.580751496329
step=128 tokens=16777216/500000000 loss=3.2918 lr=0.0001 tok/s=42,809 eta=11287.820561663719
step=129 tokens=16908288/500000000 loss=3.0484 lr=0.0001 tok/s=42,801 eta=11286.943790500449
step=130 tokens=17039360/500000000 loss=3.2810 lr=0.0001 tok/s=42,647 eta=11324.667543983494
step=131 tokens=17170432/500000000 loss=3.2611 lr=0.0001 tok/s=42,733 eta=11298.64938552753
step=132 tokens=17301504/500000000 loss=3.0717 lr=0.0001 tok/s=42,635 eta=11321.623863795865
step=133 tokens=17432576/500000000 loss=3.0969 lr=9.99e-05 tok/s=42,495 eta=11355.761176828677
step=134 tokens=17563648/500000000 loss=3.1132 lr=9.99e-05 tok/s=42,577 eta=11330.966643645808
step=135 tokens=17694720/500000000 loss=3.0792 lr=9.99e-05 tok/s=42,203 eta=11428.317647941432
step=136 tokens=17825792/500000000 loss=3.1160 lr=9.99e-05 tok/s=42,368 eta=11380.726897174553
step=137 tokens=17956864/500000000 loss=3.2963 lr=9.99e-05 tok/s=42,372 eta=11376.356853796244
step=138 tokens=18087936/500000000 loss=3.3367 lr=9.99e-05 tok/s=42,385 eta=11369.884687117123
step=139 tokens=18219008/500000000 loss=3.0697 lr=9.99e-05 tok/s=42,111 eta=11440.74464425514
step=140 tokens=18350080/500000000 loss=2.9517 lr=9.99e-05 tok/s=42,242 eta=11402.146562366172
step=141 tokens=18481152/500000000 loss=3.0853 lr=9.99e-05 tok/s=42,116 eta=11433.054231105389
step=142 tokens=18612224/500000000 loss=3.2356 lr=9.99e-05 tok/s=42,139 eta=11423.716852539212
step=143 tokens=18743296/500000000 loss=3.1229 lr=9.99e-05 tok/s=42,104 eta=11430.229942423104
step=144 tokens=18874368/500000000 loss=3.0391 lr=9.99e-05 tok/s=42,274 eta=11381.221739032191
step=145 tokens=19005440/500000000 loss=2.9911 lr=9.99e-05 tok/s=42,182 eta=11402.96208876877
step=146 tokens=19136512/500000000 loss=3.0478 lr=9.99e-05 tok/s=42,198 eta=11395.333129240871
step=147 tokens=19267584/500000000 loss=3.3221 lr=9.99e-05 tok/s=42,264 eta=11374.493172305885
step=148 tokens=19398656/500000000 loss=3.2049 lr=9.99e-05 tok/s=41,984 eta=11447.136931780346
step=149 tokens=19529728/500000000 loss=3.2902 lr=9.99e-05 tok/s=42,224 eta=11379.006454744449
step=150 tokens=19660800/500000000 loss=3.2113 lr=9.99e-05 tok/s=42,217 eta=11377.861375591045
step=151 tokens=19791872/500000000 loss=3.0589 lr=9.99e-05 tok/s=42,007 eta=11431.613583683751
step=152 tokens=19922944/500000000 loss=2.9431 lr=9.99e-05 tok/s=42,351 eta=11335.560257422043
step=153 tokens=20054016/500000000 loss=3.1823 lr=9.99e-05 tok/s=30,689 eta=15639.248418679363
step=154 tokens=20185088/500000000 loss=3.0107 lr=9.99e-05 tok/s=42,212 eta=11366.87081631447
step=155 tokens=20316160/500000000 loss=3.0835 lr=9.99e-05 tok/s=42,098 eta=11394.484589539248
step=156 tokens=20447232/500000000 loss=3.2344 lr=9.99e-05 tok/s=42,246 eta=11351.513335632599
step=157 tokens=20578304/500000000 loss=3.0485 lr=9.99e-05 tok/s=42,022 eta=11408.81330476293
step=158 tokens=20709376/500000000 loss=3.0844 lr=9.99e-05 tok/s=42,031 eta=11403.308861716743
step=159 tokens=20840448/500000000 loss=3.1135 lr=9.99e-05 tok/s=42,265 eta=11337.00282479744
step=160 tokens=20971520/500000000 loss=3.2554 lr=9.99e-05 tok/s=42,418 eta=11292.965146564813
step=161 tokens=21102592/500000000 loss=3.2222 lr=9.99e-05 tok/s=41,864 eta=11439.318159516915
step=162 tokens=21233664/500000000 loss=3.1625 lr=9.99e-05 tok/s=42,174 eta=11352.211341029879
step=163 tokens=21364736/500000000 loss=3.1511 lr=9.99e-05 tok/s=42,181 eta=11347.056410821464
step=164 tokens=21495808/500000000 loss=3.2510 lr=9.99e-05 tok/s=42,282 eta=11317.028513923518
step=165 tokens=21626880/500000000 loss=3.1977 lr=9.99e-05 tok/s=42,182 eta=11340.723131347802
step=166 tokens=21757952/500000000 loss=2.8890 lr=9.99e-05 tok/s=42,012 eta=11383.520925675317
step=167 tokens=21889024/500000000 loss=3.0247 lr=9.99e-05 tok/s=42,371 eta=11284.003106469012
step=168 tokens=22020096/500000000 loss=3.0585 lr=9.99e-05 tok/s=42,325 eta=11293.14423632005
step=169 tokens=22151168/500000000 loss=3.2605 lr=9.99e-05 tok/s=42,522 eta=11237.796844053959
step=170 tokens=22282240/500000000 loss=3.0943 lr=9.99e-05 tok/s=42,407 eta=11265.10012641854
step=171 tokens=22413312/500000000 loss=3.2308 lr=9.99e-05 tok/s=41,899 eta=11398.400558541936
step=172 tokens=22544384/500000000 loss=3.0396 lr=9.99e-05 tok/s=42,312 eta=11284.231831859222
step=173 tokens=22675456/500000000 loss=3.0763 lr=9.99e-05 tok/s=42,267 eta=11292.947977125155
step=174 tokens=22806528/500000000 loss=3.1127 lr=9.98e-05 tok/s=42,211 eta=11304.966919019853
step=175 tokens=22937600/500000000 loss=3.1962 lr=9.98e-05 tok/s=42,264 eta=11287.717544290575
step=176 tokens=23068672/500000000 loss=3.2304 lr=9.98e-05 tok/s=42,117 eta=11323.927840599423
step=177 tokens=23199744/500000000 loss=3.1545 lr=9.98e-05 tok/s=42,154 eta=11310.78076965349
step=178 tokens=23330816/500000000 loss=3.1650 lr=9.98e-05 tok/s=41,933 eta=11367.334238679943
step=179 tokens=23461888/500000000 loss=3.0767 lr=9.98e-05 tok/s=42,225 eta=11285.563592038447
step=180 tokens=23592960/500000000 loss=3.1504 lr=9.98e-05 tok/s=42,180 eta=11294.507413479401
step=181 tokens=23724032/500000000 loss=3.2392 lr=9.98e-05 tok/s=41,936 eta=11357.332611889286
step=182 tokens=23855104/500000000 loss=3.2358 lr=9.98e-05 tok/s=41,824 eta=11384.568868561832
step=183 tokens=23986176/500000000 loss=3.1978 lr=9.98e-05 tok/s=42,195 eta=11281.359317726163
step=184 tokens=24117248/500000000 loss=3.1072 lr=9.98e-05 tok/s=42,017 eta=11325.845411930966
step=185 tokens=24248320/500000000 loss=3.2302 lr=9.98e-05 tok/s=42,130 eta=11292.480147971264
step=186 tokens=24379392/500000000 loss=3.1014 lr=9.98e-05 tok/s=42,289 eta=11247.039954050839
step=187 tokens=24510464/500000000 loss=3.2085 lr=9.98e-05 tok/s=42,098 eta=11294.875635033792
step=188 tokens=24641536/500000000 loss=3.1226 lr=9.98e-05 tok/s=42,158 eta=11275.5554221747
step=189 tokens=24772608/500000000 loss=3.1622 lr=9.98e-05 tok/s=42,058 eta=11299.336044424657
step=190 tokens=24903680/500000000 loss=3.0389 lr=9.98e-05 tok/s=42,072 eta=11292.569856199309
step=191 tokens=25034752/500000000 loss=3.0616 lr=9.98e-05 tok/s=30,522 eta=15561.276690634593
checkpoint saved: runs/20260907-112712/checkpoints/tokens_000025m (permanent_tokens)
step=192 tokens=25165824/500000000 loss=3.1552 lr=9.98e-05 tok/s=35,062 eta=13542.61092150303
step=193 tokens=25296896/500000000 loss=3.3078 lr=9.98e-05 tok/s=42,405 eta=11194.378178257097
step=194 tokens=25427968/500000000 loss=3.0498 lr=9.98e-05 tok/s=42,385 eta=11196.827999903122
step=195 tokens=25559040/500000000 loss=3.0681 lr=9.98e-05 tok/s=41,946 eta=11310.644140613767
step=196 tokens=25690112/500000000 loss=3.1621 lr=9.98e-05 tok/s=42,034 eta=11283.911293162488
step=197 tokens=25821184/500000000 loss=3.1008 lr=9.98e-05 tok/s=42,209 eta=11234.100292782783
step=198 tokens=25952256/500000000 loss=3.0467 lr=9.98e-05 tok/s=42,270 eta=11214.62603813342
step=199 tokens=26083328/500000000 loss=3.1471 lr=9.98e-05 tok/s=42,308 eta=11201.565355954628
step=200 tokens=26214400/500000000 loss=3.2072 lr=9.98e-05 tok/s=42,025 eta=11273.907969917598
step=201 tokens=26345472/500000000 loss=3.0461 lr=9.98e-05 tok/s=42,176 eta=11230.466817235125
step=202 tokens=26476544/500000000 loss=3.0854 lr=9.97e-05 tok/s=42,237 eta=11211.223399410994
step=203 tokens=26607616/500000000 loss=3.1178 lr=9.97e-05 tok/s=42,240 eta=11207.19995314406
step=204 tokens=26738688/500000000 loss=3.1079 lr=9.97e-05 tok/s=42,260 eta=11198.81224654721
step=205 tokens=26869760/500000000 loss=3.1122 lr=9.97e-05 tok/s=42,325 eta=11178.381748767502
step=206 tokens=27000832/500000000 loss=3.2274 lr=9.97e-05 tok/s=42,407 eta=11153.814585329274
step=207 tokens=27131904/500000000 loss=2.9685 lr=9.97e-05 tok/s=42,053 eta=11244.46680764392
step=208 tokens=27262976/500000000 loss=3.2185 lr=9.97e-05 tok/s=42,131 eta=11220.645474664265
step=209 tokens=27394048/500000000 loss=3.0934 lr=9.97e-05 tok/s=42,165 eta=11208.562247987602
step=210 tokens=27525120/500000000 loss=3.0788 lr=9.97e-05 tok/s=42,223 eta=11189.964701313189
step=211 tokens=27656192/500000000 loss=3.0919 lr=9.97e-05 tok/s=42,014 eta=11242.44457553644
step=212 tokens=27787264/500000000 loss=3.0459 lr=9.97e-05 tok/s=42,243 eta=11178.503476480628
step=213 tokens=27918336/500000000 loss=3.3284 lr=9.97e-05 tok/s=41,998 eta=11240.685162952246
step=214 tokens=28049408/500000000 loss=3.1500 lr=9.97e-05 tok/s=42,168 eta=11192.13927967925
step=215 tokens=28180480/500000000 loss=3.1909 lr=9.97e-05 tok/s=42,151 eta=11193.602494157627
step=216 tokens=28311552/500000000 loss=3.2092 lr=9.97e-05 tok/s=41,958 eta=11241.990990701375
step=217 tokens=28442624/500000000 loss=3.1705 lr=9.97e-05 tok/s=41,945 eta=11242.259242078531
step=218 tokens=28573696/500000000 loss=3.2192 lr=9.97e-05 tok/s=41,792 eta=11280.39399255884
step=219 tokens=28704768/500000000 loss=3.1277 lr=9.97e-05 tok/s=42,145 eta=11182.665887401323
step=220 tokens=28835840/500000000 loss=3.1030 lr=9.97e-05 tok/s=41,839 eta=11261.370874809692
step=221 tokens=28966912/500000000 loss=3.1375 lr=9.97e-05 tok/s=41,692 eta=11297.966327963075
step=222 tokens=29097984/500000000 loss=2.9659 lr=9.97e-05 tok/s=42,086 eta=11189.07093849891
step=223 tokens=29229056/500000000 loss=3.2393 lr=9.97e-05 tok/s=42,243 eta=11144.300827355508
step=224 tokens=29360128/500000000 loss=3.1160 lr=9.97e-05 tok/s=42,294 eta=11127.893568835547
step=225 tokens=29491200/500000000 loss=3.0473 lr=9.96e-05 tok/s=41,844 eta=11244.45402547544
step=226 tokens=29622272/500000000 loss=3.1917 lr=9.96e-05 tok/s=41,976 eta=11205.823338584145
step=227 tokens=29753344/500000000 loss=3.2764 lr=9.96e-05 tok/s=42,295 eta=11118.227426489853
step=228 tokens=29884416/500000000 loss=3.2026 lr=9.96e-05 tok/s=42,204 eta=11139.150315682315
step=229 tokens=30015488/500000000 loss=3.0147 lr=9.96e-05 tok/s=30,442 eta=15438.586042538147
step=230 tokens=30146560/500000000 loss=2.9999 lr=9.96e-05 tok/s=42,085 eta=11164.43632286851
step=231 tokens=30277632/500000000 loss=3.1038 lr=9.96e-05 tok/s=42,172 eta=11138.2837813969
step=232 tokens=30408704/500000000 loss=3.2128 lr=9.96e-05 tok/s=42,167 eta=11136.548055134292
step=233 tokens=30539776/500000000 loss=3.0926 lr=9.96e-05 tok/s=42,141 eta=11140.33871988082
step=234 tokens=30670848/500000000 loss=3.0486 lr=9.96e-05 tok/s=42,244 eta=11109.93330715539
step=235 tokens=30801920/500000000 loss=3.2404 lr=9.96e-05 tok/s=42,117 eta=11140.386875083408
step=236 tokens=30932992/500000000 loss=3.1487 lr=9.96e-05 tok/s=42,040 eta=11157.711312802894
step=237 tokens=31064064/500000000 loss=3.0310 lr=9.96e-05 tok/s=42,060 eta=11149.092725194949
step=238 tokens=31195136/500000000 loss=3.1981 lr=9.96e-05 tok/s=42,325 eta=11076.198379433738
step=239 tokens=31326208/500000000 loss=3.0842 lr=9.96e-05 tok/s=41,907 eta=11183.561634066175
step=240 tokens=31457280/500000000 loss=3.1602 lr=9.96e-05 tok/s=42,116 eta=11125.01790625372
step=241 tokens=31588352/500000000 loss=3.1123 lr=9.96e-05 tok/s=41,995 eta=11153.92273210562
step=242 tokens=31719424/500000000 loss=3.1103 lr=9.96e-05 tok/s=41,974 eta=11156.533948397497
step=243 tokens=31850496/500000000 loss=3.1831 lr=9.96e-05 tok/s=42,158 eta=11104.527386512915
step=244 tokens=31981568/500000000 loss=3.1491 lr=9.96e-05 tok/s=42,039 eta=11132.92301818611
step=245 tokens=32112640/500000000 loss=3.0568 lr=9.95e-05 tok/s=42,129 eta=11106.052449220406
step=246 tokens=32243712/500000000 loss=3.0137 lr=9.95e-05 tok/s=42,150 eta=11097.363115554956
step=247 tokens=32374784/500000000 loss=3.1706 lr=9.95e-05 tok/s=42,299 eta=11055.188407310774
step=248 tokens=32505856/500000000 loss=3.0211 lr=9.95e-05 tok/s=42,040 eta=11120.346533627855
step=249 tokens=32636928/500000000 loss=3.2697 lr=9.95e-05 tok/s=42,048 eta=11114.864142552378
step=250 tokens=32768000/500000000 loss=3.2175 lr=9.95e-05 tok/s=42,131 eta=11090.027855274244
step=251 tokens=32899072/500000000 loss=3.2668 lr=9.95e-05 tok/s=41,731 eta=11193.244823557845
step=252 tokens=33030144/500000000 loss=3.0302 lr=9.95e-05 tok/s=41,924 eta=11138.493760367142
step=253 tokens=33161216/500000000 loss=3.1886 lr=9.95e-05 tok/s=42,118 eta=11083.961711117372
step=254 tokens=33292288/500000000 loss=3.0928 lr=9.95e-05 tok/s=42,208 eta=11057.282108071398
step=255 tokens=33423360/500000000 loss=2.9738 lr=9.95e-05 tok/s=42,165 eta=11065.617178129642
step=256 tokens=33554432/500000000 loss=3.0607 lr=9.95e-05 tok/s=41,900 eta=11132.357939124839
step=257 tokens=33685504/500000000 loss=3.0101 lr=9.95e-05 tok/s=42,019 eta=11097.747205434092
step=258 tokens=33816576/500000000 loss=3.1043 lr=9.95e-05 tok/s=42,061 eta=11083.505826633495
step=259 tokens=33947648/500000000 loss=3.0760 lr=9.95e-05 tok/s=42,021 eta=11090.999464757877
step=260 tokens=34078720/500000000 loss=3.0629 lr=9.95e-05 tok/s=42,373 eta=10995.665227532956
step=261 tokens=34209792/500000000 loss=3.2001 lr=9.95e-05 tok/s=41,899 eta=11116.964645082406
step=262 tokens=34340864/500000000 loss=3.0307 lr=9.95e-05 tok/s=42,192 eta=11036.772387911438
step=263 tokens=34471936/500000000 loss=2.9683 lr=9.94e-05 tok/s=42,047 eta=11071.56943349851
step=264 tokens=34603008/500000000 loss=2.9787 lr=9.94e-05 tok/s=42,121 eta=11049.002031074793
step=265 tokens=34734080/500000000 loss=3.2039 lr=9.94e-05 tok/s=42,102 eta=11050.866954800085
step=266 tokens=34865152/500000000 loss=3.2101 lr=9.94e-05 tok/s=42,244 eta=11010.739092860793
step=267 tokens=34996224/500000000 loss=3.1821 lr=9.94e-05 tok/s=42,068 eta=11053.563896943928
step=268 tokens=35127296/500000000 loss=3.1032 lr=9.94e-05 tok/s=30,502 eta=15240.717194928526
step=269 tokens=35258368/500000000 loss=3.1493 lr=9.94e-05 tok/s=42,216 eta=11008.774388174279
step=270 tokens=35389440/500000000 loss=3.1298 lr=9.94e-05 tok/s=42,149 eta=11023.079654182362
step=271 tokens=35520512/500000000 loss=3.0379 lr=9.94e-05 tok/s=42,065 eta=11041.890685369963
step=272 tokens=35651584/500000000 loss=3.2130 lr=9.94e-05 tok/s=41,992 eta=11057.959579740635
step=273 tokens=35782656/500000000 loss=3.1243 lr=9.94e-05 tok/s=42,145 eta=11014.76878104761
step=274 tokens=35913728/500000000 loss=3.2489 lr=9.94e-05 tok/s=42,121 eta=11017.820425665392
step=275 tokens=36044800/500000000 loss=2.9761 lr=9.94e-05 tok/s=41,674 eta=11133.006637982706
step=276 tokens=36175872/500000000 loss=3.2495 lr=9.94e-05 tok/s=41,830 eta=11088.191179085556
step=277 tokens=36306944/500000000 loss=3.0570 lr=9.94e-05 tok/s=42,164 eta=10997.303192555892
step=278 tokens=36438016/500000000 loss=3.2415 lr=9.94e-05 tok/s=42,042 eta=11026.103126688131
step=279 tokens=36569088/500000000 loss=3.2654 lr=9.93e-05 tok/s=42,189 eta=10984.590578067324
step=280 tokens=36700160/500000000 loss=3.2801 lr=9.93e-05 tok/s=41,982 eta=11035.588894534829
step=281 tokens=36831232/500000000 loss=3.2111 lr=9.93e-05 tok/s=42,256 eta=10961.093728983094
step=282 tokens=36962304/500000000 loss=3.0649 lr=9.93e-05 tok/s=42,318 eta=10941.862969551848
step=283 tokens=37093376/500000000 loss=3.0955 lr=9.93e-05 tok/s=42,347 eta=10931.224146105445
step=284 tokens=37224448/500000000 loss=3.2916 lr=9.93e-05 tok/s=42,227 eta=10959.261740704638
step=285 tokens=37355520/500000000 loss=2.9594 lr=9.93e-05 tok/s=42,263 eta=10946.693742862735
step=286 tokens=37486592/500000000 loss=3.1586 lr=9.93e-05 tok/s=42,251 eta=10946.675837871659
step=287 tokens=37617664/500000000 loss=2.9849 lr=9.93e-05 tok/s=42,448 eta=10892.801120706441
step=288 tokens=37748736/500000000 loss=3.1804 lr=9.93e-05 tok/s=42,043 eta=10994.674221034778
step=289 tokens=37879808/500000000 loss=2.9900 lr=9.93e-05 tok/s=42,339 eta=10914.81451606113
step=290 tokens=38010880/500000000 loss=3.1900 lr=9.93e-05 tok/s=42,115 eta=10969.57513123296
step=291 tokens=38141952/500000000 loss=3.1502 lr=9.93e-05 tok/s=41,706 eta=11074.123334783331
step=292 tokens=38273024/500000000 loss=3.1049 lr=9.93e-05 tok/s=42,025 eta=10986.991277995754
step=293 tokens=38404096/500000000 loss=3.0588 lr=9.93e-05 tok/s=41,972 eta=10997.592656528197
step=294 tokens=38535168/500000000 loss=2.9704 lr=9.92e-05 tok/s=42,073 eta=10968.25332614374
step=295 tokens=38666240/500000000 loss=3.1272 lr=9.92e-05 tok/s=41,930 eta=11002.442779418168
step=296 tokens=38797312/500000000 loss=3.0569 lr=9.92e-05 tok/s=41,979 eta=10986.42677286331
step=297 tokens=38928384/500000000 loss=3.1173 lr=9.92e-05 tok/s=41,973 eta=10985.00931486303
step=298 tokens=39059456/500000000 loss=3.2296 lr=9.92e-05 tok/s=41,915 eta=10996.914218603235
step=299 tokens=39190528/500000000 loss=3.1623 lr=9.92e-05 tok/s=41,898 eta=10998.332472591715
step=300 tokens=39321600/500000000 loss=3.1072 lr=9.92e-05 tok/s=42,078 eta=10948.240438678458
step=301 tokens=39452672/500000000 loss=3.1618 lr=9.92e-05 tok/s=41,978 eta=10971.105777320392
step=302 tokens=39583744/500000000 loss=3.0863 lr=9.92e-05 tok/s=41,916 eta=10984.236083356096
step=303 tokens=39714816/500000000 loss=3.0535 lr=9.92e-05 tok/s=42,078 eta=10938.83404043119
step=304 tokens=39845888/500000000 loss=2.7806 lr=9.92e-05 tok/s=42,183 eta=10908.548639272976
step=305 tokens=39976960/500000000 loss=3.1055 lr=9.92e-05 tok/s=42,230 eta=10893.349275869521
step=306 tokens=40108032/500000000 loss=3.0767 lr=9.92e-05 tok/s=30,554 eta=15051.623343784911
step=307 tokens=40239104/500000000 loss=3.1615 lr=9.92e-05 tok/s=41,785 eta=11003.129705126144
step=308 tokens=40370176/500000000 loss=3.0997 lr=9.91e-05 tok/s=42,045 eta=10931.812179528704
step=309 tokens=40501248/500000000 loss=3.1693 lr=9.91e-05 tok/s=41,706 eta=11017.588686306777
step=310 tokens=40632320/500000000 loss=3.0609 lr=9.91e-05 tok/s=41,981 eta=10942.36849435731
step=311 tokens=40763392/500000000 loss=3.0397 lr=9.91e-05 tok/s=41,823 eta=10980.365344779657
step=312 tokens=40894464/500000000 loss=3.0582 lr=9.91e-05 tok/s=41,981 eta=10935.93923799272
step=313 tokens=41025536/500000000 loss=3.1368 lr=9.91e-05 tok/s=42,081 eta=10906.873067399814
step=314 tokens=41156608/500000000 loss=3.0108 lr=9.91e-05 tok/s=42,085 eta=10902.68026772469
step=315 tokens=41287680/500000000 loss=3.1475 lr=9.91e-05 tok/s=42,026 eta=10915.056812730014
step=316 tokens=41418752/500000000 loss=3.0238 lr=9.91e-05 tok/s=41,908 eta=10942.61972490592
step=317 tokens=41549824/500000000 loss=3.0846 lr=9.91e-05 tok/s=42,145 eta=10878.02218813639
step=318 tokens=41680896/500000000 loss=3.0448 lr=9.91e-05 tok/s=42,180 eta=10865.872613739559
step=319 tokens=41811968/500000000 loss=3.1683 lr=9.91e-05 tok/s=42,057 eta=10894.404475052814
step=320 tokens=41943040/500000000 loss=3.0768 lr=9.91e-05 tok/s=41,984 eta=10910.15434209535
step=321 tokens=42074112/500000000 loss=3.0184 lr=9.91e-05 tok/s=42,194 eta=10852.935139867155
step=322 tokens=42205184/500000000 loss=3.2096 lr=9.9e-05 tok/s=41,584 eta=11008.79637495059
step=323 tokens=42336256/500000000 loss=3.3058 lr=9.9e-05 tok/s=41,855 eta=10934.570364513258
step=324 tokens=42467328/500000000 loss=3.1656 lr=9.9e-05 tok/s=41,771 eta=10953.443946809002
step=325 tokens=42598400/500000000 loss=3.2928 lr=9.9e-05 tok/s=41,846 eta=10930.625264697748
step=326 tokens=42729472/500000000 loss=2.9402 lr=9.9e-05 tok/s=41,996 eta=10888.448014809248
step=327 tokens=42860544/500000000 loss=2.9003 lr=9.9e-05 tok/s=41,897 eta=10911.127714267679
step=328 tokens=42991616/500000000 loss=3.1450 lr=9.9e-05 tok/s=41,644 eta=10974.170633511096
step=329 tokens=43122688/500000000 loss=3.1547 lr=9.9e-05 tok/s=41,894 eta=10905.647027549718
step=330 tokens=43253760/500000000 loss=3.1523 lr=9.9e-05 tok/s=41,541 eta=10994.98085771605
step=331 tokens=43384832/500000000 loss=3.2366 lr=9.9e-05 tok/s=41,749 eta=10937.17776178417
step=332 tokens=43515904/500000000 loss=3.0036 lr=9.9e-05 tok/s=41,765 eta=10929.930158782954
step=333 tokens=43646976/500000000 loss=2.9430 lr=9.9e-05 tok/s=41,791 eta=10919.87058610884
step=334 tokens=43778048/500000000 loss=3.1883 lr=9.89e-05 tok/s=41,846 eta=10902.5304046875
step=335 tokens=43909120/500000000 loss=3.1726 lr=9.89e-05 tok/s=41,879 eta=10890.659192311965
step=336 tokens=44040192/500000000 loss=3.2837 lr=9.89e-05 tok/s=42,059 eta=10841.032919362468
step=337 tokens=44171264/500000000 loss=3.2131 lr=9.89e-05 tok/s=42,075 eta=10833.754568857057
step=338 tokens=44302336/500000000 loss=3.0856 lr=9.89e-05 tok/s=42,063 eta=10833.686531835769
step=339 tokens=44433408/500000000 loss=3.1101 lr=9.89e-05 tok/s=42,131 eta=10813.077167974861
step=340 tokens=44564480/500000000 loss=3.1115 lr=9.89e-05 tok/s=42,029 eta=10836.194252679976
step=341 tokens=44695552/500000000 loss=3.1888 lr=9.89e-05 tok/s=42,062 eta=10824.474888308896
step=342 tokens=44826624/500000000 loss=3.0760 lr=9.89e-05 tok/s=41,769 eta=10897.280857417785
step=343 tokens=44957696/500000000 loss=3.2307 lr=9.89e-05 tok/s=42,278 eta=10763.105329843745
step=344 tokens=45088768/500000000 loss=3.1040 lr=9.89e-05 tok/s=30,610 eta=14861.748687143347
step=345 tokens=45219840/500000000 loss=3.1866 lr=9.89e-05 tok/s=41,997 eta=10828.803979904678
step=346 tokens=45350912/500000000 loss=3.0761 lr=9.88e-05 tok/s=41,999 eta=10825.291142235108
step=347 tokens=45481984/500000000 loss=3.0935 lr=9.88e-05 tok/s=42,107 eta=10794.417951767902
step=348 tokens=45613056/500000000 loss=3.0960 lr=9.88e-05 tok/s=42,019 eta=10813.805326968526
step=349 tokens=45744128/500000000 loss=3.1706 lr=9.88e-05 tok/s=42,031 eta=10807.61339389047
step=350 tokens=45875200/500000000 loss=3.0024 lr=9.88e-05 tok/s=42,122 eta=10781.185674028662
step=351 tokens=46006272/500000000 loss=3.2012 lr=9.88e-05 tok/s=41,731 eta=10879.079777294182
step=352 tokens=46137344/500000000 loss=3.1030 lr=9.88e-05 tok/s=42,233 eta=10746.63248462256
step=353 tokens=46268416/500000000 loss=3.0272 lr=9.88e-05 tok/s=41,965 eta=10812.218620774578
step=354 tokens=46399488/500000000 loss=3.0574 lr=9.88e-05 tok/s=42,043 eta=10789.037427366271
step=355 tokens=46530560/500000000 loss=3.1978 lr=9.88e-05 tok/s=42,009 eta=10794.5141883959
step=356 tokens=46661632/500000000 loss=3.2195 lr=9.88e-05 tok/s=42,159 eta=10752.986916385591
step=357 tokens=46792704/500000000 loss=3.0976 lr=9.88e-05 tok/s=42,251 eta=10726.453931640823
step=358 tokens=46923776/500000000 loss=2.9274 lr=9.87e-05 tok/s=41,802 eta=10838.565719898745
step=359 tokens=47054848/500000000 loss=3.2274 lr=9.87e-05 tok/s=42,301 eta=10707.660652533734
step=360 tokens=47185920/500000000 loss=3.0528 lr=9.87e-05 tok/s=42,421 eta=10674.409332768124
step=361 tokens=47316992/500000000 loss=3.1969 lr=9.87e-05 tok/s=41,828 eta=10822.374031012218
step=362 tokens=47448064/500000000 loss=3.1077 lr=9.87e-05 tok/s=42,221 eta=10718.589516921293
step=363 tokens=47579136/500000000 loss=3.2008 lr=9.87e-05 tok/s=42,030 eta=10764.346546032126
step=364 tokens=47710208/500000000 loss=3.0583 lr=9.87e-05 tok/s=42,175 eta=10724.223551168265
step=365 tokens=47841280/500000000 loss=3.1355 lr=9.87e-05 tok/s=42,138 eta=10730.466827282124
step=366 tokens=47972352/500000000 loss=3.2544 lr=9.87e-05 tok/s=42,063 eta=10746.340607521153
step=367 tokens=48103424/500000000 loss=3.0325 lr=9.87e-05 tok/s=41,937 eta=10775.560254044283
step=368 tokens=48234496/500000000 loss=3.2240 lr=9.87e-05 tok/s=41,919 eta=10777.168438776192
step=369 tokens=48365568/500000000 loss=3.1642 lr=9.86e-05 tok/s=41,737 eta=10820.871700290309
step=370 tokens=48496640/500000000 loss=3.1741 lr=9.86e-05 tok/s=42,235 eta=10690.187435278105
step=371 tokens=48627712/500000000 loss=3.0004 lr=9.86e-05 tok/s=41,832 eta=10790.147162832345
step=372 tokens=48758784/500000000 loss=3.1818 lr=9.86e-05 tok/s=42,157 eta=10703.766172888058
step=373 tokens=48889856/500000000 loss=2.9717 lr=9.86e-05 tok/s=42,074 eta=10721.880421446145
step=374 tokens=49020928/500000000 loss=3.1969 lr=9.86e-05 tok/s=42,047 eta=10725.533032448719
step=375 tokens=49152000/500000000 loss=3.2278 lr=9.86e-05 tok/s=41,922 eta=10754.533606131148
step=376 tokens=49283072/500000000 loss=3.1327 lr=9.86e-05 tok/s=41,992 eta=10733.503910212723
step=377 tokens=49414144/500000000 loss=3.1796 lr=9.86e-05 tok/s=41,881 eta=10758.67046807426
step=378 tokens=49545216/500000000 loss=2.9985 lr=9.86e-05 tok/s=41,672 eta=10809.508426664197
step=379 tokens=49676288/500000000 loss=3.1242 lr=9.86e-05 tok/s=41,731 eta=10791.023719401017
step=380 tokens=49807360/500000000 loss=3.1823 lr=9.85e-05 tok/s=41,600 eta=10821.838110818195
step=381 tokens=49938432/500000000 loss=3.2000 lr=9.85e-05 tok/s=41,537 eta=10835.130831946317
step=382 tokens=50069504/500000000 loss=3.0334 lr=9.85e-05 tok/s=30,400 eta=14800.27847525257
checkpoint saved: runs/20260907-112712/checkpoints/tokens_000050m (permanent_tokens)
step=383 tokens=50200576/500000000 loss=3.1236 lr=9.85e-05 tok/s=35,833 eta=12552.486750234188
step=384 tokens=50331648/500000000 loss=2.9849 lr=9.85e-05 tok/s=42,101 eta=10680.786551652476
step=385 tokens=50462720/500000000 loss=2.9858 lr=9.85e-05 tok/s=42,009 eta=10700.87182089537
step=386 tokens=50593792/500000000 loss=3.1001 lr=9.85e-05 tok/s=41,974 eta=10706.896175723383
step=387 tokens=50724864/500000000 loss=2.9426 lr=9.85e-05 tok/s=41,619 eta=10794.922054966382
step=388 tokens=50855936/500000000 loss=3.0716 lr=9.85e-05 tok/s=41,998 eta=10694.539529885567
step=389 tokens=50987008/500000000 loss=3.2440 lr=9.85e-05 tok/s=41,672 eta=10774.891212481469
step=390 tokens=51118080/500000000 loss=2.9618 lr=9.84e-05 tok/s=41,489 eta=10819.30073508246
step=391 tokens=51249152/500000000 loss=3.1364 lr=9.84e-05 tok/s=41,870 eta=10717.669939148418
step=392 tokens=51380224/500000000 loss=3.0275 lr=9.84e-05 tok/s=41,951 eta=10693.980245880384
step=393 tokens=51511296/500000000 loss=3.2202 lr=9.84e-05 tok/s=41,834 eta=10720.758879519488
step=394 tokens=51642368/500000000 loss=3.0984 lr=9.84e-05 tok/s=42,051 eta=10662.255019865794
step=395 tokens=51773440/500000000 loss=3.0974 lr=9.84e-05 tok/s=41,551 eta=10787.454851856723
step=396 tokens=51904512/500000000 loss=3.1502 lr=9.84e-05 tok/s=42,035 eta=10660.125186331437
step=397 tokens=52035584/500000000 loss=3.1023 lr=9.84e-05 tok/s=41,629 eta=10760.913373153993
step=398 tokens=52166656/500000000 loss=3.1748 lr=9.84e-05 tok/s=41,969 eta=10670.510269254904
step=399 tokens=52297728/500000000 loss=2.9278 lr=9.84e-05 tok/s=41,870 eta=10692.568246863973
step=400 tokens=52428800/500000000 loss=3.1883 lr=9.83e-05 tok/s=41,965 eta=10665.253892118204
step=401 tokens=52559872/500000000 loss=2.8810 lr=9.83e-05 tok/s=41,872 eta=10685.78143048364
step=402 tokens=52690944/500000000 loss=3.0419 lr=9.83e-05 tok/s=41,857 eta=10686.658735549841
step=403 tokens=52822016/500000000 loss=3.1035 lr=9.83e-05 tok/s=41,885 eta=10676.340858297508
step=404 tokens=52953088/500000000 loss=3.2049 lr=9.83e-05 tok/s=41,896 eta=10670.288880639288
step=405 tokens=53084160/500000000 loss=3.2408 lr=9.83e-05 tok/s=41,657 eta=10728.371179501904
step=406 tokens=53215232/500000000 loss=3.0556 lr=9.83e-05 tok/s=41,730 eta=10706.66627186141
step=407 tokens=53346304/500000000 loss=3.0430 lr=9.83e-05 tok/s=41,676 eta=10717.325506774137
step=408 tokens=53477376/500000000 loss=3.1810 lr=9.83e-05 tok/s=41,520 eta=10754.326423750434
step=409 tokens=53608448/500000000 loss=2.9528 lr=9.83e-05 tok/s=41,834 eta=10670.529903428356
step=410 tokens=53739520/500000000 loss=3.1627 lr=9.82e-05 tok/s=41,906 eta=10649.021604396812
step=411 tokens=53870592/500000000 loss=3.2418 lr=9.82e-05 tok/s=41,871 eta=10654.969332388244
step=412 tokens=54001664/500000000 loss=3.2503 lr=9.82e-05 tok/s=42,095 eta=10594.957614050949
step=413 tokens=54132736/500000000 loss=2.9284 lr=9.82e-05 tok/s=41,826 eta=10660.130006011324
step=414 tokens=54263808/500000000 loss=3.0100 lr=9.82e-05 tok/s=42,004 eta=10611.784284252219
step=415 tokens=54394880/500000000 loss=3.1730 lr=9.82e-05 tok/s=42,097 eta=10585.299306710598
step=416 tokens=54525952/500000000 loss=3.0322 lr=9.82e-05 tok/s=41,863 eta=10641.269128394588
step=417 tokens=54657024/500000000 loss=3.2952 lr=9.82e-05 tok/s=42,026 eta=10596.782928691648
step=418 tokens=54788096/500000000 loss=3.1374 lr=9.82e-05 tok/s=42,115 eta=10571.348147459235
step=419 tokens=54919168/500000000 loss=3.1118 lr=9.81e-05 tok/s=41,742 eta=10662.670516740653
step=420 tokens=55050240/500000000 loss=3.1214 lr=9.81e-05 tok/s=30,443 eta=14615.756984258252
step=421 tokens=55181312/500000000 loss=3.0980 lr=9.81e-05 tok/s=42,098 eta=10566.270959081208
step=422 tokens=55312384/500000000 loss=2.9780 lr=9.81e-05 tok/s=42,036 eta=10578.677764883521
step=423 tokens=55443456/500000000 loss=3.2010 lr=9.81e-05 tok/s=41,821 eta=10629.975397712076
step=424 tokens=55574528/500000000 loss=3.0762 lr=9.81e-05 tok/s=42,083 eta=10560.598713448382
step=425 tokens=55705600/500000000 loss=3.2007 lr=9.81e-05 tok/s=42,046 eta=10566.785032070406
step=426 tokens=55836672/500000000 loss=3.2492 lr=9.81e-05 tok/s=42,154 eta=10536.770594377253
step=427 tokens=55967744/500000000 loss=3.1210 lr=9.81e-05 tok/s=42,130 eta=10539.624774318465
step=428 tokens=56098816/500000000 loss=3.0346 lr=9.8e-05 tok/s=42,072 eta=10550.981289715959
step=429 tokens=56229888/500000000 loss=3.0595 lr=9.8e-05 tok/s=41,953 eta=10577.833977195909
step=430 tokens=56360960/500000000 loss=3.2260 lr=9.8e-05 tok/s=41,978 eta=10568.284556236034
step=431 tokens=56492032/500000000 loss=3.1078 lr=9.8e-05 tok/s=41,928 eta=10577.78227514273
step=432 tokens=56623104/500000000 loss=3.1148 lr=9.8e-05 tok/s=41,780 eta=10612.146654411097
step=433 tokens=56754176/500000000 loss=3.2345 lr=9.8e-05 tok/s=41,957 eta=10564.35544224567
step=434 tokens=56885248/500000000 loss=3.0583 lr=9.8e-05 tok/s=41,768 eta=10609.05209760404
step=435 tokens=57016320/500000000 loss=3.1540 lr=9.8e-05 tok/s=42,046 eta=10535.729427992474
step=436 tokens=57147392/500000000 loss=3.2332 lr=9.8e-05 tok/s=41,943 eta=10558.461096606421
step=437 tokens=57278464/500000000 loss=3.0298 lr=9.79e-05 tok/s=41,594 eta=10643.870845593026
step=438 tokens=57409536/500000000 loss=3.2730 lr=9.79e-05 tok/s=41,815 eta=10584.393454022029
step=439 tokens=57540608/500000000 loss=3.0674 lr=9.79e-05 tok/s=41,860 eta=10569.943320030014
step=440 tokens=57671680/500000000 loss=3.1543 lr=9.79e-05 tok/s=41,673 eta=10614.19485222357
step=441 tokens=57802752/500000000 loss=3.0794 lr=9.79e-05 tok/s=41,995 eta=10529.794283465091
step=442 tokens=57933824/500000000 loss=3.1215 lr=9.79e-05 tok/s=41,626 eta=10619.893793942105
step=443 tokens=58064896/500000000 loss=3.0936 lr=9.79e-05 tok/s=41,837 eta=10563.23069235366
step=444 tokens=58195968/500000000 loss=3.0903 lr=9.79e-05 tok/s=41,810 eta=10566.965259215094
step=445 tokens=58327040/500000000 loss=3.0222 lr=9.79e-05 tok/s=41,553 eta=10629.22072408558
step=446 tokens=58458112/500000000 loss=3.1085 lr=9.78e-05 tok/s=41,782 eta=10567.80494891909
step=447 tokens=58589184/500000000 loss=3.0335 lr=9.78e-05 tok/s=41,797 eta=10560.711541903735
step=448 tokens=58720256/500000000 loss=3.0296 lr=9.78e-05 tok/s=41,880 eta=10536.657454354448
step=449 tokens=58851328/500000000 loss=3.0536 lr=9.78e-05 tok/s=41,938 eta=10519.00044018043
step=450 tokens=58982400/500000000 loss=2.9792 lr=9.78e-05 tok/s=41,784 eta=10554.77848514486
step=451 tokens=59113472/500000000 loss=3.0663 lr=9.78e-05 tok/s=41,706 eta=10571.285478583832
step=452 tokens=59244544/500000000 loss=3.1594 lr=9.78e-05 tok/s=41,483 eta=10624.920549528897
step=453 tokens=59375616/500000000 loss=3.0147 lr=9.78e-05 tok/s=41,520 eta=10612.415345055768
step=454 tokens=59506688/500000000 loss=2.9345 lr=9.78e-05 tok/s=41,915 eta=10509.157839495818
step=455 tokens=59637760/500000000 loss=3.1072 lr=9.77e-05 tok/s=41,580 eta=10590.624899544919
step=456 tokens=59768832/500000000 loss=3.2192 lr=9.77e-05 tok/s=41,812 eta=10528.766353788835
step=457 tokens=59899904/500000000 loss=3.1282 lr=9.77e-05 tok/s=41,861 eta=10513.437555411509
step=458 tokens=60030976/500000000 loss=3.1315 lr=9.77e-05 tok/s=30,431 eta=14457.735286811268
step=459 tokens=60162048/500000000 loss=3.0721 lr=9.77e-05 tok/s=41,935 eta=10488.611869968441
step=460 tokens=60293120/500000000 loss=3.1077 lr=9.77e-05 tok/s=42,019 eta=10464.356045159882
step=461 tokens=60424192/500000000 loss=3.0519 lr=9.77e-05 tok/s=41,742 eta=10530.781901460894
step=462 tokens=60555264/500000000 loss=3.1485 lr=9.77e-05 tok/s=41,974 eta=10469.38379983694
step=463 tokens=60686336/500000000 loss=3.0459 lr=9.76e-05 tok/s=42,007 eta=10458.029651319956
step=464 tokens=60817408/500000000 loss=3.1019 lr=9.76e-05 tok/s=41,845 eta=10495.409115801685
step=465 tokens=60948480/500000000 loss=3.0148 lr=9.76e-05 tok/s=41,728 eta=10521.819598840957
step=466 tokens=61079552/500000000 loss=3.1072 lr=9.76e-05 tok/s=41,903 eta=10474.665975824126
step=467 tokens=61210624/500000000 loss=3.0554 lr=9.76e-05 tok/s=41,430 eta=10591.217879523045
step=468 tokens=61341696/500000000 loss=3.0510 lr=9.76e-05 tok/s=42,001 eta=10444.006289527219
step=469 tokens=61472768/500000000 loss=3.1409 lr=9.76e-05 tok/s=41,918 eta=10461.488503214756
step=470 tokens=61603840/500000000 loss=3.1866 lr=9.76e-05 tok/s=41,637 eta=10529.020969981515
step=471 tokens=61734912/500000000 loss=3.0225 lr=9.75e-05 tok/s=41,567 eta=10543.699526360373
step=472 tokens=61865984/500000000 loss=3.0655 lr=9.75e-05 tok/s=41,528 eta=10550.236479472222
step=473 tokens=61997056/500000000 loss=3.2036 lr=9.75e-05 tok/s=41,804 eta=10477.59477970466
step=474 tokens=62128128/500000000 loss=3.1684 lr=9.75e-05 tok/s=41,859 eta=10460.544702965659
step=475 tokens=62259200/500000000 loss=3.0843 lr=9.75e-05 tok/s=41,738 eta=10487.94174663291
step=476 tokens=62390272/500000000 loss=3.1518 lr=9.75e-05 tok/s=41,595 eta=10520.729348105557
step=477 tokens=62521344/500000000 loss=3.1613 lr=9.75e-05 tok/s=41,657 eta=10501.804750102317
step=478 tokens=62652416/500000000 loss=3.0231 lr=9.75e-05 tok/s=41,636 eta=10504.131936143023
step=479 tokens=62783488/500000000 loss=3.1292 lr=9.74e-05 tok/s=41,607 eta=10508.158534752225
step=480 tokens=62914560/500000000 loss=3.1348 lr=9.74e-05 tok/s=41,623 eta=10500.946153116913
step=481 tokens=63045632/500000000 loss=3.0870 lr=9.74e-05 tok/s=41,759 eta=10463.754461326693
step=482 tokens=63176704/500000000 loss=3.1548 lr=9.74e-05 tok/s=41,887 eta=10428.5297782174
step=483 tokens=63307776/500000000 loss=3.0658 lr=9.74e-05 tok/s=41,909 eta=10420.042236808158
step=484 tokens=63438848/500000000 loss=2.8837 lr=9.74e-05 tok/s=41,941 eta=10408.993305120292
step=485 tokens=63569920/500000000 loss=3.2549 lr=9.74e-05 tok/s=41,955 eta=10402.25398904708
step=486 tokens=63700992/500000000 loss=3.0572 lr=9.74e-05 tok/s=41,840 eta=10427.885022714889
step=487 tokens=63832064/500000000 loss=3.1280 lr=9.73e-05 tok/s=42,133 eta=10352.064021245678
step=488 tokens=63963136/500000000 loss=3.0832 lr=9.73e-05 tok/s=41,879 eta=10411.901905643115
step=489 tokens=64094208/500000000 loss=3.2157 lr=9.73e-05 tok/s=41,901 eta=10403.170080330505
step=490 tokens=64225280/500000000 loss=3.1096 lr=9.73e-05 tok/s=42,040 eta=10365.809896168084
step=491 tokens=64356352/500000000 loss=3.1228 lr=9.73e-05 tok/s=41,932 eta=10389.333835577247
step=492 tokens=64487424/500000000 loss=3.0919 lr=9.73e-05 tok/s=41,775 eta=10425.275552748015
step=493 tokens=64618496/500000000 loss=3.0761 lr=9.73e-05 tok/s=41,846 eta=10404.268153955903
step=494 tokens=64749568/500000000 loss=2.9903 lr=9.73e-05 tok/s=41,962 eta=10372.544065275544
step=495 tokens=64880640/500000000 loss=2.9269 lr=9.72e-05 tok/s=41,362 eta=10519.787466677657
step=496 tokens=65011712/500000000 loss=3.0868 lr=9.72e-05 tok/s=30,263 eta=14373.719768526897
step=497 tokens=65142784/500000000 loss=3.0469 lr=9.72e-05 tok/s=41,781 eta=10408.115084935089
step=498 tokens=65273856/500000000 loss=3.0584 lr=9.72e-05 tok/s=41,854 eta=10386.616217691562
step=499 tokens=65404928/500000000 loss=3.0094 lr=9.72e-05 tok/s=41,828 eta=10390.081136749634
step=500 tokens=65536000/500000000 loss=3.0456 lr=9.72e-05 tok/s=41,693 eta=10420.662366347997
step=501 tokens=65667072/500000000 loss=3.1378 lr=9.72e-05 tok/s=41,538 eta=10456.1571465534
step=502 tokens=65798144/500000000 loss=3.0336 lr=9.72e-05 tok/s=41,675 eta=10418.707148657199
step=503 tokens=65929216/500000000 loss=3.1017 lr=9.71e-05 tok/s=41,825 eta=10378.37635190389
step=504 tokens=66060288/500000000 loss=3.1992 lr=9.71e-05 tok/s=41,668 eta=10414.222180431863
step=505 tokens=66191360/500000000 loss=3.1406 lr=9.71e-05 tok/s=41,544 eta=10442.106950158657
step=506 tokens=66322432/500000000 loss=3.0578 lr=9.71e-05 tok/s=41,946 eta=10338.9033104155
step=507 tokens=66453504/500000000 loss=3.2625 lr=9.71e-05 tok/s=41,940 eta=10337.223681079473
step=508 tokens=66584576/500000000 loss=3.1070 lr=9.71e-05 tok/s=41,985 eta=10323.172317572496
step=509 tokens=66715648/500000000 loss=3.0757 lr=9.71e-05 tok/s=41,668 eta=10398.517589995821
step=510 tokens=66846720/500000000 loss=3.1185 lr=9.7e-05 tok/s=41,908 eta=10335.8216869646
step=511 tokens=66977792/500000000 loss=3.0530 lr=9.7e-05 tok/s=41,768 eta=10367.227173042564
step=512 tokens=67108864/500000000 loss=3.0759 lr=9.7e-05 tok/s=41,909 eta=10329.201452120446
step=513 tokens=67239936/500000000 loss=3.2455 lr=9.7e-05 tok/s=41,822 eta=10347.70062568405
step=514 tokens=67371008/500000000 loss=3.0968 lr=9.7e-05 tok/s=41,662 eta=10384.267740449239
step=515 tokens=67502080/500000000 loss=2.9477 lr=9.7e-05 tok/s=41,814 eta=10343.393756897247
step=516 tokens=67633152/500000000 loss=3.0114 lr=9.7e-05 tok/s=41,874 eta=10325.504730725495
step=517 tokens=67764224/500000000 loss=3.1600 lr=9.69e-05 tok/s=41,825 eta=10334.463101112064
step=518 tokens=67895296/500000000 loss=3.1756 lr=9.69e-05 tok/s=41,768 eta=10345.459707767197
step=519 tokens=68026368/500000000 loss=3.1063 lr=9.69e-05 tok/s=42,117 eta=10256.56549310012
step=520 tokens=68157440/500000000 loss=3.1520 lr=9.69e-05 tok/s=42,050 eta=10269.821273200065
step=521 tokens=68288512/500000000 loss=3.1236 lr=9.69e-05 tok/s=41,712 eta=10349.806623196026
step=522 tokens=68419584/500000000 loss=2.9858 lr=9.69e-05 tok/s=42,032 eta=10267.989605882538
step=523 tokens=68550656/500000000 loss=3.2125 lr=9.69e-05 tok/s=41,912 eta=10294.274308419906
step=524 tokens=68681728/500000000 loss=3.0955 lr=9.69e-05 tok/s=42,047 eta=10258.029418676018
step=525 tokens=68812800/500000000 loss=3.1000 lr=9.68e-05 tok/s=41,749 eta=10328.102598356563
step=526 tokens=68943872/500000000 loss=3.0876 lr=9.68e-05 tok/s=42,056 eta=10249.536704737895
step=527 tokens=69074944/500000000 loss=3.1231 lr=9.68e-05 tok/s=41,915 eta=10281.002213990627
step=528 tokens=69206016/500000000 loss=3.0637 lr=9.68e-05 tok/s=42,196 eta=10209.25991142263
step=529 tokens=69337088/500000000 loss=3.0943 lr=9.68e-05 tok/s=41,774 eta=10309.424923913137
step=530 tokens=69468160/500000000 loss=3.1115 lr=9.68e-05 tok/s=41,989 eta=10253.34068265736
step=531 tokens=69599232/500000000 loss=3.2147 lr=9.68e-05 tok/s=41,780 eta=10301.475780470293
step=532 tokens=69730304/500000000 loss=2.9090 lr=9.67e-05 tok/s=41,767 eta=10301.569489600932
step=533 tokens=69861376/500000000 loss=3.0775 lr=9.67e-05 tok/s=42,143 eta=10206.595918013358
step=534 tokens=69992448/500000000 loss=3.2601 lr=9.67e-05 tok/s=42,044 eta=10227.449994116498
step=535 tokens=70123520/500000000 loss=3.2682 lr=9.67e-05 tok/s=30,325 eta=14175.473019000228
step=536 tokens=70254592/500000000 loss=2.9369 lr=9.67e-05 tok/s=42,075 eta=10213.798144884217
step=537 tokens=70385664/500000000 loss=3.0341 lr=9.67e-05 tok/s=41,926 eta=10246.958967286393
step=538 tokens=70516736/500000000 loss=3.0448 lr=9.67e-05 tok/s=42,079 eta=10206.681938658645
step=539 tokens=70647808/500000000 loss=3.1109 lr=9.66e-05 tok/s=41,854 eta=10258.394748435523
step=540 tokens=70778880/500000000 loss=3.0775 lr=9.66e-05 tok/s=41,639 eta=10308.201948371365
step=541 tokens=70909952/500000000 loss=2.9157 lr=9.66e-05 tok/s=41,477 eta=10345.27452688547
step=542 tokens=71041024/500000000 loss=3.1420 lr=9.66e-05 tok/s=41,626 eta=10305.179181362191
step=543 tokens=71172096/500000000 loss=3.1465 lr=9.66e-05 tok/s=41,610 eta=10305.927135488231
step=544 tokens=71303168/500000000 loss=3.0788 lr=9.66e-05 tok/s=41,695 eta=10281.813890625863
step=545 tokens=71434240/500000000 loss=3.1187 lr=9.66e-05 tok/s=42,102 eta=10179.149378178121
step=546 tokens=71565312/500000000 loss=3.1802 lr=9.65e-05 tok/s=41,720 eta=10269.363590329927
step=547 tokens=71696384/500000000 loss=3.2093 lr=9.65e-05 tok/s=41,808 eta=10244.448977842298
step=548 tokens=71827456/500000000 loss=3.1955 lr=9.65e-05 tok/s=41,866 eta=10227.314617246186
step=549 tokens=71958528/500000000 loss=3.1217 lr=9.65e-05 tok/s=41,907 eta=10214.156205590623
step=550 tokens=72089600/500000000 loss=3.1611 lr=9.65e-05 tok/s=41,921 eta=10207.4601350084
step=551 tokens=72220672/500000000 loss=2.9968 lr=9.65e-05 tok/s=42,177 eta=10142.402613080048
step=552 tokens=72351744/500000000 loss=2.9912 lr=9.65e-05 tok/s=41,874 eta=10212.621589671524
step=553 tokens=72482816/500000000 loss=3.0220 lr=9.64e-05 tok/s=41,780 eta=10232.684283944494
step=554 tokens=72613888/500000000 loss=3.2108 lr=9.64e-05 tok/s=41,865 eta=10208.680290189694
step=555 tokens=72744960/500000000 loss=3.1235 lr=9.64e-05 tok/s=41,828 eta=10214.545373157007
step=556 tokens=72876032/500000000 loss=2.9319 lr=9.64e-05 tok/s=41,779 eta=10223.331113252196
step=557 tokens=73007104/500000000 loss=3.2110 lr=9.64e-05 tok/s=41,756 eta=10225.944183073758
step=558 tokens=73138176/500000000 loss=3.1621 lr=9.64e-05 tok/s=41,853 eta=10198.988486753826
step=559 tokens=73269248/500000000 loss=3.1502 lr=9.63e-05 tok/s=41,818 eta=10204.560466717758
step=560 tokens=73400320/500000000 loss=3.0553 lr=9.63e-05 tok/s=41,663 eta=10239.170625596333
step=561 tokens=73531392/500000000 loss=3.0674 lr=9.63e-05 tok/s=41,826 eta=10196.318996741717
step=562 tokens=73662464/500000000 loss=3.1540 lr=9.63e-05 tok/s=41,503 eta=10272.399828243537
step=563 tokens=73793536/500000000 loss=3.2051 lr=9.63e-05 tok/s=41,933 eta=10164.029644557218
step=564 tokens=73924608/500000000 loss=3.2079 lr=9.63e-05 tok/s=41,920 eta=10164.015853696927
step=565 tokens=74055680/500000000 loss=3.0727 lr=9.63e-05 tok/s=41,739 eta=10204.943035264198
step=566 tokens=74186752/500000000 loss=3.0720 lr=9.62e-05 tok/s=41,510 eta=10258.063962744822
step=567 tokens=74317824/500000000 loss=3.1651 lr=9.62e-05 tok/s=41,732 eta=10200.439475909297
step=568 tokens=74448896/500000000 loss=3.0851 lr=9.62e-05 tok/s=41,794 eta=10182.061799576471
step=569 tokens=74579968/500000000 loss=3.1649 lr=9.62e-05 tok/s=41,654 eta=10213.150110316441
step=570 tokens=74711040/500000000 loss=3.0968 lr=9.62e-05 tok/s=41,709 eta=10196.56740804237
step=571 tokens=74842112/500000000 loss=3.1691 lr=9.62e-05 tok/s=41,916 eta=10143.13361341614
step=572 tokens=74973184/500000000 loss=2.9737 lr=9.62e-05 tok/s=42,138 eta=10086.588552996202
step=573 tokens=75104256/500000000 loss=3.0934 lr=9.61e-05 tok/s=30,372 eta=13989.901762080344
checkpoint saved: runs/20260907-112712/checkpoints/tokens_000075m (permanent_tokens)
step=574 tokens=75235328/500000000 loss=3.1527 lr=9.61e-05 tok/s=36,550 eta=11621.42431528899
step=575 tokens=75366400/500000000 loss=3.2264 lr=9.61e-05 tok/s=41,972 eta=10116.995688213647
step=576 tokens=75497472/500000000 loss=3.1437 lr=9.61e-05 tok/s=41,987 eta=10110.45187627719
step=577 tokens=75628544/500000000 loss=3.1200 lr=9.61e-05 tok/s=41,692 eta=10178.800792340724
step=578 tokens=75759616/500000000 loss=3.0124 lr=9.61e-05 tok/s=41,740 eta=10163.863706380636
step=579 tokens=75890688/500000000 loss=3.1448 lr=9.6e-05 tok/s=41,351 eta=10256.375426266839
step=580 tokens=76021760/500000000 loss=3.0362 lr=9.6e-05 tok/s=41,511 eta=10213.63743191911
step=581 tokens=76152832/500000000 loss=3.0848 lr=9.6e-05 tok/s=41,743 eta=10153.686856895112
step=582 tokens=76283904/500000000 loss=3.1028 lr=9.6e-05 tok/s=41,822 eta=10131.483232982779
step=583 tokens=76414976/500000000 loss=2.8523 lr=9.6e-05 tok/s=41,466 eta=10215.189355921128
step=584 tokens=76546048/500000000 loss=3.0054 lr=9.6e-05 tok/s=41,840 eta=10120.8515165355
step=585 tokens=76677120/500000000 loss=3.1490 lr=9.6e-05 tok/s=41,659 eta=10161.600346855063
step=586 tokens=76808192/500000000 loss=3.1397 lr=9.59e-05 tok/s=41,560 eta=10182.604107245355
step=587 tokens=76939264/500000000 loss=3.0558 lr=9.59e-05 tok/s=41,774 eta=10127.48074969956
step=588 tokens=77070336/500000000 loss=3.2024 lr=9.59e-05 tok/s=41,639 eta=10157.0781782457
step=589 tokens=77201408/500000000 loss=3.0709 lr=9.59e-05 tok/s=41,563 eta=10172.579263954492
step=590 tokens=77332480/500000000 loss=3.0514 lr=9.59e-05 tok/s=41,851 eta=10099.443374254315
step=591 tokens=77463552/500000000 loss=3.0004 lr=9.59e-05 tok/s=41,970 eta=10067.669622469068
step=592 tokens=77594624/500000000 loss=3.1031 lr=9.58e-05 tok/s=41,879 eta=10086.28378954157
step=593 tokens=77725696/500000000 loss=3.0339 lr=9.58e-05 tok/s=41,948 eta=10066.60809320304
step=594 tokens=77856768/500000000 loss=3.1541 lr=9.58e-05 tok/s=41,881 eta=10079.639808910993
step=595 tokens=77987840/500000000 loss=2.9488 lr=9.58e-05 tok/s=41,865 eta=10080.286942599023
step=596 tokens=78118912/500000000 loss=2.9226 lr=9.58e-05 tok/s=42,129 eta=10013.983989083477
step=597 tokens=78249984/500000000 loss=3.0303 lr=9.58e-05 tok/s=41,912 eta=10062.701289897454
step=598 tokens=78381056/500000000 loss=3.2013 lr=9.57e-05 tok/s=42,060 eta=10024.228419520083
step=599 tokens=78512128/500000000 loss=3.0730 lr=9.57e-05 tok/s=41,634 eta=10123.650809496703
step=600 tokens=78643200/500000000 loss=3.2272 lr=9.57e-05 tok/s=41,973 eta=10038.77053788206
step=601 tokens=78774272/500000000 loss=2.8727 lr=9.57e-05 tok/s=42,083 eta=10009.361742496603
step=602 tokens=78905344/500000000 loss=3.0712 lr=9.57e-05 tok/s=41,968 eta=10033.80840308134
step=603 tokens=79036416/500000000 loss=3.1454 lr=9.57e-05 tok/s=41,893 eta=10048.433069353978
step=604 tokens=79167488/500000000 loss=3.1535 lr=9.56e-05 tok/s=42,158 eta=9982.29077022422
step=605 tokens=79298560/500000000 loss=3.1694 lr=9.56e-05 tok/s=41,955 eta=10027.514349418512
step=606 tokens=79429632/500000000 loss=3.0908 lr=9.56e-05 tok/s=42,182 eta=9970.276376592277
step=607 tokens=79560704/500000000 loss=3.0960 lr=9.56e-05 tok/s=41,737 eta=10073.573384692534
step=608 tokens=79691776/500000000 loss=3.0273 lr=9.56e-05 tok/s=41,904 eta=10030.24821698736
step=609 tokens=79822848/500000000 loss=3.0719 lr=9.56e-05 tok/s=42,096 eta=9981.48918167477
step=610 tokens=79953920/500000000 loss=3.0890 lr=9.55e-05 tok/s=42,111 eta=9974.850499964637
step=611 tokens=80084992/500000000 loss=3.0621 lr=9.55e-05 tok/s=30,457 eta=13786.924009870278
step=612 tokens=80216064/500000000 loss=3.0387 lr=9.55e-05 tok/s=42,056 eta=9981.53595731847
step=613 tokens=80347136/500000000 loss=3.0673 lr=9.55e-05 tok/s=41,799 eta=10039.675100576165
step=614 tokens=80478208/500000000 loss=3.0774 lr=9.55e-05 tok/s=41,857 eta=10022.708188877868
step=615 tokens=80609280/500000000 loss=3.1670 lr=9.55e-05 tok/s=41,839 eta=10024.037818498024
step=616 tokens=80740352/500000000 loss=3.0163 lr=9.55e-05 tok/s=41,584 eta=10082.169799699592
step=617 tokens=80871424/500000000 loss=3.1079 lr=9.54e-05 tok/s=42,005 eta=9978.109823058192
step=618 tokens=81002496/500000000 loss=3.1967 lr=9.54e-05 tok/s=41,827 eta=10017.363328392305
step=619 tokens=81133568/500000000 loss=2.9942 lr=9.54e-05 tok/s=41,748 eta=10033.145764032068
step=620 tokens=81264640/500000000 loss=3.1370 lr=9.54e-05 tok/s=41,815 eta=10014.011555615161
step=621 tokens=81395712/500000000 loss=3.1152 lr=9.54e-05 tok/s=41,860 eta=10000.061798308123
step=622 tokens=81526784/500000000 loss=3.1646 lr=9.54e-05 tok/s=41,790 eta=10013.755021738822
step=623 tokens=81657856/500000000 loss=3.0296 lr=9.53e-05 tok/s=41,856 eta=9994.913981982103
step=624 tokens=81788928/500000000 loss=3.1976 lr=9.53e-05 tok/s=41,715 eta=10025.355147957958
step=625 tokens=81920000/500000000 loss=3.2121 lr=9.53e-05 tok/s=41,887 eta=9981.106166449257
step=626 tokens=82051072/500000000 loss=3.2608 lr=9.53e-05 tok/s=41,906 eta=9973.41234406516
step=627 tokens=82182144/500000000 loss=3.0762 lr=9.53e-05 tok/s=42,031 eta=9940.64935204815
step=628 tokens=82313216/500000000 loss=3.1025 lr=9.52e-05 tok/s=42,020 eta=9940.109097696104
step=629 tokens=82444288/500000000 loss=3.0956 lr=9.52e-05 tok/s=41,909 eta=9963.427817639755
step=630 tokens=82575360/500000000 loss=3.1173 lr=9.52e-05 tok/s=41,787 eta=9989.295678113882
step=631 tokens=82706432/500000000 loss=3.2070 lr=9.52e-05 tok/s=41,825 eta=9977.061108707092
step=632 tokens=82837504/500000000 loss=3.0714 lr=9.52e-05 tok/s=41,818 eta=9975.682540508044
step=633 tokens=82968576/500000000 loss=3.1079 lr=9.52e-05 tok/s=41,860 eta=9962.49493851061
step=634 tokens=83099648/500000000 loss=3.1339 lr=9.51e-05 tok/s=41,983 eta=9930.312409216587
step=635 tokens=83230720/500000000 loss=3.1269 lr=9.51e-05 tok/s=41,941 eta=9936.987013894744
step=636 tokens=83361792/500000000 loss=3.1257 lr=9.51e-05 tok/s=41,573 eta=10021.878879812812
step=637 tokens=83492864/500000000 loss=3.0481 lr=9.51e-05 tok/s=42,046 eta=9906.057606919892
step=638 tokens=83623936/500000000 loss=3.1274 lr=9.51e-05 tok/s=42,107 eta=9888.593646545722
step=639 tokens=83755008/500000000 loss=2.9866 lr=9.51e-05 tok/s=42,112 eta=9884.164526608905
step=640 tokens=83886080/500000000 loss=3.1531 lr=9.5e-05 tok/s=41,997 eta=9908.223343641996
step=641 tokens=84017152/500000000 loss=3.1698 lr=9.5e-05 tok/s=41,714 eta=9972.161734229221
step=642 tokens=84148224/500000000 loss=3.0012 lr=9.5e-05 tok/s=42,078 eta=9882.971300997047
step=643 tokens=84279296/500000000 loss=3.1139 lr=9.5e-05 tok/s=41,889 eta=9924.351303142492
step=644 tokens=84410368/500000000 loss=2.8671 lr=9.5e-05 tok/s=42,052 eta=9882.849107605001
step=645 tokens=84541440/500000000 loss=2.9775 lr=9.5e-05 tok/s=41,870 eta=9922.47463304709
step=646 tokens=84672512/500000000 loss=2.8667 lr=9.49e-05 tok/s=42,024 eta=9883.158254043161
step=647 tokens=84803584/500000000 loss=3.1314 lr=9.49e-05 tok/s=41,962 eta=9894.658936641345
step=648 tokens=84934656/500000000 loss=3.3356 lr=9.49e-05 tok/s=42,017 eta=9878.586103707477
step=649 tokens=85065728/500000000 loss=3.2474 lr=9.49e-05 tok/s=30,345 eta=13674.030738813344
step=650 tokens=85196800/500000000 loss=3.1236 lr=9.49e-05 tok/s=41,702 eta=9946.728000178107
step=651 tokens=85327872/500000000 loss=3.1368 lr=9.49e-05 tok/s=41,895 eta=9897.840660196363
step=652 tokens=85458944/500000000 loss=3.1699 lr=9.48e-05 tok/s=41,451 eta=10000.827818981674
step=653 tokens=85590016/500000000 loss=3.0360 lr=9.48e-05 tok/s=41,703 eta=9937.098911024526
step=654 tokens=85721088/500000000 loss=3.1764 lr=9.48e-05 tok/s=41,971 eta=9870.622515265255
step=655 tokens=85852160/500000000 loss=2.9928 lr=9.48e-05 tok/s=41,614 eta=9952.234862763653
step=656 tokens=85983232/500000000 loss=3.1411 lr=9.48e-05 tok/s=41,936 eta=9872.526639905796
step=657 tokens=86114304/500000000 loss=3.2704 lr=9.47e-05 tok/s=41,844 eta=9891.211519691373
step=658 tokens=86245376/500000000 loss=3.1148 lr=9.47e-05 tok/s=41,922 eta=9869.706412172693
step=659 tokens=86376448/500000000 loss=3.1047 lr=9.47e-05 tok/s=41,664 eta=9927.639068256169
step=660 tokens=86507520/500000000 loss=2.7346 lr=9.47e-05 tok/s=41,659 eta=9925.749453351165
step=661 tokens=86638592/500000000 loss=2.9738 lr=9.47e-05 tok/s=41,821 eta=9883.947028877528
step=662 tokens=86769664/500000000 loss=3.0375 lr=9.47e-05 tok/s=41,696 eta=9910.452881723348
step=663 tokens=86900736/500000000 loss=3.1659 lr=9.46e-05 tok/s=41,862 eta=9868.151781276454
step=664 tokens=87031808/500000000 loss=3.0165 lr=9.46e-05 tok/s=41,890 eta=9858.36067387111
step=665 tokens=87162880/500000000 loss=3.0345 lr=9.46e-05 tok/s=41,712 eta=9897.316020773012
step=666 tokens=87293952/500000000 loss=3.2495 lr=9.46e-05 tok/s=41,621 eta=9915.911091585785
step=667 tokens=87425024/500000000 loss=3.0157 lr=9.46e-05 tok/s=41,882 eta=9850.816599524069
step=668 tokens=87556096/500000000 loss=2.9804 lr=9.46e-05 tok/s=41,672 eta=9897.280593706422
step=669 tokens=87687168/500000000 loss=3.1292 lr=9.45e-05 tok/s=41,557 eta=9921.518672343343
step=670 tokens=87818240/500000000 loss=3.1144 lr=9.45e-05 tok/s=41,548 eta=9920.658556143571
step=671 tokens=87949312/500000000 loss=2.9604 lr=9.45e-05 tok/s=41,467 eta=9936.823242427095
step=672 tokens=88080384/500000000 loss=3.1363 lr=9.45e-05 tok/s=41,598 eta=9902.454560557437
step=673 tokens=88211456/500000000 loss=3.0698 lr=9.45e-05 tok/s=41,097 eta=10019.895642398184
step=674 tokens=88342528/500000000 loss=3.0470 lr=9.44e-05 tok/s=41,636 eta=9887.0355666798
step=675 tokens=88473600/500000000 loss=3.2016 lr=9.44e-05 tok/s=41,866 eta=9829.511648259275
step=676 tokens=88604672/500000000 loss=3.0944 lr=9.44e-05 tok/s=41,111 eta=10007.007557744695
step=677 tokens=88735744/500000000 loss=3.1044 lr=9.44e-05 tok/s=41,654 eta=9873.349124837765
step=678 tokens=88866816/500000000 loss=3.1932 lr=9.44e-05 tok/s=41,802 eta=9835.249317428636
step=679 tokens=88997888/500000000 loss=3.1448 lr=9.44e-05 tok/s=41,735 eta=9847.865425964172
step=680 tokens=89128960/500000000 loss=3.1314 lr=9.43e-05 tok/s=41,440 eta=9914.883697665638
step=681 tokens=89260032/500000000 loss=3.1084 lr=9.43e-05 tok/s=41,765 eta=9834.620697709972
step=682 tokens=89391104/500000000 loss=2.9015 lr=9.43e-05 tok/s=41,620 eta=9865.678369277417
step=683 tokens=89522176/500000000 loss=3.1270 lr=9.43e-05 tok/s=41,596 eta=9868.09977554221
step=684 tokens=89653248/500000000 loss=3.1426 lr=9.43e-05 tok/s=41,734 eta=9832.453620442548
step=685 tokens=89784320/500000000 loss=2.9540 lr=9.42e-05 tok/s=41,507 eta=9883.063596414844
step=686 tokens=89915392/500000000 loss=2.9999 lr=9.42e-05 tok/s=41,251 eta=9941.09217761655
step=687 tokens=90046464/500000000 loss=3.1557 lr=9.42e-05 tok/s=30,147 eta=13598.531379177895
step=688 tokens=90177536/500000000 loss=3.1770 lr=9.42e-05 tok/s=41,684 eta=9831.661863337902
step=689 tokens=90308608/500000000 loss=3.2286 lr=9.42e-05 tok/s=41,434 eta=9887.688210812841
step=690 tokens=90439680/500000000 loss=3.1401 lr=9.41e-05 tok/s=41,632 eta=9837.739245379833
step=691 tokens=90570752/500000000 loss=3.1037 lr=9.41e-05 tok/s=41,103 eta=9961.119695151448
step=692 tokens=90701824/500000000 loss=3.0410 lr=9.41e-05 tok/s=41,591 eta=9841.066447959578
step=693 tokens=90832896/500000000 loss=3.0777 lr=9.41e-05 tok/s=41,627 eta=9829.359414265951
step=694 tokens=90963968/500000000 loss=3.2100 lr=9.41e-05 tok/s=41,560 eta=9842.004471656013
step=695 tokens=91095040/500000000 loss=3.1174 lr=9.41e-05 tok/s=41,191 eta=9927.043032104553
step=696 tokens=91226112/500000000 loss=3.1313 lr=9.4e-05 tok/s=41,407 eta=9872.079370692934
step=697 tokens=91357184/500000000 loss=2.9441 lr=9.4e-05 tok/s=41,160 eta=9928.09776354713
step=698 tokens=91488256/500000000 loss=3.1848 lr=9.4e-05 tok/s=41,541 eta=9833.91256807023
step=699 tokens=91619328/500000000 loss=2.9117 lr=9.4e-05 tok/s=41,253 eta=9899.449752440674
step=700 tokens=91750400/500000000 loss=3.1366 lr=9.4e-05 tok/s=41,672 eta=9796.697025084726
step=701 tokens=91881472/500000000 loss=3.1129 lr=9.39e-05 tok/s=41,527 eta=9827.898112859531
step=702 tokens=92012544/500000000 loss=3.1434 lr=9.39e-05 tok/s=41,727 eta=9777.587509113706
step=703 tokens=92143616/500000000 loss=3.2223 lr=9.39e-05 tok/s=41,592 eta=9806.106586631078
step=704 tokens=92274688/500000000 loss=2.9973 lr=9.39e-05 tok/s=41,694 eta=9778.979791998268
step=705 tokens=92405760/500000000 loss=2.9959 lr=9.39e-05 tok/s=41,736 eta=9765.994233872056
step=706 tokens=92536832/500000000 loss=3.1231 lr=9.38e-05 tok/s=41,540 eta=9808.938032217682
step=707 tokens=92667904/500000000 loss=3.0735 lr=9.38e-05 tok/s=41,161 eta=9896.108416977282
step=708 tokens=92798976/500000000 loss=3.0995 lr=9.38e-05 tok/s=41,652 eta=9776.329713455318
step=709 tokens=92930048/500000000 loss=3.1213 lr=9.38e-05 tok/s=41,708 eta=9759.98049770597
step=710 tokens=93061120/500000000 loss=2.8976 lr=9.38e-05 tok/s=41,493 eta=9807.35282269176
step=711 tokens=93192192/500000000 loss=3.1342 lr=9.37e-05 tok/s=41,839 eta=9723.22089385476
step=712 tokens=93323264/500000000 loss=3.0540 lr=9.37e-05 tok/s=41,772 eta=9735.589437280221
step=713 tokens=93454336/500000000 loss=3.1894 lr=9.37e-05 tok/s=41,798 eta=9726.50426495512
step=714 tokens=93585408/500000000 loss=2.9588 lr=9.37e-05 tok/s=41,923 eta=9694.282994413385
step=715 tokens=93716480/500000000 loss=3.0844 lr=9.37e-05 tok/s=41,851 eta=9707.88668849662
step=716 tokens=93847552/500000000 loss=3.1548 lr=9.37e-05 tok/s=41,674 eta=9745.959395452985
step=717 tokens=93978624/500000000 loss=3.0127 lr=9.36e-05 tok/s=41,694 eta=9738.192603331443
step=718 tokens=94109696/500000000 loss=2.9781 lr=9.36e-05 tok/s=41,837 eta=9701.643396110096
step=719 tokens=94240768/500000000 loss=3.2021 lr=9.36e-05 tok/s=41,769 eta=9714.289741650851
step=720 tokens=94371840/500000000 loss=3.1838 lr=9.36e-05 tok/s=41,742 eta=9717.553979746051
step=721 tokens=94502912/500000000 loss=3.0042 lr=9.36e-05 tok/s=41,637 eta=9738.80908399445
step=722 tokens=94633984/500000000 loss=3.1156 lr=9.35e-05 tok/s=41,919 eta=9670.28265034215
step=723 tokens=94765056/500000000 loss=3.1924 lr=9.35e-05 tok/s=41,822 eta=9689.471882456777
step=724 tokens=94896128/500000000 loss=3.1641 lr=9.35e-05 tok/s=41,940 eta=9659.204506787954
step=725 tokens=95027200/500000000 loss=3.0229 lr=9.35e-05 tok/s=30,349 eta=13344.006839042457
step=726 tokens=95158272/500000000 loss=3.0837 lr=9.35e-05 tok/s=41,911 eta=9659.622008258699
step=727 tokens=95289344/500000000 loss=3.2207 lr=9.34e-05 tok/s=42,097 eta=9613.824885429205
step=728 tokens=95420416/500000000 loss=3.1096 lr=9.34e-05 tok/s=41,931 eta=9648.649276791828
step=729 tokens=95551488/500000000 loss=2.9683 lr=9.34e-05 tok/s=41,768 eta=9683.315185848998
step=730 tokens=95682560/500000000 loss=3.1954 lr=9.34e-05 tok/s=41,925 eta=9643.79418183304
step=731 tokens=95813632/500000000 loss=2.9232 lr=9.34e-05 tok/s=41,718 eta=9688.587605857152
step=732 tokens=95944704/500000000 loss=3.0315 lr=9.33e-05 tok/s=41,635 eta=9704.735238664996
step=733 tokens=96075776/500000000 loss=3.0349 lr=9.33e-05 tok/s=41,820 eta=9658.53995382446
step=734 tokens=96206848/500000000 loss=3.0403 lr=9.33e-05 tok/s=41,821 eta=9655.310163564582
step=735 tokens=96337920/500000000 loss=3.1576 lr=9.33e-05 tok/s=41,651 eta=9691.608614385766
step=736 tokens=96468992/500000000 loss=3.1866 lr=9.33e-05 tok/s=41,545 eta=9713.191154616434
step=737 tokens=96600064/500000000 loss=3.1385 lr=9.32e-05 tok/s=41,750 eta=9662.304755325253
step=738 tokens=96731136/500000000 loss=2.9992 lr=9.32e-05 tok/s=41,658 eta=9680.564916316636
step=739 tokens=96862208/500000000 loss=2.9550 lr=9.32e-05 tok/s=41,573 eta=9697.003868494012
step=740 tokens=96993280/500000000 loss=3.1606 lr=9.32e-05 tok/s=41,603 eta=9686.931240114818
step=741 tokens=97124352/500000000 loss=3.1452 lr=9.32e-05 tok/s=41,998 eta=9592.628759131485
step=742 tokens=97255424/500000000 loss=3.0865 lr=9.31e-05 tok/s=41,723 eta=9652.772685391059
step=743 tokens=97386496/500000000 loss=3.0153 lr=9.31e-05 tok/s=41,682 eta=9659.246283513838
step=744 tokens=97517568/500000000 loss=3.0382 lr=9.31e-05 tok/s=41,768 eta=9636.143085955508
step=745 tokens=97648640/500000000 loss=3.1411 lr=9.31e-05 tok/s=41,756 eta=9635.882385895064
step=746 tokens=97779712/500000000 loss=3.1728 lr=9.31e-05 tok/s=41,625 eta=9662.838419384569
step=747 tokens=97910784/500000000 loss=2.9400 lr=9.3e-05 tok/s=41,692 eta=9644.184636228018
step=748 tokens=98041856/500000000 loss=3.2582 lr=9.3e-05 tok/s=41,825 eta=9610.43466230556
step=749 tokens=98172928/500000000 loss=3.2299 lr=9.3e-05 tok/s=41,492 eta=9684.436451170077
step=750 tokens=98304000/500000000 loss=3.0989 lr=9.3e-05 tok/s=41,849 eta=9598.706344809685
step=751 tokens=98435072/500000000 loss=3.1661 lr=9.3e-05 tok/s=41,736 eta=9621.631543773216
step=752 tokens=98566144/500000000 loss=3.0054 lr=9.29e-05 tok/s=41,881 eta=9585.133068135667
step=753 tokens=98697216/500000000 loss=3.1394 lr=9.29e-05 tok/s=41,510 eta=9667.610243294685
step=754 tokens=98828288/500000000 loss=3.1066 lr=9.29e-05 tok/s=41,472 eta=9673.269102836071
step=755 tokens=98959360/500000000 loss=3.1096 lr=9.29e-05 tok/s=41,374 eta=9692.957892344464
step=756 tokens=99090432/500000000 loss=3.0857 lr=9.29e-05 tok/s=41,491 eta=9662.602399899926
step=757 tokens=99221504/500000000 loss=2.9688 lr=9.28e-05 tok/s=41,400 eta=9680.667821524765
step=758 tokens=99352576/500000000 loss=3.2399 lr=9.28e-05 tok/s=41,389 eta=9679.939308872044
step=759 tokens=99483648/500000000 loss=3.2518 lr=9.28e-05 tok/s=41,336 eta=9689.352175928092
step=760 tokens=99614720/500000000 loss=3.1860 lr=9.28e-05 tok/s=41,097 eta=9742.367048331986
step=761 tokens=99745792/500000000 loss=3.2003 lr=9.28e-05 tok/s=41,516 eta=9641.028637827281
step=762 tokens=99876864/500000000 loss=3.1577 lr=9.27e-05 tok/s=41,490 eta=9643.944550545935
step=763 tokens=100007936/500000000 loss=3.2649 lr=9.27e-05 tok/s=29,893 eta=13380.792985422471
checkpoint saved: runs/20260907-112712/checkpoints/tokens_000100m (permanent_tokens)
step=764 tokens=100139008/500000000 loss=3.1335 lr=9.27e-05 tok/s=36,139 eta=11064.534872893344
step=765 tokens=100270080/500000000 loss=3.0609 lr=9.27e-05 tok/s=41,217 eta=9698.141997771698
step=766 tokens=100401152/500000000 loss=2.9387 lr=9.27e-05 tok/s=41,427 eta=9645.780357801277
step=767 tokens=100532224/500000000 loss=3.0646 lr=9.26e-05 tok/s=41,289 eta=9675.000917819614
step=768 tokens=100663296/500000000 loss=3.0226 lr=9.26e-05 tok/s=41,321 eta=9664.198379788684
step=769 tokens=100794368/500000000 loss=3.0646 lr=9.26e-05 tok/s=41,547 eta=9608.420624393972
step=770 tokens=100925440/500000000 loss=3.1563 lr=9.26e-05 tok/s=41,750 eta=9558.731860819513
step=771 tokens=101056512/500000000 loss=3.1163 lr=9.25e-05 tok/s=41,878 eta=9526.357682866188
step=772 tokens=101187584/500000000 loss=3.0811 lr=9.25e-05 tok/s=41,453 eta=9620.727210026671
step=773 tokens=101318656/500000000 loss=3.1261 lr=9.25e-05 tok/s=41,773 eta=9543.950455702265
step=774 tokens=101449728/500000000 loss=3.0753 lr=9.25e-05 tok/s=41,625 eta=9574.831411237137
step=775 tokens=101580800/500000000 loss=3.2343 lr=9.25e-05 tok/s=41,550 eta=9588.861901993017
step=776 tokens=101711872/500000000 loss=3.2635 lr=9.24e-05 tok/s=41,372 eta=9626.952506488622
step=777 tokens=101842944/500000000 loss=3.0440 lr=9.24e-05 tok/s=41,197 eta=9664.80537318009
step=778 tokens=101974016/500000000 loss=3.0603 lr=9.24e-05 tok/s=41,174 eta=9666.861947278183
step=779 tokens=102105088/500000000 loss=3.0233 lr=9.24e-05 tok/s=41,391 eta=9613.141547454285
step=780 tokens=102236160/500000000 loss=2.9660 lr=9.24e-05 tok/s=41,581 eta=9566.021776603826
step=781 tokens=102367232/500000000 loss=3.2486 lr=9.23e-05 tok/s=41,445 eta=9594.304786072531
step=782 tokens=102498304/500000000 loss=3.0078 lr=9.23e-05 tok/s=41,426 eta=9595.478003629425
step=783 tokens=102629376/500000000 loss=3.0753 lr=9.23e-05 tok/s=41,065 eta=9676.702844411113
step=784 tokens=102760448/500000000 loss=3.0585 lr=9.23e-05 tok/s=41,246 eta=9630.938787532219
step=785 tokens=102891520/500000000 loss=3.0357 lr=9.23e-05 tok/s=41,217 eta=9634.550206277601
step=786 tokens=103022592/500000000 loss=3.2718 lr=9.22e-05 tok/s=41,406 eta=9587.430153307887
step=787 tokens=103153664/500000000 loss=3.0727 lr=9.22e-05 tok/s=41,124 eta=9650.01642596388
step=788 tokens=103284736/500000000 loss=3.0713 lr=9.22e-05 tok/s=41,438 eta=9573.65830726623
step=789 tokens=103415808/500000000 loss=2.9565 lr=9.22e-05 tok/s=41,252 eta=9613.80181437818
step=790 tokens=103546880/500000000 loss=3.0934 lr=9.21e-05 tok/s=41,129 eta=9639.170640076281
step=791 tokens=103677952/500000000 loss=3.0944 lr=9.21e-05 tok/s=41,255 eta=9606.589287156969
step=792 tokens=103809024/500000000 loss=3.0223 lr=9.21e-05 tok/s=41,227 eta=9610.02158043995
step=793 tokens=103940096/500000000 loss=3.1369 lr=9.21e-05 tok/s=41,321 eta=9584.862253206136
step=794 tokens=104071168/500000000 loss=2.9735 lr=9.21e-05 tok/s=41,426 eta=9557.401843849042
step=795 tokens=104202240/500000000 loss=3.0739 lr=9.2e-05 tok/s=41,470 eta=9544.093319464086
step=796 tokens=104333312/500000000 loss=3.0550 lr=9.2e-05 tok/s=41,462 eta=9542.845151244544
step=797 tokens=104464384/500000000 loss=3.1164 lr=9.2e-05 tok/s=41,129 eta=9616.86561074447
step=798 tokens=104595456/500000000 loss=3.0548 lr=9.2e-05 tok/s=41,650 eta=9493.52180838142
step=799 tokens=104726528/500000000 loss=3.0856 lr=9.2e-05 tok/s=41,559 eta=9511.074628868675
step=800 tokens=104857600/500000000 loss=3.1593 lr=9.19e-05 tok/s=41,350 eta=9555.950314775726
step=801 tokens=104988672/500000000 loss=2.9648 lr=9.19e-05 tok/s=41,599 eta=9495.608824512747
step=802 tokens=105119744/500000000 loss=3.0755 lr=9.19e-05 tok/s=30,081 eta=13127.248285351356
step=803 tokens=105250816/500000000 loss=2.9341 lr=9.19e-05 tok/s=41,297 eta=9558.77909832749
step=804 tokens=105381888/500000000 loss=3.2798 lr=9.18e-05 tok/s=41,649 eta=9474.948131435658
step=805 tokens=105512960/500000000 loss=3.0429 lr=9.18e-05 tok/s=41,614 eta=9479.719057105893
step=806 tokens=105644032/500000000 loss=3.1314 lr=9.18e-05 tok/s=41,424 eta=9519.95640124938
step=807 tokens=105775104/500000000 loss=3.1230 lr=9.18e-05 tok/s=41,740 eta=9444.868854089853
step=808 tokens=105906176/500000000 loss=3.2014 lr=9.18e-05 tok/s=41,776 eta=9433.504649046057
step=809 tokens=106037248/500000000 loss=3.0782 lr=9.17e-05 tok/s=41,715 eta=9444.040690728305
step=810 tokens=106168320/500000000 loss=3.0933 lr=9.17e-05 tok/s=41,756 eta=9431.772855777865
step=811 tokens=106299392/500000000 loss=3.0537 lr=9.17e-05 tok/s=41,300 eta=9532.723298643097
step=812 tokens=106430464/500000000 loss=2.8495 lr=9.17e-05 tok/s=41,477 eta=9488.937317213995
step=813 tokens=106561536/500000000 loss=2.9517 lr=9.16e-05 tok/s=41,801 eta=9412.11793581831
step=814 tokens=106692608/500000000 loss=3.1531 lr=9.16e-05 tok/s=41,686 eta=9434.892520809963
step=815 tokens=106823680/500000000 loss=3.0342 lr=9.16e-05 tok/s=41,468 eta=9481.445331046032
step=816 tokens=106954752/500000000 loss=3.1174 lr=9.16e-05 tok/s=41,730 eta=9418.775592869759
step=817 tokens=107085824/500000000 loss=3.1392 lr=9.16e-05 tok/s=41,914 eta=9374.23021160964
step=818 tokens=107216896/500000000 loss=3.0293 lr=9.15e-05 tok/s=41,880 eta=9378.722158745382
step=819 tokens=107347968/500000000 loss=3.0668 lr=9.15e-05 tok/s=41,604 eta=9437.764328726442
step=820 tokens=107479040/500000000 loss=3.1880 lr=9.15e-05 tok/s=41,841 eta=9381.345863974893
step=821 tokens=107610112/500000000 loss=3.1913 lr=9.15e-05 tok/s=41,173 eta=9530.31718559465
step=822 tokens=107741184/500000000 loss=3.0863 lr=9.14e-05 tok/s=41,682 eta=9410.816303130301
step=823 tokens=107872256/500000000 loss=3.1118 lr=9.14e-05 tok/s=41,412 eta=9468.934722890832
step=824 tokens=108003328/500000000 loss=3.0561 lr=9.14e-05 tok/s=41,514 eta=9442.434057455624
step=825 tokens=108134400/500000000 loss=3.1096 lr=9.14e-05 tok/s=41,726 eta=9391.497444470599
step=826 tokens=108265472/500000000 loss=3.2266 lr=9.14e-05 tok/s=41,512 eta=9436.73023395967
step=827 tokens=108396544/500000000 loss=3.1500 lr=9.13e-05 tok/s=41,412 eta=9456.375712323554
step=828 tokens=108527616/500000000 loss=2.9882 lr=9.13e-05 tok/s=41,240 eta=9492.561505488964
step=829 tokens=108658688/500000000 loss=3.0310 lr=9.13e-05 tok/s=41,163 eta=9507.199382290843
step=830 tokens=108789760/500000000 loss=3.1772 lr=9.13e-05 tok/s=41,383 eta=9453.30782028166
step=831 tokens=108920832/500000000 loss=3.0593 lr=9.12e-05 tok/s=41,332 eta=9461.947699330683
step=832 tokens=109051904/500000000 loss=3.2289 lr=9.12e-05 tok/s=41,465 eta=9428.490458854492
step=833 tokens=109182976/500000000 loss=3.2634 lr=9.12e-05 tok/s=41,440 eta=9430.889943513883
step=834 tokens=109314048/500000000 loss=3.1305 lr=9.12e-05 tok/s=41,336 eta=9451.462127241482
step=835 tokens=109445120/500000000 loss=3.0842 lr=9.12e-05 tok/s=41,099 eta=9502.7209414117
step=836 tokens=109576192/500000000 loss=3.0520 lr=9.11e-05 tok/s=41,190 eta=9478.578818172537
step=837 tokens=109707264/500000000 loss=3.0891 lr=9.11e-05 tok/s=41,248 eta=9462.193109779282
step=838 tokens=109838336/500000000 loss=3.1076 lr=9.11e-05 tok/s=41,555 eta=9388.972565211376
step=839 tokens=109969408/500000000 loss=3.1220 lr=9.11e-05 tok/s=41,264 eta=9452.111711289424
step=840 tokens=110100480/500000000 loss=2.9817 lr=9.1e-05 tok/s=29,961 eta=13013.510383191828
step=841 tokens=110231552/500000000 loss=3.1005 lr=9.1e-05 tok/s=41,120 eta=9478.90318450762
step=842 tokens=110362624/500000000 loss=3.0410 lr=9.1e-05 tok/s=41,287 eta=9437.280544405097
step=843 tokens=110493696/500000000 loss=3.0591 lr=9.1e-05 tok/s=41,129 eta=9470.459957423327
step=844 tokens=110624768/500000000 loss=3.0913 lr=9.1e-05 tok/s=41,496 eta=9383.424392559737
step=845 tokens=110755840/500000000 loss=3.1647 lr=9.09e-05 tok/s=41,406 eta=9400.744984117406
step=846 tokens=110886912/500000000 loss=3.1359 lr=9.09e-05 tok/s=40,985 eta=9494.142712484487
step=847 tokens=111017984/500000000 loss=3.0647 lr=9.09e-05 tok/s=41,091 eta=9466.351178978404
step=848 tokens=111149056/500000000 loss=3.0849 lr=9.09e-05 tok/s=41,214 eta=9434.957988001113
step=849 tokens=111280128/500000000 loss=3.1269 lr=9.08e-05 tok/s=41,012 eta=9478.105486680708
step=850 tokens=111411200/500000000 loss=3.0975 lr=9.08e-05 tok/s=41,286 eta=9412.22952768008
step=851 tokens=111542272/500000000 loss=3.1501 lr=9.08e-05 tok/s=41,344 eta=9395.799453572534
step=852 tokens=111673344/500000000 loss=3.2172 lr=9.08e-05 tok/s=41,451 eta=9368.296909403205
step=853 tokens=111804416/500000000 loss=3.0150 lr=9.07e-05 tok/s=41,216 eta=9418.472443352246
step=854 tokens=111935488/500000000 loss=3.1395 lr=9.07e-05 tok/s=41,678 eta=9311.001721286464
step=855 tokens=112066560/500000000 loss=3.1751 lr=9.07e-05 tok/s=41,696 eta=9303.757379623245
step=856 tokens=112197632/500000000 loss=3.1043 lr=9.07e-05 tok/s=41,741 eta=9290.591830538653
step=857 tokens=112328704/500000000 loss=3.0354 lr=9.07e-05 tok/s=41,733 eta=9289.286983341757
step=858 tokens=112459776/500000000 loss=3.0686 lr=9.06e-05 tok/s=41,640 eta=9307.030869013168
step=859 tokens=112590848/500000000 loss=3.0389 lr=9.06e-05 tok/s=41,544 eta=9325.258833971136
step=860 tokens=112721920/500000000 loss=3.0566 lr=9.06e-05 tok/s=41,448 eta=9343.791149783667
step=861 tokens=112852992/500000000 loss=3.0564 lr=9.06e-05 tok/s=41,335 eta=9366.107458855466
step=862 tokens=112984064/500000000 loss=3.1245 lr=9.05e-05 tok/s=41,451 eta=9336.712316180405
step=863 tokens=113115136/500000000 loss=3.0658 lr=9.05e-05 tok/s=41,405 eta=9343.822628446138
step=864 tokens=113246208/500000000 loss=3.2104 lr=9.05e-05 tok/s=41,378 eta=9346.916605345255
step=865 tokens=113377280/500000000 loss=3.1219 lr=9.05e-05 tok/s=41,373 eta=9344.77588023893
step=866 tokens=113508352/500000000 loss=2.9885 lr=9.04e-05 tok/s=41,487 eta=9315.99802428986
step=867 tokens=113639424/500000000 loss=3.2040 lr=9.04e-05 tok/s=41,511 eta=9307.395454637532
step=868 tokens=113770496/500000000 loss=2.9796 lr=9.04e-05 tok/s=41,569 eta=9291.352416637443
step=869 tokens=113901568/500000000 loss=3.0799 lr=9.04e-05 tok/s=41,081 eta=9398.410635786562
step=870 tokens=114032640/500000000 loss=3.2538 lr=9.04e-05 tok/s=41,316 eta=9341.798804664542
step=871 tokens=114163712/500000000 loss=3.1695 lr=9.03e-05 tok/s=41,050 eta=9399.14857986327
step=872 tokens=114294784/500000000 loss=3.0540 lr=9.03e-05 tok/s=41,139 eta=9375.72979142327
step=873 tokens=114425856/500000000 loss=3.1659 lr=9.03e-05 tok/s=41,212 eta=9355.771421353593
step=874 tokens=114556928/500000000 loss=3.1495 lr=9.03e-05 tok/s=41,342 eta=9323.371554396595
step=875 tokens=114688000/500000000 loss=3.1488 lr=9.02e-05 tok/s=41,240 eta=9343.141695154607
step=876 tokens=114819072/500000000 loss=3.1135 lr=9.02e-05 tok/s=41,063 eta=9380.255451244166
step=877 tokens=114950144/500000000 loss=3.2568 lr=9.02e-05 tok/s=41,549 eta=9267.313204406399
step=878 tokens=115081216/500000000 loss=3.1666 lr=9.02e-05 tok/s=29,958 eta=12848.470197079097
step=879 tokens=115212288/500000000 loss=3.1875 lr=9.01e-05 tok/s=41,216 eta=9335.838707695222
step=880 tokens=115343360/500000000 loss=3.1032 lr=9.01e-05 tok/s=41,283 eta=9317.632475844317
step=881 tokens=115474432/500000000 loss=3.0993 lr=9.01e-05 tok/s=41,437 eta=9279.747189088803
step=882 tokens=115605504/500000000 loss=3.2246 lr=9.01e-05 tok/s=41,093 eta=9354.214536873675
step=883 tokens=115736576/500000000 loss=3.0862 lr=9e-05 tok/s=41,226 eta=9321.00656836283
step=884 tokens=115867648/500000000 loss=3.1205 lr=9e-05 tok/s=41,090 eta=9348.563980348792
step=885 tokens=115998720/500000000 loss=3.1798 lr=9e-05 tok/s=40,922 eta=9383.756181389776
step=886 tokens=116129792/500000000 loss=3.1549 lr=9e-05 tok/s=41,299 eta=9294.854671406842
step=887 tokens=116260864/500000000 loss=3.0842 lr=9e-05 tok/s=41,205 eta=9312.87755348029
step=888 tokens=116391936/500000000 loss=3.1983 lr=8.99e-05 tok/s=41,193 eta=9312.469045564134
step=889 tokens=116523008/500000000 loss=3.1506 lr=8.99e-05 tok/s=40,861 eta=9384.90173499784
step=890 tokens=116654080/500000000 loss=3.1542 lr=8.99e-05 tok/s=40,933 eta=9365.150117316396
step=891 tokens=116785152/500000000 loss=3.2135 lr=8.99e-05 tok/s=41,294 eta=9280.152281857265
step=892 tokens=116916224/500000000 loss=3.1109 lr=8.98e-05 tok/s=41,291 eta=9277.644675966761
step=893 tokens=117047296/500000000 loss=3.1156 lr=8.98e-05 tok/s=41,098 eta=9317.926407284256
step=894 tokens=117178368/500000000 loss=3.1845 lr=8.98e-05 tok/s=41,238 eta=9283.158923918045
step=895 tokens=117309440/500000000 loss=3.0524 lr=8.98e-05 tok/s=41,103 eta=9310.60289657587
step=896 tokens=117440512/500000000 loss=3.1266 lr=8.97e-05 tok/s=41,313 eta=9260.13784102919
step=897 tokens=117571584/500000000 loss=3.1018 lr=8.97e-05 tok/s=41,360 eta=9246.325424000679
step=898 tokens=117702656/500000000 loss=3.0366 lr=8.97e-05 tok/s=41,428 eta=9227.9477938023
step=899 tokens=117833728/500000000 loss=3.0680 lr=8.97e-05 tok/s=40,951 eta=9332.171681450689
step=900 tokens=117964800/500000000 loss=3.1430 lr=8.96e-05 tok/s=41,193 eta=9274.254240785747
step=901 tokens=118095872/500000000 loss=3.1838 lr=8.96e-05 tok/s=41,059 eta=9301.304695931794
step=902 tokens=118226944/500000000 loss=3.0063 lr=8.96e-05 tok/s=41,005 eta=9310.302152726816
step=903 tokens=118358016/500000000 loss=3.0471 lr=8.96e-05 tok/s=41,564 eta=9182.044469548082
step=904 tokens=118489088/500000000 loss=3.0835 lr=8.95e-05 tok/s=41,068 eta=9289.72668344649
step=905 tokens=118620160/500000000 loss=3.1032 lr=8.95e-05 tok/s=41,304 eta=9233.51180543433
step=906 tokens=118751232/500000000 loss=3.1715 lr=8.95e-05 tok/s=41,264 eta=9239.350842046222
step=907 tokens=118882304/500000000 loss=3.0411 lr=8.95e-05 tok/s=41,412 eta=9203.105097865311
step=908 tokens=119013376/500000000 loss=3.0128 lr=8.94e-05 tok/s=41,488 eta=9183.144983684766
step=909 tokens=119144448/500000000 loss=3.0610 lr=8.94e-05 tok/s=41,349 eta=9210.692159831695
step=910 tokens=119275520/500000000 loss=3.0902 lr=8.94e-05 tok/s=41,607 eta=9150.496075946518
step=911 tokens=119406592/500000000 loss=3.0880 lr=8.94e-05 tok/s=41,497 eta=9171.525145856973
step=912 tokens=119537664/500000000 loss=3.0959 lr=8.94e-05 tok/s=41,300 eta=9212.178186562276
step=913 tokens=119668736/500000000 loss=3.0639 lr=8.93e-05 tok/s=41,214 eta=9228.260014124051
step=914 tokens=119799808/500000000 loss=3.2585 lr=8.93e-05 tok/s=41,221 eta=9223.347756803478
step=915 tokens=119930880/500000000 loss=3.1310 lr=8.93e-05 tok/s=41,237 eta=9216.6885881385
step=916 tokens=120061952/500000000 loss=3.0421 lr=8.93e-05 tok/s=29,909 eta=12702.99530137588
step=917 tokens=120193024/500000000 loss=3.0726 lr=8.92e-05 tok/s=41,169 eta=9225.486228378477
step=918 tokens=120324096/500000000 loss=2.9980 lr=8.92e-05 tok/s=40,983 eta=9264.266551736497
step=919 tokens=120455168/500000000 loss=3.1686 lr=8.92e-05 tok/s=41,303 eta=9189.336492666303
step=920 tokens=120586240/500000000 loss=2.9823 lr=8.92e-05 tok/s=41,213 eta=9206.151154999116
step=921 tokens=120717312/500000000 loss=2.9520 lr=8.91e-05 tok/s=41,209 eta=9203.779324076024
step=922 tokens=120848384/500000000 loss=3.0477 lr=8.91e-05 tok/s=41,104 eta=9224.171958459592
step=923 tokens=120979456/500000000 loss=3.2078 lr=8.91e-05 tok/s=41,019 eta=9240.063835720002
step=924 tokens=121110528/500000000 loss=3.1005 lr=8.91e-05 tok/s=41,113 eta=9215.86716126254
step=925 tokens=121241600/500000000 loss=2.9673 lr=8.9e-05 tok/s=40,853 eta=9271.271050725647
step=926 tokens=121372672/500000000 loss=3.1051 lr=8.9e-05 tok/s=41,408 eta=9143.849740085856
step=927 tokens=121503744/500000000 loss=3.0199 lr=8.9e-05 tok/s=41,178 eta=9191.796679606265
step=928 tokens=121634816/500000000 loss=3.0536 lr=8.9e-05 tok/s=41,233 eta=9176.291238668244
step=929 tokens=121765888/500000000 loss=3.1642 lr=8.89e-05 tok/s=41,461 eta=9122.67131043279
step=930 tokens=121896960/500000000 loss=3.2256 lr=8.89e-05 tok/s=41,207 eta=9175.807078697668
step=931 tokens=122028032/500000000 loss=2.9313 lr=8.89e-05 tok/s=41,245 eta=9164.006265932963
step=932 tokens=122159104/500000000 loss=3.1944 lr=8.89e-05 tok/s=41,278 eta=9153.455476938308
step=933 tokens=122290176/500000000 loss=2.9262 lr=8.88e-05 tok/s=40,944 eta=9225.037204238386
step=934 tokens=122421248/500000000 loss=2.9873 lr=8.88e-05 tok/s=41,226 eta=9158.816376360573
step=935 tokens=122552320/500000000 loss=2.9682 lr=8.88e-05 tok/s=41,161 eta=9170.108537029315
step=936 tokens=122683392/500000000 loss=3.0170 lr=8.88e-05 tok/s=41,227 eta=9152.23921125707
step=937 tokens=122814464/500000000 loss=3.0528 lr=8.87e-05 tok/s=41,058 eta=9186.618750833679
step=938 tokens=122945536/500000000 loss=3.0326 lr=8.87e-05 tok/s=41,250 eta=9140.68427678881
step=939 tokens=123076608/500000000 loss=3.0967 lr=8.87e-05 tok/s=41,347 eta=9116.094612753308
step=940 tokens=123207680/500000000 loss=2.9937 lr=8.87e-05 tok/s=41,310 eta=9121.061347770761
step=941 tokens=123338752/500000000 loss=2.9917 lr=8.86e-05 tok/s=41,215 eta=9138.85179896972
step=942 tokens=123469824/500000000 loss=3.0657 lr=8.86e-05 tok/s=41,243 eta=9129.481217127657
step=943 tokens=123600896/500000000 loss=3.0247 lr=8.86e-05 tok/s=41,158 eta=9145.155955748316
step=944 tokens=123731968/500000000 loss=3.1322 lr=8.86e-05 tok/s=41,199 eta=9132.85884449821
step=945 tokens=123863040/500000000 loss=3.1993 lr=8.85e-05 tok/s=41,276 eta=9112.751617890684
step=946 tokens=123994112/500000000 loss=3.0055 lr=8.85e-05 tok/s=41,265 eta=9111.997612736097
step=947 tokens=124125184/500000000 loss=3.0738 lr=8.85e-05 tok/s=41,130 eta=9138.69130261515
step=948 tokens=124256256/500000000 loss=3.0813 lr=8.85e-05 tok/s=41,397 eta=9076.677981254275
step=949 tokens=124387328/500000000 loss=3.1391 lr=8.84e-05 tok/s=41,164 eta=9124.885407872076
step=950 tokens=124518400/500000000 loss=3.0004 lr=8.84e-05 tok/s=40,792 eta=9204.740408851603
step=951 tokens=124649472/500000000 loss=3.3188 lr=8.84e-05 tok/s=41,012 eta=9152.184063427894
step=952 tokens=124780544/500000000 loss=3.1116 lr=8.84e-05 tok/s=40,913 eta=9171.139776493075
step=953 tokens=124911616/500000000 loss=2.9821 lr=8.83e-05 tok/s=41,105 eta=9125.192853838815
step=954 tokens=125042688/500000000 loss=3.2035 lr=8.83e-05 tok/s=29,857 eta=12558.417324709768
checkpoint saved: runs/20260907-112712/checkpoints/tokens_000125m (permanent_tokens)
step=955 tokens=125173760/500000000 loss=3.0668 lr=8.83e-05 tok/s=35,828 eta=10461.950155206381
step=956 tokens=125304832/500000000 loss=3.0837 lr=8.83e-05 tok/s=41,219 eta=9090.397960861494
step=957 tokens=125435904/500000000 loss=3.0334 lr=8.82e-05 tok/s=41,173 eta=9097.364022690497
step=958 tokens=125566976/500000000 loss=2.9052 lr=8.82e-05 tok/s=41,218 eta=9084.234257394295
step=959 tokens=125698048/500000000 loss=3.0058 lr=8.82e-05 tok/s=41,261 eta=9071.613367163565
step=960 tokens=125829120/500000000 loss=2.9717 lr=8.82e-05 tok/s=41,286 eta=9062.845319541502
step=961 tokens=125960192/500000000 loss=3.1793 lr=8.81e-05 tok/s=41,194 eta=9079.961600936886
step=962 tokens=126091264/500000000 loss=3.2001 lr=8.81e-05 tok/s=41,238 eta=9066.989876571442
step=963 tokens=126222336/500000000 loss=3.0070 lr=8.81e-05 tok/s=41,064 eta=9102.275947247772
step=964 tokens=126353408/500000000 loss=3.1025 lr=8.8e-05 tok/s=41,068 eta=9098.171219740068
step=965 tokens=126484480/500000000 loss=3.1647 lr=8.8e-05 tok/s=41,205 eta=9064.777704647393
step=966 tokens=126615552/500000000 loss=2.9866 lr=8.8e-05 tok/s=41,121 eta=9080.13328728032
step=967 tokens=126746624/500000000 loss=3.1613 lr=8.8e-05 tok/s=41,324 eta=9032.31177209675
step=968 tokens=126877696/500000000 loss=2.9947 lr=8.79e-05 tok/s=41,269 eta=9041.163911094081
step=969 tokens=127008768/500000000 loss=3.0036 lr=8.79e-05 tok/s=41,299 eta=9031.518117129164
step=970 tokens=127139840/500000000 loss=2.9491 lr=8.79e-05 tok/s=41,215 eta=9046.819804482853
step=971 tokens=127270912/500000000 loss=3.1820 lr=8.79e-05 tok/s=41,126 eta=9063.13539558987
step=972 tokens=127401984/500000000 loss=3.1692 lr=8.78e-05 tok/s=41,205 eta=9042.449849456638
step=973 tokens=127533056/500000000 loss=3.0664 lr=8.78e-05 tok/s=41,344 eta=9009.00213955858
step=974 tokens=127664128/500000000 loss=3.1186 lr=8.78e-05 tok/s=41,236 eta=9029.426224418663
step=975 tokens=127795200/500000000 loss=3.0855 lr=8.78e-05 tok/s=41,153 eta=9044.322401926374
step=976 tokens=127926272/500000000 loss=3.0528 lr=8.77e-05 tok/s=41,209 eta=9029.04743298703
step=977 tokens=128057344/500000000 loss=2.7667 lr=8.77e-05 tok/s=41,396 eta=8984.975446256316
step=978 tokens=128188416/500000000 loss=3.1639 lr=8.77e-05 tok/s=41,192 eta=9026.246658982482
step=979 tokens=128319488/500000000 loss=3.0297 lr=8.77e-05 tok/s=41,369 eta=8984.537757019543
step=980 tokens=128450560/500000000 loss=3.1088 lr=8.76e-05 tok/s=41,247 eta=9007.859426105886
step=981 tokens=128581632/500000000 loss=3.0849 lr=8.76e-05 tok/s=41,324 eta=8987.875528962622
step=982 tokens=128712704/500000000 loss=3.0826 lr=8.76e-05 tok/s=41,427 eta=8962.525572322837
step=983 tokens=128843776/500000000 loss=3.1990 lr=8.76e-05 tok/s=41,296 eta=8987.740046688097
step=984 tokens=128974848/500000000 loss=3.1011 lr=8.75e-05 tok/s=41,147 eta=9017.00901439918
step=985 tokens=129105920/500000000 loss=3.0776 lr=8.75e-05 tok/s=41,365 eta=8966.372932478269
step=986 tokens=129236992/500000000 loss=3.1321 lr=8.75e-05 tok/s=41,426 eta=8950.059403919073
step=987 tokens=129368064/500000000 loss=2.9882 lr=8.75e-05 tok/s=41,264 eta=8982.055860774228
step=988 tokens=129499136/500000000 loss=3.1054 lr=8.74e-05 tok/s=41,203 eta=8992.038955387783
step=989 tokens=129630208/500000000 loss=3.1117 lr=8.74e-05 tok/s=41,329 eta=8961.554165427287
step=990 tokens=129761280/500000000 loss=3.0454 lr=8.74e-05 tok/s=41,359 eta=8951.918885704445
step=991 tokens=129892352/500000000 loss=3.0722 lr=8.73e-05 tok/s=41,294 eta=8962.734981039448
step=992 tokens=130023424/500000000 loss=3.1833 lr=8.73e-05 tok/s=29,856 eta=12391.867576819508
step=993 tokens=130154496/500000000 loss=3.1240 lr=8.73e-05 tok/s=41,259 eta=8963.916772532824
step=994 tokens=130285568/500000000 loss=3.1550 lr=8.73e-05 tok/s=41,095 eta=8996.511847692946
step=995 tokens=130416640/500000000 loss=3.1671 lr=8.72e-05 tok/s=41,195 eta=8971.602134608487
step=996 tokens=130547712/500000000 loss=3.0325 lr=8.72e-05 tok/s=41,431 eta=8917.303783698431
step=997 tokens=130678784/500000000 loss=3.2883 lr=8.72e-05 tok/s=41,268 eta=8949.238175421942
step=998 tokens=130809856/500000000 loss=3.0122 lr=8.72e-05 tok/s=41,153 eta=8971.15775605394
step=999 tokens=130940928/500000000 loss=3.1306 lr=8.71e-05 tok/s=41,125 eta=8974.030483508941
step=1000 tokens=131072000/500000000 loss=2.9926 lr=8.71e-05 tok/s=41,120 eta=8972.053136519384
step=1001 tokens=131203072/500000000 loss=2.8542 lr=8.71e-05 tok/s=41,174 eta=8957.020427033778
step=1002 tokens=131334144/500000000 loss=3.1925 lr=8.71e-05 tok/s=41,108 eta=8968.160643039824
step=1003 tokens=131465216/500000000 loss=2.9558 lr=8.7e-05 tok/s=41,230 eta=8938.497453935217
step=1004 tokens=131596288/500000000 loss=3.2224 lr=8.7e-05 tok/s=41,223 eta=8936.853549508098
step=1005 tokens=131727360/500000000 loss=3.0819 lr=8.7e-05 tok/s=40,982 eta=8986.12668176099
step=1006 tokens=131858432/500000000 loss=3.0271 lr=8.7e-05 tok/s=41,180 eta=8939.834228534135
step=1007 tokens=131989504/500000000 loss=3.1674 lr=8.69e-05 tok/s=41,377 eta=8894.179682198488
step=1008 tokens=132120576/500000000 loss=3.0277 lr=8.69e-05 tok/s=41,466 eta=8871.906235138656
step=1009 tokens=132251648/500000000 loss=3.0112 lr=8.69e-05 tok/s=41,303 eta=8903.713515860441
step=1010 tokens=132382720/500000000 loss=3.0016 lr=8.68e-05 tok/s=41,231 eta=8916.102698161085
step=1011 tokens=132513792/500000000 loss=3.1081 lr=8.68e-05 tok/s=41,195 eta=8920.64344529991
step=1012 tokens=132644864/500000000 loss=3.1573 lr=8.68e-05 tok/s=41,213 eta=8913.66881510926
step=1013 tokens=132775936/500000000 loss=3.2498 lr=8.68e-05 tok/s=41,275 eta=8897.08436354645
step=1014 tokens=132907008/500000000 loss=3.2411 lr=8.67e-05 tok/s=41,331 eta=8881.885070893182
step=1015 tokens=133038080/500000000 loss=3.2351 lr=8.67e-05 tok/s=41,223 eta=8901.957702218864
step=1016 tokens=133169152/500000000 loss=2.9745 lr=8.67e-05 tok/s=41,252 eta=8892.514754485448
step=1017 tokens=133300224/500000000 loss=3.2003 lr=8.67e-05 tok/s=41,310 eta=8876.713023696222
step=1018 tokens=133431296/500000000 loss=3.0985 lr=8.66e-05 tok/s=41,343 eta=8866.476342875965
step=1019 tokens=133562368/500000000 loss=3.1610 lr=8.66e-05 tok/s=41,358 eta=8860.061631492383
step=1020 tokens=133693440/500000000 loss=3.2379 lr=8.66e-05 tok/s=41,265 eta=8876.966163209345
step=1021 tokens=133824512/500000000 loss=3.0568 lr=8.65e-05 tok/s=41,397 eta=8845.557265281324
step=1022 tokens=133955584/500000000 loss=2.8680 lr=8.65e-05 tok/s=41,355 eta=8851.320623743004
step=1023 tokens=134086656/500000000 loss=3.0182 lr=8.65e-05 tok/s=41,093 eta=8904.464766683628
step=1024 tokens=134217728/500000000 loss=3.1498 lr=8.65e-05 tok/s=41,116 eta=8896.336113563324
step=1025 tokens=134348800/500000000 loss=2.9122 lr=8.64e-05 tok/s=41,221 eta=8870.593808029202
step=1026 tokens=134479872/500000000 loss=3.1537 lr=8.64e-05 tok/s=41,439 eta=8820.752560468598
step=1027 tokens=134610944/500000000 loss=3.0428 lr=8.64e-05 tok/s=41,103 eta=8889.611405144418
step=1028 tokens=134742016/500000000 loss=3.1238 lr=8.64e-05 tok/s=41,017 eta=8904.960275320558
step=1029 tokens=134873088/500000000 loss=2.9004 lr=8.63e-05 tok/s=41,118 eta=8879.906233716425
step=1030 tokens=135004160/500000000 loss=3.2054 lr=8.63e-05 tok/s=29,884 eta=12213.87878999716
step=1031 tokens=135135232/500000000 loss=3.1085 lr=8.63e-05 tok/s=41,344 eta=8825.196033021655
step=1032 tokens=135266304/500000000 loss=3.1574 lr=8.63e-05 tok/s=41,180 eta=8857.12529000624
step=1033 tokens=135397376/500000000 loss=3.1241 lr=8.62e-05 tok/s=41,230 eta=8843.032230790615
step=1034 tokens=135528448/500000000 loss=3.0737 lr=8.62e-05 tok/s=41,138 eta=8859.683962065603
step=1035 tokens=135659520/500000000 loss=2.9491 lr=8.62e-05 tok/s=41,092 eta=8866.415220127674
step=1036 tokens=135790592/500000000 loss=3.1073 lr=8.61e-05 tok/s=41,128 eta=8855.474930588589
step=1037 tokens=135921664/500000000 loss=3.0432 lr=8.61e-05 tok/s=41,166 eta=8844.184229947563
step=1038 tokens=136052736/500000000 loss=3.0014 lr=8.61e-05 tok/s=41,151 eta=8844.222571918372
step=1039 tokens=136183808/500000000 loss=3.0150 lr=8.61e-05 tok/s=41,070 eta=8858.354682639489
step=1040 tokens=136314880/500000000 loss=3.1253 lr=8.6e-05 tok/s=41,010 eta=8868.132524987455
step=1041 tokens=136445952/500000000 loss=3.1507 lr=8.6e-05 tok/s=40,852 eta=8899.37637275229
step=1042 tokens=136577024/500000000 loss=3.1483 lr=8.6e-05 tok/s=41,147 eta=8832.397882202995
step=1043 tokens=136708096/500000000 loss=3.0531 lr=8.59e-05 tok/s=41,078 eta=8844.036017246126
step=1044 tokens=136839168/500000000 loss=2.9120 lr=8.59e-05 tok/s=41,048 eta=8847.289386429327
step=1045 tokens=136970240/500000000 loss=3.0450 lr=8.59e-05 tok/s=41,056 eta=8842.335656612648
step=1046 tokens=137101312/500000000 loss=3.1163 lr=8.59e-05 tok/s=40,963 eta=8859.275447873753
step=1047 tokens=137232384/500000000 loss=2.9437 lr=8.58e-05 tok/s=41,036 eta=8840.211921918844
step=1048 tokens=137363456/500000000 loss=3.1990 lr=8.58e-05 tok/s=41,012 eta=8842.112176878609
step=1049 tokens=137494528/500000000 loss=3.1978 lr=8.58e-05 tok/s=41,037 eta=8833.64879572494
step=1050 tokens=137625600/500000000 loss=2.9115 lr=8.58e-05 tok/s=41,151 eta=8805.95000235711
step=1051 tokens=137756672/500000000 loss=3.1693 lr=8.57e-05 tok/s=41,166 eta=8799.575546655016
step=1052 tokens=137887744/500000000 loss=3.1359 lr=8.57e-05 tok/s=41,109 eta=8808.57194947978
step=1053 tokens=138018816/500000000 loss=3.1545 lr=8.57e-05 tok/s=41,310 eta=8762.645824731826
step=1054 tokens=138149888/500000000 loss=3.1973 lr=8.56e-05 tok/s=41,127 eta=8798.292744198528
step=1055 tokens=138280960/500000000 loss=3.1343 lr=8.56e-05 tok/s=40,967 eta=8829.521651444009
step=1056 tokens=138412032/500000000 loss=2.9433 lr=8.56e-05 tok/s=41,075 eta=8803.086877598247
step=1057 tokens=138543104/500000000 loss=3.1355 lr=8.56e-05 tok/s=41,108 eta=8792.940658921696
step=1058 tokens=138674176/500000000 loss=3.1835 lr=8.55e-05 tok/s=41,092 eta=8793.016226331813
step=1059 tokens=138805248/500000000 loss=3.0298 lr=8.55e-05 tok/s=41,252 eta=8755.734788973843
step=1060 tokens=138936320/500000000 loss=3.1333 lr=8.55e-05 tok/s=41,134 eta=8777.83979568973
step=1061 tokens=139067392/500000000 loss=3.1235 lr=8.55e-05 tok/s=41,112 eta=8779.251131401417
step=1062 tokens=139198464/500000000 loss=3.1672 lr=8.54e-05 tok/s=41,136 eta=8771.049428453045
step=1063 tokens=139329536/500000000 loss=3.2209 lr=8.54e-05 tok/s=41,206 eta=8752.809076530952
step=1064 tokens=139460608/500000000 loss=3.0478 lr=8.54e-05 tok/s=41,174 eta=8756.460943110975
step=1065 tokens=139591680/500000000 loss=3.1055 lr=8.53e-05 tok/s=41,072 eta=8775.08273963497
step=1066 tokens=139722752/500000000 loss=3.1215 lr=8.53e-05 tok/s=41,076 eta=8771.039594974964
step=1067 tokens=139853824/500000000 loss=3.0976 lr=8.53e-05 tok/s=41,116 eta=8759.317280810888
step=1068 tokens=139984896/500000000 loss=3.0866 lr=8.53e-05 tok/s=41,268 eta=8723.734676305492
step=1069 tokens=140115968/500000000 loss=3.1346 lr=8.52e-05 tok/s=29,863 eta=12051.024098976759
step=1070 tokens=140247040/500000000 loss=3.2359 lr=8.52e-05 tok/s=41,131 eta=8746.463494612828
step=1071 tokens=140378112/500000000 loss=3.0604 lr=8.52e-05 tok/s=41,201 eta=8728.454245646355
step=1072 tokens=140509184/500000000 loss=3.2601 lr=8.51e-05 tok/s=41,325 eta=8699.170123283182
step=1073 tokens=140640256/500000000 loss=3.0564 lr=8.51e-05 tok/s=41,286 eta=8704.102365255678
step=1074 tokens=140771328/500000000 loss=3.0714 lr=8.51e-05 tok/s=41,211 eta=8716.763488623565
step=1075 tokens=140902400/500000000 loss=2.9591 lr=8.51e-05 tok/s=40,975 eta=8763.91543885316
step=1076 tokens=141033472/500000000 loss=3.1111 lr=8.5e-05 tok/s=41,200 eta=8712.757169694683
step=1077 tokens=141164544/500000000 loss=3.1724 lr=8.5e-05 tok/s=41,008 eta=8750.318418327724
step=1078 tokens=141295616/500000000 loss=3.0854 lr=8.5e-05 tok/s=41,277 eta=8690.204755132503
step=1079 tokens=141426688/500000000 loss=3.0793 lr=8.49e-05 tok/s=41,104 eta=8723.611093855141
step=1080 tokens=141557760/500000000 loss=3.1396 lr=8.49e-05 tok/s=41,089 eta=8723.532578176182
step=1081 tokens=141688832/500000000 loss=2.9771 lr=8.49e-05 tok/s=41,066 eta=8725.301505877364
step=1082 tokens=141819904/500000000 loss=2.9691 lr=8.49e-05 tok/s=40,986 eta=8739.063190776847
step=1083 tokens=141950976/500000000 loss=3.0014 lr=8.48e-05 tok/s=41,096 eta=8712.447425679198
step=1084 tokens=142082048/500000000 loss=3.1350 lr=8.48e-05 tok/s=41,074 eta=8714.058317776899
step=1085 tokens=142213120/500000000 loss=3.2311 lr=8.48e-05 tok/s=41,031 eta=8720.000753360784
step=1086 tokens=142344192/500000000 loss=3.0292 lr=8.47e-05 tok/s=41,102 eta=8701.76323828257
step=1087 tokens=142475264/500000000 loss=3.1287 lr=8.47e-05 tok/s=41,111 eta=8696.493722604966
step=1088 tokens=142606336/500000000 loss=3.1195 lr=8.47e-05 tok/s=41,145 eta=8686.27894485233
step=1089 tokens=142737408/500000000 loss=2.9630 lr=8.47e-05 tok/s=41,213 eta=8668.58833118439
step=1090 tokens=142868480/500000000 loss=2.9283 lr=8.46e-05 tok/s=41,289 eta=8649.617325652149
step=1091 tokens=142999552/500000000 loss=3.0231 lr=8.46e-05 tok/s=41,203 eta=8664.527470415147
step=1092 tokens=143130624/500000000 loss=3.2249 lr=8.46e-05 tok/s=41,277 eta=8645.640130543377
step=1093 tokens=143261696/500000000 loss=3.0102 lr=8.46e-05 tok/s=41,335 eta=8630.425538729525
step=1094 tokens=143392768/500000000 loss=2.9456 lr=8.45e-05 tok/s=41,157 eta=8664.639485688625
step=1095 tokens=143523840/500000000 loss=3.0632 lr=8.45e-05 tok/s=40,928 eta=8709.732877727234
step=1096 tokens=143654912/500000000 loss=3.1648 lr=8.45e-05 tok/s=41,151 eta=8659.430136354182
step=1097 tokens=143785984/500000000 loss=3.0889 lr=8.44e-05 tok/s=41,159 eta=8654.609725677494
step=1098 tokens=143917056/500000000 loss=3.2105 lr=8.44e-05 tok/s=41,236 eta=8635.263471583208
step=1099 tokens=144048128/500000000 loss=3.2743 lr=8.44e-05 tok/s=41,122 eta=8655.993770268675
step=1100 tokens=144179200/500000000 loss=3.1021 lr=8.44e-05 tok/s=40,947 eta=8689.873733450084
step=1101 tokens=144310272/500000000 loss=3.0477 lr=8.43e-05 tok/s=41,208 eta=8631.469047473582
step=1102 tokens=144441344/500000000 loss=3.1781 lr=8.43e-05 tok/s=40,986 eta=8675.16409075543
step=1103 tokens=144572416/500000000 loss=3.1738 lr=8.43e-05 tok/s=41,255 eta=8615.42883706292
step=1104 tokens=144703488/500000000 loss=3.0990 lr=8.42e-05 tok/s=41,339 eta=8594.771605177026
step=1105 tokens=144834560/500000000 loss=3.0742 lr=8.42e-05 tok/s=41,105 eta=8640.50045413966
step=1106 tokens=144965632/500000000 loss=3.0372 lr=8.42e-05 tok/s=41,295 eta=8597.566139627987
step=1107 tokens=145096704/500000000 loss=3.0721 lr=8.41e-05 tok/s=29,584 eta=11996.539663227968
step=1108 tokens=145227776/500000000 loss=3.1982 lr=8.41e-05 tok/s=41,258 eta=8598.818802863903
step=1109 tokens=145358848/500000000 loss=3.0718 lr=8.41e-05 tok/s=41,059 eta=8637.309456707808
step=1110 tokens=145489920/500000000 loss=3.1115 lr=8.41e-05 tok/s=41,193 eta=8605.975863588586
step=1111 tokens=145620992/500000000 loss=3.1170 lr=8.4e-05 tok/s=40,976 eta=8648.40816925064
step=1112 tokens=145752064/500000000 loss=3.3251 lr=8.4e-05 tok/s=41,143 eta=8610.194773237545
step=1113 tokens=145883136/500000000 loss=3.1339 lr=8.4e-05 tok/s=41,159 eta=8603.730109635155
step=1114 tokens=146014208/500000000 loss=2.9510 lr=8.39e-05 tok/s=41,172 eta=8597.810748484626
step=1115 tokens=146145280/500000000 loss=3.2184 lr=8.39e-05 tok/s=41,015 eta=8627.403499998614
step=1116 tokens=146276352/500000000 loss=2.9880 lr=8.39e-05 tok/s=41,436 eta=8536.68805624305
step=1117 tokens=146407424/500000000 loss=3.1433 lr=8.39e-05 tok/s=41,219 eta=8578.341495331251
step=1118 tokens=146538496/500000000 loss=3.0481 lr=8.38e-05 tok/s=41,183 eta=8582.603544253585
step=1119 tokens=146669568/500000000 loss=3.0441 lr=8.38e-05 tok/s=40,818 eta=8656.213237025677
step=1120 tokens=146800640/500000000 loss=3.1457 lr=8.38e-05 tok/s=40,697 eta=8678.84335362666
step=1121 tokens=146931712/500000000 loss=3.2307 lr=8.37e-05 tok/s=41,112 eta=8588.033813115268
step=1122 tokens=147062784/500000000 loss=3.1080 lr=8.37e-05 tok/s=41,031 eta=8601.68208142578
step=1123 tokens=147193856/500000000 loss=3.1605 lr=8.37e-05 tok/s=40,838 eta=8639.190526340866
step=1124 tokens=147324928/500000000 loss=3.0988 lr=8.37e-05 tok/s=40,892 eta=8624.51213380412
step=1125 tokens=147456000/500000000 loss=3.0108 lr=8.36e-05 tok/s=40,927 eta=8614.0478336605
step=1126 tokens=147587072/500000000 loss=3.0450 lr=8.36e-05 tok/s=40,880 eta=8620.603878583746
step=1127 tokens=147718144/500000000 loss=3.1640 lr=8.36e-05 tok/s=41,022 eta=8587.727362793592
step=1128 tokens=147849216/500000000 loss=3.0692 lr=8.35e-05 tok/s=41,023 eta=8584.191095706869
step=1129 tokens=147980288/500000000 loss=3.1902 lr=8.35e-05 tok/s=41,143 eta=8556.048984759882
step=1130 tokens=148111360/500000000 loss=3.1127 lr=8.35e-05 tok/s=41,151 eta=8551.195212557684
step=1131 tokens=148242432/500000000 loss=2.9811 lr=8.35e-05 tok/s=41,236 eta=8530.448185532567
step=1132 tokens=148373504/500000000 loss=3.0476 lr=8.34e-05 tok/s=41,071 eta=8561.394418368827
step=1133 tokens=148504576/500000000 loss=3.0527 lr=8.34e-05 tok/s=41,053 eta=8561.945662288517
step=1134 tokens=148635648/500000000 loss=3.1590 lr=8.34e-05 tok/s=41,322 eta=8503.06119873952
step=1135 tokens=148766720/500000000 loss=2.9538 lr=8.33e-05 tok/s=41,025 eta=8561.41257021338
step=1136 tokens=148897792/500000000 loss=2.9530 lr=8.33e-05 tok/s=41,128 eta=8536.760933762098
step=1137 tokens=149028864/500000000 loss=2.9736 lr=8.33e-05 tok/s=41,201 eta=8518.407647812279
step=1138 tokens=149159936/500000000 loss=3.1064 lr=8.32e-05 tok/s=41,181 eta=8519.531534378812
step=1139 tokens=149291008/500000000 loss=2.9217 lr=8.32e-05 tok/s=41,140 eta=8524.831314209016
step=1140 tokens=149422080/500000000 loss=3.0993 lr=8.32e-05 tok/s=41,256 eta=8497.670367409115
step=1141 tokens=149553152/500000000 loss=3.3133 lr=8.32e-05 tok/s=41,169 eta=8512.405668611014
step=1142 tokens=149684224/500000000 loss=3.0837 lr=8.31e-05 tok/s=41,123 eta=8518.694379820448
step=1143 tokens=149815296/500000000 loss=3.0937 lr=8.31e-05 tok/s=41,030 eta=8534.773805847084
step=1144 tokens=149946368/500000000 loss=3.1153 lr=8.31e-05 tok/s=41,176 eta=8501.489309712842
step=1145 tokens=150077440/500000000 loss=3.0592 lr=8.3e-05 tok/s=29,761 eta=11757.617934946486
checkpoint saved: runs/20260907-112712/checkpoints/tokens_000150m (permanent_tokens)
step=1146 tokens=150208512/500000000 loss=3.1314 lr=8.3e-05 tok/s=35,724 eta=9791.571399769029
step=1147 tokens=150339584/500000000 loss=2.9947 lr=8.3e-05 tok/s=41,063 eta=8515.157559555115
step=1148 tokens=150470656/500000000 loss=3.1260 lr=8.3e-05 tok/s=40,857 eta=8554.964123699283
step=1149 tokens=150601728/500000000 loss=3.2132 lr=8.29e-05 tok/s=41,136 eta=8493.702947161404
step=1150 tokens=150732800/500000000 loss=3.0140 lr=8.29e-05 tok/s=41,198 eta=8477.848596799846
step=1151 tokens=150863872/500000000 loss=2.9425 lr=8.29e-05 tok/s=41,014 eta=8512.660878317434
step=1152 tokens=150994944/500000000 loss=3.1247 lr=8.28e-05 tok/s=40,909 eta=8531.312686734327
step=1153 tokens=151126016/500000000 loss=3.0155 lr=8.28e-05 tok/s=40,899 eta=8530.145624208086
step=1154 tokens=151257088/500000000 loss=3.1368 lr=8.28e-05 tok/s=40,979 eta=8510.18204922234
step=1155 tokens=151388160/500000000 loss=3.0611 lr=8.27e-05 tok/s=41,045 eta=8493.46119682418
step=1156 tokens=151519232/500000000 loss=3.0092 lr=8.27e-05 tok/s=41,081 eta=8482.774094352086
step=1157 tokens=151650304/500000000 loss=2.8433 lr=8.27e-05 tok/s=40,979 eta=8500.71770578099
step=1158 tokens=151781376/500000000 loss=3.1109 lr=8.27e-05 tok/s=41,047 eta=8483.473727224684
step=1159 tokens=151912448/500000000 loss=3.0815 lr=8.26e-05 tok/s=40,849 eta=8521.28099462736
step=1160 tokens=152043520/500000000 loss=3.0535 lr=8.26e-05 tok/s=40,987 eta=8489.378948264746
step=1161 tokens=152174592/500000000 loss=3.1352 lr=8.26e-05 tok/s=40,872 eta=8510.01077458532
step=1162 tokens=152305664/500000000 loss=3.2197 lr=8.25e-05 tok/s=40,860 eta=8509.44628376803
step=1163 tokens=152436736/500000000 loss=3.1436 lr=8.25e-05 tok/s=40,880 eta=8502.08014073831
step=1164 tokens=152567808/500000000 loss=2.9742 lr=8.25e-05 tok/s=40,910 eta=8492.511698391798
step=1165 tokens=152698880/500000000 loss=3.1280 lr=8.24e-05 tok/s=40,849 eta=8502.140160733747
step=1166 tokens=152829952/500000000 loss=3.0019 lr=8.24e-05 tok/s=40,826 eta=8503.568060812187
step=1167 tokens=152961024/500000000 loss=3.1281 lr=8.24e-05 tok/s=40,873 eta=8490.735110404263
step=1168 tokens=153092096/500000000 loss=3.2269 lr=8.24e-05 tok/s=40,889 eta=8484.16396059485
step=1169 tokens=153223168/500000000 loss=3.1695 lr=8.23e-05 tok/s=40,898 eta=8479.107631038765
step=1170 tokens=153354240/500000000 loss=3.1592 lr=8.23e-05 tok/s=40,933 eta=8468.603825543172
step=1171 tokens=153485312/500000000 loss=3.1847 lr=8.23e-05 tok/s=41,098 eta=8431.403396188372
step=1172 tokens=153616384/500000000 loss=3.0463 lr=8.22e-05 tok/s=41,109 eta=8425.96533543126
step=1173 tokens=153747456/500000000 loss=3.2009 lr=8.22e-05 tok/s=40,651 eta=8517.784561873332
step=1174 tokens=153878528/500000000 loss=3.0152 lr=8.22e-05 tok/s=40,823 eta=8478.668005201811
step=1175 tokens=154009600/500000000 loss=2.9426 lr=8.21e-05 tok/s=40,980 eta=8442.964371392078
step=1176 tokens=154140672/500000000 loss=2.9996 lr=8.21e-05 tok/s=41,068 eta=8421.678230672253
step=1177 tokens=154271744/500000000 loss=3.1072 lr=8.21e-05 tok/s=41,071 eta=8417.754433005848
step=1178 tokens=154402816/500000000 loss=3.1322 lr=8.21e-05 tok/s=41,213 eta=8385.725566572306
step=1179 tokens=154533888/500000000 loss=3.2787 lr=8.2e-05 tok/s=40,955 eta=8435.15837756433
step=1180 tokens=154664960/500000000 loss=3.1419 lr=8.2e-05 tok/s=41,136 eta=8394.889326534969
step=1181 tokens=154796032/500000000 loss=3.0237 lr=8.2e-05 tok/s=41,006 eta=8418.423762382577
step=1182 tokens=154927104/500000000 loss=2.9747 lr=8.19e-05 tok/s=41,241 eta=8367.294144362724
step=1183 tokens=155058176/500000000 loss=3.1520 lr=8.19e-05 tok/s=29,830 eta=11563.642694086482
step=1184 tokens=155189248/500000000 loss=3.0866 lr=8.19e-05 tok/s=41,154 eta=8378.580170658233
step=1185 tokens=155320320/500000000 loss=3.2671 lr=8.18e-05 tok/s=41,180 eta=8370.046457389051
step=1186 tokens=155451392/500000000 loss=3.0417 lr=8.18e-05 tok/s=41,073 eta=8388.786933082965
step=1187 tokens=155582464/500000000 loss=3.1090 lr=8.18e-05 tok/s=41,053 eta=8389.545964184896
step=1188 tokens=155713536/500000000 loss=2.9452 lr=8.17e-05 tok/s=40,989 eta=8399.512631304451
step=1189 tokens=155844608/500000000 loss=3.0864 lr=8.17e-05 tok/s=41,161 eta=8361.26574616237
step=1190 tokens=155975680/500000000 loss=3.1852 lr=8.17e-05 tok/s=41,347 eta=8320.496415375957
step=1191 tokens=156106752/500000000 loss=3.0004 lr=8.17e-05 tok/s=41,200 eta=8347.008937670173
step=1192 tokens=156237824/500000000 loss=3.0559 lr=8.16e-05 tok/s=41,001 eta=8384.179345812003
step=1193 tokens=156368896/500000000 loss=3.0691 lr=8.16e-05 tok/s=41,046 eta=8371.797244911893
step=1194 tokens=156499968/500000000 loss=3.2443 lr=8.16e-05 tok/s=40,821 eta=8414.70339875909
step=1195 tokens=156631040/500000000 loss=3.1534 lr=8.15e-05 tok/s=40,793 eta=8417.403040363606
step=1196 tokens=156762112/500000000 loss=3.0043 lr=8.15e-05 tok/s=40,733 eta=8426.510633863792
step=1197 tokens=156893184/500000000 loss=3.1783 lr=8.15e-05 tok/s=40,833 eta=8402.732555447075
step=1198 tokens=157024256/500000000 loss=3.0269 lr=8.14e-05 tok/s=40,968 eta=8371.83305505083
step=1199 tokens=157155328/500000000 loss=3.1090 lr=8.14e-05 tok/s=40,762 eta=8410.859573046222
step=1200 tokens=157286400/500000000 loss=3.0675 lr=8.14e-05 tok/s=40,964 eta=8366.130146883917
step=1201 tokens=157417472/500000000 loss=2.8951 lr=8.14e-05 tok/s=41,046 eta=8346.214491285673
step=1202 tokens=157548544/500000000 loss=3.0322 lr=8.13e-05 tok/s=41,113 eta=8329.536102901922
step=1203 tokens=157679616/500000000 loss=3.0551 lr=8.13e-05 tok/s=40,640 eta=8423.220092163976
step=1204 tokens=157810688/500000000 loss=3.0722 lr=8.13e-05 tok/s=40,896 eta=8367.225922520824
step=1205 tokens=157941760/500000000 loss=3.0698 lr=8.12e-05 tok/s=40,925 eta=8358.260382812108
step=1206 tokens=158072832/500000000 loss=3.0086 lr=8.12e-05 tok/s=41,043 eta=8330.935923075029
step=1207 tokens=158203904/500000000 loss=2.9819 lr=8.12e-05 tok/s=40,735 eta=8390.744670570622
step=1208 tokens=158334976/500000000 loss=3.0438 lr=8.11e-05 tok/s=40,884 eta=8356.857306439297
step=1209 tokens=158466048/500000000 loss=3.0507 lr=8.11e-05 tok/s=40,863 eta=8358.012015135193
step=1210 tokens=158597120/500000000 loss=3.0930 lr=8.11e-05 tok/s=40,867 eta=8354.087155345926
step=1211 tokens=158728192/500000000 loss=3.1130 lr=8.1e-05 tok/s=41,033 eta=8316.984384899242
step=1212 tokens=158859264/500000000 loss=3.1276 lr=8.1e-05 tok/s=41,080 eta=8304.350148458294
step=1213 tokens=158990336/500000000 loss=3.1497 lr=8.1e-05 tok/s=41,123 eta=8292.518671267091
step=1214 tokens=159121408/500000000 loss=3.0995 lr=8.1e-05 tok/s=41,138 eta=8286.174860679039
step=1215 tokens=159252480/500000000 loss=3.0315 lr=8.09e-05 tok/s=41,016 eta=8307.67112407018
step=1216 tokens=159383552/500000000 loss=2.9715 lr=8.09e-05 tok/s=41,208 eta=8265.872625551348
step=1217 tokens=159514624/500000000 loss=3.0571 lr=8.09e-05 tok/s=40,822 eta=8340.759580976832
step=1218 tokens=159645696/500000000 loss=3.1785 lr=8.08e-05 tok/s=41,002 eta=8301.000664682757
step=1219 tokens=159776768/500000000 loss=3.0079 lr=8.08e-05 tok/s=41,263 eta=8245.324848918899
step=1220 tokens=159907840/500000000 loss=3.0300 lr=8.08e-05 tok/s=41,253 eta=8243.979199236386
step=1221 tokens=160038912/500000000 loss=2.9405 lr=8.07e-05 tok/s=29,697 eta=11447.5481133173
step=1222 tokens=160169984/500000000 loss=3.0555 lr=8.07e-05 tok/s=40,903 eta=8308.169437280829
step=1223 tokens=160301056/500000000 loss=2.9087 lr=8.07e-05 tok/s=40,970 eta=8291.362419854826
step=1224 tokens=160432128/500000000 loss=2.8923 lr=8.06e-05 tok/s=40,821 eta=8318.438588262847
step=1225 tokens=160563200/500000000 loss=2.9571 lr=8.06e-05 tok/s=40,880 eta=8303.32197890911
step=1226 tokens=160694272/500000000 loss=2.8948 lr=8.06e-05 tok/s=40,826 eta=8310.926546290357
step=1227 tokens=160825344/500000000 loss=3.3167 lr=8.05e-05 tok/s=41,020 eta=8268.466288474852
step=1228 tokens=160956416/500000000 loss=3.2509 lr=8.05e-05 tok/s=40,983 eta=8272.79232149225
step=1229 tokens=161087488/500000000 loss=3.0747 lr=8.05e-05 tok/s=40,812 eta=8304.224071259714
step=1230 tokens=161218560/500000000 loss=3.0349 lr=8.05e-05 tok/s=41,067 eta=8249.51818396296
step=1231 tokens=161349632/500000000 loss=2.8902 lr=8.04e-05 tok/s=41,063 eta=8247.124518337025
step=1232 tokens=161480704/500000000 loss=3.1410 lr=8.04e-05 tok/s=40,771 eta=8302.861946498817
step=1233 tokens=161611776/500000000 loss=3.0232 lr=8.04e-05 tok/s=40,965 eta=8260.434931732469
step=1234 tokens=161742848/500000000 loss=3.1833 lr=8.03e-05 tok/s=41,129 eta=8224.373774191585
step=1235 tokens=161873920/500000000 loss=2.9980 lr=8.03e-05 tok/s=40,967 eta=8253.53877388258
step=1236 tokens=162004992/500000000 loss=3.1678 lr=8.03e-05 tok/s=40,840 eta=8276.112957134494
step=1237 tokens=162136064/500000000 loss=3.1878 lr=8.02e-05 tok/s=40,826 eta=8275.690132124399
step=1238 tokens=162267136/500000000 loss=2.8618 lr=8.02e-05 tok/s=40,943 eta=8248.837751944086
step=1239 tokens=162398208/500000000 loss=3.0559 lr=8.02e-05 tok/s=40,856 eta=8263.192014269307
step=1240 tokens=162529280/500000000 loss=3.0311 lr=8.01e-05 tok/s=40,815 eta=8268.38607896982
step=1241 tokens=162660352/500000000 loss=3.2117 lr=8.01e-05 tok/s=40,850 eta=8258.011210877854
step=1242 tokens=162791424/500000000 loss=3.0392 lr=8.01e-05 tok/s=40,894 eta=8245.871183698024
step=1243 tokens=162922496/500000000 loss=3.2496 lr=8e-05 tok/s=40,875 eta=8246.604499128274
step=1244 tokens=163053568/500000000 loss=3.1127 lr=8e-05 tok/s=40,825 eta=8253.470993173622
step=1245 tokens=163184640/500000000 loss=3.1609 lr=8e-05 tok/s=40,966 eta=8221.926678489237
step=1246 tokens=163315712/500000000 loss=3.1824 lr=8e-05 tok/s=40,901 eta=8231.62905309224
step=1247 tokens=163446784/500000000 loss=3.0769 lr=7.99e-05 tok/s=40,509 eta=8308.111409250689
step=1248 tokens=163577856/500000000 loss=3.2690 lr=7.99e-05 tok/s=40,692 eta=8267.481946882039
step=1249 tokens=163708928/500000000 loss=2.9750 lr=7.99e-05 tok/s=40,812 eta=8240.098418969992
step=1250 tokens=163840000/500000000 loss=3.2055 lr=7.98e-05 tok/s=40,927 eta=8213.639256585097
step=1251 tokens=163971072/500000000 loss=3.0993 lr=7.98e-05 tok/s=40,893 eta=8217.265195458185
step=1252 tokens=164102144/500000000 loss=3.1759 lr=7.98e-05 tok/s=40,971 eta=8198.384233480343
step=1253 tokens=164233216/500000000 loss=3.1341 lr=7.97e-05 tok/s=40,644 eta=8261.078954799976
step=1254 tokens=164364288/500000000 loss=3.0921 lr=7.97e-05 tok/s=40,994 eta=8187.442626452612
step=1255 tokens=164495360/500000000 loss=3.0287 lr=7.97e-05 tok/s=40,943 eta=8194.476031765023
step=1256 tokens=164626432/500000000 loss=2.8802 lr=7.96e-05 tok/s=40,922 eta=8195.473290630891
step=1257 tokens=164757504/500000000 loss=2.7872 lr=7.96e-05 tok/s=41,012 eta=8174.208452030517
step=1258 tokens=164888576/500000000 loss=3.0961 lr=7.96e-05 tok/s=40,989 eta=8175.663987823902
step=1259 tokens=165019648/500000000 loss=3.0640 lr=7.95e-05 tok/s=29,610 eta=11312.931197429629
step=1260 tokens=165150720/500000000 loss=3.1297 lr=7.95e-05 tok/s=41,283 eta=8111.113669671691
step=1261 tokens=165281792/500000000 loss=2.9876 lr=7.95e-05 tok/s=40,951 eta=8173.5821567653575
step=1262 tokens=165412864/500000000 loss=2.8382 lr=7.94e-05 tok/s=41,016 eta=8157.3796190723215
step=1263 tokens=165543936/500000000 loss=3.0791 lr=7.94e-05 tok/s=41,282 eta=8101.803568700182
step=1264 tokens=165675008/500000000 loss=3.2306 lr=7.94e-05 tok/s=41,123 eta=8129.810018073918
step=1265 tokens=165806080/500000000 loss=3.0944 lr=7.94e-05 tok/s=41,286 eta=8094.519615482799
step=1266 tokens=165937152/500000000 loss=2.9831 lr=7.93e-05 tok/s=41,014 eta=8145.068756468049
step=1267 tokens=166068224/500000000 loss=3.0359 lr=7.93e-05 tok/s=41,259 eta=8093.562919479619
step=1268 tokens=166199296/500000000 loss=3.1286 lr=7.93e-05 tok/s=40,749 eta=8191.605221416683
step=1269 tokens=166330368/500000000 loss=3.2231 lr=7.92e-05 tok/s=40,960 eta=8146.164188696031
step=1270 tokens=166461440/500000000 loss=3.1467 lr=7.92e-05 tok/s=40,788 eta=8177.390108707861
step=1271 tokens=166592512/500000000 loss=2.9598 lr=7.92e-05 tok/s=40,733 eta=8185.209410242331
step=1272 tokens=166723584/500000000 loss=3.0936 lr=7.91e-05 tok/s=40,887 eta=8151.099210102158
step=1273 tokens=166854656/500000000 loss=2.9116 lr=7.91e-05 tok/s=40,714 eta=8182.512568009714
step=1274 tokens=166985728/500000000 loss=3.0155 lr=7.91e-05 tok/s=40,834 eta=8155.393604273979
step=1275 tokens=167116800/500000000 loss=3.1215 lr=7.9e-05 tok/s=40,899 eta=8139.247374188964
step=1276 tokens=167247872/500000000 loss=3.0809 lr=7.9e-05 tok/s=40,994 eta=8117.040828895889
step=1277 tokens=167378944/500000000 loss=3.1007 lr=7.9e-05 tok/s=40,865 eta=8139.425534920652
step=1278 tokens=167510016/500000000 loss=2.9495 lr=7.89e-05 tok/s=41,001 eta=8109.215625683134
step=1279 tokens=167641088/500000000 loss=3.0511 lr=7.89e-05 tok/s=40,942 eta=8117.822591021502
step=1280 tokens=167772160/500000000 loss=3.0568 lr=7.89e-05 tok/s=41,032 eta=8096.7840056074365
step=1281 tokens=167903232/500000000 loss=3.1468 lr=7.88e-05 tok/s=41,156 eta=8069.304751371958
step=1282 tokens=168034304/500000000 loss=3.0140 lr=7.88e-05 tok/s=40,940 eta=8108.680389631703
step=1283 tokens=168165376/500000000 loss=2.9265 lr=7.88e-05 tok/s=41,205 eta=8053.200141073016
step=1284 tokens=168296448/500000000 loss=3.0919 lr=7.87e-05 tok/s=41,011 eta=8088.146634017659
step=1285 tokens=168427520/500000000 loss=3.0740 lr=7.87e-05 tok/s=41,090 eta=8069.387845408063
step=1286 tokens=168558592/500000000 loss=3.0462 lr=7.87e-05 tok/s=41,181 eta=8048.312440835668
step=1287 tokens=168689664/500000000 loss=3.1120 lr=7.87e-05 tok/s=41,166 eta=8048.100718865409
step=1288 tokens=168820736/500000000 loss=3.0537 lr=7.86e-05 tok/s=41,309 eta=8017.202138781769
step=1289 tokens=168951808/500000000 loss=3.1553 lr=7.86e-05 tok/s=40,863 eta=8101.362916805637
step=1290 tokens=169082880/500000000 loss=3.2014 lr=7.86e-05 tok/s=41,223 eta=8027.465626225636
step=1291 tokens=169213952/500000000 loss=3.0197 lr=7.85e-05 tok/s=41,211 eta=8026.661705381919
step=1292 tokens=169345024/500000000 loss=2.9992 lr=7.85e-05 tok/s=41,133 eta=8038.632293864555
step=1293 tokens=169476096/500000000 loss=3.2451 lr=7.85e-05 tok/s=41,124 eta=8037.278495316857
step=1294 tokens=169607168/500000000 loss=2.9598 lr=7.84e-05 tok/s=41,139 eta=8031.189708905706
step=1295 tokens=169738240/500000000 loss=3.2640 lr=7.84e-05 tok/s=41,070 eta=8041.379259532427
step=1296 tokens=169869312/500000000 loss=3.1859 lr=7.84e-05 tok/s=40,976 eta=8056.751553271393
step=1297 tokens=170000384/500000000 loss=3.1254 lr=7.83e-05 tok/s=29,824 eta=11064.869004561802
step=1298 tokens=170131456/500000000 loss=3.0354 lr=7.83e-05 tok/s=40,948 eta=8055.74136169165
step=1299 tokens=170262528/500000000 loss=3.1598 lr=7.83e-05 tok/s=41,094 eta=8024.051357107153
step=1300 tokens=170393600/500000000 loss=3.1354 lr=7.82e-05 tok/s=41,279 eta=7984.75686194054
step=1301 tokens=170524672/500000000 loss=3.1583 lr=7.82e-05 tok/s=41,372 eta=7963.776246124142
step=1302 tokens=170655744/500000000 loss=2.9571 lr=7.82e-05 tok/s=41,339 eta=7966.911649612298
step=1303 tokens=170786816/500000000 loss=3.0287 lr=7.81e-05 tok/s=41,260 eta=7978.935048909307
step=1304 tokens=170917888/500000000 loss=3.1248 lr=7.81e-05 tok/s=41,257 eta=7976.423879060736
step=1305 tokens=171048960/500000000 loss=2.9905 lr=7.81e-05 tok/s=41,210 eta=7982.259542606586
step=1306 tokens=171180032/500000000 loss=3.0170 lr=7.8e-05 tok/s=41,054 eta=8009.40616804306
step=1307 tokens=171311104/500000000 loss=3.0676 lr=7.8e-05 tok/s=41,274 eta=7963.55382554481
step=1308 tokens=171442176/500000000 loss=3.1814 lr=7.8e-05 tok/s=41,224 eta=7969.980170624869
step=1309 tokens=171573248/500000000 loss=3.0916 lr=7.79e-05 tok/s=41,200 eta=7971.48157664466
step=1310 tokens=171704320/500000000 loss=2.9787 lr=7.79e-05 tok/s=41,135 eta=7980.894858726099
step=1311 tokens=171835392/500000000 loss=3.1746 lr=7.79e-05 tok/s=41,031 eta=7998.018564955984
step=1312 tokens=171966464/500000000 loss=3.2918 lr=7.78e-05 tok/s=41,114 eta=7978.644359325251
step=1313 tokens=172097536/500000000 loss=2.8697 lr=7.78e-05 tok/s=41,153 eta=7967.955327177103
step=1314 tokens=172228608/500000000 loss=3.1260 lr=7.78e-05 tok/s=41,118 eta=7971.526906231153
step=1315 tokens=172359680/500000000 loss=3.0689 lr=7.77e-05 tok/s=41,230 eta=7946.654900725733
step=1316 tokens=172490752/500000000 loss=3.1339 lr=7.77e-05 tok/s=41,466 eta=7898.2799248666315
step=1317 tokens=172621824/500000000 loss=3.1179 lr=7.77e-05 tok/s=41,245 eta=7937.48954503981
step=1318 tokens=172752896/500000000 loss=2.9947 lr=7.76e-05 tok/s=41,180 eta=7946.799237860634
step=1319 tokens=172883968/500000000 loss=3.1185 lr=7.76e-05 tok/s=41,160 eta=7947.412675585462
step=1320 tokens=173015040/500000000 loss=3.1191 lr=7.76e-05 tok/s=41,186 eta=7939.311256354403
step=1321 tokens=173146112/500000000 loss=3.0632 lr=7.75e-05 tok/s=41,275 eta=7919.010878875245
step=1322 tokens=173277184/500000000 loss=3.0216 lr=7.75e-05 tok/s=41,401 eta=7891.584031233732
step=1323 tokens=173408256/500000000 loss=3.0424 lr=7.75e-05 tok/s=41,309 eta=7906.114804164135
step=1324 tokens=173539328/500000000 loss=2.9839 lr=7.74e-05 tok/s=41,230 eta=7918.076759128315
step=1325 tokens=173670400/500000000 loss=3.1155 lr=7.74e-05 tok/s=41,173 eta=7925.76588715529
step=1326 tokens=173801472/500000000 loss=3.2325 lr=7.74e-05 tok/s=41,196 eta=7918.1714124559
step=1327 tokens=173932544/500000000 loss=3.2497 lr=7.74e-05 tok/s=41,073 eta=7938.763739251679
step=1328 tokens=174063616/500000000 loss=3.1394 lr=7.73e-05 tok/s=40,995 eta=7950.7167322070145
step=1329 tokens=174194688/500000000 loss=3.1900 lr=7.73e-05 tok/s=41,188 eta=7910.120493835467
step=1330 tokens=174325760/500000000 loss=2.9903 lr=7.73e-05 tok/s=40,963 eta=7950.394891724142
step=1331 tokens=174456832/500000000 loss=2.9771 lr=7.72e-05 tok/s=40,985 eta=7942.981803733547
step=1332 tokens=174587904/500000000 loss=3.0964 lr=7.72e-05 tok/s=40,973 eta=7942.048711110549
step=1333 tokens=174718976/500000000 loss=3.0348 lr=7.72e-05 tok/s=40,784 eta=7975.701518710717
step=1334 tokens=174850048/500000000 loss=3.0230 lr=7.71e-05 tok/s=40,953 eta=7939.493532987589
step=1335 tokens=174981120/500000000 loss=3.0277 lr=7.71e-05 tok/s=40,684 eta=7988.855794433983
step=1336 tokens=175112192/500000000 loss=3.1379 lr=7.71e-05 tok/s=29,593 eta=10978.444621479397
checkpoint saved: runs/20260907-112712/checkpoints/tokens_000175m (permanent_tokens)
step=1337 tokens=175243264/500000000 loss=3.1404 lr=7.7e-05 tok/s=35,891 eta=9048.518645073544
step=1338 tokens=175374336/500000000 loss=3.1625 lr=7.7e-05 tok/s=41,081 eta=7902.010278064453
step=1339 tokens=175505408/500000000 loss=3.0816 lr=7.7e-05 tok/s=40,722 eta=7968.554578558562
step=1340 tokens=175636480/500000000 loss=3.1907 lr=7.69e-05 tok/s=40,934 eta=7924.055192304867
step=1341 tokens=175767552/500000000 loss=3.1681 lr=7.69e-05 tok/s=41,057 eta=7897.0871825385475
step=1342 tokens=175898624/500000000 loss=3.0369 lr=7.69e-05 tok/s=41,109 eta=7883.891646003272
step=1343 tokens=176029696/500000000 loss=3.1345 lr=7.68e-05 tok/s=41,060 eta=7890.199003259886
step=1344 tokens=176160768/500000000 loss=3.2400 lr=7.68e-05 tok/s=41,026 eta=7893.520048726932
step=1345 tokens=176291840/500000000 loss=3.0512 lr=7.68e-05 tok/s=41,055 eta=7884.836664204031
step=1346 tokens=176422912/500000000 loss=2.9709 lr=7.67e-05 tok/s=40,962 eta=7899.514266814337
step=1347 tokens=176553984/500000000 loss=3.2116 lr=7.67e-05 tok/s=41,059 eta=7877.615979339619
step=1348 tokens=176685056/500000000 loss=3.0607 lr=7.67e-05 tok/s=41,049 eta=7876.301450924687
step=1349 tokens=176816128/500000000 loss=3.0004 lr=7.66e-05 tok/s=41,240 eta=7836.586896758288
step=1350 tokens=176947200/500000000 loss=3.0533 lr=7.66e-05 tok/s=41,231 eta=7835.166792996949
step=1351 tokens=177078272/500000000 loss=3.0860 lr=7.66e-05 tok/s=41,408 eta=7798.460082061097
step=1352 tokens=177209344/500000000 loss=3.2714 lr=7.65e-05 tok/s=41,334 eta=7809.27127697964
step=1353 tokens=177340416/500000000 loss=3.0027 lr=7.65e-05 tok/s=41,256 eta=7820.832913290326
step=1354 tokens=177471488/500000000 loss=3.1664 lr=7.65e-05 tok/s=41,238 eta=7821.243035548514
step=1355 tokens=177602560/500000000 loss=3.0440 lr=7.64e-05 tok/s=41,401 eta=7787.136117056811
step=1356 tokens=177733632/500000000 loss=3.0306 lr=7.64e-05 tok/s=41,363 eta=7791.219386545192
step=1357 tokens=177864704/500000000 loss=3.1567 lr=7.64e-05 tok/s=41,147 eta=7828.872531415852
step=1358 tokens=177995776/500000000 loss=3.0585 lr=7.63e-05 tok/s=41,220 eta=7811.850060457105
step=1359 tokens=178126848/500000000 loss=3.1143 lr=7.63e-05 tok/s=41,329 eta=7788.028906218552
step=1360 tokens=178257920/500000000 loss=3.0888 lr=7.63e-05 tok/s=41,361 eta=7778.893534230014
step=1361 tokens=178388992/500000000 loss=3.0170 lr=7.62e-05 tok/s=41,008 eta=7842.584388766987
step=1362 tokens=178520064/500000000 loss=3.2515 lr=7.62e-05 tok/s=41,230 eta=7797.278313057255
step=1363 tokens=178651136/500000000 loss=3.1977 lr=7.62e-05 tok/s=41,005 eta=7836.787296095964
step=1364 tokens=178782208/500000000 loss=3.0311 lr=7.61e-05 tok/s=41,063 eta=7822.651771810179
step=1365 tokens=178913280/500000000 loss=3.1969 lr=7.61e-05 tok/s=41,158 eta=7801.353441108871
step=1366 tokens=179044352/500000000 loss=3.0269 lr=7.61e-05 tok/s=41,216 eta=7787.085628543503
step=1367 tokens=179175424/500000000 loss=3.2016 lr=7.6e-05 tok/s=41,266 eta=7774.611619064967
step=1368 tokens=179306496/500000000 loss=3.2142 lr=7.6e-05 tok/s=41,154 eta=7792.602826273194
step=1369 tokens=179437568/500000000 loss=3.0553 lr=7.6e-05 tok/s=41,302 eta=7761.458290826288
step=1370 tokens=179568640/500000000 loss=2.9178 lr=7.59e-05 tok/s=41,060 eta=7803.941608946916
step=1371 tokens=179699712/500000000 loss=3.0561 lr=7.59e-05 tok/s=41,130 eta=7787.517979533529
step=1372 tokens=179830784/500000000 loss=3.0135 lr=7.59e-05 tok/s=41,416 eta=7730.572658407514
step=1373 tokens=179961856/500000000 loss=3.0376 lr=7.58e-05 tok/s=41,191 eta=7769.6485781293495
step=1374 tokens=180092928/500000000 loss=3.0704 lr=7.58e-05 tok/s=29,890 eta=10702.70223353323
step=1375 tokens=180224000/500000000 loss=2.8989 lr=7.58e-05 tok/s=41,172 eta=7766.848167419908
step=1376 tokens=180355072/500000000 loss=3.1682 lr=7.57e-05 tok/s=40,992 eta=7797.672795637076
step=1377 tokens=180486144/500000000 loss=3.1341 lr=7.57e-05 tok/s=41,005 eta=7792.023172928796
step=1378 tokens=180617216/500000000 loss=3.0533 lr=7.57e-05 tok/s=41,088 eta=7773.189582056432
step=1379 tokens=180748288/500000000 loss=3.2622 lr=7.56e-05 tok/s=40,932 eta=7799.507900761539
step=1380 tokens=180879360/500000000 loss=3.0544 lr=7.56e-05 tok/s=40,902 eta=7802.0458301390145
step=1381 tokens=181010432/500000000 loss=3.1155 lr=7.56e-05 tok/s=40,873 eta=7804.395251557159
step=1382 tokens=181141504/500000000 loss=3.0119 lr=7.55e-05 tok/s=40,799 eta=7815.393205626079
step=1383 tokens=181272576/500000000 loss=3.0358 lr=7.55e-05 tok/s=40,923 eta=7788.493231994481
step=1384 tokens=181403648/500000000 loss=3.0762 lr=7.55e-05 tok/s=41,006 eta=7769.545466884901
step=1385 tokens=181534720/500000000 loss=3.1304 lr=7.54e-05 tok/s=40,900 eta=7786.407495972974
step=1386 tokens=181665792/500000000 loss=3.1029 lr=7.54e-05 tok/s=40,856 eta=7791.671945836527
step=1387 tokens=181796864/500000000 loss=2.9835 lr=7.54e-05 tok/s=40,804 eta=7798.283107942324
step=1388 tokens=181927936/500000000 loss=3.0740 lr=7.53e-05 tok/s=40,868 eta=7782.997199111171
step=1389 tokens=182059008/500000000 loss=3.1549 lr=7.53e-05 tok/s=40,818 eta=7789.260619957115
step=1390 tokens=182190080/500000000 loss=2.9826 lr=7.53e-05 tok/s=40,848 eta=7780.23402979327
step=1391 tokens=182321152/500000000 loss=3.0411 lr=7.52e-05 tok/s=41,004 eta=7747.531841612167
step=1392 tokens=182452224/500000000 loss=3.0624 lr=7.52e-05 tok/s=41,124 eta=7721.785734891735
step=1393 tokens=182583296/500000000 loss=3.0769 lr=7.52e-05 tok/s=41,060 eta=7730.496531892731
step=1394 tokens=182714368/500000000 loss=2.9414 lr=7.51e-05 tok/s=41,052 eta=7728.822200426419
step=1395 tokens=182845440/500000000 loss=3.0592 lr=7.51e-05 tok/s=41,014 eta=7732.857303788463
step=1396 tokens=182976512/500000000 loss=3.0285 lr=7.5e-05 tok/s=40,870 eta=7756.949064695568
step=1397 tokens=183107584/500000000 loss=2.9261 lr=7.5e-05 tok/s=40,832 eta=7760.870787854975
step=1398 tokens=183238656/500000000 loss=2.8535 lr=7.5e-05 tok/s=40,919 eta=7741.160925678242
step=1399 tokens=183369728/500000000 loss=3.2034 lr=7.49e-05 tok/s=40,813 eta=7758.167146188483
step=1400 tokens=183500800/500000000 loss=3.1152 lr=7.49e-05 tok/s=40,789 eta=7759.479963957918
step=1401 tokens=183631872/500000000 loss=3.0923 lr=7.49e-05 tok/s=40,851 eta=7744.354386850214
step=1402 tokens=183762944/500000000 loss=3.0998 lr=7.48e-05 tok/s=40,834 eta=7744.375641211028
step=1403 tokens=183894016/500000000 loss=3.1396 lr=7.48e-05 tok/s=40,860 eta=7736.362137781856
step=1404 tokens=184025088/500000000 loss=3.2286 lr=7.48e-05 tok/s=40,953 eta=7715.524121446663
step=1405 tokens=184156160/500000000 loss=3.1549 lr=7.47e-05 tok/s=40,905 eta=7721.480241902755
step=1406 tokens=184287232/500000000 loss=3.1215 lr=7.47e-05 tok/s=41,124 eta=7677.084689462494
step=1407 tokens=184418304/500000000 loss=3.1542 lr=7.47e-05 tok/s=40,562 eta=7780.244058077684
step=1408 tokens=184549376/500000000 loss=3.0296 lr=7.46e-05 tok/s=40,841 eta=7723.865261765135
step=1409 tokens=184680448/500000000 loss=3.0028 lr=7.46e-05 tok/s=40,925 eta=7704.904533870754
step=1410 tokens=184811520/500000000 loss=3.1221 lr=7.46e-05 tok/s=40,992 eta=7689.02357800821
step=1411 tokens=184942592/500000000 loss=3.1448 lr=7.45e-05 tok/s=40,921 eta=7699.082973914946
step=1412 tokens=185073664/500000000 loss=2.9449 lr=7.45e-05 tok/s=29,413 eta=10707.044999962516
step=1413 tokens=185204736/500000000 loss=2.9397 lr=7.45e-05 tok/s=40,671 eta=7740.0707754258665
step=1414 tokens=185335808/500000000 loss=3.1648 lr=7.44e-05 tok/s=40,832 eta=7706.297932820112
step=1415 tokens=185466880/500000000 loss=3.1561 lr=7.44e-05 tok/s=40,810 eta=7707.210678956093
step=1416 tokens=185597952/500000000 loss=3.2273 lr=7.44e-05 tok/s=40,952 eta=7677.420019991631
step=1417 tokens=185729024/500000000 loss=3.0757 lr=7.43e-05 tok/s=40,861 eta=7691.270783112263
step=1418 tokens=185860096/500000000 loss=3.0913 lr=7.43e-05 tok/s=41,001 eta=7661.6823633881195
step=1419 tokens=185991168/500000000 loss=3.1128 lr=7.43e-05 tok/s=41,023 eta=7654.5279646048775
step=1420 tokens=186122240/500000000 loss=2.9574 lr=7.42e-05 tok/s=40,871 eta=7679.787317965145
step=1421 tokens=186253312/500000000 loss=3.1413 lr=7.42e-05 tok/s=41,031 eta=7646.505625860107
step=1422 tokens=186384384/500000000 loss=3.0287 lr=7.42e-05 tok/s=41,239 eta=7604.8167231591315
step=1423 tokens=186515456/500000000 loss=3.0688 lr=7.41e-05 tok/s=41,178 eta=7612.967267186753
step=1424 tokens=186646528/500000000 loss=2.9914 lr=7.41e-05 tok/s=40,987 eta=7645.183051283916
step=1425 tokens=186777600/500000000 loss=3.2014 lr=7.41e-05 tok/s=41,086 eta=7623.630882756297
step=1426 tokens=186908672/500000000 loss=3.0665 lr=7.4e-05 tok/s=41,165 eta=7605.7276684581175
step=1427 tokens=187039744/500000000 loss=3.1285 lr=7.4e-05 tok/s=41,023 eta=7628.911257094204
step=1428 tokens=187170816/500000000 loss=3.0501 lr=7.4e-05 tok/s=41,202 eta=7592.64606436674
step=1429 tokens=187301888/500000000 loss=2.9450 lr=7.39e-05 tok/s=41,118 eta=7604.982458338273
step=1430 tokens=187432960/500000000 loss=3.2012 lr=7.39e-05 tok/s=41,068 eta=7611.001846259479
step=1431 tokens=187564032/500000000 loss=3.1505 lr=7.39e-05 tok/s=40,924 eta=7634.559759925774
step=1432 tokens=187695104/500000000 loss=3.0012 lr=7.38e-05 tok/s=40,926 eta=7630.921773277975
step=1433 tokens=187826176/500000000 loss=3.2398 lr=7.38e-05 tok/s=41,043 eta=7605.983904544793
step=1434 tokens=187957248/500000000 loss=3.1043 lr=7.38e-05 tok/s=41,060 eta=7599.716338764448
step=1435 tokens=188088320/500000000 loss=2.9679 lr=7.37e-05 tok/s=41,206 eta=7569.532171241634
step=1436 tokens=188219392/500000000 loss=3.2316 lr=7.37e-05 tok/s=41,085 eta=7588.756628183667
step=1437 tokens=188350464/500000000 loss=3.0540 lr=7.36e-05 tok/s=41,102 eta=7582.371443085288
step=1438 tokens=188481536/500000000 loss=3.0470 lr=7.36e-05 tok/s=40,939 eta=7609.3839233610315
step=1439 tokens=188612608/500000000 loss=3.0825 lr=7.36e-05 tok/s=41,212 eta=7555.69442422759
step=1440 tokens=188743680/500000000 loss=2.9971 lr=7.35e-05 tok/s=41,074 eta=7577.969601594189
step=1441 tokens=188874752/500000000 loss=3.0483 lr=7.35e-05 tok/s=41,036 eta=7581.76741412721
step=1442 tokens=189005824/500000000 loss=3.1536 lr=7.35e-05 tok/s=41,052 eta=7575.55218362356
step=1443 tokens=189136896/500000000 loss=3.2298 lr=7.34e-05 tok/s=41,159 eta=7552.688339611822
step=1444 tokens=189267968/500000000 loss=3.1390 lr=7.34e-05 tok/s=41,167 eta=7548.153665254967
step=1445 tokens=189399040/500000000 loss=3.1552 lr=7.34e-05 tok/s=40,899 eta=7594.4056310248325
step=1446 tokens=189530112/500000000 loss=3.0876 lr=7.33e-05 tok/s=40,812 eta=7607.38686906491
step=1447 tokens=189661184/500000000 loss=3.1902 lr=7.33e-05 tok/s=41,033 eta=7563.1431913271335
step=1448 tokens=189792256/500000000 loss=3.1070 lr=7.33e-05 tok/s=40,678 eta=7625.944951334585
step=1449 tokens=189923328/500000000 loss=3.1990 lr=7.32e-05 tok/s=40,845 eta=7591.6224169669895
step=1450 tokens=190054400/500000000 loss=3.1530 lr=7.32e-05 tok/s=29,670 eta=10446.42499666917
step=1451 tokens=190185472/500000000 loss=3.1409 lr=7.32e-05 tok/s=41,004 eta=7555.719887166852
step=1452 tokens=190316544/500000000 loss=2.9649 lr=7.31e-05 tok/s=40,988 eta=7555.489274190343
step=1453 tokens=190447616/500000000 loss=3.2054 lr=7.31e-05 tok/s=40,773 eta=7592.03392903653
step=1454 tokens=190578688/500000000 loss=3.0847 lr=7.31e-05 tok/s=40,731 eta=7596.6594505265275
step=1455 tokens=190709760/500000000 loss=3.0764 lr=7.3e-05 tok/s=40,682 eta=7602.573064994154
step=1456 tokens=190840832/500000000 loss=3.0759 lr=7.3e-05 tok/s=41,075 eta=7526.694001432895
step=1457 tokens=190971904/500000000 loss=3.0858 lr=7.3e-05 tok/s=41,027 eta=7532.382781683416
step=1458 tokens=191102976/500000000 loss=3.1497 lr=7.29e-05 tok/s=41,283 eta=7482.509910958479
step=1459 tokens=191234048/500000000 loss=3.0567 lr=7.29e-05 tok/s=40,914 eta=7546.752195656355
step=1460 tokens=191365120/500000000 loss=3.0613 lr=7.29e-05 tok/s=40,997 eta=7528.276365306099
step=1461 tokens=191496192/500000000 loss=3.0764 lr=7.28e-05 tok/s=40,905 eta=7541.883173113025
step=1462 tokens=191627264/500000000 loss=3.1524 lr=7.28e-05 tok/s=40,880 eta=7543.323035098834
step=1463 tokens=191758336/500000000 loss=3.1011 lr=7.28e-05 tok/s=40,930 eta=7530.86507464728
step=1464 tokens=191889408/500000000 loss=3.2557 lr=7.27e-05 tok/s=40,820 eta=7548.088456849596
step=1465 tokens=192020480/500000000 loss=3.0406 lr=7.27e-05 tok/s=40,826 eta=7543.646229760244
step=1466 tokens=192151552/500000000 loss=2.9243 lr=7.26e-05 tok/s=40,824 eta=7540.8487676493805
step=1467 tokens=192282624/500000000 loss=3.2301 lr=7.26e-05 tok/s=41,073 eta=7491.922365031253
step=1468 tokens=192413696/500000000 loss=3.1349 lr=7.26e-05 tok/s=40,862 eta=7527.355448067881
step=1469 tokens=192544768/500000000 loss=3.2363 lr=7.25e-05 tok/s=40,895 eta=7518.212703378493
step=1470 tokens=192675840/500000000 loss=3.1637 lr=7.25e-05 tok/s=40,822 eta=7528.362072057807
step=1471 tokens=192806912/500000000 loss=3.0303 lr=7.25e-05 tok/s=40,857 eta=7518.751578169997
step=1472 tokens=192937984/500000000 loss=2.9940 lr=7.24e-05 tok/s=40,833 eta=7519.884139132301
step=1473 tokens=193069056/500000000 loss=3.1318 lr=7.24e-05 tok/s=40,810 eta=7521.060046198729
step=1474 tokens=193200128/500000000 loss=3.1229 lr=7.24e-05 tok/s=40,849 eta=7510.668507469606
step=1475 tokens=193331200/500000000 loss=3.0531 lr=7.23e-05 tok/s=40,883 eta=7501.0891993645755
step=1476 tokens=193462272/500000000 loss=2.9486 lr=7.23e-05 tok/s=40,687 eta=7534.116824120252
step=1477 tokens=193593344/500000000 loss=3.2039 lr=7.23e-05 tok/s=40,847 eta=7501.383809134139
step=1478 tokens=193724416/500000000 loss=3.0467 lr=7.22e-05 tok/s=40,926 eta=7483.68114876651
step=1479 tokens=193855488/500000000 loss=3.1132 lr=7.22e-05 tok/s=40,905 eta=7484.219018490138
step=1480 tokens=193986560/500000000 loss=3.0959 lr=7.22e-05 tok/s=40,672 eta=7523.953866473884
step=1481 tokens=194117632/500000000 loss=3.0718 lr=7.21e-05 tok/s=40,624 eta=7529.52428510157
step=1482 tokens=194248704/500000000 loss=3.0441 lr=7.21e-05 tok/s=41,027 eta=7452.381521918848
step=1483 tokens=194379776/500000000 loss=3.1525 lr=7.21e-05 tok/s=40,876 eta=7476.750545302606
step=1484 tokens=194510848/500000000 loss=3.0845 lr=7.2e-05 tok/s=40,862 eta=7476.1917616213395
step=1485 tokens=194641920/500000000 loss=3.0442 lr=7.2e-05 tok/s=40,702 eta=7502.341358250969
step=1486 tokens=194772992/500000000 loss=3.0198 lr=7.19e-05 tok/s=40,848 eta=7472.269590162827
step=1487 tokens=194904064/500000000 loss=3.1221 lr=7.19e-05 tok/s=40,445 eta=7543.410881120873
step=1488 tokens=195035136/500000000 loss=3.0560 lr=7.19e-05 tok/s=29,544 eta=10322.28134013432
step=1489 tokens=195166208/500000000 loss=2.8133 lr=7.18e-05 tok/s=40,993 eta=7436.235946630174
step=1490 tokens=195297280/500000000 loss=2.9755 lr=7.18e-05 tok/s=41,018 eta=7428.59955229314
step=1491 tokens=195428352/500000000 loss=2.9939 lr=7.18e-05 tok/s=40,960 eta=7435.918349099077
step=1492 tokens=195559424/500000000 loss=3.0189 lr=7.17e-05 tok/s=40,832 eta=7455.94037880923
step=1493 tokens=195690496/500000000 loss=3.0501 lr=7.17e-05 tok/s=40,532 eta=7507.884685801389
step=1494 tokens=195821568/500000000 loss=3.0230 lr=7.17e-05 tok/s=40,818 eta=7451.989209702983
step=1495 tokens=195952640/500000000 loss=3.0735 lr=7.16e-05 tok/s=40,831 eta=7446.46824636305
step=1496 tokens=196083712/500000000 loss=2.9553 lr=7.16e-05 tok/s=40,982 eta=7415.907483251552
step=1497 tokens=196214784/500000000 loss=3.0995 lr=7.16e-05 tok/s=40,955 eta=7417.613691739647
step=1498 tokens=196345856/500000000 loss=3.1221 lr=7.15e-05 tok/s=41,029 eta=7400.907668760438
step=1499 tokens=196476928/500000000 loss=3.1362 lr=7.15e-05 tok/s=41,016 eta=7400.063215490347
step=1500 tokens=196608000/500000000 loss=3.1045 lr=7.15e-05 tok/s=40,879 eta=7421.6969612265375
step=1501 tokens=196739072/500000000 loss=3.0477 lr=7.14e-05 tok/s=40,805 eta=7431.992365351601
step=1502 tokens=196870144/500000000 loss=2.9801 lr=7.14e-05 tok/s=41,072 eta=7380.396807142347
step=1503 tokens=197001216/500000000 loss=3.1161 lr=7.14e-05 tok/s=41,008 eta=7388.841761999125
step=1504 tokens=197132288/500000000 loss=3.0572 lr=7.13e-05 tok/s=41,041 eta=7379.560963480561
step=1505 tokens=197263360/500000000 loss=3.2124 lr=7.13e-05 tok/s=40,964 eta=7390.312760923958
step=1506 tokens=197394432/500000000 loss=3.1006 lr=7.12e-05 tok/s=41,019 eta=7377.1633001854725
step=1507 tokens=197525504/500000000 loss=3.1233 lr=7.12e-05 tok/s=41,018 eta=7374.185252951458
step=1508 tokens=197656576/500000000 loss=2.9746 lr=7.12e-05 tok/s=40,944 eta=7384.254001602348
step=1509 tokens=197787648/500000000 loss=3.0743 lr=7.11e-05 tok/s=41,132 eta=7347.377806459996
step=1510 tokens=197918720/500000000 loss=2.9339 lr=7.11e-05 tok/s=40,986 eta=7370.36451919053
step=1511 tokens=198049792/500000000 loss=3.1067 lr=7.11e-05 tok/s=40,958 eta=7372.248981707552
step=1512 tokens=198180864/500000000 loss=3.1205 lr=7.1e-05 tok/s=40,709 eta=7414.143117352498
step=1513 tokens=198311936/500000000 loss=3.0650 lr=7.1e-05 tok/s=41,027 eta=7353.434771615097
step=1514 tokens=198443008/500000000 loss=3.2448 lr=7.1e-05 tok/s=40,957 eta=7362.732028990239
step=1515 tokens=198574080/500000000 loss=2.8865 lr=7.09e-05 tok/s=40,997 eta=7352.367589730008
step=1516 tokens=198705152/500000000 loss=3.1111 lr=7.09e-05 tok/s=40,835 eta=7378.336661629168
step=1517 tokens=198836224/500000000 loss=3.1309 lr=7.09e-05 tok/s=40,753 eta=7389.940311547452
step=1518 tokens=198967296/500000000 loss=3.1218 lr=7.08e-05 tok/s=40,810 eta=7376.372588391298
step=1519 tokens=199098368/500000000 loss=3.1085 lr=7.08e-05 tok/s=40,886 eta=7359.536241292983
step=1520 tokens=199229440/500000000 loss=2.9284 lr=7.07e-05 tok/s=40,872 eta=7358.830651447556
step=1521 tokens=199360512/500000000 loss=3.0536 lr=7.07e-05 tok/s=40,919 eta=7347.232499575549
step=1522 tokens=199491584/500000000 loss=3.1782 lr=7.07e-05 tok/s=40,794 eta=7366.481026635089
step=1523 tokens=199622656/500000000 loss=3.0290 lr=7.06e-05 tok/s=40,492 eta=7418.268936275027
step=1524 tokens=199753728/500000000 loss=3.0130 lr=7.06e-05 tok/s=40,544 eta=7405.4558743901525
step=1525 tokens=199884800/500000000 loss=3.2302 lr=7.06e-05 tok/s=40,588 eta=7394.185829203846
step=1526 tokens=200015872/500000000 loss=2.9953 lr=7.05e-05 tok/s=29,422 eta=10195.893144987092
checkpoint saved: runs/20260907-112712/checkpoints/tokens_000200m (permanent_tokens)
step=1527 tokens=200146944/500000000 loss=3.1071 lr=7.05e-05 tok/s=35,932 eta=8344.931991029942
step=1528 tokens=200278016/500000000 loss=3.1504 lr=7.05e-05 tok/s=40,954 eta=7318.48298437852
step=1529 tokens=200409088/500000000 loss=3.1169 lr=7.04e-05 tok/s=40,992 eta=7308.456390183137
step=1530 tokens=200540160/500000000 loss=3.1398 lr=7.04e-05 tok/s=41,034 eta=7297.769802369866
step=1531 tokens=200671232/500000000 loss=3.0581 lr=7.04e-05 tok/s=41,072 eta=7287.930853982128
step=1532 tokens=200802304/500000000 loss=2.9894 lr=7.03e-05 tok/s=41,011 eta=7295.525561489182
step=1533 tokens=200933376/500000000 loss=3.0809 lr=7.03e-05 tok/s=40,873 eta=7316.941034691852
step=1534 tokens=201064448/500000000 loss=3.1531 lr=7.03e-05 tok/s=40,942 eta=7301.436564710908
step=1535 tokens=201195520/500000000 loss=3.1808 lr=7.02e-05 tok/s=40,715 eta=7338.913099377603
step=1536 tokens=201326592/500000000 loss=3.1219 lr=7.02e-05 tok/s=40,683 eta=7341.476400169769
step=1537 tokens=201457664/500000000 loss=3.1245 lr=7.01e-05 tok/s=40,696 eta=7335.881059374879
step=1538 tokens=201588736/500000000 loss=2.9904 lr=7.01e-05 tok/s=40,768 eta=7319.718388184739
step=1539 tokens=201719808/500000000 loss=3.1623 lr=7.01e-05 tok/s=40,934 eta=7286.8572282730875
step=1540 tokens=201850880/500000000 loss=3.1139 lr=7e-05 tok/s=40,992 eta=7273.3819528564445
step=1541 tokens=201981952/500000000 loss=3.0286 lr=7e-05 tok/s=41,026 eta=7264.077858550569
step=1542 tokens=202113024/500000000 loss=3.0457 lr=7e-05 tok/s=40,796 eta=7301.939208519285
step=1543 tokens=202244096/500000000 loss=3.0454 lr=6.99e-05 tok/s=40,949 eta=7271.328226231507
step=1544 tokens=202375168/500000000 loss=2.8839 lr=6.99e-05 tok/s=41,022 eta=7255.305397328183
step=1545 tokens=202506240/500000000 loss=2.8730 lr=6.99e-05 tok/s=40,649 eta=7318.554547751519
step=1546 tokens=202637312/500000000 loss=3.0501 lr=6.98e-05 tok/s=40,645 eta=7316.1432813814245
step=1547 tokens=202768384/500000000 loss=3.0968 lr=6.98e-05 tok/s=40,954 eta=7257.749206561701
step=1548 tokens=202899456/500000000 loss=2.8829 lr=6.98e-05 tok/s=40,629 eta=7312.522238904771
step=1549 tokens=203030528/500000000 loss=3.1012 lr=6.97e-05 tok/s=40,731 eta=7290.986095812454
step=1550 tokens=203161600/500000000 loss=3.1661 lr=6.97e-05 tok/s=40,721 eta=7289.634177892657
step=1551 tokens=203292672/500000000 loss=2.9589 lr=6.96e-05 tok/s=40,596 eta=7308.849839671378
step=1552 tokens=203423744/500000000 loss=3.1772 lr=6.96e-05 tok/s=40,743 eta=7279.265982235575
step=1553 tokens=203554816/500000000 loss=3.2220 lr=6.96e-05 tok/s=40,886 eta=7250.589180453928
step=1554 tokens=203685888/500000000 loss=3.1478 lr=6.95e-05 tok/s=40,823 eta=7258.551412927534
step=1555 tokens=203816960/500000000 loss=3.1365 lr=6.95e-05 tok/s=40,845 eta=7251.374481940626
step=1556 tokens=203948032/500000000 loss=3.0324 lr=6.95e-05 tok/s=40,885 eta=7241.117352309413
step=1557 tokens=204079104/500000000 loss=3.1071 lr=6.94e-05 tok/s=40,681 eta=7274.138412636
step=1558 tokens=204210176/500000000 loss=3.1484 lr=6.94e-05 tok/s=40,863 eta=7238.545696830974
step=1559 tokens=204341248/500000000 loss=3.0978 lr=6.94e-05 tok/s=40,950 eta=7219.941918931496
step=1560 tokens=204472320/500000000 loss=3.1713 lr=6.93e-05 tok/s=40,771 eta=7248.42401766825
step=1561 tokens=204603392/500000000 loss=3.0575 lr=6.93e-05 tok/s=40,866 eta=7228.355637815157
step=1562 tokens=204734464/500000000 loss=3.1134 lr=6.93e-05 tok/s=40,831 eta=7231.395136600914
step=1563 tokens=204865536/500000000 loss=3.0972 lr=6.92e-05 tok/s=40,601 eta=7269.145109212995
step=1564 tokens=204996608/500000000 loss=2.9585 lr=6.92e-05 tok/s=40,950 eta=7204.003797862076
step=1565 tokens=205127680/500000000 loss=2.9351 lr=6.91e-05 tok/s=29,624 eta=9953.848487045572
step=1566 tokens=205258752/500000000 loss=3.0948 lr=6.91e-05 tok/s=40,757 eta=7231.647784965811
step=1567 tokens=205389824/500000000 loss=3.1142 lr=6.91e-05 tok/s=40,534 eta=7268.205532461603
step=1568 tokens=205520896/500000000 loss=3.0263 lr=6.9e-05 tok/s=40,587 eta=7255.58021609381
step=1569 tokens=205651968/500000000 loss=2.9363 lr=6.9e-05 tok/s=40,669 eta=7237.576968904094
step=1570 tokens=205783040/500000000 loss=2.9625 lr=6.9e-05 tok/s=40,610 eta=7244.912063052039
step=1571 tokens=205914112/500000000 loss=3.2620 lr=6.89e-05 tok/s=40,998 eta=7173.089731755526
step=1572 tokens=206045184/500000000 loss=3.0261 lr=6.89e-05 tok/s=40,925 eta=7182.770106740981
step=1573 tokens=206176256/500000000 loss=3.1626 lr=6.89e-05 tok/s=40,787 eta=7203.805561963337
step=1574 tokens=206307328/500000000 loss=3.1490 lr=6.88e-05 tok/s=40,805 eta=7197.505480975357
step=1575 tokens=206438400/500000000 loss=3.0094 lr=6.88e-05 tok/s=40,857 eta=7185.159879251017
step=1576 tokens=206569472/500000000 loss=2.9804 lr=6.87e-05 tok/s=40,638 eta=7220.559751413777
step=1577 tokens=206700544/500000000 loss=3.0565 lr=6.87e-05 tok/s=40,761 eta=7195.546443213968
step=1578 tokens=206831616/500000000 loss=2.9697 lr=6.87e-05 tok/s=40,495 eta=7239.609012813913
step=1579 tokens=206962688/500000000 loss=3.0620 lr=6.86e-05 tok/s=40,491 eta=7237.151535626925
step=1580 tokens=207093760/500000000 loss=3.0872 lr=6.86e-05 tok/s=40,980 eta=7147.501290924021
step=1581 tokens=207224832/500000000 loss=3.1291 lr=6.86e-05 tok/s=40,927 eta=7153.6395195898285
step=1582 tokens=207355904/500000000 loss=3.1606 lr=6.85e-05 tok/s=40,793 eta=7173.904271123234
step=1583 tokens=207486976/500000000 loss=3.0314 lr=6.85e-05 tok/s=40,716 eta=7184.171943840973
step=1584 tokens=207618048/500000000 loss=3.1138 lr=6.85e-05 tok/s=40,889 eta=7150.60262123314
step=1585 tokens=207749120/500000000 loss=2.9918 lr=6.84e-05 tok/s=40,698 eta=7180.9948135773275
step=1586 tokens=207880192/500000000 loss=3.0582 lr=6.84e-05 tok/s=41,004 eta=7124.24253584577
step=1587 tokens=208011264/500000000 loss=2.9637 lr=6.84e-05 tok/s=40,832 eta=7151.061922601297
step=1588 tokens=208142336/500000000 loss=3.0095 lr=6.83e-05 tok/s=40,892 eta=7137.272685804046
step=1589 tokens=208273408/500000000 loss=3.2205 lr=6.83e-05 tok/s=40,997 eta=7115.841406670865
step=1590 tokens=208404480/500000000 loss=3.0778 lr=6.82e-05 tok/s=40,811 eta=7145.006483781648
step=1591 tokens=208535552/500000000 loss=3.1516 lr=6.82e-05 tok/s=40,963 eta=7115.28905705353
step=1592 tokens=208666624/500000000 loss=2.9202 lr=6.82e-05 tok/s=40,825 eta=7136.124984457321
step=1593 tokens=208797696/500000000 loss=2.9290 lr=6.81e-05 tok/s=40,694 eta=7155.84145501925
step=1594 tokens=208928768/500000000 loss=3.2706 lr=6.81e-05 tok/s=40,721 eta=7147.970680848155
step=1595 tokens=209059840/500000000 loss=3.1118 lr=6.81e-05 tok/s=40,705 eta=7147.476523556538
step=1596 tokens=209190912/500000000 loss=2.9143 lr=6.8e-05 tok/s=40,755 eta=7135.523324189561
step=1597 tokens=209321984/500000000 loss=3.0386 lr=6.8e-05 tok/s=40,624 eta=7155.359293328036
step=1598 tokens=209453056/500000000 loss=3.1944 lr=6.8e-05 tok/s=40,629 eta=7151.233089771622
step=1599 tokens=209584128/500000000 loss=3.1447 lr=6.79e-05 tok/s=40,600 eta=7153.063935457782
step=1600 tokens=209715200/500000000 loss=3.1298 lr=6.79e-05 tok/s=40,868 eta=7103.03737648518
step=1601 tokens=209846272/500000000 loss=3.1475 lr=6.78e-05 tok/s=40,894 eta=7095.323061642822
step=1602 tokens=209977344/500000000 loss=2.9438 lr=6.78e-05 tok/s=41,011 eta=7071.795520586817
step=1603 tokens=210108416/500000000 loss=2.9937 lr=6.78e-05 tok/s=29,806 eta=9726.081926332052
step=1604 tokens=210239488/500000000 loss=3.1212 lr=6.77e-05 tok/s=40,986 eta=7069.737753577616
step=1605 tokens=210370560/500000000 loss=3.0189 lr=6.77e-05 tok/s=40,661 eta=7123.053975934759
step=1606 tokens=210501632/500000000 loss=3.0013 lr=6.77e-05 tok/s=40,620 eta=7127.0621187233
step=1607 tokens=210632704/500000000 loss=3.0884 lr=6.76e-05 tok/s=40,650 eta=7118.481743919865
step=1608 tokens=210763776/500000000 loss=2.9772 lr=6.76e-05 tok/s=40,900 eta=7071.777275056753
step=1609 tokens=210894848/500000000 loss=3.1229 lr=6.76e-05 tok/s=40,929 eta=7063.6499093207
step=1610 tokens=211025920/500000000 loss=2.9674 lr=6.75e-05 tok/s=40,902 eta=7064.995650443962
step=1611 tokens=211156992/500000000 loss=3.0652 lr=6.75e-05 tok/s=41,151 eta=7019.164082475083
step=1612 tokens=211288064/500000000 loss=3.0337 lr=6.74e-05 tok/s=40,930 eta=7053.8228862972555
step=1613 tokens=211419136/500000000 loss=2.9986 lr=6.74e-05 tok/s=40,971 eta=7043.489022731583
step=1614 tokens=211550208/500000000 loss=2.9160 lr=6.74e-05 tok/s=40,916 eta=7049.824868202771
step=1615 tokens=211681280/500000000 loss=3.2773 lr=6.73e-05 tok/s=40,760 eta=7073.534264859462
step=1616 tokens=211812352/500000000 loss=3.2241 lr=6.73e-05 tok/s=40,921 eta=7042.612454530074
step=1617 tokens=211943424/500000000 loss=3.0657 lr=6.73e-05 tok/s=41,155 eta=6999.303568790814
step=1618 tokens=212074496/500000000 loss=2.9752 lr=6.72e-05 tok/s=40,711 eta=7072.467363399342
step=1619 tokens=212205568/500000000 loss=3.1560 lr=6.72e-05 tok/s=40,653 eta=7079.234426843598
step=1620 tokens=212336640/500000000 loss=3.1115 lr=6.72e-05 tok/s=40,723 eta=7063.914803688368
step=1621 tokens=212467712/500000000 loss=3.1263 lr=6.71e-05 tok/s=40,700 eta=7064.676009450211
step=1622 tokens=212598784/500000000 loss=3.2411 lr=6.71e-05 tok/s=40,869 eta=7032.276160315258
step=1623 tokens=212729856/500000000 loss=3.1119 lr=6.7e-05 tok/s=40,899 eta=7023.8862728143085
step=1624 tokens=212860928/500000000 loss=3.0259 lr=6.7e-05 tok/s=40,909 eta=7018.979987948722
step=1625 tokens=212992000/500000000 loss=2.9953 lr=6.7e-05 tok/s=40,900 eta=7017.319027973749
step=1626 tokens=213123072/500000000 loss=2.9774 lr=6.69e-05 tok/s=40,767 eta=7036.994191821776
step=1627 tokens=213254144/500000000 loss=3.2021 lr=6.69e-05 tok/s=40,813 eta=7025.8121399777065
step=1628 tokens=213385216/500000000 loss=3.1617 lr=6.69e-05 tok/s=40,778 eta=7028.738078809361
step=1629 tokens=213516288/500000000 loss=2.9598 lr=6.68e-05 tok/s=40,761 eta=7028.344080756287
step=1630 tokens=213647360/500000000 loss=3.0787 lr=6.68e-05 tok/s=40,683 eta=7038.716836043672
step=1631 tokens=213778432/500000000 loss=3.3103 lr=6.68e-05 tok/s=40,705 eta=7031.598397698463
step=1632 tokens=213909504/500000000 loss=3.1000 lr=6.67e-05 tok/s=40,760 eta=7018.910477798816
step=1633 tokens=214040576/500000000 loss=3.1009 lr=6.67e-05 tok/s=40,801 eta=7008.667737570562
step=1634 tokens=214171648/500000000 loss=3.0171 lr=6.66e-05 tok/s=40,821 eta=7001.979283099435
step=1635 tokens=214302720/500000000 loss=3.0255 lr=6.66e-05 tok/s=40,882 eta=6988.373414526927
step=1636 tokens=214433792/500000000 loss=3.1862 lr=6.66e-05 tok/s=40,789 eta=7001.139704412102
step=1637 tokens=214564864/500000000 loss=3.0713 lr=6.65e-05 tok/s=40,720 eta=7009.747589826393
step=1638 tokens=214695936/500000000 loss=3.0747 lr=6.65e-05 tok/s=40,820 eta=6989.397224545911
step=1639 tokens=214827008/500000000 loss=3.0503 lr=6.65e-05 tok/s=40,612 eta=7021.850672476938
step=1640 tokens=214958080/500000000 loss=3.1406 lr=6.64e-05 tok/s=40,594 eta=7021.7098570609605
step=1641 tokens=215089152/500000000 loss=3.1196 lr=6.64e-05 tok/s=29,659 eta=9606.129958841208
step=1642 tokens=215220224/500000000 loss=3.1942 lr=6.64e-05 tok/s=40,821 eta=6976.38658547814
step=1643 tokens=215351296/500000000 loss=2.9226 lr=6.63e-05 tok/s=40,907 eta=6958.3789793199185
step=1644 tokens=215482368/500000000 loss=2.9411 lr=6.63e-05 tok/s=40,962 eta=6945.8627632721955
step=1645 tokens=215613440/500000000 loss=2.9871 lr=6.62e-05 tok/s=40,591 eta=7006.07548385939
step=1646 tokens=215744512/500000000 loss=3.1756 lr=6.62e-05 tok/s=40,902 eta=6949.632503835652
step=1647 tokens=215875584/500000000 loss=3.0238 lr=6.62e-05 tok/s=40,862 eta=6953.227506584938
step=1648 tokens=216006656/500000000 loss=3.0529 lr=6.61e-05 tok/s=40,987 eta=6928.886626361255
step=1649 tokens=216137728/500000000 loss=3.1103 lr=6.61e-05 tok/s=40,529 eta=7003.929009647316
step=1650 tokens=216268800/500000000 loss=3.1476 lr=6.61e-05 tok/s=40,357 eta=7030.517845488977
step=1651 tokens=216399872/500000000 loss=3.0697 lr=6.6e-05 tok/s=40,512 eta=7000.37666678844
step=1652 tokens=216530944/500000000 loss=3.0399 lr=6.6e-05 tok/s=40,498 eta=6999.6381408933175
step=1653 tokens=216662016/500000000 loss=3.0937 lr=6.59e-05 tok/s=40,448 eta=7005.070627064098
step=1654 tokens=216793088/500000000 loss=3.1852 lr=6.59e-05 tok/s=40,788 eta=6943.385529564775
step=1655 tokens=216924160/500000000 loss=3.1157 lr=6.59e-05 tok/s=40,746 eta=6947.272214126425
step=1656 tokens=217055232/500000000 loss=3.0213 lr=6.58e-05 tok/s=40,628 eta=6964.361083363049
step=1657 tokens=217186304/500000000 loss=3.0412 lr=6.58e-05 tok/s=40,198 eta=7035.474346630892
step=1658 tokens=217317376/500000000 loss=2.8592 lr=6.58e-05 tok/s=40,722 eta=6941.689485381288
step=1659 tokens=217448448/500000000 loss=3.0573 lr=6.57e-05 tok/s=40,619 eta=6956.204899433613
step=1660 tokens=217579520/500000000 loss=3.0302 lr=6.57e-05 tok/s=40,732 eta=6933.604845143009
step=1661 tokens=217710592/500000000 loss=3.0614 lr=6.57e-05 tok/s=40,589 eta=6954.744391184266
step=1662 tokens=217841664/500000000 loss=3.0740 lr=6.56e-05 tok/s=41,035 eta=6876.0648108027235
step=1663 tokens=217972736/500000000 loss=3.1279 lr=6.56e-05 tok/s=41,074 eta=6866.320841002676
step=1664 tokens=218103808/500000000 loss=3.0067 lr=6.55e-05 tok/s=40,801 eta=6909.126390316037
step=1665 tokens=218234880/500000000 loss=3.1170 lr=6.55e-05 tok/s=40,752 eta=6914.061289230463
step=1666 tokens=218365952/500000000 loss=2.8097 lr=6.55e-05 tok/s=40,826 eta=6898.42124783202
step=1667 tokens=218497024/500000000 loss=2.9802 lr=6.54e-05 tok/s=40,750 eta=6908.0813622695205
step=1668 tokens=218628096/500000000 loss=3.0661 lr=6.54e-05 tok/s=40,679 eta=6916.887979457295
step=1669 tokens=218759168/500000000 loss=3.1809 lr=6.54e-05 tok/s=40,719 eta=6906.864701046495
step=1670 tokens=218890240/500000000 loss=3.1165 lr=6.53e-05 tok/s=40,871 eta=6878.021216930562
step=1671 tokens=219021312/500000000 loss=3.1002 lr=6.53e-05 tok/s=40,670 eta=6908.689913591152
step=1672 tokens=219152384/500000000 loss=3.0896 lr=6.53e-05 tok/s=40,731 eta=6895.25654582201
step=1673 tokens=219283456/500000000 loss=3.0300 lr=6.52e-05 tok/s=40,786 eta=6882.751558921388
step=1674 tokens=219414528/500000000 loss=3.0489 lr=6.52e-05 tok/s=40,831 eta=6871.902643690616
step=1675 tokens=219545600/500000000 loss=3.0610 lr=6.51e-05 tok/s=40,980 eta=6843.731901017992
step=1676 tokens=219676672/500000000 loss=3.1317 lr=6.51e-05 tok/s=40,907 eta=6852.622925485565
step=1677 tokens=219807744/500000000 loss=3.1906 lr=6.51e-05 tok/s=40,714 eta=6881.95788691073
step=1678 tokens=219938816/500000000 loss=3.0118 lr=6.5e-05 tok/s=41,116 eta=6811.437676031637
step=1679 tokens=220069888/500000000 loss=2.9924 lr=6.5e-05 tok/s=29,691 eta=9428.119155331622
step=1680 tokens=220200960/500000000 loss=3.0965 lr=6.5e-05 tok/s=41,085 eta=6810.178378661994
step=1681 tokens=220332032/500000000 loss=3.1408 lr=6.49e-05 tok/s=41,018 eta=6818.144949338008
step=1682 tokens=220463104/500000000 loss=3.0667 lr=6.49e-05 tok/s=40,673 eta=6872.8012205724
step=1683 tokens=220594176/500000000 loss=3.1017 lr=6.48e-05 tok/s=40,694 eta=6866.031954638143
step=1684 tokens=220725248/500000000 loss=3.1285 lr=6.48e-05 tok/s=40,623 eta=6874.779723203825
step=1685 tokens=220856320/500000000 loss=3.1276 lr=6.48e-05 tok/s=40,750 eta=6850.189056977317
step=1686 tokens=220987392/500000000 loss=2.9000 lr=6.47e-05 tok/s=40,995 eta=6806.049508167611
step=1687 tokens=221118464/500000000 loss=3.0469 lr=6.47e-05 tok/s=41,021 eta=6798.5198347238975
step=1688 tokens=221249536/500000000 loss=3.1302 lr=6.47e-05 tok/s=41,067 eta=6787.688688928165
step=1689 tokens=221380608/500000000 loss=3.1527 lr=6.46e-05 tok/s=40,877 eta=6816.0380108736945
step=1690 tokens=221511680/500000000 loss=3.0194 lr=6.46e-05 tok/s=40,985 eta=6794.886671004751
step=1691 tokens=221642752/500000000 loss=3.0128 lr=6.46e-05 tok/s=40,899 eta=6806.01836461149
step=1692 tokens=221773824/500000000 loss=3.0020 lr=6.45e-05 tok/s=40,933 eta=6797.138205370402
step=1693 tokens=221904896/500000000 loss=3.1550 lr=6.45e-05 tok/s=41,273 eta=6737.926306294743
step=1694 tokens=222035968/500000000 loss=3.0311 lr=6.44e-05 tok/s=41,053 eta=6770.807263964566
step=1695 tokens=222167040/500000000 loss=3.0053 lr=6.44e-05 tok/s=41,118 eta=6756.8867598414645
step=1696 tokens=222298112/500000000 loss=3.1651 lr=6.44e-05 tok/s=41,157 eta=6747.424487120999
step=1697 tokens=222429184/500000000 loss=3.1264 lr=6.43e-05 tok/s=41,212 eta=6735.203504990846
step=1698 tokens=222560256/500000000 loss=3.1865 lr=6.43e-05 tok/s=41,127 eta=6745.910184994557
step=1699 tokens=222691328/500000000 loss=3.0351 lr=6.43e-05 tok/s=41,161 eta=6737.108566394492
step=1700 tokens=222822400/500000000 loss=2.8709 lr=6.42e-05 tok/s=41,154 eta=6735.1652618035105
step=1701 tokens=222953472/500000000 loss=3.1698 lr=6.42e-05 tok/s=41,097 eta=6741.295850987194
step=1702 tokens=223084544/500000000 loss=3.0268 lr=6.41e-05 tok/s=41,198 eta=6721.522770787
step=1703 tokens=223215616/500000000 loss=3.1482 lr=6.41e-05 tok/s=41,271 eta=6706.4380984665395
step=1704 tokens=223346688/500000000 loss=2.9851 lr=6.41e-05 tok/s=41,187 eta=6716.937373776743
step=1705 tokens=223477760/500000000 loss=3.0616 lr=6.4e-05 tok/s=41,288 eta=6697.338114950468
step=1706 tokens=223608832/500000000 loss=3.0640 lr=6.4e-05 tok/s=41,250 eta=6700.315312382976
step=1707 tokens=223739904/500000000 loss=3.0190 lr=6.4e-05 tok/s=41,385 eta=6675.388842187309
step=1708 tokens=223870976/500000000 loss=3.0015 lr=6.39e-05 tok/s=41,329 eta=6681.27175187631
step=1709 tokens=224002048/500000000 loss=3.1414 lr=6.39e-05 tok/s=40,978 eta=6735.235687227256
step=1710 tokens=224133120/500000000 loss=3.0424 lr=6.38e-05 tok/s=41,021 eta=6725.048363583415
step=1711 tokens=224264192/500000000 loss=2.8758 lr=6.38e-05 tok/s=41,172 eta=6697.0954951062395
step=1712 tokens=224395264/500000000 loss=3.0069 lr=6.38e-05 tok/s=41,150 eta=6697.595360560923
step=1713 tokens=224526336/500000000 loss=3.0698 lr=6.37e-05 tok/s=41,074 eta=6706.790687416755
step=1714 tokens=224657408/500000000 loss=3.0767 lr=6.37e-05 tok/s=41,134 eta=6693.814966850227
step=1715 tokens=224788480/500000000 loss=2.9269 lr=6.37e-05 tok/s=41,183 eta=6682.585378897619
step=1716 tokens=224919552/500000000 loss=3.1416 lr=6.36e-05 tok/s=41,180 eta=6679.981240347329
step=1717 tokens=225050624/500000000 loss=3.1719 lr=6.36e-05 tok/s=29,899 eta=9196.092548565826
checkpoint saved: runs/20260907-112712/checkpoints/tokens_000225m (permanent_tokens)
step=1718 tokens=225181696/500000000 loss=3.1124 lr=6.36e-05 tok/s=36,121 eta=7608.25059827806
step=1719 tokens=225312768/500000000 loss=3.0112 lr=6.35e-05 tok/s=41,019 eta=6696.655919046182
step=1720 tokens=225443840/500000000 loss=3.1473 lr=6.35e-05 tok/s=40,948 eta=6705.049086594452
step=1721 tokens=225574912/500000000 loss=2.8964 lr=6.34e-05 tok/s=41,228 eta=6656.277872596128
step=1722 tokens=225705984/500000000 loss=2.9930 lr=6.34e-05 tok/s=41,256 eta=6648.546378106511
step=1723 tokens=225837056/500000000 loss=3.0354 lr=6.34e-05 tok/s=41,173 eta=6658.731885371338
step=1724 tokens=225968128/500000000 loss=2.9584 lr=6.33e-05 tok/s=41,200 eta=6651.221088630027
step=1725 tokens=226099200/500000000 loss=2.9311 lr=6.33e-05 tok/s=41,082 eta=6667.109219286718
step=1726 tokens=226230272/500000000 loss=2.8432 lr=6.33e-05 tok/s=41,089 eta=6662.913366764472
step=1727 tokens=226361344/500000000 loss=3.1962 lr=6.32e-05 tok/s=40,871 eta=6695.219161969365
step=1728 tokens=226492416/500000000 loss=3.1444 lr=6.32e-05 tok/s=40,959 eta=6677.625665493653
step=1729 tokens=226623488/500000000 loss=2.9696 lr=6.31e-05 tok/s=40,874 eta=6688.286004647848
step=1730 tokens=226754560/500000000 loss=2.9363 lr=6.31e-05 tok/s=41,202 eta=6631.836915103811
step=1731 tokens=226885632/500000000 loss=3.0677 lr=6.31e-05 tok/s=41,080 eta=6648.37731058719
step=1732 tokens=227016704/500000000 loss=2.9820 lr=6.3e-05 tok/s=40,651 eta=6715.310528503464
step=1733 tokens=227147776/500000000 loss=2.8697 lr=6.3e-05 tok/s=40,747 eta=6696.3152648287705
step=1734 tokens=227278848/500000000 loss=3.1926 lr=6.3e-05 tok/s=40,960 eta=6658.206258758316
step=1735 tokens=227409920/500000000 loss=3.0299 lr=6.29e-05 tok/s=40,961 eta=6654.836159861427
step=1736 tokens=227540992/500000000 loss=2.9959 lr=6.29e-05 tok/s=40,655 eta=6701.777281570678
step=1737 tokens=227672064/500000000 loss=3.1036 lr=6.28e-05 tok/s=40,525 eta=6719.936760535288
step=1738 tokens=227803136/500000000 loss=3.2941 lr=6.28e-05 tok/s=40,634 eta=6698.66592655512
step=1739 tokens=227934208/500000000 loss=2.9962 lr=6.28e-05 tok/s=40,589 eta=6702.902029539571
step=1740 tokens=228065280/500000000 loss=2.8017 lr=6.27e-05 tok/s=40,931 eta=6643.656125753366
step=1741 tokens=228196352/500000000 loss=3.0618 lr=6.27e-05 tok/s=41,009 eta=6627.960380626491
step=1742 tokens=228327424/500000000 loss=3.0174 lr=6.27e-05 tok/s=40,939 eta=6636.098864267737
step=1743 tokens=228458496/500000000 loss=3.0434 lr=6.26e-05 tok/s=40,624 eta=6684.1993453165705
step=1744 tokens=228589568/500000000 loss=2.9793 lr=6.26e-05 tok/s=40,696 eta=6669.222339854649
step=1745 tokens=228720640/500000000 loss=3.0123 lr=6.25e-05 tok/s=41,006 eta=6615.537764083394
step=1746 tokens=228851712/500000000 loss=3.0161 lr=6.25e-05 tok/s=40,709 eta=6660.605099358063
step=1747 tokens=228982784/500000000 loss=3.0676 lr=6.25e-05 tok/s=40,792 eta=6643.854783766642
step=1748 tokens=229113856/500000000 loss=2.9072 lr=6.24e-05 tok/s=40,517 eta=6685.776068372268
step=1749 tokens=229244928/500000000 loss=3.0094 lr=6.24e-05 tok/s=40,610 eta=6667.217894535185
step=1750 tokens=229376000/500000000 loss=3.1182 lr=6.24e-05 tok/s=40,682 eta=6652.151033967933
step=1751 tokens=229507072/500000000 loss=3.1299 lr=6.23e-05 tok/s=40,680 eta=6649.277281260317
step=1752 tokens=229638144/500000000 loss=3.0224 lr=6.23e-05 tok/s=40,475 eta=6679.701760788791
step=1753 tokens=229769216/500000000 loss=2.9492 lr=6.22e-05 tok/s=40,542 eta=6665.525119271196
step=1754 tokens=229900288/500000000 loss=2.9963 lr=6.22e-05 tok/s=40,640 eta=6646.0951961139035
step=1755 tokens=230031360/500000000 loss=2.7791 lr=6.22e-05 tok/s=29,462 eta=9163.146192807302
step=1756 tokens=230162432/500000000 loss=2.9221 lr=6.21e-05 tok/s=40,643 eta=6639.169737199262
step=1757 tokens=230293504/500000000 loss=3.0783 lr=6.21e-05 tok/s=40,677 eta=6630.414020320261
step=1758 tokens=230424576/500000000 loss=3.1027 lr=6.21e-05 tok/s=40,780 eta=6610.530686262796
step=1759 tokens=230555648/500000000 loss=2.8987 lr=6.2e-05 tok/s=40,840 eta=6597.4826863303215
step=1760 tokens=230686720/500000000 loss=3.0090 lr=6.2e-05 tok/s=40,672 eta=6621.6587354798385
step=1761 tokens=230817792/500000000 loss=3.0930 lr=6.19e-05 tok/s=40,987 eta=6567.491789744094
step=1762 tokens=230948864/500000000 loss=3.0803 lr=6.19e-05 tok/s=40,866 eta=6583.801780950188
step=1763 tokens=231079936/500000000 loss=3.1144 lr=6.19e-05 tok/s=40,597 eta=6624.199865400758
step=1764 tokens=231211008/500000000 loss=3.1823 lr=6.18e-05 tok/s=40,715 eta=6601.792179951735
step=1765 tokens=231342080/500000000 loss=2.9517 lr=6.18e-05 tok/s=40,583 eta=6619.998308387264
step=1766 tokens=231473152/500000000 loss=3.1317 lr=6.18e-05 tok/s=40,611 eta=6612.149800555371
step=1767 tokens=231604224/500000000 loss=3.0090 lr=6.17e-05 tok/s=40,691 eta=6595.957511960561
step=1768 tokens=231735296/500000000 loss=3.0760 lr=6.17e-05 tok/s=40,542 eta=6616.9466433468115
step=1769 tokens=231866368/500000000 loss=3.1192 lr=6.16e-05 tok/s=40,697 eta=6588.5841264491355
step=1770 tokens=231997440/500000000 loss=3.0315 lr=6.16e-05 tok/s=40,700 eta=6584.8730086196165
step=1771 tokens=232128512/500000000 loss=3.0191 lr=6.16e-05 tok/s=40,512 eta=6612.140408570516
step=1772 tokens=232259584/500000000 loss=3.0069 lr=6.15e-05 tok/s=40,928 eta=6541.793689339007
step=1773 tokens=232390656/500000000 loss=3.1346 lr=6.15e-05 tok/s=40,847 eta=6551.50136723165
step=1774 tokens=232521728/500000000 loss=3.1317 lr=6.15e-05 tok/s=41,133 eta=6502.699613409358
step=1775 tokens=232652800/500000000 loss=3.0329 lr=6.14e-05 tok/s=40,519 eta=6598.134919237231
step=1776 tokens=232783872/500000000 loss=3.0366 lr=6.14e-05 tok/s=40,619 eta=6578.620254294035
step=1777 tokens=232914944/500000000 loss=3.0234 lr=6.14e-05 tok/s=40,904 eta=6529.521107817455
step=1778 tokens=233046016/500000000 loss=3.1194 lr=6.13e-05 tok/s=41,038 eta=6505.107632730933
step=1779 tokens=233177088/500000000 loss=3.0177 lr=6.13e-05 tok/s=40,955 eta=6514.997405038758
step=1780 tokens=233308160/500000000 loss=2.9872 lr=6.12e-05 tok/s=40,962 eta=6510.772373389104
step=1781 tokens=233439232/500000000 loss=2.9688 lr=6.12e-05 tok/s=40,869 eta=6522.387511396574
step=1782 tokens=233570304/500000000 loss=3.1836 lr=6.12e-05 tok/s=40,923 eta=6510.439680425904
step=1783 tokens=233701376/500000000 loss=3.1208 lr=6.11e-05 tok/s=40,835 eta=6521.256584404385
step=1784 tokens=233832448/500000000 loss=3.1307 lr=6.11e-05 tok/s=40,866 eta=6513.132216186712
step=1785 tokens=233963520/500000000 loss=3.0895 lr=6.11e-05 tok/s=40,873 eta=6508.835655445453
step=1786 tokens=234094592/500000000 loss=3.2033 lr=6.1e-05 tok/s=40,954 eta=6492.717871873258
step=1787 tokens=234225664/500000000 loss=2.9532 lr=6.1e-05 tok/s=40,817 eta=6511.368589927769
step=1788 tokens=234356736/500000000 loss=3.0861 lr=6.09e-05 tok/s=41,040 eta=6472.770103349711
step=1789 tokens=234487808/500000000 loss=3.0971 lr=6.09e-05 tok/s=40,933 eta=6486.469616377822
step=1790 tokens=234618880/500000000 loss=3.1819 lr=6.09e-05 tok/s=40,933 eta=6483.277582763222
step=1791 tokens=234749952/500000000 loss=3.0344 lr=6.08e-05 tok/s=41,115 eta=6451.450925190484
step=1792 tokens=234881024/500000000 loss=2.9957 lr=6.08e-05 tok/s=41,072 eta=6454.955386024596
step=1793 tokens=235012096/500000000 loss=3.0658 lr=6.08e-05 tok/s=29,757 eta=8904.937382466256
step=1794 tokens=235143168/500000000 loss=3.0292 lr=6.07e-05 tok/s=41,135 eta=6438.644197842863
step=1795 tokens=235274240/500000000 loss=3.0106 lr=6.07e-05 tok/s=41,135 eta=6435.484746416773
step=1796 tokens=235405312/500000000 loss=3.0817 lr=6.06e-05 tok/s=40,717 eta=6498.401759815026
step=1797 tokens=235536384/500000000 loss=3.0752 lr=6.06e-05 tok/s=40,836 eta=6476.248275381276
step=1798 tokens=235667456/500000000 loss=2.9157 lr=6.06e-05 tok/s=40,967 eta=6452.352054803566
step=1799 tokens=235798528/500000000 loss=3.0574 lr=6.05e-05 tok/s=40,854 eta=6467.012250190423
step=1800 tokens=235929600/500000000 loss=3.1464 lr=6.05e-05 tok/s=40,832 eta=6467.309387525401
step=1801 tokens=236060672/500000000 loss=3.0092 lr=6.05e-05 tok/s=40,998 eta=6437.830536862468
step=1802 tokens=236191744/500000000 loss=3.1153 lr=6.04e-05 tok/s=40,814 eta=6463.671050469229
step=1803 tokens=236322816/500000000 loss=2.9817 lr=6.04e-05 tok/s=41,105 eta=6414.68526865072
step=1804 tokens=236453888/500000000 loss=2.9309 lr=6.03e-05 tok/s=41,204 eta=6396.126912181337
step=1805 tokens=236584960/500000000 loss=3.0478 lr=6.03e-05 tok/s=41,190 eta=6395.1528482065305
step=1806 tokens=236716032/500000000 loss=2.9884 lr=6.03e-05 tok/s=41,182 eta=6393.153385612166
step=1807 tokens=236847104/500000000 loss=2.9906 lr=6.02e-05 tok/s=41,018 eta=6415.6203192095045
step=1808 tokens=236978176/500000000 loss=3.0867 lr=6.02e-05 tok/s=41,097 eta=6400.075532210917
step=1809 tokens=237109248/500000000 loss=3.1023 lr=6.02e-05 tok/s=40,996 eta=6412.630195957666
step=1810 tokens=237240320/500000000 loss=2.9182 lr=6.01e-05 tok/s=41,014 eta=6406.592292437306
step=1811 tokens=237371392/500000000 loss=3.1023 lr=6.01e-05 tok/s=41,197 eta=6374.881110807488
step=1812 tokens=237502464/500000000 loss=3.1976 lr=6e-05 tok/s=40,995 eta=6403.091595079528
step=1813 tokens=237633536/500000000 loss=3.1233 lr=6e-05 tok/s=41,102 eta=6383.331803605899
step=1814 tokens=237764608/500000000 loss=3.2104 lr=6e-05 tok/s=41,076 eta=6384.214036820811
step=1815 tokens=237895680/500000000 loss=3.0591 lr=5.99e-05 tok/s=41,078 eta=6380.609012932248
step=1816 tokens=238026752/500000000 loss=3.2050 lr=5.99e-05 tok/s=41,275 eta=6346.9918590874095
step=1817 tokens=238157824/500000000 loss=3.0728 lr=5.98e-05 tok/s=41,224 eta=6351.63740137395
step=1818 tokens=238288896/500000000 loss=3.1726 lr=5.98e-05 tok/s=41,146 eta=6360.587454485514
step=1819 tokens=238419968/500000000 loss=3.1964 lr=5.98e-05 tok/s=40,977 eta=6383.584352732
step=1820 tokens=238551040/500000000 loss=3.0068 lr=5.97e-05 tok/s=41,114 eta=6359.113860377679
step=1821 tokens=238682112/500000000 loss=3.1083 lr=5.97e-05 tok/s=41,084 eta=6360.64330142087
step=1822 tokens=238813184/500000000 loss=3.0252 lr=5.97e-05 tok/s=41,004 eta=6369.7800479714815
step=1823 tokens=238944256/500000000 loss=3.0536 lr=5.96e-05 tok/s=41,045 eta=6360.22188149664
step=1824 tokens=239075328/500000000 loss=3.1542 lr=5.96e-05 tok/s=40,910 eta=6377.993876458269
step=1825 tokens=239206400/500000000 loss=3.1283 lr=5.95e-05 tok/s=40,906 eta=6375.448855275751
step=1826 tokens=239337472/500000000 loss=3.0889 lr=5.95e-05 tok/s=41,021 eta=6354.3777846805015
step=1827 tokens=239468544/500000000 loss=2.9047 lr=5.95e-05 tok/s=41,050 eta=6346.761329053482
step=1828 tokens=239599616/500000000 loss=3.0602 lr=5.94e-05 tok/s=40,914 eta=6364.565052698406
step=1829 tokens=239730688/500000000 loss=3.0520 lr=5.94e-05 tok/s=41,213 eta=6315.29405589157
step=1830 tokens=239861760/500000000 loss=3.0573 lr=5.94e-05 tok/s=41,165 eta=6319.479501369981
step=1831 tokens=239992832/500000000 loss=3.1744 lr=5.93e-05 tok/s=41,048 eta=6334.150818696179
step=1832 tokens=240123904/500000000 loss=3.2024 lr=5.93e-05 tok/s=29,667 eta=8759.809579133043
step=1833 tokens=240254976/500000000 loss=2.9161 lr=5.92e-05 tok/s=41,116 eta=6317.378112092584
step=1834 tokens=240386048/500000000 loss=3.0116 lr=5.92e-05 tok/s=41,130 eta=6312.060812006229
step=1835 tokens=240517120/500000000 loss=3.0877 lr=5.92e-05 tok/s=41,085 eta=6315.6839279256355
step=1836 tokens=240648192/500000000 loss=3.1778 lr=5.91e-05 tok/s=41,146 eta=6303.2474028876
step=1837 tokens=240779264/500000000 loss=2.9049 lr=5.91e-05 tok/s=41,155 eta=6298.666810638113
step=1838 tokens=240910336/500000000 loss=3.0605 lr=5.91e-05 tok/s=41,039 eta=6313.275247703547
step=1839 tokens=241041408/500000000 loss=3.1041 lr=5.9e-05 tok/s=40,995 eta=6316.858997243997
step=1840 tokens=241172480/500000000 loss=3.1743 lr=5.9e-05 tok/s=40,569 eta=6379.954639652302
step=1841 tokens=241303552/500000000 loss=3.0403 lr=5.89e-05 tok/s=40,789 eta=6342.260734022207
step=1842 tokens=241434624/500000000 loss=2.8425 lr=5.89e-05 tok/s=40,924 eta=6318.107719969225
step=1843 tokens=241565696/500000000 loss=3.0251 lr=5.89e-05 tok/s=40,967 eta=6308.277223467339
step=1844 tokens=241696768/500000000 loss=3.1692 lr=5.88e-05 tok/s=40,855 eta=6322.371725705384
step=1845 tokens=241827840/500000000 loss=3.0651 lr=5.88e-05 tok/s=40,901 eta=6312.172165956306
step=1846 tokens=241958912/500000000 loss=2.9956 lr=5.88e-05 tok/s=40,887 eta=6311.135375779283
step=1847 tokens=242089984/500000000 loss=3.0783 lr=5.87e-05 tok/s=40,943 eta=6299.298707662906
step=1848 tokens=242221056/500000000 loss=3.1448 lr=5.87e-05 tok/s=40,961 eta=6293.247806312335
step=1849 tokens=242352128/500000000 loss=3.1752 lr=5.86e-05 tok/s=40,835 eta=6309.517024315656
step=1850 tokens=242483200/500000000 loss=3.0342 lr=5.86e-05 tok/s=40,892 eta=6297.554917083799
step=1851 tokens=242614272/500000000 loss=2.9449 lr=5.86e-05 tok/s=40,806 eta=6307.547028085577
step=1852 tokens=242745344/500000000 loss=3.0692 lr=5.85e-05 tok/s=40,631 eta=6331.54873183973
step=1853 tokens=242876416/500000000 loss=3.0243 lr=5.85e-05 tok/s=40,880 eta=6289.758889125133
step=1854 tokens=243007488/500000000 loss=3.0836 lr=5.85e-05 tok/s=40,786 eta=6301.049973061334
step=1855 tokens=243138560/500000000 loss=2.9994 lr=5.84e-05 tok/s=40,696 eta=6311.68686296192
step=1856 tokens=243269632/500000000 loss=2.9879 lr=5.84e-05 tok/s=40,834 eta=6287.124872485078
step=1857 tokens=243400704/500000000 loss=3.1031 lr=5.83e-05 tok/s=40,787 eta=6291.164576857415
step=1858 tokens=243531776/500000000 loss=3.1705 lr=5.83e-05 tok/s=40,603 eta=6316.484181801285
step=1859 tokens=243662848/500000000 loss=3.1268 lr=5.83e-05 tok/s=40,726 eta=6294.2333015902195
step=1860 tokens=243793920/500000000 loss=3.0264 lr=5.82e-05 tok/s=40,733 eta=6289.948710914256
step=1861 tokens=243924992/500000000 loss=2.9208 lr=5.82e-05 tok/s=40,836 eta=6270.8006755745355
step=1862 tokens=244056064/500000000 loss=3.1634 lr=5.82e-05 tok/s=40,608 eta=6302.834128904759
step=1863 tokens=244187136/500000000 loss=3.0263 lr=5.81e-05 tok/s=40,663 eta=6291.024096480989
step=1864 tokens=244318208/500000000 loss=2.9902 lr=5.81e-05 tok/s=40,724 eta=6278.468545496075
step=1865 tokens=244449280/500000000 loss=3.1097 lr=5.8e-05 tok/s=40,671 eta=6283.289173223898
step=1866 tokens=244580352/500000000 loss=2.9368 lr=5.8e-05 tok/s=40,652 eta=6283.10032996483
step=1867 tokens=244711424/500000000 loss=3.1046 lr=5.8e-05 tok/s=40,578 eta=6291.363274132556
step=1868 tokens=244842496/500000000 loss=2.9634 lr=5.79e-05 tok/s=40,501 eta=6300.027488586386
step=1869 tokens=244973568/500000000 loss=2.9739 lr=5.79e-05 tok/s=40,687 eta=6267.9545797690425
step=1870 tokens=245104640/500000000 loss=3.0759 lr=5.79e-05 tok/s=29,492 eta=8643.006349049005
step=1871 tokens=245235712/500000000 loss=2.9394 lr=5.78e-05 tok/s=40,631 eta=6270.265521426502
step=1872 tokens=245366784/500000000 loss=3.1372 lr=5.78e-05 tok/s=40,680 eta=6259.432610434539
step=1873 tokens=245497856/500000000 loss=2.9736 lr=5.77e-05 tok/s=40,988 eta=6209.189196791489
step=1874 tokens=245628928/500000000 loss=2.8989 lr=5.77e-05 tok/s=41,039 eta=6198.224520871601
step=1875 tokens=245760000/500000000 loss=2.9552 lr=5.77e-05 tok/s=41,136 eta=6180.495727832813
step=1876 tokens=245891072/500000000 loss=3.0063 lr=5.76e-05 tok/s=41,002 eta=6197.403505025136
step=1877 tokens=246022144/500000000 loss=2.8658 lr=5.76e-05 tok/s=40,803 eta=6224.493212872599
step=1878 tokens=246153216/500000000 loss=2.8056 lr=5.76e-05 tok/s=41,202 eta=6161.009155717889
step=1879 tokens=246284288/500000000 loss=3.2045 lr=5.75e-05 tok/s=41,211 eta=6156.508730110905
step=1880 tokens=246415360/500000000 loss=3.1784 lr=5.75e-05 tok/s=41,150 eta=6162.508662116234
step=1881 tokens=246546432/500000000 loss=3.1208 lr=5.74e-05 tok/s=41,041 eta=6175.591060399258
step=1882 tokens=246677504/500000000 loss=3.1097 lr=5.74e-05 tok/s=41,130 eta=6159.141460475385
step=1883 tokens=246808576/500000000 loss=2.9464 lr=5.74e-05 tok/s=40,929 eta=6186.121032356775
step=1884 tokens=246939648/500000000 loss=3.1044 lr=5.73e-05 tok/s=40,940 eta=6181.32461504625
step=1885 tokens=247070720/500000000 loss=2.8567 lr=5.73e-05 tok/s=40,785 eta=6201.474929808216
step=1886 tokens=247201792/500000000 loss=3.0728 lr=5.72e-05 tok/s=40,732 eta=6206.302578515815
step=1887 tokens=247332864/500000000 loss=2.8490 lr=5.72e-05 tok/s=40,883 eta=6180.238410667626
step=1888 tokens=247463936/500000000 loss=3.1136 lr=5.72e-05 tok/s=40,854 eta=6181.417772000629
step=1889 tokens=247595008/500000000 loss=3.0496 lr=5.71e-05 tok/s=40,903 eta=6170.893710312328
step=1890 tokens=247726080/500000000 loss=3.2077 lr=5.71e-05 tok/s=40,719 eta=6195.519610706854
step=1891 tokens=247857152/500000000 loss=3.0979 lr=5.71e-05 tok/s=40,937 eta=6159.342938195844
step=1892 tokens=247988224/500000000 loss=3.1220 lr=5.7e-05 tok/s=41,019 eta=6143.707458240582
step=1893 tokens=248119296/500000000 loss=3.0264 lr=5.7e-05 tok/s=41,004 eta=6142.803635150204
step=1894 tokens=248250368/500000000 loss=3.0339 lr=5.69e-05 tok/s=41,121 eta=6122.233172888815
step=1895 tokens=248381440/500000000 loss=3.1001 lr=5.69e-05 tok/s=41,217 eta=6104.707277669397
step=1896 tokens=248512512/500000000 loss=2.9892 lr=5.69e-05 tok/s=41,074 eta=6122.760078570498
step=1897 tokens=248643584/500000000 loss=3.1906 lr=5.68e-05 tok/s=41,113 eta=6113.7698190049505
step=1898 tokens=248774656/500000000 loss=3.0493 lr=5.68e-05 tok/s=41,154 eta=6104.45393840043
step=1899 tokens=248905728/500000000 loss=3.0588 lr=5.68e-05 tok/s=41,154 eta=6101.315590936141
step=1900 tokens=249036800/500000000 loss=3.1471 lr=5.67e-05 tok/s=41,166 eta=6096.367723654502
step=1901 tokens=249167872/500000000 loss=3.0973 lr=5.67e-05 tok/s=41,128 eta=6098.752044529132
step=1902 tokens=249298944/500000000 loss=2.9569 lr=5.66e-05 tok/s=41,036 eta=6109.273885034168
step=1903 tokens=249430016/500000000 loss=3.1265 lr=5.66e-05 tok/s=41,117 eta=6094.063217010881
step=1904 tokens=249561088/500000000 loss=3.0969 lr=5.66e-05 tok/s=41,063 eta=6098.8232497076415
step=1905 tokens=249692160/500000000 loss=3.0398 lr=5.65e-05 tok/s=41,045 eta=6098.39059712181
step=1906 tokens=249823232/500000000 loss=3.0469 lr=5.65e-05 tok/s=41,035 eta=6096.603229531153
step=1907 tokens=249954304/500000000 loss=3.0349 lr=5.65e-05 tok/s=40,722 eta=6140.258080207436
step=1908 tokens=250085376/500000000 loss=3.2097 lr=5.64e-05 tok/s=29,703 eta=8413.760689539999
checkpoint saved: runs/20260907-112712/checkpoints/tokens_000250m (permanent_tokens)
step=1909 tokens=250216448/500000000 loss=2.9863 lr=5.64e-05 tok/s=35,833 eta=6970.796664599658
step=1910 tokens=250347520/500000000 loss=3.0309 lr=5.63e-05 tok/s=40,775 eta=6122.669872038718
step=1911 tokens=250478592/500000000 loss=2.9766 lr=5.63e-05 tok/s=41,135 eta=6065.952823400455
step=1912 tokens=250609664/500000000 loss=3.0796 lr=5.63e-05 tok/s=41,125 eta=6064.232983866852
step=1913 tokens=250740736/500000000 loss=2.9881 lr=5.62e-05 tok/s=41,238 eta=6044.355201426345
step=1914 tokens=250871808/500000000 loss=2.9553 lr=5.62e-05 tok/s=41,134 eta=6056.566009394271
step=1915 tokens=251002880/500000000 loss=2.9651 lr=5.62e-05 tok/s=40,944 eta=6081.371371160557
step=1916 tokens=251133952/500000000 loss=3.0655 lr=5.61e-05 tok/s=41,041 eta=6063.884508225889
step=1917 tokens=251265024/500000000 loss=3.0930 lr=5.61e-05 tok/s=40,992 eta=6067.955821105867
step=1918 tokens=251396096/500000000 loss=3.0358 lr=5.6e-05 tok/s=41,029 eta=6059.198835695775
step=1919 tokens=251527168/500000000 loss=3.1445 lr=5.6e-05 tok/s=41,070 eta=6050.039737549147
step=1920 tokens=251658240/500000000 loss=3.0447 lr=5.6e-05 tok/s=41,006 eta=6056.250424053581
step=1921 tokens=251789312/500000000 loss=3.1747 lr=5.59e-05 tok/s=40,930 eta=6064.336492191906
step=1922 tokens=251920384/500000000 loss=2.9629 lr=5.59e-05 tok/s=41,101 eta=6035.900951348217
step=1923 tokens=252051456/500000000 loss=3.0626 lr=5.59e-05 tok/s=41,161 eta=6023.902638812831
step=1924 tokens=252182528/500000000 loss=3.0111 lr=5.58e-05 tok/s=41,119 eta=6026.79181657867
step=1925 tokens=252313600/500000000 loss=3.0656 lr=5.58e-05 tok/s=40,904 eta=6055.307560868914
step=1926 tokens=252444672/500000000 loss=3.0058 lr=5.57e-05 tok/s=41,110 eta=6021.798092983262
step=1927 tokens=252575744/500000000 loss=3.1823 lr=5.57e-05 tok/s=41,038 eta=6029.107820955779
step=1928 tokens=252706816/500000000 loss=3.1278 lr=5.57e-05 tok/s=41,058 eta=6022.953993593677
step=1929 tokens=252837888/500000000 loss=3.1418 lr=5.56e-05 tok/s=40,946 eta=6036.348850337717
step=1930 tokens=252968960/500000000 loss=3.0904 lr=5.56e-05 tok/s=40,987 eta=6027.0790831537015
step=1931 tokens=253100032/500000000 loss=3.0521 lr=5.55e-05 tok/s=41,075 eta=6010.954965110628
step=1932 tokens=253231104/500000000 loss=2.9530 lr=5.55e-05 tok/s=40,942 eta=6027.280999534905
step=1933 tokens=253362176/500000000 loss=3.0021 lr=5.55e-05 tok/s=40,838 eta=6039.356040359303
step=1934 tokens=253493248/500000000 loss=3.1393 lr=5.54e-05 tok/s=40,912 eta=6025.359055032628
step=1935 tokens=253624320/500000000 loss=3.0785 lr=5.54e-05 tok/s=40,761 eta=6044.362630720145
step=1936 tokens=253755392/500000000 loss=3.1707 lr=5.54e-05 tok/s=40,950 eta=6013.242328247868
step=1937 tokens=253886464/500000000 loss=3.2790 lr=5.53e-05 tok/s=40,899 eta=6017.591422317847
step=1938 tokens=254017536/500000000 loss=3.0082 lr=5.53e-05 tok/s=40,880 eta=6017.1117161658985
step=1939 tokens=254148608/500000000 loss=2.9123 lr=5.52e-05 tok/s=40,978 eta=5999.571910788936
step=1940 tokens=254279680/500000000 loss=2.9963 lr=5.52e-05 tok/s=40,904 eta=6007.1882190716215
step=1941 tokens=254410752/500000000 loss=3.1124 lr=5.52e-05 tok/s=40,921 eta=6001.611474890179
step=1942 tokens=254541824/500000000 loss=3.0124 lr=5.51e-05 tok/s=40,845 eta=6009.465470649783
step=1943 tokens=254672896/500000000 loss=3.2511 lr=5.51e-05 tok/s=40,817 eta=6010.398218060026
step=1944 tokens=254803968/500000000 loss=3.2819 lr=5.51e-05 tok/s=40,989 eta=5982.00137709421
step=1945 tokens=254935040/500000000 loss=3.0494 lr=5.5e-05 tok/s=40,933 eta=5987.035780704741
step=1946 tokens=255066112/500000000 loss=3.0629 lr=5.5e-05 tok/s=29,776 eta=8225.80203219156
step=1947 tokens=255197184/500000000 loss=3.1203 lr=5.49e-05 tok/s=41,043 eta=5964.538605016191
step=1948 tokens=255328256/500000000 loss=3.0048 lr=5.49e-05 tok/s=40,828 eta=5992.795109227157
step=1949 tokens=255459328/500000000 loss=3.1561 lr=5.49e-05 tok/s=40,491 eta=6039.441974859696
step=1950 tokens=255590400/500000000 loss=3.1829 lr=5.48e-05 tok/s=40,474 eta=6038.6527727514285
step=1951 tokens=255721472/500000000 loss=3.2087 lr=5.48e-05 tok/s=40,920 eta=5969.665243026304
step=1952 tokens=255852544/500000000 loss=3.0678 lr=5.48e-05 tok/s=40,689 eta=6000.394570788044
step=1953 tokens=255983616/500000000 loss=3.0685 lr=5.47e-05 tok/s=40,709 eta=5994.14692855088
step=1954 tokens=256114688/500000000 loss=3.0593 lr=5.47e-05 tok/s=40,779 eta=5980.726416174156
step=1955 tokens=256245760/500000000 loss=3.2301 lr=5.46e-05 tok/s=40,605 eta=6003.064149358046
step=1956 tokens=256376832/500000000 loss=3.1876 lr=5.46e-05 tok/s=40,823 eta=5967.823286272533
step=1957 tokens=256507904/500000000 loss=2.9859 lr=5.46e-05 tok/s=40,469 eta=6016.734341933425
step=1958 tokens=256638976/500000000 loss=3.0710 lr=5.45e-05 tok/s=40,623 eta=5990.682482513556
step=1959 tokens=256770048/500000000 loss=3.1620 lr=5.45e-05 tok/s=40,509 eta=6004.3778054490385
step=1960 tokens=256901120/500000000 loss=3.0644 lr=5.45e-05 tok/s=40,890 eta=5945.216182774317
step=1961 tokens=257032192/500000000 loss=2.9483 lr=5.44e-05 tok/s=40,716 eta=5967.442817242675
step=1962 tokens=257163264/500000000 loss=3.0962 lr=5.44e-05 tok/s=40,757 eta=5958.229293079199
step=1963 tokens=257294336/500000000 loss=2.9549 lr=5.43e-05 tok/s=40,663 eta=5968.682200357168
step=1964 tokens=257425408/500000000 loss=2.8315 lr=5.43e-05 tok/s=40,527 eta=5985.5508711526345
step=1965 tokens=257556480/500000000 loss=3.0656 lr=5.43e-05 tok/s=40,520 eta=5983.2962864821375
step=1966 tokens=257687552/500000000 loss=3.1232 lr=5.42e-05 tok/s=40,618 eta=5965.664208468507
step=1967 tokens=257818624/500000000 loss=3.1781 lr=5.42e-05 tok/s=40,927 eta=5917.388351706933
step=1968 tokens=257949696/500000000 loss=3.0643 lr=5.41e-05 tok/s=40,551 eta=5968.996444469208
step=1969 tokens=258080768/500000000 loss=3.0409 lr=5.41e-05 tok/s=40,586 eta=5960.645266206178
step=1970 tokens=258211840/500000000 loss=2.9208 lr=5.41e-05 tok/s=40,556 eta=5961.824690433979
step=1971 tokens=258342912/500000000 loss=2.9755 lr=5.4e-05 tok/s=40,554 eta=5958.920112046386
step=1972 tokens=258473984/500000000 loss=3.1684 lr=5.4e-05 tok/s=40,440 eta=5972.4929238814675
step=1973 tokens=258605056/500000000 loss=2.9669 lr=5.4e-05 tok/s=40,470 eta=5964.770327288487
step=1974 tokens=258736128/500000000 loss=3.0803 lr=5.39e-05 tok/s=40,459 eta=5963.161168496975
step=1975 tokens=258867200/500000000 loss=3.1481 lr=5.39e-05 tok/s=40,601 eta=5939.097852402533
step=1976 tokens=258998272/500000000 loss=3.2343 lr=5.38e-05 tok/s=40,502 eta=5950.415672299164
step=1977 tokens=259129344/500000000 loss=3.1400 lr=5.38e-05 tok/s=40,501 eta=5947.261617415279
step=1978 tokens=259260416/500000000 loss=3.0555 lr=5.38e-05 tok/s=40,286 eta=5975.80256990378
step=1979 tokens=259391488/500000000 loss=3.0037 lr=5.37e-05 tok/s=40,668 eta=5916.467025901172
step=1980 tokens=259522560/500000000 loss=2.9584 lr=5.37e-05 tok/s=40,639 eta=5917.412519818646
step=1981 tokens=259653632/500000000 loss=3.1610 lr=5.37e-05 tok/s=40,491 eta=5935.733778534904
step=1982 tokens=259784704/500000000 loss=3.0479 lr=5.36e-05 tok/s=40,849 eta=5880.526656761024
step=1983 tokens=259915776/500000000 loss=3.1562 lr=5.36e-05 tok/s=40,731 eta=5894.430422856295
step=1984 tokens=260046848/500000000 loss=3.0577 lr=5.35e-05 tok/s=29,428 eta=8153.973133213885
step=1985 tokens=260177920/500000000 loss=3.1949 lr=5.35e-05 tok/s=40,502 eta=5921.221609770555
step=1986 tokens=260308992/500000000 loss=2.9881 lr=5.35e-05 tok/s=40,906 eta=5859.50690141603
step=1987 tokens=260440064/500000000 loss=2.9777 lr=5.34e-05 tok/s=40,819 eta=5868.848528013872
step=1988 tokens=260571136/500000000 loss=2.9450 lr=5.34e-05 tok/s=40,523 eta=5908.421063624009
step=1989 tokens=260702208/500000000 loss=3.2468 lr=5.34e-05 tok/s=40,716 eta=5877.227551599688
step=1990 tokens=260833280/500000000 loss=3.0900 lr=5.33e-05 tok/s=40,876 eta=5850.959022355274
step=1991 tokens=260964352/500000000 loss=3.0147 lr=5.33e-05 tok/s=40,828 eta=5854.729960319845
step=1992 tokens=261095424/500000000 loss=3.0552 lr=5.32e-05 tok/s=40,568 eta=5889.04113846685
step=1993 tokens=261226496/500000000 loss=3.2068 lr=5.32e-05 tok/s=40,755 eta=5858.780873352432
step=1994 tokens=261357568/500000000 loss=3.0437 lr=5.32e-05 tok/s=40,827 eta=5845.207731257245
step=1995 tokens=261488640/500000000 loss=3.1344 lr=5.31e-05 tok/s=40,768 eta=5850.440245341253
step=1996 tokens=261619712/500000000 loss=3.0434 lr=5.31e-05 tok/s=40,978 eta=5817.282962308502
step=1997 tokens=261750784/500000000 loss=3.0062 lr=5.31e-05 tok/s=41,047 eta=5804.272150112782
step=1998 tokens=261881856/500000000 loss=3.1171 lr=5.3e-05 tok/s=40,979 eta=5810.768049893729
step=1999 tokens=262012928/500000000 loss=3.1574 lr=5.3e-05 tok/s=40,986 eta=5806.576175136757
step=2000 tokens=262144000/500000000 loss=3.1231 lr=5.29e-05 tok/s=41,133 eta=5782.548655658047
step=2001 tokens=262275072/500000000 loss=2.9878 lr=5.29e-05 tok/s=41,040 eta=5792.519122216074
step=2002 tokens=262406144/500000000 loss=3.0671 lr=5.29e-05 tok/s=41,026 eta=5791.280280739928
step=2003 tokens=262537216/500000000 loss=2.9020 lr=5.28e-05 tok/s=40,916 eta=5803.731372891211
step=2004 tokens=262668288/500000000 loss=3.0676 lr=5.28e-05 tok/s=41,145 eta=5768.191351865384
step=2005 tokens=262799360/500000000 loss=3.0839 lr=5.28e-05 tok/s=41,159 eta=5763.070022939059
step=2006 tokens=262930432/500000000 loss=3.0278 lr=5.27e-05 tok/s=40,810 eta=5809.161307279917
step=2007 tokens=263061504/500000000 loss=3.2472 lr=5.27e-05 tok/s=40,794 eta=5808.17752465116
step=2008 tokens=263192576/500000000 loss=2.9432 lr=5.26e-05 tok/s=40,654 eta=5824.936536377662
step=2009 tokens=263323648/500000000 loss=3.1215 lr=5.26e-05 tok/s=40,808 eta=5799.749616152513
step=2010 tokens=263454720/500000000 loss=3.0293 lr=5.26e-05 tok/s=41,066 eta=5760.154769485036
step=2011 tokens=263585792/500000000 loss=3.0773 lr=5.25e-05 tok/s=40,590 eta=5824.38454553163
step=2012 tokens=263716864/500000000 loss=3.0840 lr=5.25e-05 tok/s=40,539 eta=5828.470233610547
step=2013 tokens=263847936/500000000 loss=3.0588 lr=5.24e-05 tok/s=40,457 eta=5837.099262915527
step=2014 tokens=263979008/500000000 loss=3.0071 lr=5.24e-05 tok/s=40,666 eta=5803.925809927698
step=2015 tokens=264110080/500000000 loss=2.8193 lr=5.24e-05 tok/s=40,699 eta=5795.9027025374035
step=2016 tokens=264241152/500000000 loss=2.9358 lr=5.23e-05 tok/s=40,721 eta=5789.663139326832
step=2017 tokens=264372224/500000000 loss=2.9079 lr=5.23e-05 tok/s=40,580 eta=5806.541947454062
step=2018 tokens=264503296/500000000 loss=2.9056 lr=5.23e-05 tok/s=40,982 eta=5746.349892630026
step=2019 tokens=264634368/500000000 loss=3.1885 lr=5.22e-05 tok/s=40,711 eta=5781.38830712571
step=2020 tokens=264765440/500000000 loss=2.9619 lr=5.22e-05 tok/s=40,891 eta=5752.7648426626165
step=2021 tokens=264896512/500000000 loss=3.0227 lr=5.21e-05 tok/s=40,934 eta=5743.4773827518775
step=2022 tokens=265027584/500000000 loss=3.0141 lr=5.21e-05 tok/s=29,752 eta=7897.63647650426
step=2023 tokens=265158656/500000000 loss=2.9801 lr=5.21e-05 tok/s=41,168 eta=5704.515063990995
step=2024 tokens=265289728/500000000 loss=3.0959 lr=5.2e-05 tok/s=41,090 eta=5712.158804351474
step=2025 tokens=265420800/500000000 loss=3.1368 lr=5.2e-05 tok/s=41,023 eta=5718.2259180021465
step=2026 tokens=265551872/500000000 loss=3.0766 lr=5.2e-05 tok/s=41,164 eta=5695.41262277944
step=2027 tokens=265682944/500000000 loss=3.1450 lr=5.19e-05 tok/s=41,021 eta=5712.096894094521
step=2028 tokens=265814016/500000000 loss=3.0830 lr=5.19e-05 tok/s=41,051 eta=5704.7041087168445
step=2029 tokens=265945088/500000000 loss=3.0705 lr=5.18e-05 tok/s=41,038 eta=5703.390371135633
step=2030 tokens=266076160/500000000 loss=3.0294 lr=5.18e-05 tok/s=41,187 eta=5679.579514072202
step=2031 tokens=266207232/500000000 loss=3.0972 lr=5.18e-05 tok/s=41,113 eta=5686.657054646889
step=2032 tokens=266338304/500000000 loss=3.2085 lr=5.17e-05 tok/s=40,634 eta=5750.341089296586
step=2033 tokens=266469376/500000000 loss=3.0203 lr=5.17e-05 tok/s=40,787 eta=5725.628790581318
step=2034 tokens=266600448/500000000 loss=3.2522 lr=5.17e-05 tok/s=40,660 eta=5740.214432463957
step=2035 tokens=266731520/500000000 loss=3.1196 lr=5.16e-05 tok/s=40,790 eta=5718.827494949493
step=2036 tokens=266862592/500000000 loss=3.0976 lr=5.16e-05 tok/s=40,931 eta=5695.794413434943
step=2037 tokens=266993664/500000000 loss=3.0536 lr=5.15e-05 tok/s=40,745 eta=5718.703799085921
step=2038 tokens=267124736/500000000 loss=3.2488 lr=5.15e-05 tok/s=40,522 eta=5746.903449201595
step=2039 tokens=267255808/500000000 loss=3.0994 lr=5.15e-05 tok/s=40,574 eta=5736.280212826155
step=2040 tokens=267386880/500000000 loss=3.0219 lr=5.14e-05 tok/s=40,477 eta=5746.846473517315
step=2041 tokens=267517952/500000000 loss=3.0416 lr=5.14e-05 tok/s=40,594 eta=5726.968183726822
step=2042 tokens=267649024/500000000 loss=3.1134 lr=5.14e-05 tok/s=40,856 eta=5687.126111593292
step=2043 tokens=267780096/500000000 loss=3.1587 lr=5.13e-05 tok/s=40,871 eta=5681.745217490064
step=2044 tokens=267911168/500000000 loss=3.0659 lr=5.13e-05 tok/s=40,890 eta=5675.928808249197
step=2045 tokens=268042240/500000000 loss=3.0417 lr=5.12e-05 tok/s=40,759 eta=5690.903971277422
step=2046 tokens=268173312/500000000 loss=3.1051 lr=5.12e-05 tok/s=40,768 eta=5686.513544609994
step=2047 tokens=268304384/500000000 loss=3.0410 lr=5.12e-05 tok/s=40,832 eta=5674.329880442275
step=2048 tokens=268435456/500000000 loss=3.1655 lr=5.11e-05 tok/s=40,710 eta=5688.136019649867
step=2049 tokens=268566528/500000000 loss=3.0543 lr=5.11e-05 tok/s=40,748 eta=5679.642052664505
step=2050 tokens=268697600/500000000 loss=2.9048 lr=5.11e-05 tok/s=40,576 eta=5700.4732979084965
step=2051 tokens=268828672/500000000 loss=2.9072 lr=5.1e-05 tok/s=40,672 eta=5683.810750195047
step=2052 tokens=268959744/500000000 loss=2.9815 lr=5.1e-05 tok/s=40,744 eta=5670.469441920424
step=2053 tokens=269090816/500000000 loss=3.0306 lr=5.09e-05 tok/s=40,513 eta=5699.6694933875
step=2054 tokens=269221888/500000000 loss=2.8809 lr=5.09e-05 tok/s=40,535 eta=5693.32878434007
step=2055 tokens=269352960/500000000 loss=2.9608 lr=5.09e-05 tok/s=40,723 eta=5663.739126686643
step=2056 tokens=269484032/500000000 loss=2.9796 lr=5.08e-05 tok/s=40,576 eta=5681.073590256133
step=2057 tokens=269615104/500000000 loss=3.1045 lr=5.08e-05 tok/s=40,558 eta=5680.329902710847
step=2058 tokens=269746176/500000000 loss=3.0645 lr=5.08e-05 tok/s=40,507 eta=5684.242145148804
step=2059 tokens=269877248/500000000 loss=3.1495 lr=5.07e-05 tok/s=40,690 eta=5655.567570974068
step=2060 tokens=270008320/500000000 loss=3.1735 lr=5.07e-05 tok/s=29,534 eta=7787.440132319191
step=2061 tokens=270139392/500000000 loss=3.0729 lr=5.06e-05 tok/s=41,112 eta=5591.129613133659
step=2062 tokens=270270464/500000000 loss=3.0778 lr=5.06e-05 tok/s=41,091 eta=5590.780880152586
step=2063 tokens=270401536/500000000 loss=3.1980 lr=5.06e-05 tok/s=40,802 eta=5627.0952801382455
step=2064 tokens=270532608/500000000 loss=2.9001 lr=5.05e-05 tok/s=40,830 eta=5620.091895021265
step=2065 tokens=270663680/500000000 loss=3.0180 lr=5.05e-05 tok/s=40,736 eta=5629.797519026868
step=2066 tokens=270794752/500000000 loss=3.2427 lr=5.05e-05 tok/s=40,725 eta=5628.117989680481
step=2067 tokens=270925824/500000000 loss=3.0101 lr=5.04e-05 tok/s=40,564 eta=5647.193963696563
step=2068 tokens=271056896/500000000 loss=3.1055 lr=5.04e-05 tok/s=40,504 eta=5652.380137360775
step=2069 tokens=271187968/500000000 loss=3.1291 lr=5.03e-05 tok/s=40,672 eta=5625.804408950036
step=2070 tokens=271319040/500000000 loss=3.2301 lr=5.03e-05 tok/s=40,633 eta=5627.9787568136335
step=2071 tokens=271450112/500000000 loss=3.2280 lr=5.03e-05 tok/s=40,910 eta=5586.664072500119
step=2072 tokens=271581184/500000000 loss=2.9862 lr=5.02e-05 tok/s=40,830 eta=5594.4094092464275
step=2073 tokens=271712256/500000000 loss=3.0371 lr=5.02e-05 tok/s=40,967 eta=5572.500419035473
step=2074 tokens=271843328/500000000 loss=2.8262 lr=5.01e-05 tok/s=40,914 eta=5576.474897842362
step=2075 tokens=271974400/500000000 loss=2.9684 lr=5.01e-05 tok/s=40,883 eta=5577.539058023221
step=2076 tokens=272105472/500000000 loss=2.9929 lr=5.01e-05 tok/s=40,853 eta=5578.404862690047
step=2077 tokens=272236544/500000000 loss=3.1066 lr=5e-05 tok/s=40,812 eta=5580.762210466756
step=2078 tokens=272367616/500000000 loss=3.1590 lr=5e-05 tok/s=40,748 eta=5586.337752780735
step=2079 tokens=272498688/500000000 loss=3.1380 lr=5e-05 tok/s=40,890 eta=5563.7667576522945
step=2080 tokens=272629760/500000000 loss=3.0402 lr=4.99e-05 tok/s=40,897 eta=5559.611959536842
step=2081 tokens=272760832/500000000 loss=3.0914 lr=4.99e-05 tok/s=40,964 eta=5547.3524669533
step=2082 tokens=272891904/500000000 loss=3.0764 lr=4.98e-05 tok/s=40,855 eta=5558.853603427532
step=2083 tokens=273022976/500000000 loss=3.0077 lr=4.98e-05 tok/s=40,330 eta=5628.060953846954
step=2084 tokens=273154048/500000000 loss=3.0027 lr=4.98e-05 tok/s=40,656 eta=5579.610975520713
step=2085 tokens=273285120/500000000 loss=3.1670 lr=4.97e-05 tok/s=40,830 eta=5552.590527793026
step=2086 tokens=273416192/500000000 loss=2.9033 lr=4.97e-05 tok/s=40,782 eta=5555.972794246719
step=2087 tokens=273547264/500000000 loss=3.0676 lr=4.97e-05 tok/s=40,811 eta=5548.813699831986
step=2088 tokens=273678336/500000000 loss=3.0929 lr=4.96e-05 tok/s=40,772 eta=5550.8877232866425
step=2089 tokens=273809408/500000000 loss=3.0271 lr=4.96e-05 tok/s=40,775 eta=5547.278008045707
step=2090 tokens=273940480/500000000 loss=3.2602 lr=4.95e-05 tok/s=40,679 eta=5557.158978968943
step=2091 tokens=274071552/500000000 loss=2.9888 lr=4.95e-05 tok/s=40,885 eta=5525.987096747682
step=2092 tokens=274202624/500000000 loss=3.1330 lr=4.95e-05 tok/s=40,501 eta=5575.137010102364
step=2093 tokens=274333696/500000000 loss=3.1598 lr=4.94e-05 tok/s=40,536 eta=5567.0352479339435
step=2094 tokens=274464768/500000000 loss=2.9535 lr=4.94e-05 tok/s=40,617 eta=5552.784206914618
step=2095 tokens=274595840/500000000 loss=2.9166 lr=4.94e-05 tok/s=40,668 eta=5542.562121911489
step=2096 tokens=274726912/500000000 loss=3.1022 lr=4.93e-05 tok/s=40,497 eta=5562.655415049977
step=2097 tokens=274857984/500000000 loss=3.1514 lr=4.93e-05 tok/s=40,617 eta=5543.116523276427
step=2098 tokens=274989056/500000000 loss=3.1078 lr=4.92e-05 tok/s=40,559 eta=5547.692728741272
step=2099 tokens=275120128/500000000 loss=3.3224 lr=4.92e-05 tok/s=29,314 eta=7671.450077059385
checkpoint saved: runs/20260907-112712/checkpoints/tokens_000275m (permanent_tokens)
step=2100 tokens=275251200/500000000 loss=3.0135 lr=4.92e-05 tok/s=35,700 eta=6295.5425388498015
step=2101 tokens=275382272/500000000 loss=3.0303 lr=4.91e-05 tok/s=40,638 eta=5527.284558180926
step=2102 tokens=275513344/500000000 loss=3.2057 lr=4.91e-05 tok/s=40,966 eta=5479.783010999847
step=2103 tokens=275644416/500000000 loss=3.1413 lr=4.91e-05 tok/s=40,873 eta=5489.136758484286
step=2104 tokens=275775488/500000000 loss=2.9907 lr=4.9e-05 tok/s=40,802 eta=5495.455816231294
step=2105 tokens=275906560/500000000 loss=3.0447 lr=4.9e-05 tok/s=40,801 eta=5492.405502237912
step=2106 tokens=276037632/500000000 loss=3.1412 lr=4.89e-05 tok/s=40,842 eta=5483.605837221516
step=2107 tokens=276168704/500000000 loss=3.1061 lr=4.89e-05 tok/s=40,794 eta=5486.906304584276
step=2108 tokens=276299776/500000000 loss=3.0429 lr=4.89e-05 tok/s=40,783 eta=5485.193780315377
step=2109 tokens=276430848/500000000 loss=3.0155 lr=4.88e-05 tok/s=40,896 eta=5466.7197582009685
step=2110 tokens=276561920/500000000 loss=3.2034 lr=4.88e-05 tok/s=40,984 eta=5451.866150525237
step=2111 tokens=276692992/500000000 loss=3.0021 lr=4.88e-05 tok/s=40,927 eta=5456.220594322844
step=2112 tokens=276824064/500000000 loss=2.9964 lr=4.87e-05 tok/s=40,878 eta=5459.513281858315
step=2113 tokens=276955136/500000000 loss=3.0529 lr=4.87e-05 tok/s=40,856 eta=5459.233010306648
step=2114 tokens=277086208/500000000 loss=3.1150 lr=4.86e-05 tok/s=40,527 eta=5500.381652469827
step=2115 tokens=277217280/500000000 loss=3.1671 lr=4.86e-05 tok/s=40,548 eta=5494.2815413482695
step=2116 tokens=277348352/500000000 loss=3.1065 lr=4.86e-05 tok/s=40,595 eta=5484.682929562641
step=2117 tokens=277479424/500000000 loss=3.1244 lr=4.85e-05 tok/s=40,681 eta=5469.834311126631
step=2118 tokens=277610496/500000000 loss=3.0552 lr=4.85e-05 tok/s=40,835 eta=5446.045776235142
step=2119 tokens=277741568/500000000 loss=2.8839 lr=4.85e-05 tok/s=40,836 eta=5442.738706851219
step=2120 tokens=277872640/500000000 loss=3.0357 lr=4.84e-05 tok/s=40,977 eta=5420.738319539741
step=2121 tokens=278003712/500000000 loss=3.2051 lr=4.84e-05 tok/s=40,844 eta=5435.164025407304
step=2122 tokens=278134784/500000000 loss=3.0364 lr=4.83e-05 tok/s=40,781 eta=5440.362825044962
step=2123 tokens=278265856/500000000 loss=3.1179 lr=4.83e-05 tok/s=40,885 eta=5423.388928607899
step=2124 tokens=278396928/500000000 loss=3.1561 lr=4.83e-05 tok/s=40,773 eta=5435.062167393092
step=2125 tokens=278528000/500000000 loss=3.0527 lr=4.82e-05 tok/s=40,888 eta=5416.593508739873
step=2126 tokens=278659072/500000000 loss=2.8704 lr=4.82e-05 tok/s=40,979 eta=5401.322585515114
step=2127 tokens=278790144/500000000 loss=2.9974 lr=4.82e-05 tok/s=40,935 eta=5403.931168998432
step=2128 tokens=278921216/500000000 loss=2.8771 lr=4.81e-05 tok/s=40,853 eta=5411.516452370495
step=2129 tokens=279052288/500000000 loss=2.9762 lr=4.81e-05 tok/s=41,175 eta=5366.046261950125
step=2130 tokens=279183360/500000000 loss=2.8614 lr=4.81e-05 tok/s=40,983 eta=5387.968851085815
step=2131 tokens=279314432/500000000 loss=2.8895 lr=4.8e-05 tok/s=41,073 eta=5373.054264100692
step=2132 tokens=279445504/500000000 loss=3.0989 lr=4.8e-05 tok/s=40,923 eta=5389.476166224949
step=2133 tokens=279576576/500000000 loss=3.0403 lr=4.79e-05 tok/s=40,845 eta=5396.524301306262
step=2134 tokens=279707648/500000000 loss=3.1095 lr=4.79e-05 tok/s=41,035 eta=5368.41413596086
step=2135 tokens=279838720/500000000 loss=2.9733 lr=4.79e-05 tok/s=41,061 eta=5361.8531985346535
step=2136 tokens=279969792/500000000 loss=3.0555 lr=4.78e-05 tok/s=40,965 eta=5371.129534367074
step=2137 tokens=280100864/500000000 loss=3.0179 lr=4.78e-05 tok/s=29,652 eta=7416.070949738323
step=2138 tokens=280231936/500000000 loss=2.9125 lr=4.78e-05 tok/s=40,851 eta=5379.732889125231
step=2139 tokens=280363008/500000000 loss=3.0263 lr=4.77e-05 tok/s=40,958 eta=5362.52320674357
step=2140 tokens=280494080/500000000 loss=3.0193 lr=4.77e-05 tok/s=40,828 eta=5376.302501726355
step=2141 tokens=280625152/500000000 loss=3.1492 lr=4.76e-05 tok/s=40,828 eta=5373.210914037051
step=2142 tokens=280756224/500000000 loss=2.7484 lr=4.76e-05 tok/s=40,871 eta=5364.227071573628
step=2143 tokens=280887296/500000000 loss=2.9532 lr=4.76e-05 tok/s=40,677 eta=5386.700612156481
step=2144 tokens=281018368/500000000 loss=2.9814 lr=4.75e-05 tok/s=40,979 eta=5343.717311696369
step=2145 tokens=281149440/500000000 loss=3.0251 lr=4.75e-05 tok/s=40,963 eta=5342.588090670713
step=2146 tokens=281280512/500000000 loss=3.0683 lr=4.75e-05 tok/s=40,932 eta=5343.46022098627
step=2147 tokens=281411584/500000000 loss=2.9201 lr=4.74e-05 tok/s=40,850 eta=5350.97637994714
step=2148 tokens=281542656/500000000 loss=3.1167 lr=4.74e-05 tok/s=40,763 eta=5359.142535405774
step=2149 tokens=281673728/500000000 loss=3.1476 lr=4.73e-05 tok/s=40,582 eta=5379.8875727264995
step=2150 tokens=281804800/500000000 loss=3.0282 lr=4.73e-05 tok/s=40,908 eta=5333.746766908761
step=2151 tokens=281935872/500000000 loss=3.1115 lr=4.73e-05 tok/s=40,932 eta=5327.437689827853
step=2152 tokens=282066944/500000000 loss=2.9182 lr=4.72e-05 tok/s=40,776 eta=5344.6347707737605
step=2153 tokens=282198016/500000000 loss=3.1332 lr=4.72e-05 tok/s=40,790 eta=5339.551915190706
step=2154 tokens=282329088/500000000 loss=3.2506 lr=4.72e-05 tok/s=40,782 eta=5337.4497607564945
step=2155 tokens=282460160/500000000 loss=3.0378 lr=4.71e-05 tok/s=40,520 eta=5368.693479723114
step=2156 tokens=282591232/500000000 loss=2.9730 lr=4.71e-05 tok/s=40,444 eta=5375.568210026057
step=2157 tokens=282722304/500000000 loss=2.9623 lr=4.7e-05 tok/s=40,364 eta=5382.962737181411
step=2158 tokens=282853376/500000000 loss=3.1841 lr=4.7e-05 tok/s=40,590 eta=5349.817871927814
step=2159 tokens=282984448/500000000 loss=3.1655 lr=4.7e-05 tok/s=40,454 eta=5364.519946072792
step=2160 tokens=283115520/500000000 loss=2.9908 lr=4.69e-05 tok/s=40,570 eta=5345.972429125849
step=2161 tokens=283246592/500000000 loss=3.0449 lr=4.69e-05 tok/s=40,516 eta=5349.839308617227
step=2162 tokens=283377664/500000000 loss=2.9723 lr=4.69e-05 tok/s=40,734 eta=5317.9801290162
step=2163 tokens=283508736/500000000 loss=3.0688 lr=4.68e-05 tok/s=40,876 eta=5296.260087793898
step=2164 tokens=283639808/500000000 loss=3.2028 lr=4.68e-05 tok/s=40,833 eta=5298.635600424054
step=2165 tokens=283770880/500000000 loss=2.9875 lr=4.67e-05 tok/s=40,763 eta=5304.537836408214
step=2166 tokens=283901952/500000000 loss=2.9755 lr=4.67e-05 tok/s=40,758 eta=5301.926075229991
step=2167 tokens=284033024/500000000 loss=3.3022 lr=4.67e-05 tok/s=40,840 eta=5288.098442914211
step=2168 tokens=284164096/500000000 loss=3.1412 lr=4.66e-05 tok/s=40,959 eta=5269.565694625135
step=2169 tokens=284295168/500000000 loss=3.0401 lr=4.66e-05 tok/s=41,081 eta=5250.739523214968
step=2170 tokens=284426240/500000000 loss=2.9948 lr=4.66e-05 tok/s=40,919 eta=5268.257691656619
step=2171 tokens=284557312/500000000 loss=3.0609 lr=4.65e-05 tok/s=40,643 eta=5300.805535991261
step=2172 tokens=284688384/500000000 loss=2.9227 lr=4.65e-05 tok/s=40,606 eta=5302.510022004271
step=2173 tokens=284819456/500000000 loss=3.1282 lr=4.64e-05 tok/s=40,866 eta=5265.476604439754
step=2174 tokens=284950528/500000000 loss=2.9465 lr=4.64e-05 tok/s=40,888 eta=5259.450944849588
step=2175 tokens=285081600/500000000 loss=3.1158 lr=4.64e-05 tok/s=29,646 eta=7249.382304539453
step=2176 tokens=285212672/500000000 loss=3.0689 lr=4.63e-05 tok/s=40,631 eta=5286.259029665767
step=2177 tokens=285343744/500000000 loss=3.0886 lr=4.63e-05 tok/s=40,771 eta=5264.891838539427
step=2178 tokens=285474816/500000000 loss=2.9527 lr=4.63e-05 tok/s=40,847 eta=5251.9686275306085
step=2179 tokens=285605888/500000000 loss=2.9562 lr=4.62e-05 tok/s=40,854 eta=5247.7981892876915
step=2180 tokens=285736960/500000000 loss=2.9038 lr=4.62e-05 tok/s=40,882 eta=5241.051300164755
step=2181 tokens=285868032/500000000 loss=3.1060 lr=4.62e-05 tok/s=40,903 eta=5235.082635866836
step=2182 tokens=285999104/500000000 loss=3.0930 lr=4.61e-05 tok/s=40,699 eta=5258.13897680191
step=2183 tokens=286130176/500000000 loss=3.0131 lr=4.61e-05 tok/s=40,807 eta=5240.990573165533
step=2184 tokens=286261248/500000000 loss=2.9158 lr=4.6e-05 tok/s=40,598 eta=5264.733199820069
step=2185 tokens=286392320/500000000 loss=3.0514 lr=4.6e-05 tok/s=40,730 eta=5244.458916765689
step=2186 tokens=286523392/500000000 loss=3.0915 lr=4.6e-05 tok/s=40,719 eta=5242.736637340561
step=2187 tokens=286654464/500000000 loss=3.1217 lr=4.59e-05 tok/s=40,943 eta=5210.826668520848
step=2188 tokens=286785536/500000000 loss=3.0046 lr=4.59e-05 tok/s=40,873 eta=5216.563097290729
step=2189 tokens=286916608/500000000 loss=3.1099 lr=4.59e-05 tok/s=40,733 eta=5231.283828967388
step=2190 tokens=287047680/500000000 loss=3.0159 lr=4.58e-05 tok/s=40,818 eta=5217.162106235408
step=2191 tokens=287178752/500000000 loss=2.9662 lr=4.58e-05 tok/s=40,723 eta=5226.060695277685
step=2192 tokens=287309824/500000000 loss=3.0113 lr=4.57e-05 tok/s=40,747 eta=5219.817264376877
step=2193 tokens=287440896/500000000 loss=2.9797 lr=4.57e-05 tok/s=40,655 eta=5228.358043063617
step=2194 tokens=287571968/500000000 loss=3.1006 lr=4.57e-05 tok/s=40,319 eta=5268.666022948468
step=2195 tokens=287703040/500000000 loss=2.9806 lr=4.56e-05 tok/s=40,593 eta=5229.854663610043
step=2196 tokens=287834112/500000000 loss=3.0898 lr=4.56e-05 tok/s=40,715 eta=5210.976837164232
step=2197 tokens=287965184/500000000 loss=3.0537 lr=4.56e-05 tok/s=40,454 eta=5241.342903432557
step=2198 tokens=288096256/500000000 loss=2.8572 lr=4.55e-05 tok/s=40,792 eta=5194.720229976118
step=2199 tokens=288227328/500000000 loss=3.1817 lr=4.55e-05 tok/s=40,412 eta=5240.280583720144
step=2200 tokens=288358400/500000000 loss=3.1942 lr=4.54e-05 tok/s=40,395 eta=5239.30358015867
step=2201 tokens=288489472/500000000 loss=2.9767 lr=4.54e-05 tok/s=40,630 eta=5205.727354210004
step=2202 tokens=288620544/500000000 loss=3.0253 lr=4.54e-05 tok/s=40,547 eta=5213.184078752252
step=2203 tokens=288751616/500000000 loss=3.0085 lr=4.53e-05 tok/s=40,463 eta=5220.840007281993
step=2204 tokens=288882688/500000000 loss=3.1194 lr=4.53e-05 tok/s=40,440 eta=5220.453141712561
step=2205 tokens=289013760/500000000 loss=2.9222 lr=4.53e-05 tok/s=40,469 eta=5213.468134393445
step=2206 tokens=289144832/500000000 loss=3.2343 lr=4.52e-05 tok/s=40,679 eta=5183.327504264879
step=2207 tokens=289275904/500000000 loss=3.0161 lr=4.52e-05 tok/s=40,894 eta=5152.995885073477
step=2208 tokens=289406976/500000000 loss=3.1987 lr=4.52e-05 tok/s=40,676 eta=5177.280269795463
step=2209 tokens=289538048/500000000 loss=3.1317 lr=4.51e-05 tok/s=40,651 eta=5177.25405621773
step=2210 tokens=289669120/500000000 loss=2.9998 lr=4.51e-05 tok/s=40,334 eta=5214.758358214311
step=2211 tokens=289800192/500000000 loss=3.1623 lr=4.5e-05 tok/s=40,564 eta=5181.887946686986
step=2212 tokens=289931264/500000000 loss=3.0605 lr=4.5e-05 tok/s=40,546 eta=5180.9653097760665
step=2213 tokens=290062336/500000000 loss=2.8444 lr=4.5e-05 tok/s=29,231 eta=7182.077052746378
step=2214 tokens=290193408/500000000 loss=3.0548 lr=4.49e-05 tok/s=40,687 eta=5156.656549737335
step=2215 tokens=290324480/500000000 loss=3.0024 lr=4.49e-05 tok/s=40,579 eta=5167.108618779472
step=2216 tokens=290455552/500000000 loss=3.1440 lr=4.49e-05 tok/s=40,573 eta=5164.670310000151
step=2217 tokens=290586624/500000000 loss=3.0763 lr=4.48e-05 tok/s=40,670 eta=5149.084631972356
step=2218 tokens=290717696/500000000 loss=3.0315 lr=4.48e-05 tok/s=40,710 eta=5140.803002987937
step=2219 tokens=290848768/500000000 loss=3.1428 lr=4.47e-05 tok/s=40,842 eta=5120.966441954146
step=2220 tokens=290979840/500000000 loss=3.1126 lr=4.47e-05 tok/s=40,648 eta=5142.216195822956
step=2221 tokens=291110912/500000000 loss=3.0719 lr=4.47e-05 tok/s=40,900 eta=5107.3552462103235
step=2222 tokens=291241984/500000000 loss=2.9506 lr=4.46e-05 tok/s=40,937 eta=5099.5565761626485
step=2223 tokens=291373056/500000000 loss=2.9111 lr=4.46e-05 tok/s=40,805 eta=5112.811611097349
step=2224 tokens=291504128/500000000 loss=3.0261 lr=4.46e-05 tok/s=41,037 eta=5080.740114555157
step=2225 tokens=291635200/500000000 loss=3.0296 lr=4.45e-05 tok/s=41,059 eta=5074.812148489666
step=2226 tokens=291766272/500000000 loss=3.0063 lr=4.45e-05 tok/s=40,820 eta=5101.30000271793
step=2227 tokens=291897344/500000000 loss=2.9390 lr=4.45e-05 tok/s=40,902 eta=5087.814829166527
step=2228 tokens=292028416/500000000 loss=3.1946 lr=4.44e-05 tok/s=41,053 eta=5065.9734043632625
step=2229 tokens=292159488/500000000 loss=3.1221 lr=4.44e-05 tok/s=40,867 eta=5085.801272672347
step=2230 tokens=292290560/500000000 loss=2.9357 lr=4.43e-05 tok/s=40,906 eta=5077.74760588132
step=2231 tokens=292421632/500000000 loss=3.1029 lr=4.43e-05 tok/s=40,668 eta=5104.2322259710545
step=2232 tokens=292552704/500000000 loss=2.9481 lr=4.43e-05 tok/s=40,881 eta=5074.415383195744
step=2233 tokens=292683776/500000000 loss=3.0395 lr=4.42e-05 tok/s=40,774 eta=5084.572025114967
step=2234 tokens=292814848/500000000 loss=2.9863 lr=4.42e-05 tok/s=40,856 eta=5071.114327878405
step=2235 tokens=292945920/500000000 loss=2.8265 lr=4.42e-05 tok/s=40,837 eta=5070.309748628243
step=2236 tokens=293076992/500000000 loss=2.8577 lr=4.41e-05 tok/s=40,894 eta=5060.003982642757
step=2237 tokens=293208064/500000000 loss=2.9756 lr=4.41e-05 tok/s=41,072 eta=5034.859975486705
step=2238 tokens=293339136/500000000 loss=3.1242 lr=4.4e-05 tok/s=41,074 eta=5031.439452420383
step=2239 tokens=293470208/500000000 loss=3.0681 lr=4.4e-05 tok/s=41,008 eta=5036.33273757572
step=2240 tokens=293601280/500000000 loss=3.1899 lr=4.4e-05 tok/s=40,716 eta=5069.277228833744
step=2241 tokens=293732352/500000000 loss=2.9972 lr=4.39e-05 tok/s=40,778 eta=5058.251360852874
step=2242 tokens=293863424/500000000 loss=2.9876 lr=4.39e-05 tok/s=40,774 eta=5055.6381832729785
step=2243 tokens=293994496/500000000 loss=2.9325 lr=4.39e-05 tok/s=40,940 eta=5031.941332239501
step=2244 tokens=294125568/500000000 loss=3.0630 lr=4.38e-05 tok/s=40,796 eta=5046.45246943747
step=2245 tokens=294256640/500000000 loss=2.9487 lr=4.38e-05 tok/s=40,821 eta=5040.194658928665
step=2246 tokens=294387712/500000000 loss=3.0467 lr=4.38e-05 tok/s=40,718 eta=5049.640813568104
step=2247 tokens=294518784/500000000 loss=3.0147 lr=4.37e-05 tok/s=40,577 eta=5064.016580406172
step=2248 tokens=294649856/500000000 loss=2.9359 lr=4.37e-05 tok/s=40,663 eta=5050.082595607668
step=2249 tokens=294780928/500000000 loss=3.0226 lr=4.36e-05 tok/s=40,416 eta=5077.724890906105
step=2250 tokens=294912000/500000000 loss=2.9483 lr=4.36e-05 tok/s=40,646 eta=5045.7163150705
step=2251 tokens=295043072/500000000 loss=2.9697 lr=4.36e-05 tok/s=29,568 eta=6931.645323688964
step=2252 tokens=295174144/500000000 loss=3.0312 lr=4.35e-05 tok/s=40,833 eta=5016.128432870791
step=2253 tokens=295305216/500000000 loss=3.0947 lr=4.35e-05 tok/s=40,544 eta=5048.672664297845
step=2254 tokens=295436288/500000000 loss=3.0863 lr=4.35e-05 tok/s=40,690 eta=5027.324332554057
step=2255 tokens=295567360/500000000 loss=3.1254 lr=4.34e-05 tok/s=40,686 eta=5024.694805950388
step=2256 tokens=295698432/500000000 loss=3.0442 lr=4.34e-05 tok/s=40,659 eta=5024.743670227384
step=2257 tokens=295829504/500000000 loss=2.9879 lr=4.34e-05 tok/s=40,678 eta=5019.195183118482
step=2258 tokens=295960576/500000000 loss=3.2006 lr=4.33e-05 tok/s=40,848 eta=4995.0704040830815
step=2259 tokens=296091648/500000000 loss=3.0149 lr=4.33e-05 tok/s=40,869 eta=4989.270594472372
step=2260 tokens=296222720/500000000 loss=2.9673 lr=4.32e-05 tok/s=40,922 eta=4979.668922795929
step=2261 tokens=296353792/500000000 loss=3.0410 lr=4.32e-05 tok/s=40,555 eta=5021.490080792214
step=2262 tokens=296484864/500000000 loss=3.1917 lr=4.32e-05 tok/s=40,509 eta=5023.90127766721
step=2263 tokens=296615936/500000000 loss=3.0145 lr=4.31e-05 tok/s=40,673 eta=5000.5071867070665
step=2264 tokens=296747008/500000000 loss=2.9930 lr=4.31e-05 tok/s=40,890 eta=4970.67853067844
step=2265 tokens=296878080/500000000 loss=2.8153 lr=4.31e-05 tok/s=40,767 eta=4982.544654758887
step=2266 tokens=297009152/500000000 loss=3.0062 lr=4.3e-05 tok/s=40,746 eta=4981.804416199416
step=2267 tokens=297140224/500000000 loss=3.0980 lr=4.3e-05 tok/s=40,661 eta=4989.011103119418
step=2268 tokens=297271296/500000000 loss=3.0921 lr=4.3e-05 tok/s=40,753 eta=4974.607508016255
step=2269 tokens=297402368/500000000 loss=3.0269 lr=4.29e-05 tok/s=40,756 eta=4970.955837009633
step=2270 tokens=297533440/500000000 loss=3.0510 lr=4.29e-05 tok/s=40,698 eta=4974.879595810118
step=2271 tokens=297664512/500000000 loss=3.1489 lr=4.28e-05 tok/s=40,619 eta=4981.3007612937945
step=2272 tokens=297795584/500000000 loss=3.0015 lr=4.28e-05 tok/s=40,896 eta=4944.363739286638
step=2273 tokens=297926656/500000000 loss=2.8375 lr=4.28e-05 tok/s=40,826 eta=4949.592748336888
step=2274 tokens=298057728/500000000 loss=2.9848 lr=4.27e-05 tok/s=40,692 eta=4962.696485381652
step=2275 tokens=298188800/500000000 loss=3.0363 lr=4.27e-05 tok/s=40,730 eta=4954.801625573448
step=2276 tokens=298319872/500000000 loss=3.0577 lr=4.27e-05 tok/s=40,707 eta=4954.4105377908245
step=2277 tokens=298450944/500000000 loss=3.1072 lr=4.26e-05 tok/s=40,723 eta=4949.267692410279
step=2278 tokens=298582016/500000000 loss=3.1493 lr=4.26e-05 tok/s=40,547 eta=4967.560383182569
step=2279 tokens=298713088/500000000 loss=2.9620 lr=4.26e-05 tok/s=40,641 eta=4952.842298892922
step=2280 tokens=298844160/500000000 loss=2.9360 lr=4.25e-05 tok/s=40,916 eta=4916.271874362797
step=2281 tokens=298975232/500000000 loss=2.9838 lr=4.25e-05 tok/s=40,699 eta=4939.257251458957
step=2282 tokens=299106304/500000000 loss=3.0769 lr=4.24e-05 tok/s=40,442 eta=4967.443341963781
step=2283 tokens=299237376/500000000 loss=3.0424 lr=4.24e-05 tok/s=40,682 eta=4934.945746561762
step=2284 tokens=299368448/500000000 loss=3.0420 lr=4.24e-05 tok/s=40,749 eta=4923.568620075728
step=2285 tokens=299499520/500000000 loss=3.1138 lr=4.23e-05 tok/s=40,754 eta=4919.822576314351
step=2286 tokens=299630592/500000000 loss=2.9353 lr=4.23e-05 tok/s=40,915 eta=4897.232461544688
step=2287 tokens=299761664/500000000 loss=2.9960 lr=4.23e-05 tok/s=40,952 eta=4889.552303267148
step=2288 tokens=299892736/500000000 loss=3.0261 lr=4.22e-05 tok/s=40,842 eta=4899.5730040226235
step=2289 tokens=300023808/500000000 loss=2.9366 lr=4.22e-05 tok/s=29,569 eta=6763.0807126320115
checkpoint saved: runs/20260907-112712/checkpoints/tokens_000300m (permanent_tokens)
step=2290 tokens=300154880/500000000 loss=2.8637 lr=4.22e-05 tok/s=36,043 eta=5544.585416121968
step=2291 tokens=300285952/500000000 loss=2.8356 lr=4.21e-05 tok/s=40,894 eta=4883.744501647143
step=2292 tokens=300417024/500000000 loss=2.9194 lr=4.21e-05 tok/s=40,969 eta=4871.552545378953
step=2293 tokens=300548096/500000000 loss=3.0500 lr=4.2e-05 tok/s=41,002 eta=4864.4903979108885
step=2294 tokens=300679168/500000000 loss=3.0325 lr=4.2e-05 tok/s=40,625 eta=4906.390942615422
step=2295 tokens=300810240/500000000 loss=3.2189 lr=4.2e-05 tok/s=40,676 eta=4896.989585968784
step=2296 tokens=300941312/500000000 loss=3.1298 lr=4.19e-05 tok/s=40,933 eta=4862.984815752695
step=2297 tokens=301072384/500000000 loss=3.2527 lr=4.19e-05 tok/s=40,861 eta=4868.38615074386
step=2298 tokens=301203456/500000000 loss=3.0557 lr=4.19e-05 tok/s=40,756 eta=4877.671386299294
step=2299 tokens=301334528/500000000 loss=2.8785 lr=4.18e-05 tok/s=40,790 eta=4870.4975714263755
step=2300 tokens=301465600/500000000 loss=3.1058 lr=4.18e-05 tok/s=40,642 eta=4884.976683994836
step=2301 tokens=301596672/500000000 loss=2.9979 lr=4.18e-05 tok/s=40,647 eta=4881.180685595325
step=2302 tokens=301727744/500000000 loss=3.2263 lr=4.17e-05 tok/s=40,622 eta=4880.94398319149
step=2303 tokens=301858816/500000000 loss=3.1823 lr=4.17e-05 tok/s=40,579 eta=4882.823098687608
step=2304 tokens=301989888/500000000 loss=3.0571 lr=4.16e-05 tok/s=40,787 eta=4854.745056494176
step=2305 tokens=302120960/500000000 loss=2.8530 lr=4.16e-05 tok/s=40,601 eta=4873.783929047788
step=2306 tokens=302252032/500000000 loss=3.1121 lr=4.16e-05 tok/s=40,913 eta=4833.424825087948
step=2307 tokens=302383104/500000000 loss=3.1454 lr=4.15e-05 tok/s=40,792 eta=4844.543636961201
step=2308 tokens=302514176/500000000 loss=3.1382 lr=4.15e-05 tok/s=40,687 eta=4853.785367957143
step=2309 tokens=302645248/500000000 loss=3.0310 lr=4.15e-05 tok/s=40,861 eta=4829.8540931006255
step=2310 tokens=302776320/500000000 loss=2.9253 lr=4.14e-05 tok/s=40,827 eta=4830.661784859386
step=2311 tokens=302907392/500000000 loss=3.1321 lr=4.14e-05 tok/s=40,615 eta=4852.698006502151
step=2312 tokens=303038464/500000000 loss=3.2638 lr=4.14e-05 tok/s=40,848 eta=4821.791182909618
step=2313 tokens=303169536/500000000 loss=2.8729 lr=4.13e-05 tok/s=40,856 eta=4817.621786639855
step=2314 tokens=303300608/500000000 loss=3.1172 lr=4.13e-05 tok/s=41,028 eta=4794.227206097731
step=2315 tokens=303431680/500000000 loss=3.1517 lr=4.13e-05 tok/s=40,887 eta=4807.609603860886
step=2316 tokens=303562752/500000000 loss=3.1106 lr=4.12e-05 tok/s=40,867 eta=4806.762627938876
step=2317 tokens=303693824/500000000 loss=3.1163 lr=4.12e-05 tok/s=40,774 eta=4814.473055853297
step=2318 tokens=303824896/500000000 loss=3.1017 lr=4.11e-05 tok/s=40,905 eta=4795.867928295451
step=2319 tokens=303955968/500000000 loss=3.1318 lr=4.11e-05 tok/s=40,961 eta=4786.170243517715
step=2320 tokens=304087040/500000000 loss=3.0908 lr=4.11e-05 tok/s=41,001 eta=4778.25939009531
step=2321 tokens=304218112/500000000 loss=2.9963 lr=4.1e-05 tok/s=40,935 eta=4782.800031585439
step=2322 tokens=304349184/500000000 loss=3.1701 lr=4.1e-05 tok/s=40,865 eta=4787.744137828041
step=2323 tokens=304480256/500000000 loss=3.0997 lr=4.1e-05 tok/s=40,750 eta=4797.975957521299
step=2324 tokens=304611328/500000000 loss=3.1028 lr=4.09e-05 tok/s=40,608 eta=4811.553955129878
step=2325 tokens=304742400/500000000 loss=2.9570 lr=4.09e-05 tok/s=40,696 eta=4797.951105504828
step=2326 tokens=304873472/500000000 loss=3.0745 lr=4.09e-05 tok/s=40,937 eta=4766.52868905146
step=2327 tokens=305004544/500000000 loss=3.0745 lr=4.08e-05 tok/s=29,378 eta=6637.466039858931
step=2328 tokens=305135616/500000000 loss=3.0261 lr=4.08e-05 tok/s=40,595 eta=4800.2624065255295
step=2329 tokens=305266688/500000000 loss=2.8881 lr=4.07e-05 tok/s=40,702 eta=4784.354182477539
step=2330 tokens=305397760/500000000 loss=2.9924 lr=4.07e-05 tok/s=40,696 eta=4781.809340574515
step=2331 tokens=305528832/500000000 loss=3.1519 lr=4.07e-05 tok/s=40,671 eta=4781.614303812187
step=2332 tokens=305659904/500000000 loss=3.1138 lr=4.06e-05 tok/s=40,716 eta=4773.051155236757
step=2333 tokens=305790976/500000000 loss=3.0995 lr=4.06e-05 tok/s=40,894 eta=4749.083448860951
step=2334 tokens=305922048/500000000 loss=3.1220 lr=4.06e-05 tok/s=40,650 eta=4774.414964697842
step=2335 tokens=306053120/500000000 loss=3.2140 lr=4.05e-05 tok/s=40,557 eta=4782.1058638445675
step=2336 tokens=306184192/500000000 loss=2.9083 lr=4.05e-05 tok/s=40,726 eta=4758.979951389422
step=2337 tokens=306315264/500000000 loss=2.9652 lr=4.05e-05 tok/s=40,738 eta=4754.424112930488
step=2338 tokens=306446336/500000000 loss=3.0727 lr=4.04e-05 tok/s=40,861 eta=4736.824455217797
step=2339 tokens=306577408/500000000 loss=3.0559 lr=4.04e-05 tok/s=40,930 eta=4725.674330661712
step=2340 tokens=306708480/500000000 loss=2.9997 lr=4.04e-05 tok/s=40,804 eta=4737.066021841297
step=2341 tokens=306839552/500000000 loss=2.9397 lr=4.03e-05 tok/s=40,880 eta=4725.10109170989
step=2342 tokens=306970624/500000000 loss=3.1303 lr=4.03e-05 tok/s=40,961 eta=4712.5286192091335
step=2343 tokens=307101696/500000000 loss=3.0575 lr=4.02e-05 tok/s=41,067 eta=4697.157431669682
step=2344 tokens=307232768/500000000 loss=3.0780 lr=4.02e-05 tok/s=40,975 eta=4704.49307258765
step=2345 tokens=307363840/500000000 loss=3.0989 lr=4.02e-05 tok/s=41,129 eta=4683.753250111206
step=2346 tokens=307494912/500000000 loss=3.1907 lr=4.01e-05 tok/s=41,106 eta=4683.177638819381
step=2347 tokens=307625984/500000000 loss=3.1110 lr=4.01e-05 tok/s=41,031 eta=4688.520389461928
step=2348 tokens=307757056/500000000 loss=3.0195 lr=4.01e-05 tok/s=41,097 eta=4677.8390377552505
step=2349 tokens=307888128/500000000 loss=2.9855 lr=4e-05 tok/s=40,861 eta=4701.643555875385
step=2350 tokens=308019200/500000000 loss=3.0359 lr=4e-05 tok/s=41,278 eta=4650.885376144909
step=2351 tokens=308150272/500000000 loss=3.0283 lr=4e-05 tok/s=41,035 eta=4675.239477345544
step=2352 tokens=308281344/500000000 loss=3.0862 lr=3.99e-05 tok/s=41,075 eta=4667.53076281677
step=2353 tokens=308412416/500000000 loss=3.1037 lr=3.99e-05 tok/s=41,005 eta=4672.272521319412
step=2354 tokens=308543488/500000000 loss=3.0277 lr=3.99e-05 tok/s=41,073 eta=4661.388992437614
step=2355 tokens=308674560/500000000 loss=3.0652 lr=3.98e-05 tok/s=41,110 eta=4653.982289584807
step=2356 tokens=308805632/500000000 loss=3.0532 lr=3.98e-05 tok/s=41,092 eta=4652.864097062286
step=2357 tokens=308936704/500000000 loss=2.9737 lr=3.97e-05 tok/s=40,785 eta=4684.677448848228
step=2358 tokens=309067776/500000000 loss=3.1024 lr=3.97e-05 tok/s=40,591 eta=4703.754318804647
step=2359 tokens=309198848/500000000 loss=3.0357 lr=3.97e-05 tok/s=40,807 eta=4675.681518529287
step=2360 tokens=309329920/500000000 loss=3.0596 lr=3.96e-05 tok/s=40,660 eta=4689.381234710513
step=2361 tokens=309460992/500000000 loss=2.8972 lr=3.96e-05 tok/s=40,974 eta=4650.216770932713
step=2362 tokens=309592064/500000000 loss=3.0690 lr=3.96e-05 tok/s=40,921 eta=4653.089698460527
step=2363 tokens=309723136/500000000 loss=3.0547 lr=3.95e-05 tok/s=40,963 eta=4645.134768421095
step=2364 tokens=309854208/500000000 loss=3.0554 lr=3.95e-05 tok/s=40,831 eta=4656.922316135927
step=2365 tokens=309985280/500000000 loss=2.9336 lr=3.95e-05 tok/s=40,593 eta=4680.961974776966
step=2366 tokens=310116352/500000000 loss=2.9322 lr=3.94e-05 tok/s=29,360 eta=6467.405296878993
step=2367 tokens=310247424/500000000 loss=2.9946 lr=3.94e-05 tok/s=40,608 eta=4672.832982259652
step=2368 tokens=310378496/500000000 loss=3.1106 lr=3.94e-05 tok/s=40,576 eta=4673.2753506452145
step=2369 tokens=310509568/500000000 loss=3.0031 lr=3.93e-05 tok/s=40,864 eta=4637.085582632349
step=2370 tokens=310640640/500000000 loss=2.9233 lr=3.93e-05 tok/s=40,951 eta=4624.04115840394
step=2371 tokens=310771712/500000000 loss=3.0766 lr=3.92e-05 tok/s=40,599 eta=4660.90214319118
step=2372 tokens=310902784/500000000 loss=3.1430 lr=3.92e-05 tok/s=40,626 eta=4654.612270978586
step=2373 tokens=311033856/500000000 loss=3.0716 lr=3.92e-05 tok/s=40,566 eta=4658.23783428471
step=2374 tokens=311164928/500000000 loss=3.0760 lr=3.91e-05 tok/s=40,921 eta=4614.58612484007
step=2375 tokens=311296000/500000000 loss=3.0237 lr=3.91e-05 tok/s=40,727 eta=4633.403705127627
step=2376 tokens=311427072/500000000 loss=3.0452 lr=3.91e-05 tok/s=40,766 eta=4625.766045730465
step=2377 tokens=311558144/500000000 loss=2.9415 lr=3.9e-05 tok/s=40,827 eta=4615.656509127982
step=2378 tokens=311689216/500000000 loss=2.9568 lr=3.9e-05 tok/s=40,921 eta=4601.849165923795
step=2379 tokens=311820288/500000000 loss=3.2565 lr=3.9e-05 tok/s=40,914 eta=4599.3782362025995
step=2380 tokens=311951360/500000000 loss=3.2258 lr=3.89e-05 tok/s=40,939 eta=4593.35146678259
step=2381 tokens=312082432/500000000 loss=3.0916 lr=3.89e-05 tok/s=40,968 eta=4586.908404898039
step=2382 tokens=312213504/500000000 loss=3.0364 lr=3.89e-05 tok/s=40,994 eta=4580.808297918945
step=2383 tokens=312344576/500000000 loss=3.0811 lr=3.88e-05 tok/s=41,140 eta=4561.351564137925
step=2384 tokens=312475648/500000000 loss=3.1282 lr=3.88e-05 tok/s=41,093 eta=4563.40094116598
step=2385 tokens=312606720/500000000 loss=2.9090 lr=3.88e-05 tok/s=41,143 eta=4554.638153994919
step=2386 tokens=312737792/500000000 loss=2.8406 lr=3.87e-05 tok/s=41,221 eta=4542.924519631276
step=2387 tokens=312868864/500000000 loss=3.0766 lr=3.87e-05 tok/s=41,178 eta=4544.419237616055
step=2388 tokens=312999936/500000000 loss=3.1001 lr=3.86e-05 tok/s=40,943 eta=4567.305171186034
step=2389 tokens=313131008/500000000 loss=3.0614 lr=3.86e-05 tok/s=41,022 eta=4555.38429755092
step=2390 tokens=313262080/500000000 loss=2.9898 lr=3.86e-05 tok/s=41,107 eta=4542.717914947947
step=2391 tokens=313393152/500000000 loss=2.9104 lr=3.85e-05 tok/s=40,749 eta=4579.384592883985
step=2392 tokens=313524224/500000000 loss=2.8898 lr=3.85e-05 tok/s=40,751 eta=4576.012552568382
step=2393 tokens=313655296/500000000 loss=2.9649 lr=3.85e-05 tok/s=40,899 eta=4556.200653013298
step=2394 tokens=313786368/500000000 loss=3.1708 lr=3.84e-05 tok/s=41,081 eta=4532.805440620895
step=2395 tokens=313917440/500000000 loss=3.1972 lr=3.84e-05 tok/s=41,180 eta=4518.724679844759
step=2396 tokens=314048512/500000000 loss=3.0658 lr=3.84e-05 tok/s=41,076 eta=4527.055342022398
step=2397 tokens=314179584/500000000 loss=3.0725 lr=3.83e-05 tok/s=41,041 eta=4527.653296429666
step=2398 tokens=314310656/500000000 loss=2.9783 lr=3.83e-05 tok/s=40,925 eta=4537.287705394637
step=2399 tokens=314441728/500000000 loss=2.9668 lr=3.83e-05 tok/s=40,896 eta=4537.342761737973
step=2400 tokens=314572800/500000000 loss=2.9825 lr=3.82e-05 tok/s=40,971 eta=4525.839060524807
step=2401 tokens=314703872/500000000 loss=3.0884 lr=3.82e-05 tok/s=41,113 eta=4506.948010678478
step=2402 tokens=314834944/500000000 loss=3.2040 lr=3.82e-05 tok/s=40,875 eta=4529.988215034305
step=2403 tokens=314966016/500000000 loss=2.9828 lr=3.81e-05 tok/s=41,343 eta=4475.589476172213
step=2404 tokens=315097088/500000000 loss=3.0423 lr=3.81e-05 tok/s=29,857 eta=6193.053085005442
step=2405 tokens=315228160/500000000 loss=3.0067 lr=3.81e-05 tok/s=41,221 eta=4482.429951498984
step=2406 tokens=315359232/500000000 loss=3.1641 lr=3.8e-05 tok/s=41,148 eta=4487.251053509294
step=2407 tokens=315490304/500000000 loss=2.9613 lr=3.8e-05 tok/s=41,193 eta=4479.111793257294
step=2408 tokens=315621376/500000000 loss=3.0371 lr=3.79e-05 tok/s=41,190 eta=4476.262649227973
step=2409 tokens=315752448/500000000 loss=2.9625 lr=3.79e-05 tok/s=41,151 eta=4477.381560190431
step=2410 tokens=315883520/500000000 loss=2.9208 lr=3.79e-05 tok/s=41,086 eta=4481.242868056995
step=2411 tokens=316014592/500000000 loss=3.1074 lr=3.78e-05 tok/s=41,263 eta=4458.829497701586
step=2412 tokens=316145664/500000000 loss=3.1059 lr=3.78e-05 tok/s=41,119 eta=4471.253164871289
step=2413 tokens=316276736/500000000 loss=2.9767 lr=3.78e-05 tok/s=41,090 eta=4471.2369023443225
step=2414 tokens=316407808/500000000 loss=3.1921 lr=3.77e-05 tok/s=41,073 eta=4469.8590507482995
step=2415 tokens=316538880/500000000 loss=2.9591 lr=3.77e-05 tok/s=41,062 eta=4467.949197287622
step=2416 tokens=316669952/500000000 loss=3.0681 lr=3.77e-05 tok/s=41,092 eta=4461.409036324497
step=2417 tokens=316801024/500000000 loss=3.0648 lr=3.76e-05 tok/s=41,066 eta=4461.103086253565
step=2418 tokens=316932096/500000000 loss=3.0087 lr=3.76e-05 tok/s=41,082 eta=4456.176862515157
step=2419 tokens=317063168/500000000 loss=2.9857 lr=3.76e-05 tok/s=41,322 eta=4427.079454594158
step=2420 tokens=317194240/500000000 loss=2.8815 lr=3.75e-05 tok/s=41,100 eta=4447.882270031458
step=2421 tokens=317325312/500000000 loss=3.0289 lr=3.75e-05 tok/s=41,133 eta=4441.041653454119
step=2422 tokens=317456384/500000000 loss=3.0057 lr=3.75e-05 tok/s=41,141 eta=4437.072263917177
step=2423 tokens=317587456/500000000 loss=3.0103 lr=3.74e-05 tok/s=41,146 eta=4433.305210224024
step=2424 tokens=317718528/500000000 loss=2.9381 lr=3.74e-05 tok/s=40,994 eta=4446.590670211617
step=2425 tokens=317849600/500000000 loss=3.0032 lr=3.74e-05 tok/s=41,132 eta=4428.483838886116
step=2426 tokens=317980672/500000000 loss=3.0955 lr=3.73e-05 tok/s=40,826 eta=4458.421825536904
step=2427 tokens=318111744/500000000 loss=3.0774 lr=3.73e-05 tok/s=41,081 eta=4427.514940833113
step=2428 tokens=318242816/500000000 loss=3.1183 lr=3.72e-05 tok/s=41,123 eta=4419.80878637789
step=2429 tokens=318373888/500000000 loss=3.1571 lr=3.72e-05 tok/s=41,054 eta=4424.066082492465
step=2430 tokens=318504960/500000000 loss=3.1347 lr=3.72e-05 tok/s=41,215 eta=4403.576044464465
step=2431 tokens=318636032/500000000 loss=3.0646 lr=3.71e-05 tok/s=41,358 eta=4385.210273365584
step=2432 tokens=318767104/500000000 loss=3.0313 lr=3.71e-05 tok/s=41,330 eta=4385.000036684195
step=2433 tokens=318898176/500000000 loss=3.0342 lr=3.71e-05 tok/s=41,392 eta=4375.3373787706105
step=2434 tokens=319029248/500000000 loss=3.0259 lr=3.7e-05 tok/s=41,457 eta=4365.306514288791
step=2435 tokens=319160320/500000000 loss=3.0739 lr=3.7e-05 tok/s=41,121 eta=4397.7509446363365
step=2436 tokens=319291392/500000000 loss=3.0836 lr=3.7e-05 tok/s=41,186 eta=4387.6270200522895
step=2437 tokens=319422464/500000000 loss=2.8548 lr=3.69e-05 tok/s=41,149 eta=4388.359122206288
step=2438 tokens=319553536/500000000 loss=3.0394 lr=3.69e-05 tok/s=41,204 eta=4379.3091738067005
step=2439 tokens=319684608/500000000 loss=3.1046 lr=3.69e-05 tok/s=41,308 eta=4365.196472582763
step=2440 tokens=319815680/500000000 loss=3.0141 lr=3.68e-05 tok/s=41,230 eta=4370.243559228346
step=2441 tokens=319946752/500000000 loss=3.1258 lr=3.68e-05 tok/s=41,185 eta=4371.855331381715
step=2442 tokens=320077824/500000000 loss=2.9695 lr=3.68e-05 tok/s=29,911 eta=6015.208852882064
step=2443 tokens=320208896/500000000 loss=3.1008 lr=3.67e-05 tok/s=41,042 eta=4380.675880587659
step=2444 tokens=320339968/500000000 loss=3.0902 lr=3.67e-05 tok/s=41,289 eta=4351.263749809198
step=2445 tokens=320471040/500000000 loss=2.9157 lr=3.67e-05 tok/s=41,135 eta=4364.436089257376
step=2446 tokens=320602112/500000000 loss=2.9984 lr=3.66e-05 tok/s=41,283 eta=4345.578898770302
step=2447 tokens=320733184/500000000 loss=3.0213 lr=3.66e-05 tok/s=41,213 eta=4349.739731341554
step=2448 tokens=320864256/500000000 loss=3.0626 lr=3.66e-05 tok/s=41,163 eta=4351.86414257763
step=2449 tokens=320995328/500000000 loss=3.0317 lr=3.65e-05 tok/s=41,114 eta=4353.89530236978
step=2450 tokens=321126400/500000000 loss=3.2584 lr=3.65e-05 tok/s=41,264 eta=4334.882076183554
step=2451 tokens=321257472/500000000 loss=2.9621 lr=3.65e-05 tok/s=41,050 eta=4354.270211624402
step=2452 tokens=321388544/500000000 loss=3.0528 lr=3.64e-05 tok/s=40,785 eta=4379.381913985606
step=2453 tokens=321519616/500000000 loss=3.0976 lr=3.64e-05 tok/s=41,148 eta=4337.477265081134
step=2454 tokens=321650688/500000000 loss=3.0604 lr=3.64e-05 tok/s=40,876 eta=4363.165750147955
step=2455 tokens=321781760/500000000 loss=3.0786 lr=3.63e-05 tok/s=40,821 eta=4365.802699226393
step=2456 tokens=321912832/500000000 loss=3.0302 lr=3.63e-05 tok/s=40,953 eta=4348.564684299246
step=2457 tokens=322043904/500000000 loss=3.0594 lr=3.62e-05 tok/s=40,823 eta=4359.180570155702
step=2458 tokens=322174976/500000000 loss=3.1666 lr=3.62e-05 tok/s=40,898 eta=4348.064341009324
step=2459 tokens=322306048/500000000 loss=3.1020 lr=3.62e-05 tok/s=41,014 eta=4332.473981947768
step=2460 tokens=322437120/500000000 loss=2.9302 lr=3.61e-05 tok/s=41,175 eta=4312.352743982329
step=2461 tokens=322568192/500000000 loss=2.9765 lr=3.61e-05 tok/s=40,645 eta=4365.40334017885
step=2462 tokens=322699264/500000000 loss=3.1472 lr=3.61e-05 tok/s=41,137 eta=4310.0413763434435
step=2463 tokens=322830336/500000000 loss=3.0915 lr=3.6e-05 tok/s=40,917 eta=4329.957400169331
step=2464 tokens=322961408/500000000 loss=3.2193 lr=3.6e-05 tok/s=41,049 eta=4312.890615176312
step=2465 tokens=323092480/500000000 loss=3.1501 lr=3.6e-05 tok/s=41,081 eta=4306.349812989611
step=2466 tokens=323223552/500000000 loss=3.0837 lr=3.59e-05 tok/s=41,185 eta=4292.291040739665
step=2467 tokens=323354624/500000000 loss=2.9416 lr=3.59e-05 tok/s=40,956 eta=4313.017672554804
step=2468 tokens=323485696/500000000 loss=3.0038 lr=3.59e-05 tok/s=41,215 eta=4282.81349032143
step=2469 tokens=323616768/500000000 loss=2.8477 lr=3.58e-05 tok/s=41,061 eta=4295.635552696733
step=2470 tokens=323747840/500000000 loss=2.9334 lr=3.58e-05 tok/s=40,937 eta=4305.410999746326
step=2471 tokens=323878912/500000000 loss=3.0730 lr=3.58e-05 tok/s=40,989 eta=4296.789335731644
step=2472 tokens=324009984/500000000 loss=2.9735 lr=3.57e-05 tok/s=40,973 eta=4295.233310159676
step=2473 tokens=324141056/500000000 loss=2.9941 lr=3.57e-05 tok/s=40,875 eta=4302.405445715952
step=2474 tokens=324272128/500000000 loss=3.0099 lr=3.57e-05 tok/s=40,824 eta=4304.49115416828
step=2475 tokens=324403200/500000000 loss=3.0099 lr=3.56e-05 tok/s=40,844 eta=4299.2449471190985
step=2476 tokens=324534272/500000000 loss=3.2347 lr=3.56e-05 tok/s=40,867 eta=4293.59143874792
step=2477 tokens=324665344/500000000 loss=3.1680 lr=3.56e-05 tok/s=40,951 eta=4281.557543788427
step=2478 tokens=324796416/500000000 loss=3.0064 lr=3.55e-05 tok/s=40,888 eta=4284.965374407313
step=2479 tokens=324927488/500000000 loss=3.1576 lr=3.55e-05 tok/s=40,820 eta=4288.862988080003
step=2480 tokens=325058560/500000000 loss=3.0830 lr=3.55e-05 tok/s=29,615 eta=5907.216303166123
checkpoint saved: runs/20260907-112712/checkpoints/tokens_000325m (permanent_tokens)
step=2481 tokens=325189632/500000000 loss=3.0701 lr=3.54e-05 tok/s=36,008 eta=4854.773240942531
step=2482 tokens=325320704/500000000 loss=2.9988 lr=3.54e-05 tok/s=41,158 eta=4244.127801210106
step=2483 tokens=325451776/500000000 loss=3.0871 lr=3.54e-05 tok/s=41,160 eta=4240.7619887399305
step=2484 tokens=325582848/500000000 loss=3.0886 lr=3.53e-05 tok/s=41,224 eta=4230.922535645588
step=2485 tokens=325713920/500000000 loss=3.2094 lr=3.53e-05 tok/s=41,146 eta=4235.8350740838605
step=2486 tokens=325844992/500000000 loss=3.1360 lr=3.53e-05 tok/s=40,922 eta=4255.755699569307
step=2487 tokens=325976064/500000000 loss=3.0361 lr=3.52e-05 tok/s=40,695 eta=4276.345472606807
step=2488 tokens=326107136/500000000 loss=3.0119 lr=3.52e-05 tok/s=40,791 eta=4262.98084256179
step=2489 tokens=326238208/500000000 loss=3.0803 lr=3.52e-05 tok/s=40,864 eta=4252.212247047552
step=2490 tokens=326369280/500000000 loss=3.1076 lr=3.51e-05 tok/s=40,780 eta=4257.774602239457
step=2491 tokens=326500352/500000000 loss=3.1433 lr=3.51e-05 tok/s=40,771 eta=4255.42311585386
step=2492 tokens=326631424/500000000 loss=3.2103 lr=3.51e-05 tok/s=40,750 eta=4254.400048167434
step=2493 tokens=326762496/500000000 loss=3.1251 lr=3.5e-05 tok/s=40,546 eta=4272.570509017184
step=2494 tokens=326893568/500000000 loss=3.2059 lr=3.5e-05 tok/s=40,592 eta=4264.562838606253
step=2495 tokens=327024640/500000000 loss=3.1847 lr=3.5e-05 tok/s=40,976 eta=4221.413307744703
step=2496 tokens=327155712/500000000 loss=3.0444 lr=3.49e-05 tok/s=40,924 eta=4223.582066785833
step=2497 tokens=327286784/500000000 loss=2.9876 lr=3.49e-05 tok/s=40,754 eta=4237.93830146039
step=2498 tokens=327417856/500000000 loss=3.0399 lr=3.48e-05 tok/s=40,997 eta=4209.677427737961
step=2499 tokens=327548928/500000000 loss=3.0528 lr=3.48e-05 tok/s=41,073 eta=4198.645413270592
step=2500 tokens=327680000/500000000 loss=2.9990 lr=3.48e-05 tok/s=41,305 eta=4171.893629379789
step=2501 tokens=327811072/500000000 loss=3.0607 lr=3.47e-05 tok/s=40,976 eta=4202.149301040689
step=2502 tokens=327942144/500000000 loss=3.0123 lr=3.47e-05 tok/s=41,024 eta=4194.098047600691
step=2503 tokens=328073216/500000000 loss=3.0403 lr=3.47e-05 tok/s=40,926 eta=4200.869413158674
step=2504 tokens=328204288/500000000 loss=2.9115 lr=3.46e-05 tok/s=40,801 eta=4210.579546848482
step=2505 tokens=328335360/500000000 loss=3.0074 lr=3.46e-05 tok/s=40,919 eta=4195.244362762423
step=2506 tokens=328466432/500000000 loss=2.7408 lr=3.46e-05 tok/s=40,949 eta=4188.969934390265
step=2507 tokens=328597504/500000000 loss=2.9832 lr=3.45e-05 tok/s=41,031 eta=4177.425690275992
step=2508 tokens=328728576/500000000 loss=3.0015 lr=3.45e-05 tok/s=40,853 eta=4192.415092440349
step=2509 tokens=328859648/500000000 loss=2.9576 lr=3.45e-05 tok/s=40,909 eta=4183.473666278748
step=2510 tokens=328990720/500000000 loss=3.2733 lr=3.44e-05 tok/s=40,971 eta=4173.876088004907
step=2511 tokens=329121792/500000000 loss=3.0246 lr=3.44e-05 tok/s=41,078 eta=4159.838150346011
step=2512 tokens=329252864/500000000 loss=2.9026 lr=3.44e-05 tok/s=40,930 eta=4171.699400384411
step=2513 tokens=329383936/500000000 loss=3.1563 lr=3.43e-05 tok/s=41,135 eta=4147.665021857427
step=2514 tokens=329515008/500000000 loss=2.9908 lr=3.43e-05 tok/s=41,256 eta=4132.341251559089
step=2515 tokens=329646080/500000000 loss=3.1158 lr=3.43e-05 tok/s=41,015 eta=4153.416630595714
step=2516 tokens=329777152/500000000 loss=3.0615 lr=3.42e-05 tok/s=41,142 eta=4137.494018617235
step=2517 tokens=329908224/500000000 loss=3.0437 lr=3.42e-05 tok/s=41,138 eta=4134.626652957103
step=2518 tokens=330039296/500000000 loss=3.0391 lr=3.42e-05 tok/s=29,948 eta=5675.164352062882
step=2519 tokens=330170368/500000000 loss=2.9528 lr=3.41e-05 tok/s=41,357 eta=4106.453003173492
step=2520 tokens=330301440/500000000 loss=3.0015 lr=3.41e-05 tok/s=41,223 eta=4116.585689847435
step=2521 tokens=330432512/500000000 loss=3.0280 lr=3.41e-05 tok/s=41,339 eta=4101.89043788705
step=2522 tokens=330563584/500000000 loss=3.0853 lr=3.4e-05 tok/s=41,091 eta=4123.4378770106905
step=2523 tokens=330694656/500000000 loss=3.0686 lr=3.4e-05 tok/s=40,891 eta=4140.404030734525
step=2524 tokens=330825728/500000000 loss=3.0730 lr=3.4e-05 tok/s=41,224 eta=4103.764504848615
step=2525 tokens=330956800/500000000 loss=3.1167 lr=3.39e-05 tok/s=41,154 eta=4107.555309777761
step=2526 tokens=331087872/500000000 loss=2.9929 lr=3.39e-05 tok/s=40,932 eta=4126.689455553816
step=2527 tokens=331218944/500000000 loss=3.0532 lr=3.39e-05 tok/s=41,290 eta=4087.656225465282
step=2528 tokens=331350016/500000000 loss=3.0809 lr=3.38e-05 tok/s=40,821 eta=4131.4043898786385
step=2529 tokens=331481088/500000000 loss=3.1577 lr=3.38e-05 tok/s=40,977 eta=4112.521945067101
step=2530 tokens=331612160/500000000 loss=2.9216 lr=3.38e-05 tok/s=41,259 eta=4081.2758293494426
step=2531 tokens=331743232/500000000 loss=3.0271 lr=3.37e-05 tok/s=41,292 eta=4074.842101902521
step=2532 tokens=331874304/500000000 loss=3.0283 lr=3.37e-05 tok/s=41,076 eta=4093.021319746861
step=2533 tokens=332005376/500000000 loss=3.0987 lr=3.37e-05 tok/s=41,137 eta=4083.831914947556
step=2534 tokens=332136448/500000000 loss=3.0036 lr=3.36e-05 tok/s=41,215 eta=4072.87641023297
step=2535 tokens=332267520/500000000 loss=2.9724 lr=3.36e-05 tok/s=41,167 eta=4074.4187579210097
step=2536 tokens=332398592/500000000 loss=3.0584 lr=3.36e-05 tok/s=41,205 eta=4067.4836175545674
step=2537 tokens=332529664/500000000 loss=3.0700 lr=3.35e-05 tok/s=41,121 eta=4072.6309933796974
step=2538 tokens=332660736/500000000 loss=3.2131 lr=3.35e-05 tok/s=41,411 eta=4040.957962924686
step=2539 tokens=332791808/500000000 loss=2.9654 lr=3.35e-05 tok/s=41,296 eta=4049.0084855254217
step=2540 tokens=332922880/500000000 loss=3.0226 lr=3.34e-05 tok/s=41,192 eta=4056.027387579104
step=2541 tokens=333053952/500000000 loss=3.0533 lr=3.34e-05 tok/s=41,359 eta=4036.5407844356937
step=2542 tokens=333185024/500000000 loss=3.3279 lr=3.34e-05 tok/s=41,324 eta=4036.7914560849163
step=2543 tokens=333316096/500000000 loss=3.1955 lr=3.33e-05 tok/s=41,062 eta=4059.3493803533484
step=2544 tokens=333447168/500000000 loss=3.1383 lr=3.33e-05 tok/s=41,186 eta=4043.8833866156865
step=2545 tokens=333578240/500000000 loss=3.0826 lr=3.33e-05 tok/s=41,040 eta=4055.1165184663923
step=2546 tokens=333709312/500000000 loss=2.9128 lr=3.32e-05 tok/s=41,174 eta=4038.731000231346
step=2547 tokens=333840384/500000000 loss=3.0106 lr=3.32e-05 tok/s=41,404 eta=4013.123655456296
step=2548 tokens=333971456/500000000 loss=3.0066 lr=3.32e-05 tok/s=41,024 eta=4047.151638834363
step=2549 tokens=334102528/500000000 loss=3.1056 lr=3.31e-05 tok/s=41,201 eta=4026.5881643248267
step=2550 tokens=334233600/500000000 loss=2.9846 lr=3.31e-05 tok/s=40,899 eta=4053.040553893866
step=2551 tokens=334364672/500000000 loss=3.1228 lr=3.31e-05 tok/s=41,322 eta=4008.4190431636375
step=2552 tokens=334495744/500000000 loss=3.0897 lr=3.3e-05 tok/s=40,843 eta=4052.21664892494
step=2553 tokens=334626816/500000000 loss=3.0460 lr=3.3e-05 tok/s=41,024 eta=4031.114722869789
step=2554 tokens=334757888/500000000 loss=3.1985 lr=3.3e-05 tok/s=41,108 eta=4019.7035420419725
step=2555 tokens=334888960/500000000 loss=2.9253 lr=3.29e-05 tok/s=41,148 eta=4012.6531826819537
step=2556 tokens=335020032/500000000 loss=3.0918 lr=3.29e-05 tok/s=29,881 eta=5521.169297718691
step=2557 tokens=335151104/500000000 loss=2.9024 lr=3.29e-05 tok/s=41,282 eta=3993.2553542944324
step=2558 tokens=335282176/500000000 loss=3.1235 lr=3.28e-05 tok/s=41,119 eta=4005.8940557900823
step=2559 tokens=335413248/500000000 loss=3.1486 lr=3.28e-05 tok/s=41,083 eta=4006.20762972164
step=2560 tokens=335544320/500000000 loss=3.0955 lr=3.28e-05 tok/s=41,079 eta=4003.425636547969
step=2561 tokens=335675392/500000000 loss=3.0002 lr=3.27e-05 tok/s=41,074 eta=4000.677663344053
step=2562 tokens=335806464/500000000 loss=3.0871 lr=3.27e-05 tok/s=41,098 eta=3995.1481736699366
step=2563 tokens=335937536/500000000 loss=3.0416 lr=3.27e-05 tok/s=41,003 eta=4001.229170846491
step=2564 tokens=336068608/500000000 loss=3.0831 lr=3.26e-05 tok/s=40,907 eta=4007.419817648562
step=2565 tokens=336199680/500000000 loss=2.9829 lr=3.26e-05 tok/s=40,974 eta=3997.6855609876993
step=2566 tokens=336330752/500000000 loss=3.0527 lr=3.26e-05 tok/s=40,828 eta=4008.7188771557526
step=2567 tokens=336461824/500000000 loss=3.0528 lr=3.26e-05 tok/s=40,939 eta=3994.643421378411
step=2568 tokens=336592896/500000000 loss=3.0298 lr=3.25e-05 tok/s=41,217 eta=3964.572756053955
step=2569 tokens=336723968/500000000 loss=3.1644 lr=3.25e-05 tok/s=41,009 eta=3981.4856541570866
step=2570 tokens=336855040/500000000 loss=2.9496 lr=3.25e-05 tok/s=41,080 eta=3971.392360924667
step=2571 tokens=336986112/500000000 loss=3.0748 lr=3.24e-05 tok/s=41,220 eta=3954.7319542121695
step=2572 tokens=337117184/500000000 loss=3.1112 lr=3.24e-05 tok/s=40,968 eta=3975.8110735198916
step=2573 tokens=337248256/500000000 loss=3.0408 lr=3.24e-05 tok/s=41,222 eta=3948.1477928966733
step=2574 tokens=337379328/500000000 loss=3.0176 lr=3.23e-05 tok/s=41,189 eta=3948.168697293627
step=2575 tokens=337510400/500000000 loss=3.0119 lr=3.23e-05 tok/s=41,147 eta=3948.9787139616924
step=2576 tokens=337641472/500000000 loss=3.1072 lr=3.23e-05 tok/s=41,075 eta=3952.7316467234514
step=2577 tokens=337772544/500000000 loss=2.9508 lr=3.22e-05 tok/s=41,108 eta=3946.3655117223843
step=2578 tokens=337903616/500000000 loss=2.9868 lr=3.22e-05 tok/s=41,187 eta=3935.6296610453787
step=2579 tokens=338034688/500000000 loss=3.0695 lr=3.22e-05 tok/s=41,055 eta=3945.0505679929793
step=2580 tokens=338165760/500000000 loss=3.0635 lr=3.21e-05 tok/s=40,846 eta=3962.0669976205468
step=2581 tokens=338296832/500000000 loss=3.0933 lr=3.21e-05 tok/s=40,946 eta=3949.223935036816
step=2582 tokens=338427904/500000000 loss=3.1043 lr=3.21e-05 tok/s=41,083 eta=3932.7806433428254
step=2583 tokens=338558976/500000000 loss=3.0644 lr=3.2e-05 tok/s=41,013 eta=3936.316258846184
step=2584 tokens=338690048/500000000 loss=3.1485 lr=3.2e-05 tok/s=41,227 eta=3912.7027735616375
step=2585 tokens=338821120/500000000 loss=2.9709 lr=3.2e-05 tok/s=41,189 eta=3913.1657704825147
step=2586 tokens=338952192/500000000 loss=3.0102 lr=3.19e-05 tok/s=41,277 eta=3901.6068503584042
step=2587 tokens=339083264/500000000 loss=3.0971 lr=3.19e-05 tok/s=41,139 eta=3911.5260275954643
step=2588 tokens=339214336/500000000 loss=3.0926 lr=3.19e-05 tok/s=41,224 eta=3900.297454609371
step=2589 tokens=339345408/500000000 loss=3.1066 lr=3.18e-05 tok/s=41,237 eta=3895.917837722579
step=2590 tokens=339476480/500000000 loss=3.0947 lr=3.18e-05 tok/s=41,195 eta=3896.655590062065
step=2591 tokens=339607552/500000000 loss=3.0599 lr=3.18e-05 tok/s=41,203 eta=3892.767817693833
step=2592 tokens=339738624/500000000 loss=3.0328 lr=3.17e-05 tok/s=41,362 eta=3874.6391616183296
step=2593 tokens=339869696/500000000 loss=3.0763 lr=3.17e-05 tok/s=41,575 eta=3851.6173015295617
step=2594 tokens=340000768/500000000 loss=3.1146 lr=3.17e-05 tok/s=30,033 eta=5327.393789971938
step=2595 tokens=340131840/500000000 loss=2.8197 lr=3.16e-05 tok/s=41,124 eta=3887.497423469725
step=2596 tokens=340262912/500000000 loss=3.1424 lr=3.16e-05 tok/s=41,288 eta=3868.8495597936676
step=2597 tokens=340393984/500000000 loss=3.1520 lr=3.16e-05 tok/s=41,458 eta=3849.802254093614
step=2598 tokens=340525056/500000000 loss=2.8219 lr=3.15e-05 tok/s=41,408 eta=3851.2905593566597
step=2599 tokens=340656128/500000000 loss=3.0633 lr=3.15e-05 tok/s=41,095 eta=3877.4302155261144
step=2600 tokens=340787200/500000000 loss=3.0500 lr=3.15e-05 tok/s=41,216 eta=3862.8660322474216
step=2601 tokens=340918272/500000000 loss=3.1613 lr=3.14e-05 tok/s=41,192 eta=3861.9341013989824
step=2602 tokens=341049344/500000000 loss=3.0528 lr=3.14e-05 tok/s=41,251 eta=3853.2349259381754
step=2603 tokens=341180416/500000000 loss=2.9963 lr=3.14e-05 tok/s=40,959 eta=3877.4893993361097
step=2604 tokens=341311488/500000000 loss=3.0548 lr=3.13e-05 tok/s=41,152 eta=3856.1830843916
step=2605 tokens=341442560/500000000 loss=2.9467 lr=3.13e-05 tok/s=41,003 eta=3867.0051960682754
step=2606 tokens=341573632/500000000 loss=3.0443 lr=3.13e-05 tok/s=40,950 eta=3868.7600480313245
step=2607 tokens=341704704/500000000 loss=3.0436 lr=3.13e-05 tok/s=41,087 eta=3852.660773296013
step=2608 tokens=341835776/500000000 loss=3.0833 lr=3.12e-05 tok/s=41,087 eta=3849.459569016636
step=2609 tokens=341966848/500000000 loss=3.0045 lr=3.12e-05 tok/s=41,160 eta=3839.516120435958
step=2610 tokens=342097920/500000000 loss=2.9628 lr=3.12e-05 tok/s=41,126 eta=3839.4802490902953
step=2611 tokens=342228992/500000000 loss=3.0943 lr=3.11e-05 tok/s=41,215 eta=3828.0152064540225
step=2612 tokens=342360064/500000000 loss=2.9867 lr=3.11e-05 tok/s=41,165 eta=3829.4565260404297
step=2613 tokens=342491136/500000000 loss=2.9905 lr=3.11e-05 tok/s=41,290 eta=3814.668565462533
step=2614 tokens=342622208/500000000 loss=3.0216 lr=3.1e-05 tok/s=41,131 eta=3826.224462982526
step=2615 tokens=342753280/500000000 loss=2.9230 lr=3.1e-05 tok/s=40,912 eta=3843.500069521059
step=2616 tokens=342884352/500000000 loss=3.0795 lr=3.1e-05 tok/s=40,963 eta=3835.564869509176
step=2617 tokens=343015424/500000000 loss=3.1043 lr=3.09e-05 tok/s=41,024 eta=3826.67837599468
step=2618 tokens=343146496/500000000 loss=3.1129 lr=3.09e-05 tok/s=41,275 eta=3800.2369526238595
step=2619 tokens=343277568/500000000 loss=3.0300 lr=3.09e-05 tok/s=41,029 eta=3819.782076233934
step=2620 tokens=343408640/500000000 loss=3.0165 lr=3.08e-05 tok/s=40,961 eta=3822.9358593867423
step=2621 tokens=343539712/500000000 loss=3.0987 lr=3.08e-05 tok/s=41,124 eta=3804.6080084759437
step=2622 tokens=343670784/500000000 loss=3.2178 lr=3.08e-05 tok/s=40,965 eta=3816.187193326235
step=2623 tokens=343801856/500000000 loss=3.0600 lr=3.07e-05 tok/s=41,116 eta=3798.9506457542307
step=2624 tokens=343932928/500000000 loss=3.0350 lr=3.07e-05 tok/s=40,874 eta=3818.2590809925578
step=2625 tokens=344064000/500000000 loss=3.1191 lr=3.07e-05 tok/s=40,894 eta=3813.151627340197
step=2626 tokens=344195072/500000000 loss=3.0333 lr=3.06e-05 tok/s=41,256 eta=3776.5725304999273
step=2627 tokens=344326144/500000000 loss=3.0514 lr=3.06e-05 tok/s=40,949 eta=3801.6601723298604
step=2628 tokens=344457216/500000000 loss=2.9461 lr=3.06e-05 tok/s=40,976 eta=3795.954765989506
step=2629 tokens=344588288/500000000 loss=3.1027 lr=3.06e-05 tok/s=41,005 eta=3790.1018517830585
step=2630 tokens=344719360/500000000 loss=3.0869 lr=3.05e-05 tok/s=40,966 eta=3790.503908076246
step=2631 tokens=344850432/500000000 loss=2.9716 lr=3.05e-05 tok/s=41,101 eta=3774.7920753469675
step=2632 tokens=344981504/500000000 loss=3.0115 lr=3.05e-05 tok/s=41,068 eta=3774.6375550904672
step=2633 tokens=345112576/500000000 loss=3.0633 lr=3.04e-05 tok/s=29,726 eta=5210.545215437726
step=2634 tokens=345243648/500000000 loss=2.9435 lr=3.04e-05 tok/s=40,944 eta=3779.685604565784
step=2635 tokens=345374720/500000000 loss=3.0436 lr=3.04e-05 tok/s=41,178 eta=3755.037862258141
step=2636 tokens=345505792/500000000 loss=3.0757 lr=3.03e-05 tok/s=41,280 eta=3742.5585662421745
step=2637 tokens=345636864/500000000 loss=3.1102 lr=3.03e-05 tok/s=41,063 eta=3759.1778010516045
step=2638 tokens=345767936/500000000 loss=3.0310 lr=3.03e-05 tok/s=41,170 eta=3746.2003971550744
step=2639 tokens=345899008/500000000 loss=3.0044 lr=3.02e-05 tok/s=41,121 eta=3747.5183569101678
step=2640 tokens=346030080/500000000 loss=3.1090 lr=3.02e-05 tok/s=41,201 eta=3737.0453234861857
step=2641 tokens=346161152/500000000 loss=3.2828 lr=3.02e-05 tok/s=41,069 eta=3745.9024189938123
step=2642 tokens=346292224/500000000 loss=2.9886 lr=3.01e-05 tok/s=41,090 eta=3740.781033911789
step=2643 tokens=346423296/500000000 loss=2.9084 lr=3.01e-05 tok/s=41,129 eta=3734.0349299758154
step=2644 tokens=346554368/500000000 loss=3.0264 lr=3.01e-05 tok/s=41,118 eta=3731.8540234334323
step=2645 tokens=346685440/500000000 loss=2.9899 lr=3e-05 tok/s=41,281 eta=3713.962187353745
step=2646 tokens=346816512/500000000 loss=2.9909 lr=3e-05 tok/s=41,053 eta=3731.327716374518
step=2647 tokens=346947584/500000000 loss=2.9126 lr=3e-05 tok/s=41,287 eta=3706.993619770254
step=2648 tokens=347078656/500000000 loss=3.0215 lr=3e-05 tok/s=41,224 eta=3709.5660315878836
step=2649 tokens=347209728/500000000 loss=3.0360 lr=2.99e-05 tok/s=41,170 eta=3711.170900200731
step=2650 tokens=347340800/500000000 loss=3.1224 lr=2.99e-05 tok/s=41,175 eta=3707.5602953499015
step=2651 tokens=347471872/500000000 loss=3.0216 lr=2.99e-05 tok/s=41,113 eta=3709.984033366203
step=2652 tokens=347602944/500000000 loss=3.0839 lr=2.98e-05 tok/s=41,056 eta=3711.958984103293
step=2653 tokens=347734016/500000000 loss=3.0675 lr=2.98e-05 tok/s=41,109 eta=3703.9319397796953
step=2654 tokens=347865088/500000000 loss=3.0070 lr=2.98e-05 tok/s=41,177 eta=3694.613755345653
step=2655 tokens=347996160/500000000 loss=2.8987 lr=2.97e-05 tok/s=41,150 eta=3693.9139560042913
step=2656 tokens=348127232/500000000 loss=2.9913 lr=2.97e-05 tok/s=41,206 eta=3685.684772532932
step=2657 tokens=348258304/500000000 loss=3.1286 lr=2.97e-05 tok/s=41,094 eta=3692.5438474645425
step=2658 tokens=348389376/500000000 loss=3.1701 lr=2.96e-05 tok/s=41,023 eta=3695.7087713409187
step=2659 tokens=348520448/500000000 loss=3.0989 lr=2.96e-05 tok/s=41,077 eta=3687.6951232438855
step=2660 tokens=348651520/500000000 loss=3.0825 lr=2.96e-05 tok/s=41,063 eta=3685.805469413505
step=2661 tokens=348782592/500000000 loss=3.1009 lr=2.95e-05 tok/s=40,955 eta=3692.252875583037
step=2662 tokens=348913664/500000000 loss=2.8643 lr=2.95e-05 tok/s=41,264 eta=3661.4812260882586
step=2663 tokens=349044736/500000000 loss=3.1541 lr=2.95e-05 tok/s=40,889 eta=3691.8067558163143
step=2664 tokens=349175808/500000000 loss=3.0037 lr=2.95e-05 tok/s=40,799 eta=3696.768932557407
step=2665 tokens=349306880/500000000 loss=3.0118 lr=2.94e-05 tok/s=40,923 eta=3682.3219652518856
step=2666 tokens=349437952/500000000 loss=2.8439 lr=2.94e-05 tok/s=40,919 eta=3679.473595587897
step=2667 tokens=349569024/500000000 loss=2.9994 lr=2.94e-05 tok/s=40,871 eta=3680.651532942312
step=2668 tokens=349700096/500000000 loss=2.9732 lr=2.93e-05 tok/s=40,941 eta=3671.137435768777
step=2669 tokens=349831168/500000000 loss=3.0033 lr=2.93e-05 tok/s=40,901 eta=3671.519440301287
step=2670 tokens=349962240/500000000 loss=3.0271 lr=2.93e-05 tok/s=40,918 eta=3666.772474350672
step=2671 tokens=350093312/500000000 loss=2.8948 lr=2.92e-05 tok/s=29,570 eta=5069.611951283411
checkpoint saved: runs/20260907-112712/checkpoints/tokens_000350m (permanent_tokens)
step=2672 tokens=350224384/500000000 loss=3.0931 lr=2.92e-05 tok/s=35,999 eta=4160.568735037955
step=2673 tokens=350355456/500000000 loss=3.0576 lr=2.92e-05 tok/s=41,120 eta=3639.247404823138
step=2674 tokens=350486528/500000000 loss=2.8821 lr=2.91e-05 tok/s=41,155 eta=3632.9787445711654
step=2675 tokens=350617600/500000000 loss=2.8060 lr=2.91e-05 tok/s=40,984 eta=3644.929149038731
step=2676 tokens=350748672/500000000 loss=2.9792 lr=2.91e-05 tok/s=40,991 eta=3641.1151085962815
step=2677 tokens=350879744/500000000 loss=3.0625 lr=2.9e-05 tok/s=41,143 eta=3624.464083781257
step=2678 tokens=351010816/500000000 loss=3.0348 lr=2.9e-05 tok/s=40,864 eta=3645.995417050478
step=2679 tokens=351141888/500000000 loss=3.1434 lr=2.9e-05 tok/s=41,029 eta=3628.084832548865
step=2680 tokens=351272960/500000000 loss=3.2613 lr=2.9e-05 tok/s=40,761 eta=3648.74379375346
step=2681 tokens=351404032/500000000 loss=2.8586 lr=2.89e-05 tok/s=40,818 eta=3640.451512393756
step=2682 tokens=351535104/500000000 loss=3.0805 lr=2.89e-05 tok/s=41,093 eta=3612.910269756057
step=2683 tokens=351666176/500000000 loss=2.7852 lr=2.89e-05 tok/s=41,251 eta=3595.858088850079
step=2684 tokens=351797248/500000000 loss=2.8899 lr=2.88e-05 tok/s=41,254 eta=3592.4820801706833
step=2685 tokens=351928320/500000000 loss=2.9590 lr=2.88e-05 tok/s=41,085 eta=3604.015854363922
step=2686 tokens=352059392/500000000 loss=3.1642 lr=2.88e-05 tok/s=41,069 eta=3602.251532404893
step=2687 tokens=352190464/500000000 loss=3.1162 lr=2.87e-05 tok/s=41,046 eta=3601.040458106039
step=2688 tokens=352321536/500000000 loss=3.0859 lr=2.87e-05 tok/s=40,888 eta=3611.755772421794
step=2689 tokens=352452608/500000000 loss=3.0166 lr=2.87e-05 tok/s=40,999 eta=3598.836438607239
step=2690 tokens=352583680/500000000 loss=3.2079 lr=2.86e-05 tok/s=41,076 eta=3588.902095956704
step=2691 tokens=352714752/500000000 loss=3.1409 lr=2.86e-05 tok/s=41,025 eta=3590.1001950427367
step=2692 tokens=352845824/500000000 loss=3.1202 lr=2.86e-05 tok/s=41,112 eta=3579.369181975594
step=2693 tokens=352976896/500000000 loss=2.9799 lr=2.86e-05 tok/s=40,907 eta=3594.0657935376407
step=2694 tokens=353107968/500000000 loss=3.0540 lr=2.85e-05 tok/s=40,956 eta=3586.573758612502
step=2695 tokens=353239040/500000000 loss=2.9866 lr=2.85e-05 tok/s=41,041 eta=3575.997066550949
step=2696 tokens=353370112/500000000 loss=3.1440 lr=2.85e-05 tok/s=41,176 eta=3561.042337886264
step=2697 tokens=353501184/500000000 loss=3.0274 lr=2.84e-05 tok/s=41,213 eta=3554.6677956860926
step=2698 tokens=353632256/500000000 loss=3.0336 lr=2.84e-05 tok/s=41,047 eta=3565.8348811214714
step=2699 tokens=353763328/500000000 loss=3.0588 lr=2.84e-05 tok/s=41,124 eta=3555.960809208795
step=2700 tokens=353894400/500000000 loss=3.1276 lr=2.83e-05 tok/s=41,135 eta=3551.8352989364844
step=2701 tokens=354025472/500000000 loss=3.0479 lr=2.83e-05 tok/s=41,133 eta=3548.83269802484
step=2702 tokens=354156544/500000000 loss=3.0522 lr=2.83e-05 tok/s=40,771 eta=3577.1471245434122
step=2703 tokens=354287616/500000000 loss=2.9329 lr=2.83e-05 tok/s=40,896 eta=3563.003087815592
step=2704 tokens=354418688/500000000 loss=2.9821 lr=2.82e-05 tok/s=41,016 eta=3549.3387829288486
step=2705 tokens=354549760/500000000 loss=2.9501 lr=2.82e-05 tok/s=41,111 eta=3538.0234574411165
step=2706 tokens=354680832/500000000 loss=3.0094 lr=2.82e-05 tok/s=41,098 eta=3535.9148841954793
step=2707 tokens=354811904/500000000 loss=2.8590 lr=2.81e-05 tok/s=41,119 eta=3530.921605491482
step=2708 tokens=354942976/500000000 loss=3.0459 lr=2.81e-05 tok/s=41,099 eta=3529.4539723613816
step=2709 tokens=355074048/500000000 loss=3.1663 lr=2.81e-05 tok/s=29,813 eta=4861.116855784998
step=2710 tokens=355205120/500000000 loss=3.0567 lr=2.8e-05 tok/s=41,416 eta=3496.0997111287174
step=2711 tokens=355336192/500000000 loss=2.8849 lr=2.8e-05 tok/s=41,259 eta=3506.2318263152206
step=2712 tokens=355467264/500000000 loss=2.9622 lr=2.8e-05 tok/s=41,190 eta=3508.9200522817223
step=2713 tokens=355598336/500000000 loss=2.9566 lr=2.79e-05 tok/s=41,429 eta=3485.505201266198
step=2714 tokens=355729408/500000000 loss=2.9313 lr=2.79e-05 tok/s=41,287 eta=3494.2940938800434
step=2715 tokens=355860480/500000000 loss=2.9634 lr=2.79e-05 tok/s=41,449 eta=3477.5450804737234
step=2716 tokens=355991552/500000000 loss=2.8900 lr=2.79e-05 tok/s=41,480 eta=3471.7626026445787
step=2717 tokens=356122624/500000000 loss=3.1075 lr=2.78e-05 tok/s=41,272 eta=3486.075273686057
step=2718 tokens=356253696/500000000 loss=2.9689 lr=2.78e-05 tok/s=41,289 eta=3481.4459079194744
step=2719 tokens=356384768/500000000 loss=3.1070 lr=2.78e-05 tok/s=41,439 eta=3465.6883342857313
step=2720 tokens=356515840/500000000 loss=2.7982 lr=2.77e-05 tok/s=41,309 eta=3473.410891981183
step=2721 tokens=356646912/500000000 loss=3.1340 lr=2.77e-05 tok/s=41,204 eta=3479.1468481040893
step=2722 tokens=356777984/500000000 loss=3.0425 lr=2.77e-05 tok/s=41,245 eta=3472.4351616511226
step=2723 tokens=356909056/500000000 loss=3.1424 lr=2.76e-05 tok/s=41,124 eta=3479.531133773198
step=2724 tokens=357040128/500000000 loss=3.1113 lr=2.76e-05 tok/s=41,083 eta=3479.768420177894
step=2725 tokens=357171200/500000000 loss=3.0539 lr=2.76e-05 tok/s=41,087 eta=3476.26549543413
step=2726 tokens=357302272/500000000 loss=3.0809 lr=2.76e-05 tok/s=41,109 eta=3471.2454131626223
step=2727 tokens=357433344/500000000 loss=2.9617 lr=2.75e-05 tok/s=41,158 eta=3463.868558179614
step=2728 tokens=357564416/500000000 loss=3.0717 lr=2.75e-05 tok/s=41,194 eta=3457.711500241953
step=2729 tokens=357695488/500000000 loss=3.1080 lr=2.75e-05 tok/s=41,021 eta=3469.025420650385
step=2730 tokens=357826560/500000000 loss=2.9309 lr=2.74e-05 tok/s=41,034 eta=3464.8018455317224
step=2731 tokens=357957632/500000000 loss=3.0555 lr=2.74e-05 tok/s=40,976 eta=3466.5101775046587
step=2732 tokens=358088704/500000000 loss=2.8910 lr=2.74e-05 tok/s=40,886 eta=3470.8711158321594
step=2733 tokens=358219776/500000000 loss=3.0105 lr=2.73e-05 tok/s=40,758 eta=3478.616047901568
step=2734 tokens=358350848/500000000 loss=2.9100 lr=2.73e-05 tok/s=40,909 eta=3462.519549709411
step=2735 tokens=358481920/500000000 loss=3.0296 lr=2.73e-05 tok/s=41,032 eta=3448.977982351544
step=2736 tokens=358612992/500000000 loss=2.8719 lr=2.73e-05 tok/s=41,083 eta=3441.5151869453425
step=2737 tokens=358744064/500000000 loss=2.9551 lr=2.72e-05 tok/s=41,198 eta=3428.734318119274
step=2738 tokens=358875136/500000000 loss=3.0456 lr=2.72e-05 tok/s=41,002 eta=3441.930370993716
step=2739 tokens=359006208/500000000 loss=3.0346 lr=2.72e-05 tok/s=41,079 eta=3432.2766818926816
step=2740 tokens=359137280/500000000 loss=2.8966 lr=2.71e-05 tok/s=41,256 eta=3414.376203042966
step=2741 tokens=359268352/500000000 loss=2.9270 lr=2.71e-05 tok/s=41,308 eta=3406.874254257414
step=2742 tokens=359399424/500000000 loss=3.1213 lr=2.71e-05 tok/s=40,973 eta=3431.5726780036384
step=2743 tokens=359530496/500000000 loss=3.0534 lr=2.7e-05 tok/s=41,040 eta=3422.726757994268
step=2744 tokens=359661568/500000000 loss=3.1678 lr=2.7e-05 tok/s=41,244 eta=3402.6269172033662
step=2745 tokens=359792640/500000000 loss=3.2295 lr=2.7e-05 tok/s=41,155 eta=3406.7756329397957
step=2746 tokens=359923712/500000000 loss=2.9804 lr=2.7e-05 tok/s=41,182 eta=3401.412128655026
step=2747 tokens=360054784/500000000 loss=2.8823 lr=2.69e-05 tok/s=29,777 eta=4699.83547642919
step=2748 tokens=360185856/500000000 loss=2.9903 lr=2.69e-05 tok/s=41,092 eta=3402.456773036782
step=2749 tokens=360316928/500000000 loss=3.0325 lr=2.69e-05 tok/s=41,375 eta=3376.064837963179
step=2750 tokens=360448000/500000000 loss=3.0449 lr=2.68e-05 tok/s=41,457 eta=3366.2116128587204
step=2751 tokens=360579072/500000000 loss=2.7805 lr=2.68e-05 tok/s=41,205 eta=3383.630979434904
step=2752 tokens=360710144/500000000 loss=3.0389 lr=2.68e-05 tok/s=41,289 eta=3373.5147077874876
step=2753 tokens=360841216/500000000 loss=3.0571 lr=2.68e-05 tok/s=41,250 eta=3373.5503341642975
step=2754 tokens=360972288/500000000 loss=3.1271 lr=2.67e-05 tok/s=41,166 eta=3377.2281052195654
step=2755 tokens=361103360/500000000 loss=3.1110 lr=2.67e-05 tok/s=41,041 eta=3384.3475931053486
step=2756 tokens=361234432/500000000 loss=2.7456 lr=2.67e-05 tok/s=41,252 eta=3363.8632575803945
step=2757 tokens=361365504/500000000 loss=2.9490 lr=2.66e-05 tok/s=41,187 eta=3365.9947140798427
step=2758 tokens=361496576/500000000 loss=3.1829 lr=2.66e-05 tok/s=41,192 eta=3362.376121982599
step=2759 tokens=361627648/500000000 loss=2.9637 lr=2.66e-05 tok/s=41,351 eta=3346.2991081829573
step=2760 tokens=361758720/500000000 loss=2.9573 lr=2.65e-05 tok/s=41,274 eta=3349.3754964315026
step=2761 tokens=361889792/500000000 loss=3.0122 lr=2.65e-05 tok/s=41,260 eta=3347.275221932802
step=2762 tokens=362020864/500000000 loss=3.0892 lr=2.65e-05 tok/s=41,236 eta=3346.0795049133026
step=2763 tokens=362151936/500000000 loss=3.0365 lr=2.65e-05 tok/s=41,239 eta=3342.630477468581
step=2764 tokens=362283008/500000000 loss=2.9525 lr=2.64e-05 tok/s=41,245 eta=3339.018276197857
step=2765 tokens=362414080/500000000 loss=3.0284 lr=2.64e-05 tok/s=41,132 eta=3344.984397483863
step=2766 tokens=362545152/500000000 loss=3.2322 lr=2.64e-05 tok/s=41,111 eta=3343.480351149103
step=2767 tokens=362676224/500000000 loss=2.9534 lr=2.63e-05 tok/s=41,289 eta=3325.882643012532
step=2768 tokens=362807296/500000000 loss=3.0185 lr=2.63e-05 tok/s=41,201 eta=3329.8752177935053
step=2769 tokens=362938368/500000000 loss=3.0876 lr=2.63e-05 tok/s=41,201 eta=3326.637845710987
step=2770 tokens=363069440/500000000 loss=3.0646 lr=2.63e-05 tok/s=41,274 eta=3317.6372283689248
step=2771 tokens=363200512/500000000 loss=2.9938 lr=2.62e-05 tok/s=41,285 eta=3313.5400096967596
step=2772 tokens=363331584/500000000 loss=2.9806 lr=2.62e-05 tok/s=41,183 eta=3318.5625534547835
step=2773 tokens=363462656/500000000 loss=3.1018 lr=2.62e-05 tok/s=41,406 eta=3297.5339465922907
step=2774 tokens=363593728/500000000 loss=2.9922 lr=2.61e-05 tok/s=41,212 eta=3309.8578224660846
step=2775 tokens=363724800/500000000 loss=3.0009 lr=2.61e-05 tok/s=41,232 eta=3305.0799261736556
step=2776 tokens=363855872/500000000 loss=2.9886 lr=2.61e-05 tok/s=41,179 eta=3306.1384297762515
step=2777 tokens=363986944/500000000 loss=3.1314 lr=2.61e-05 tok/s=41,221 eta=3299.6425744425965
step=2778 tokens=364118016/500000000 loss=3.0578 lr=2.6e-05 tok/s=41,049 eta=3310.2039772401235
step=2779 tokens=364249088/500000000 loss=2.9014 lr=2.6e-05 tok/s=41,233 eta=3292.2973827583996
step=2780 tokens=364380160/500000000 loss=2.8772 lr=2.6e-05 tok/s=41,374 eta=3277.9038981158924
step=2781 tokens=364511232/500000000 loss=3.2451 lr=2.59e-05 tok/s=41,261 eta=3283.695774015018
step=2782 tokens=364642304/500000000 loss=2.9996 lr=2.59e-05 tok/s=41,338 eta=3274.408483618585
step=2783 tokens=364773376/500000000 loss=2.9846 lr=2.59e-05 tok/s=41,221 eta=3280.5193809460307
step=2784 tokens=364904448/500000000 loss=3.0174 lr=2.59e-05 tok/s=41,277 eta=3272.9258572623316
step=2785 tokens=365035520/500000000 loss=3.1854 lr=2.58e-05 tok/s=29,614 eta=4557.525579010196
step=2786 tokens=365166592/500000000 loss=3.0844 lr=2.58e-05 tok/s=41,335 eta=3261.9450144373263
step=2787 tokens=365297664/500000000 loss=3.0406 lr=2.58e-05 tok/s=41,047 eta=3281.684622841376
step=2788 tokens=365428736/500000000 loss=3.0678 lr=2.57e-05 tok/s=41,241 eta=3263.074839003158
step=2789 tokens=365559808/500000000 loss=3.0195 lr=2.57e-05 tok/s=41,346 eta=3251.61805351385
step=2790 tokens=365690880/500000000 loss=3.0214 lr=2.57e-05 tok/s=41,353 eta=3247.8375162465854
step=2791 tokens=365821952/500000000 loss=3.0623 lr=2.56e-05 tok/s=41,270 eta=3251.260056713808
step=2792 tokens=365953024/500000000 loss=3.0193 lr=2.56e-05 tok/s=41,506 eta=3229.6034961067085
step=2793 tokens=366084096/500000000 loss=3.0987 lr=2.56e-05 tok/s=41,392 eta=3235.29705033923
step=2794 tokens=366215168/500000000 loss=2.9770 lr=2.56e-05 tok/s=41,471 eta=3226.0230155044615
step=2795 tokens=366346240/500000000 loss=3.1188 lr=2.55e-05 tok/s=41,281 eta=3237.6678702396193
step=2796 tokens=366477312/500000000 loss=2.8347 lr=2.55e-05 tok/s=41,187 eta=3241.8358324011006
step=2797 tokens=366608384/500000000 loss=3.1776 lr=2.55e-05 tok/s=41,311 eta=3228.9764656099746
step=2798 tokens=366739456/500000000 loss=3.0740 lr=2.54e-05 tok/s=41,551 eta=3207.134749464384
step=2799 tokens=366870528/500000000 loss=2.9899 lr=2.54e-05 tok/s=41,465 eta=3210.630480181108
step=2800 tokens=367001600/500000000 loss=2.8179 lr=2.54e-05 tok/s=41,359 eta=3215.722460446028
step=2801 tokens=367132672/500000000 loss=2.9497 lr=2.54e-05 tok/s=41,250 eta=3221.00357421577
step=2802 tokens=367263744/500000000 loss=3.0627 lr=2.53e-05 tok/s=41,208 eta=3221.156709929227
step=2803 tokens=367394816/500000000 loss=2.9122 lr=2.53e-05 tok/s=41,398 eta=3203.2006460050325
step=2804 tokens=367525888/500000000 loss=3.0699 lr=2.53e-05 tok/s=41,490 eta=3192.926835207609
step=2805 tokens=367656960/500000000 loss=2.9913 lr=2.53e-05 tok/s=41,348 eta=3200.6940252882314
step=2806 tokens=367788032/500000000 loss=3.0120 lr=2.52e-05 tok/s=41,449 eta=3189.7733634162278
step=2807 tokens=367919104/500000000 loss=3.1877 lr=2.52e-05 tok/s=41,608 eta=3174.415798776599
step=2808 tokens=368050176/500000000 loss=3.1336 lr=2.52e-05 tok/s=41,520 eta=3178.016669341618
step=2809 tokens=368181248/500000000 loss=3.1857 lr=2.51e-05 tok/s=41,479 eta=3177.9429190005294
step=2810 tokens=368312320/500000000 loss=3.1024 lr=2.51e-05 tok/s=41,586 eta=3166.652191169252
step=2811 tokens=368443392/500000000 loss=2.9388 lr=2.51e-05 tok/s=41,432 eta=3175.2327831878924
step=2812 tokens=368574464/500000000 loss=2.9841 lr=2.51e-05 tok/s=41,441 eta=3171.3829968305495
step=2813 tokens=368705536/500000000 loss=2.9584 lr=2.5e-05 tok/s=41,701 eta=3148.442301502877
step=2814 tokens=368836608/500000000 loss=2.9180 lr=2.5e-05 tok/s=41,774 eta=3139.850498351312
step=2815 tokens=368967680/500000000 loss=3.1050 lr=2.5e-05 tok/s=41,832 eta=3132.3768047019526
step=2816 tokens=369098752/500000000 loss=3.0624 lr=2.49e-05 tok/s=41,519 eta=3152.8257588166025
step=2817 tokens=369229824/500000000 loss=2.9944 lr=2.49e-05 tok/s=41,609 eta=3142.8504814774014
step=2818 tokens=369360896/500000000 loss=3.1493 lr=2.49e-05 tok/s=41,722 eta=3131.168007635799
step=2819 tokens=369491968/500000000 loss=3.0653 lr=2.49e-05 tok/s=41,860 eta=3117.755447418372
step=2820 tokens=369623040/500000000 loss=3.0623 lr=2.48e-05 tok/s=41,433 eta=3146.6826156876677
step=2821 tokens=369754112/500000000 loss=3.0715 lr=2.48e-05 tok/s=41,548 eta=3134.799523217636
step=2822 tokens=369885184/500000000 loss=3.0529 lr=2.48e-05 tok/s=41,781 eta=3114.189016571572
step=2823 tokens=370016256/500000000 loss=3.0649 lr=2.47e-05 tok/s=30,244 eta=4297.854271810116
step=2824 tokens=370147328/500000000 loss=3.0051 lr=2.47e-05 tok/s=41,743 eta=3110.771585484071
step=2825 tokens=370278400/500000000 loss=2.9258 lr=2.47e-05 tok/s=41,787 eta=3104.323204846389
step=2826 tokens=370409472/500000000 loss=3.0598 lr=2.47e-05 tok/s=41,860 eta=3095.8226615537474
step=2827 tokens=370540544/500000000 loss=3.0255 lr=2.46e-05 tok/s=41,756 eta=3100.360888237245
step=2828 tokens=370671616/500000000 loss=2.9551 lr=2.46e-05 tok/s=41,876 eta=3088.34817870239
step=2829 tokens=370802688/500000000 loss=3.0909 lr=2.46e-05 tok/s=41,848 eta=3087.3089979975352
step=2830 tokens=370933760/500000000 loss=3.0846 lr=2.45e-05 tok/s=41,916 eta=3079.177306614412
step=2831 tokens=371064832/500000000 loss=3.1501 lr=2.45e-05 tok/s=41,887 eta=3078.1750505074087
step=2832 tokens=371195904/500000000 loss=2.9332 lr=2.45e-05 tok/s=41,841 eta=3078.4339143133857
step=2833 tokens=371326976/500000000 loss=2.9761 lr=2.45e-05 tok/s=41,922 eta=3069.3649941289573
step=2834 tokens=371458048/500000000 loss=3.0115 lr=2.44e-05 tok/s=41,874 eta=3069.7333295128487
step=2835 tokens=371589120/500000000 loss=3.0552 lr=2.44e-05 tok/s=41,784 eta=3073.2111132359883
step=2836 tokens=371720192/500000000 loss=3.0793 lr=2.44e-05 tok/s=41,732 eta=3073.9074252076666
step=2837 tokens=371851264/500000000 loss=2.9302 lr=2.44e-05 tok/s=41,957 eta=3054.3007428600536
step=2838 tokens=371982336/500000000 loss=2.8636 lr=2.43e-05 tok/s=41,953 eta=3051.4697537046018
step=2839 tokens=372113408/500000000 loss=3.1301 lr=2.43e-05 tok/s=42,007 eta=3044.400633333308
step=2840 tokens=372244480/500000000 loss=2.9706 lr=2.43e-05 tok/s=41,981 eta=3043.163428985981
step=2841 tokens=372375552/500000000 loss=2.8460 lr=2.42e-05 tok/s=41,791 eta=3053.847656710159
step=2842 tokens=372506624/500000000 loss=3.0886 lr=2.42e-05 tok/s=41,919 eta=3041.392766922146
step=2843 tokens=372637696/500000000 loss=2.9694 lr=2.42e-05 tok/s=42,076 eta=3026.957758571969
step=2844 tokens=372768768/500000000 loss=2.9206 lr=2.42e-05 tok/s=41,984 eta=3030.4532816488877
step=2845 tokens=372899840/500000000 loss=3.1961 lr=2.41e-05 tok/s=41,585 eta=3056.427406443009
step=2846 tokens=373030912/500000000 loss=3.0777 lr=2.41e-05 tok/s=41,789 eta=3038.3456283126116
step=2847 tokens=373161984/500000000 loss=3.1566 lr=2.41e-05 tok/s=41,779 eta=3035.9396802813435
step=2848 tokens=373293056/500000000 loss=2.9885 lr=2.4e-05 tok/s=41,718 eta=3037.242058428835
step=2849 tokens=373424128/500000000 loss=3.1705 lr=2.4e-05 tok/s=41,910 eta=3020.1728162824493
step=2850 tokens=373555200/500000000 loss=3.0576 lr=2.4e-05 tok/s=41,599 eta=3039.640861474632
step=2851 tokens=373686272/500000000 loss=3.0718 lr=2.4e-05 tok/s=41,814 eta=3020.8816445047246
step=2852 tokens=373817344/500000000 loss=3.0793 lr=2.39e-05 tok/s=41,867 eta=3013.8715275094387
step=2853 tokens=373948416/500000000 loss=2.9281 lr=2.39e-05 tok/s=41,721 eta=3021.3303880268536
step=2854 tokens=374079488/500000000 loss=3.0908 lr=2.39e-05 tok/s=41,526 eta=3032.3401994545675
step=2855 tokens=374210560/500000000 loss=3.0783 lr=2.39e-05 tok/s=41,457 eta=3034.2418791229
step=2856 tokens=374341632/500000000 loss=3.0883 lr=2.38e-05 tok/s=41,764 eta=3008.776766792167
step=2857 tokens=374472704/500000000 loss=3.0723 lr=2.38e-05 tok/s=41,696 eta=3010.5524777494797
step=2858 tokens=374603776/500000000 loss=3.0544 lr=2.38e-05 tok/s=41,858 eta=2995.758780531452
step=2859 tokens=374734848/500000000 loss=2.8371 lr=2.37e-05 tok/s=41,847 eta=2993.431979294444
step=2860 tokens=374865920/500000000 loss=2.9042 lr=2.37e-05 tok/s=41,617 eta=3006.837711005901
step=2861 tokens=374996992/500000000 loss=2.9469 lr=2.37e-05 tok/s=41,828 eta=2988.4881710919026
step=2862 tokens=375128064/500000000 loss=2.9660 lr=2.37e-05 tok/s=30,287 eta=4122.931659671414
checkpoint saved: runs/20260907-112712/checkpoints/tokens_000375m (permanent_tokens)
step=2863 tokens=375259136/500000000 loss=2.9240 lr=2.36e-05 tok/s=36,522 eta=3415.4606590984936
step=2864 tokens=375390208/500000000 loss=2.8737 lr=2.36e-05 tok/s=41,897 eta=2974.2270560283687
step=2865 tokens=375521280/500000000 loss=2.9997 lr=2.36e-05 tok/s=41,804 eta=2977.6605306146994
step=2866 tokens=375652352/500000000 loss=2.8620 lr=2.36e-05 tok/s=41,749 eta=2978.4442905499736
step=2867 tokens=375783424/500000000 loss=3.1301 lr=2.35e-05 tok/s=41,653 eta=2982.1637037798405
step=2868 tokens=375914496/500000000 loss=2.9698 lr=2.35e-05 tok/s=41,680 eta=2977.1181905268745
step=2869 tokens=376045568/500000000 loss=3.1371 lr=2.35e-05 tok/s=41,755 eta=2968.5990334579956
step=2870 tokens=376176640/500000000 loss=2.9342 lr=2.35e-05 tok/s=41,962 eta=2950.8246295151102
step=2871 tokens=376307712/500000000 loss=3.0138 lr=2.34e-05 tok/s=41,877 eta=2953.7103083874586
step=2872 tokens=376438784/500000000 loss=2.9182 lr=2.34e-05 tok/s=41,865 eta=2951.4294248806723
step=2873 tokens=376569856/500000000 loss=3.0862 lr=2.34e-05 tok/s=42,016 eta=2937.702161338286
step=2874 tokens=376700928/500000000 loss=3.0618 lr=2.33e-05 tok/s=41,805 eta=2949.401616349488
step=2875 tokens=376832000/500000000 loss=2.9099 lr=2.33e-05 tok/s=41,879 eta=2941.0125498317466
step=2876 tokens=376963072/500000000 loss=2.9145 lr=2.33e-05 tok/s=41,669 eta=2952.715042373596
step=2877 tokens=377094144/500000000 loss=3.0993 lr=2.33e-05 tok/s=41,703 eta=2947.2056266419427
step=2878 tokens=377225216/500000000 loss=3.0021 lr=2.32e-05 tok/s=41,640 eta=2948.4743552786267
step=2879 tokens=377356288/500000000 loss=3.1473 lr=2.32e-05 tok/s=41,517 eta=2954.088080064565
step=2880 tokens=377487360/500000000 loss=3.0413 lr=2.32e-05 tok/s=41,459 eta=2955.0381884787857
step=2881 tokens=377618432/500000000 loss=3.0897 lr=2.32e-05 tok/s=41,482 eta=2950.267484834291
step=2882 tokens=377749504/500000000 loss=2.9543 lr=2.31e-05 tok/s=41,531 eta=2943.5769839862314
step=2883 tokens=377880576/500000000 loss=2.9224 lr=2.31e-05 tok/s=41,342 eta=2953.8952112362463
step=2884 tokens=378011648/500000000 loss=3.0442 lr=2.31e-05 tok/s=40,994 eta=2975.7485899207954
step=2885 tokens=378142720/500000000 loss=3.0213 lr=2.3e-05 tok/s=41,062 eta=2967.667401524571
step=2886 tokens=378273792/500000000 loss=2.9927 lr=2.3e-05 tok/s=41,211 eta=2953.732563638752
step=2887 tokens=378404864/500000000 loss=3.0061 lr=2.3e-05 tok/s=41,360 eta=2939.8979479398604
step=2888 tokens=378535936/500000000 loss=3.1092 lr=2.3e-05 tok/s=41,191 eta=2948.7731873611483
step=2889 tokens=378667008/500000000 loss=3.0259 lr=2.29e-05 tok/s=41,188 eta=2945.850439806069
step=2890 tokens=378798080/500000000 loss=2.9871 lr=2.29e-05 tok/s=41,053 eta=2952.3204630405935
step=2891 tokens=378929152/500000000 loss=2.9638 lr=2.29e-05 tok/s=41,496 eta=2917.634068051218
step=2892 tokens=379060224/500000000 loss=2.8852 lr=2.29e-05 tok/s=40,997 eta=2949.9908060037865
step=2893 tokens=379191296/500000000 loss=2.8816 lr=2.28e-05 tok/s=41,134 eta=2936.930899510493
step=2894 tokens=379322368/500000000 loss=3.0529 lr=2.28e-05 tok/s=41,151 eta=2932.5257900745232
step=2895 tokens=379453440/500000000 loss=3.0590 lr=2.28e-05 tok/s=41,107 eta=2932.5118878705202
step=2896 tokens=379584512/500000000 loss=3.0991 lr=2.28e-05 tok/s=41,277 eta=2917.2649151639357
step=2897 tokens=379715584/500000000 loss=3.0799 lr=2.27e-05 tok/s=41,401 eta=2905.3737855155014
step=2898 tokens=379846656/500000000 loss=2.8846 lr=2.27e-05 tok/s=41,278 eta=2910.822737087819
step=2899 tokens=379977728/500000000 loss=3.1942 lr=2.27e-05 tok/s=40,924 eta=2932.7745194997415
step=2900 tokens=380108800/500000000 loss=3.2276 lr=2.27e-05 tok/s=29,680 eta=4039.4924160900446
step=2901 tokens=380239872/500000000 loss=3.0486 lr=2.26e-05 tok/s=41,062 eta=2916.5634908978786
step=2902 tokens=380370944/500000000 loss=2.8892 lr=2.26e-05 tok/s=41,046 eta=2914.5426985527492
step=2903 tokens=380502016/500000000 loss=3.0246 lr=2.26e-05 tok/s=41,132 eta=2905.2362196227623
step=2904 tokens=380633088/500000000 loss=3.1186 lr=2.25e-05 tok/s=41,182 eta=2898.5366248309933
step=2905 tokens=380764160/500000000 loss=2.9698 lr=2.25e-05 tok/s=41,055 eta=2904.260209501837
step=2906 tokens=380895232/500000000 loss=3.0398 lr=2.25e-05 tok/s=41,066 eta=2900.350910457639
step=2907 tokens=381026304/500000000 loss=3.1107 lr=2.25e-05 tok/s=41,088 eta=2895.5998927565374
step=2908 tokens=381157376/500000000 loss=2.9591 lr=2.24e-05 tok/s=40,871 eta=2907.743685437764
step=2909 tokens=381288448/500000000 loss=3.0962 lr=2.24e-05 tok/s=40,984 eta=2896.5156166330303
step=2910 tokens=381419520/500000000 loss=3.0587 lr=2.24e-05 tok/s=41,063 eta=2887.793958672115
step=2911 tokens=381550592/500000000 loss=3.0258 lr=2.24e-05 tok/s=40,978 eta=2890.577620361199
step=2912 tokens=381681664/500000000 loss=2.9724 lr=2.23e-05 tok/s=41,334 eta=2862.4815897438007
step=2913 tokens=381812736/500000000 loss=2.9184 lr=2.23e-05 tok/s=41,373 eta=2856.616064850733
step=2914 tokens=381943808/500000000 loss=2.8791 lr=2.23e-05 tok/s=41,220 eta=2864.0184226309857
step=2915 tokens=382074880/500000000 loss=3.0113 lr=2.23e-05 tok/s=40,978 eta=2877.7996598137183
step=2916 tokens=382205952/500000000 loss=2.9621 lr=2.22e-05 tok/s=41,145 eta=2862.9259707452575
step=2917 tokens=382337024/500000000 loss=3.1952 lr=2.22e-05 tok/s=41,353 eta=2845.335454881048
step=2918 tokens=382468096/500000000 loss=3.0684 lr=2.22e-05 tok/s=41,358 eta=2841.8212982772948
step=2919 tokens=382599168/500000000 loss=2.9419 lr=2.22e-05 tok/s=41,219 eta=2848.2047764332615
step=2920 tokens=382730240/500000000 loss=2.9214 lr=2.21e-05 tok/s=41,230 eta=2844.30471821978
step=2921 tokens=382861312/500000000 loss=3.1989 lr=2.21e-05 tok/s=41,209 eta=2842.560451123
step=2922 tokens=382992384/500000000 loss=2.8684 lr=2.21e-05 tok/s=41,236 eta=2837.49229555629
step=2923 tokens=383123456/500000000 loss=2.9913 lr=2.21e-05 tok/s=41,167 eta=2839.0785246840533
step=2924 tokens=383254528/500000000 loss=2.9493 lr=2.2e-05 tok/s=41,082 eta=2841.780602942116
step=2925 tokens=383385600/500000000 loss=2.9708 lr=2.2e-05 tok/s=41,113 eta=2836.444486879897
step=2926 tokens=383516672/500000000 loss=3.0029 lr=2.2e-05 tok/s=41,441 eta=2810.8013364372136
step=2927 tokens=383647744/500000000 loss=3.1033 lr=2.2e-05 tok/s=41,505 eta=2803.3153801601725
step=2928 tokens=383778816/500000000 loss=3.0237 lr=2.19e-05 tok/s=41,131 eta=2825.6157899215536
step=2929 tokens=383909888/500000000 loss=2.9924 lr=2.19e-05 tok/s=41,341 eta=2808.088079520404
step=2930 tokens=384040960/500000000 loss=3.0455 lr=2.19e-05 tok/s=41,419 eta=2799.6797870914415
step=2931 tokens=384172032/500000000 loss=2.8647 lr=2.18e-05 tok/s=41,437 eta=2795.3083522105244
step=2932 tokens=384303104/500000000 loss=2.9792 lr=2.18e-05 tok/s=41,303 eta=2801.1425601154856
step=2933 tokens=384434176/500000000 loss=3.0676 lr=2.18e-05 tok/s=41,320 eta=2796.8324693932414
step=2934 tokens=384565248/500000000 loss=2.9779 lr=2.18e-05 tok/s=41,162 eta=2804.401468856541
step=2935 tokens=384696320/500000000 loss=3.2706 lr=2.17e-05 tok/s=41,231 eta=2796.543256908604
step=2936 tokens=384827392/500000000 loss=2.9695 lr=2.17e-05 tok/s=41,335 eta=2786.3087339964936
step=2937 tokens=384958464/500000000 loss=3.0370 lr=2.17e-05 tok/s=41,177 eta=2793.802466930124
step=2938 tokens=385089536/500000000 loss=3.0335 lr=2.17e-05 tok/s=29,853 eta=3849.1930853844347
step=2939 tokens=385220608/500000000 loss=2.8916 lr=2.16e-05 tok/s=41,587 eta=2759.994453986663
step=2940 tokens=385351680/500000000 loss=3.0392 lr=2.16e-05 tok/s=41,741 eta=2746.685058607845
step=2941 tokens=385482752/500000000 loss=2.9269 lr=2.16e-05 tok/s=41,426 eta=2764.4062937221356
step=2942 tokens=385613824/500000000 loss=2.9705 lr=2.16e-05 tok/s=41,402 eta=2762.792813290743
step=2943 tokens=385744896/500000000 loss=3.1325 lr=2.15e-05 tok/s=41,514 eta=2752.234483264508
step=2944 tokens=385875968/500000000 loss=3.1079 lr=2.15e-05 tok/s=41,195 eta=2770.3058565895735
step=2945 tokens=386007040/500000000 loss=3.2017 lr=2.15e-05 tok/s=41,405 eta=2753.1375972519104
step=2946 tokens=386138112/500000000 loss=2.9932 lr=2.15e-05 tok/s=41,507 eta=2743.176473330594
step=2947 tokens=386269184/500000000 loss=3.1342 lr=2.14e-05 tok/s=41,385 eta=2748.1084937739156
step=2948 tokens=386400256/500000000 loss=3.0193 lr=2.14e-05 tok/s=41,200 eta=2757.247027994685
step=2949 tokens=386531328/500000000 loss=3.0454 lr=2.14e-05 tok/s=41,225 eta=2752.452291073364
step=2950 tokens=386662400/500000000 loss=3.1413 lr=2.14e-05 tok/s=41,496 eta=2731.3023688571648
step=2951 tokens=386793472/500000000 loss=3.0134 lr=2.13e-05 tok/s=41,543 eta=2725.015943456898
step=2952 tokens=386924544/500000000 loss=3.0576 lr=2.13e-05 tok/s=41,260 eta=2740.5285920673928
step=2953 tokens=387055616/500000000 loss=2.9564 lr=2.13e-05 tok/s=41,152 eta=2744.5506587230984
step=2954 tokens=387186688/500000000 loss=2.9697 lr=2.13e-05 tok/s=41,114 eta=2743.885161051517
step=2955 tokens=387317760/500000000 loss=3.0342 lr=2.12e-05 tok/s=41,117 eta=2740.4944254765887
step=2956 tokens=387448832/500000000 loss=3.0304 lr=2.12e-05 tok/s=41,179 eta=2733.1931278907673
step=2957 tokens=387579904/500000000 loss=3.1012 lr=2.12e-05 tok/s=41,244 eta=2725.7549731022614
step=2958 tokens=387710976/500000000 loss=3.1604 lr=2.12e-05 tok/s=41,007 eta=2738.289475538692
step=2959 tokens=387842048/500000000 loss=2.9375 lr=2.11e-05 tok/s=40,951 eta=2738.800629254368
step=2960 tokens=387973120/500000000 loss=3.0757 lr=2.11e-05 tok/s=40,889 eta=2739.7653181464843
step=2961 tokens=388104192/500000000 loss=2.9128 lr=2.11e-05 tok/s=40,916 eta=2734.7644120930318
step=2962 tokens=388235264/500000000 loss=3.1195 lr=2.11e-05 tok/s=40,678 eta=2747.5662130747523
step=2963 tokens=388366336/500000000 loss=2.9989 lr=2.1e-05 tok/s=40,737 eta=2740.33480321495
step=2964 tokens=388497408/500000000 loss=3.0696 lr=2.1e-05 tok/s=40,712 eta=2738.78535089603
step=2965 tokens=388628480/500000000 loss=3.1666 lr=2.1e-05 tok/s=40,748 eta=2733.184475527901
step=2966 tokens=388759552/500000000 loss=3.0559 lr=2.1e-05 tok/s=40,733 eta=2730.974157281831
step=2967 tokens=388890624/500000000 loss=2.9323 lr=2.09e-05 tok/s=40,894 eta=2717.025328609794
step=2968 tokens=389021696/500000000 loss=2.9125 lr=2.09e-05 tok/s=40,910 eta=2712.739640827086
step=2969 tokens=389152768/500000000 loss=3.2072 lr=2.09e-05 tok/s=40,578 eta=2731.704279143811
step=2970 tokens=389283840/500000000 loss=2.9650 lr=2.09e-05 tok/s=41,057 eta=2696.633924268054
step=2971 tokens=389414912/500000000 loss=3.0209 lr=2.08e-05 tok/s=40,848 eta=2707.252196851508
step=2972 tokens=389545984/500000000 loss=2.9600 lr=2.08e-05 tok/s=40,751 eta=2710.434208189684
step=2973 tokens=389677056/500000000 loss=3.1138 lr=2.08e-05 tok/s=40,722 eta=2709.1773571520775
step=2974 tokens=389808128/500000000 loss=2.8751 lr=2.08e-05 tok/s=40,527 eta=2718.9790720489964
step=2975 tokens=389939200/500000000 loss=3.1573 lr=2.07e-05 tok/s=41,027 eta=2682.6465314337097
step=2976 tokens=390070272/500000000 loss=3.0728 lr=2.07e-05 tok/s=29,561 eta=3718.776327099102
step=2977 tokens=390201344/500000000 loss=2.9968 lr=2.07e-05 tok/s=40,663 eta=2700.235980465021
step=2978 tokens=390332416/500000000 loss=3.0653 lr=2.07e-05 tok/s=41,065 eta=2670.554546459469
step=2979 tokens=390463488/500000000 loss=3.0888 lr=2.06e-05 tok/s=41,139 eta=2662.619850746605
step=2980 tokens=390594560/500000000 loss=3.0556 lr=2.06e-05 tok/s=41,235 eta=2653.208719697539
step=2981 tokens=390725632/500000000 loss=3.0857 lr=2.06e-05 tok/s=41,179 eta=2653.619794615673
step=2982 tokens=390856704/500000000 loss=3.0755 lr=2.06e-05 tok/s=41,141 eta=2652.8816367730915
step=2983 tokens=390987776/500000000 loss=2.9970 lr=2.06e-05 tok/s=41,321 eta=2638.1860167226714
step=2984 tokens=391118848/500000000 loss=3.0475 lr=2.05e-05 tok/s=41,377 eta=2631.436293945852
step=2985 tokens=391249920/500000000 loss=2.8507 lr=2.05e-05 tok/s=41,406 eta=2626.456610571152
step=2986 tokens=391380992/500000000 loss=3.0686 lr=2.05e-05 tok/s=41,315 eta=2629.031172039804
step=2987 tokens=391512064/500000000 loss=3.0071 lr=2.05e-05 tok/s=41,359 eta=2623.103740356383
step=2988 tokens=391643136/500000000 loss=2.9950 lr=2.04e-05 tok/s=41,051 eta=2639.548628494841
step=2989 tokens=391774208/500000000 loss=2.8552 lr=2.04e-05 tok/s=41,096 eta=2633.4737735324447
step=2990 tokens=391905280/500000000 loss=2.9243 lr=2.04e-05 tok/s=41,142 eta=2627.3850401467416
step=2991 tokens=392036352/500000000 loss=2.9609 lr=2.04e-05 tok/s=40,931 eta=2637.7306390485205
step=2992 tokens=392167424/500000000 loss=2.7464 lr=2.03e-05 tok/s=40,950 eta=2633.2834613541386
step=2993 tokens=392298496/500000000 loss=3.0690 lr=2.03e-05 tok/s=40,868 eta=2635.376576484951
step=2994 tokens=392429568/500000000 loss=2.9517 lr=2.03e-05 tok/s=40,894 eta=2630.4852333262393
step=2995 tokens=392560640/500000000 loss=2.9634 lr=2.03e-05 tok/s=41,054 eta=2617.010616208399
step=2996 tokens=392691712/500000000 loss=3.1237 lr=2.02e-05 tok/s=41,103 eta=2610.7009604303234
step=2997 tokens=392822784/500000000 loss=3.0498 lr=2.02e-05 tok/s=41,031 eta=2612.108783946127
step=2998 tokens=392953856/500000000 loss=3.0194 lr=2.02e-05 tok/s=40,824 eta=2622.132173594834
step=2999 tokens=393084928/500000000 loss=3.0325 lr=2.02e-05 tok/s=40,702 eta=2626.772041548216
step=3000 tokens=393216000/500000000 loss=3.0959 lr=2.01e-05 tok/s=40,794 eta=2617.648451558701
step=3001 tokens=393347072/500000000 loss=2.9990 lr=2.01e-05 tok/s=40,938 eta=2605.2557173946684
step=3002 tokens=393478144/500000000 loss=3.1237 lr=2.01e-05 tok/s=41,094 eta=2592.137294147167
step=3003 tokens=393609216/500000000 loss=3.0677 lr=2.01e-05 tok/s=41,042 eta=2592.2370774468714
step=3004 tokens=393740288/500000000 loss=2.9234 lr=2e-05 tok/s=41,156 eta=2581.8563315937445
step=3005 tokens=393871360/500000000 loss=2.9290 lr=2e-05 tok/s=41,218 eta=2574.8185383202162
step=3006 tokens=394002432/500000000 loss=3.1642 lr=2e-05 tok/s=41,213 eta=2571.94333606894
step=3007 tokens=394133504/500000000 loss=3.0359 lr=2e-05 tok/s=41,151 eta=2572.6095824229583
step=3008 tokens=394264576/500000000 loss=3.0606 lr=2e-05 tok/s=41,281 eta=2561.333646888126
step=3009 tokens=394395648/500000000 loss=2.8894 lr=1.99e-05 tok/s=41,317 eta=2555.943322277932
step=3010 tokens=394526720/500000000 loss=3.0402 lr=1.99e-05 tok/s=41,366 eta=2549.731076286778
step=3011 tokens=394657792/500000000 loss=3.1217 lr=1.99e-05 tok/s=41,410 eta=2543.888382248023
step=3012 tokens=394788864/500000000 loss=3.0432 lr=1.99e-05 tok/s=41,193 eta=2554.1202598063724
step=3013 tokens=394919936/500000000 loss=3.1061 lr=1.98e-05 tok/s=41,288 eta=2545.0449904304073
step=3014 tokens=395051008/500000000 loss=3.1538 lr=1.98e-05 tok/s=29,850 eta=3515.898427749347
step=3015 tokens=395182080/500000000 loss=3.0592 lr=1.98e-05 tok/s=41,228 eta=2542.385577821353
step=3016 tokens=395313152/500000000 loss=2.9419 lr=1.98e-05 tok/s=41,342 eta=2532.189441132569
step=3017 tokens=395444224/500000000 loss=2.8788 lr=1.97e-05 tok/s=41,297 eta=2531.8068754947203
step=3018 tokens=395575296/500000000 loss=3.0301 lr=1.97e-05 tok/s=41,251 eta=2531.4697308502573
step=3019 tokens=395706368/500000000 loss=2.9524 lr=1.97e-05 tok/s=41,417 eta=2518.1479799341514
step=3020 tokens=395837440/500000000 loss=3.0497 lr=1.97e-05 tok/s=41,429 eta=2514.245553996148
step=3021 tokens=395968512/500000000 loss=2.9002 lr=1.96e-05 tok/s=41,637 eta=2498.5380282686806
step=3022 tokens=396099584/500000000 loss=3.0241 lr=1.96e-05 tok/s=41,671 eta=2493.3293501230264
step=3023 tokens=396230656/500000000 loss=3.1308 lr=1.96e-05 tok/s=41,456 eta=2503.143237850676
step=3024 tokens=396361728/500000000 loss=2.9656 lr=1.96e-05 tok/s=41,423 eta=2501.956180663162
step=3025 tokens=396492800/500000000 loss=3.0905 lr=1.96e-05 tok/s=41,670 eta=2483.9689538675557
step=3026 tokens=396623872/500000000 loss=2.9617 lr=1.95e-05 tok/s=41,626 eta=2483.427424001997
step=3027 tokens=396754944/500000000 loss=3.0802 lr=1.95e-05 tok/s=41,533 eta=2485.8508364262434
step=3028 tokens=396886016/500000000 loss=3.0994 lr=1.95e-05 tok/s=41,482 eta=2485.73143708279
step=3029 tokens=397017088/500000000 loss=3.0286 lr=1.95e-05 tok/s=41,411 eta=2486.87561417468
step=3030 tokens=397148160/500000000 loss=3.0911 lr=1.94e-05 tok/s=41,454 eta=2481.123061443938
step=3031 tokens=397279232/500000000 loss=3.0265 lr=1.94e-05 tok/s=41,675 eta=2464.8142575448874
step=3032 tokens=397410304/500000000 loss=3.0286 lr=1.94e-05 tok/s=41,548 eta=2469.180802600548
step=3033 tokens=397541376/500000000 loss=3.0767 lr=1.94e-05 tok/s=41,548 eta=2466.0401290936
step=3034 tokens=397672448/500000000 loss=2.8079 lr=1.93e-05 tok/s=41,552 eta=2462.6183420995535
step=3035 tokens=397803520/500000000 loss=3.0708 lr=1.93e-05 tok/s=41,690 eta=2451.3659591411797
step=3036 tokens=397934592/500000000 loss=3.0369 lr=1.93e-05 tok/s=41,696 eta=2447.8330276715346
step=3037 tokens=398065664/500000000 loss=3.1016 lr=1.93e-05 tok/s=41,598 eta=2450.445689770048
step=3038 tokens=398196736/500000000 loss=2.9780 lr=1.92e-05 tok/s=41,538 eta=2450.871602639152
step=3039 tokens=398327808/500000000 loss=3.0574 lr=1.92e-05 tok/s=41,396 eta=2456.108028041361
step=3040 tokens=398458880/500000000 loss=3.1640 lr=1.92e-05 tok/s=41,294 eta=2458.9990583713557
step=3041 tokens=398589952/500000000 loss=3.1210 lr=1.92e-05 tok/s=41,188 eta=2462.14228850713
step=3042 tokens=398721024/500000000 loss=2.9767 lr=1.92e-05 tok/s=41,148 eta=2461.328222799954
step=3043 tokens=398852096/500000000 loss=3.1517 lr=1.91e-05 tok/s=41,027 eta=2465.413719949494
step=3044 tokens=398983168/500000000 loss=3.0756 lr=1.91e-05 tok/s=41,031 eta=2461.9934262039073
step=3045 tokens=399114240/500000000 loss=3.0777 lr=1.91e-05 tok/s=40,662 eta=2481.055885852638
step=3046 tokens=399245312/500000000 loss=2.8805 lr=1.91e-05 tok/s=40,742 eta=2473.0075828537624
step=3047 tokens=399376384/500000000 loss=3.0505 lr=1.9e-05 tok/s=40,661 eta=2474.7080363359323
step=3048 tokens=399507456/500000000 loss=2.9363 lr=1.9e-05 tok/s=40,584 eta=2476.1910616066707
step=3049 tokens=399638528/500000000 loss=3.1210 lr=1.9e-05 tok/s=40,777 eta=2461.2335899949185
step=3050 tokens=399769600/500000000 loss=2.8812 lr=1.9e-05 tok/s=40,799 eta=2456.697814144688
step=3051 tokens=399900672/500000000 loss=3.0090 lr=1.9e-05 tok/s=40,638 eta=2463.22218646308
step=3052 tokens=400031744/500000000 loss=3.1264 lr=1.89e-05 tok/s=29,513 eta=3387.313510996753
checkpoint saved: runs/20260907-112712/checkpoints/tokens_000400m (permanent_tokens)
step=3053 tokens=400162816/500000000 loss=3.0687 lr=1.89e-05 tok/s=35,666 eta=2799.214495902161
step=3054 tokens=400293888/500000000 loss=3.0629 lr=1.89e-05 tok/s=40,560 eta=2458.247200556026
step=3055 tokens=400424960/500000000 loss=3.1618 lr=1.89e-05 tok/s=40,891 eta=2435.136832546122
step=3056 tokens=400556032/500000000 loss=2.9855 lr=1.88e-05 tok/s=41,006 eta=2425.124045171449
step=3057 tokens=400687104/500000000 loss=3.0425 lr=1.88e-05 tok/s=41,059 eta=2418.7600501508177
step=3058 tokens=400818176/500000000 loss=2.9284 lr=1.88e-05 tok/s=41,025 eta=2417.597130026047
step=3059 tokens=400949248/500000000 loss=2.9418 lr=1.88e-05 tok/s=40,860 eta=2424.1242520912024
step=3060 tokens=401080320/500000000 loss=2.9415 lr=1.88e-05 tok/s=40,886 eta=2419.423228857369
step=3061 tokens=401211392/500000000 loss=3.1062 lr=1.87e-05 tok/s=40,936 eta=2413.2251256423506
step=3062 tokens=401342464/500000000 loss=3.0175 lr=1.87e-05 tok/s=41,049 eta=2403.3824345458784
step=3063 tokens=401473536/500000000 loss=3.0920 lr=1.87e-05 tok/s=40,898 eta=2409.080992045622
step=3064 tokens=401604608/500000000 loss=3.1308 lr=1.87e-05 tok/s=40,871 eta=2407.4682147258595
step=3065 tokens=401735680/500000000 loss=2.9901 lr=1.86e-05 tok/s=40,891 eta=2403.066715198563
step=3066 tokens=401866752/500000000 loss=3.0841 lr=1.86e-05 tok/s=40,966 eta=2395.471563101982
step=3067 tokens=401997824/500000000 loss=3.0342 lr=1.86e-05 tok/s=40,772 eta=2403.6826791644044
step=3068 tokens=402128896/500000000 loss=2.9538 lr=1.86e-05 tok/s=40,888 eta=2393.6355812085085
step=3069 tokens=402259968/500000000 loss=3.2236 lr=1.86e-05 tok/s=40,521 eta=2412.0747675366642
step=3070 tokens=402391040/500000000 loss=3.1224 lr=1.85e-05 tok/s=40,854 eta=2389.1899008535634
step=3071 tokens=402522112/500000000 loss=3.0774 lr=1.85e-05 tok/s=40,572 eta=2402.6017862778654
step=3072 tokens=402653184/500000000 loss=2.9965 lr=1.85e-05 tok/s=40,657 eta=2394.319917040411
step=3073 tokens=402784256/500000000 loss=2.8924 lr=1.85e-05 tok/s=40,798 eta=2382.830143798853
step=3074 tokens=402915328/500000000 loss=3.0384 lr=1.84e-05 tok/s=40,615 eta=2390.3769971900706
step=3075 tokens=403046400/500000000 loss=3.1603 lr=1.84e-05 tok/s=40,487 eta=2394.7005168080295
step=3076 tokens=403177472/500000000 loss=3.0063 lr=1.84e-05 tok/s=40,751 eta=2375.9666270383013
step=3077 tokens=403308544/500000000 loss=3.0458 lr=1.84e-05 tok/s=40,605 eta=2381.2985610985997
step=3078 tokens=403439616/500000000 loss=2.8767 lr=1.84e-05 tok/s=40,645 eta=2375.703961146359
step=3079 tokens=403570688/500000000 loss=2.9605 lr=1.83e-05 tok/s=40,531 eta=2379.1621234165023
step=3080 tokens=403701760/500000000 loss=2.9486 lr=1.83e-05 tok/s=40,812 eta=2359.5449454175323
step=3081 tokens=403832832/500000000 loss=2.9119 lr=1.83e-05 tok/s=40,674 eta=2364.3207409288807
step=3082 tokens=403963904/500000000 loss=3.1400 lr=1.83e-05 tok/s=40,614 eta=2364.5816902100078
step=3083 tokens=404094976/500000000 loss=3.1958 lr=1.82e-05 tok/s=40,511 eta=2367.39576159882
step=3084 tokens=404226048/500000000 loss=2.9277 lr=1.82e-05 tok/s=40,602 eta=2358.8667019696927
step=3085 tokens=404357120/500000000 loss=3.0207 lr=1.82e-05 tok/s=40,557 eta=2358.2052727462874
step=3086 tokens=404488192/500000000 loss=3.0005 lr=1.82e-05 tok/s=40,731 eta=2344.9318226312
step=3087 tokens=404619264/500000000 loss=3.0166 lr=1.82e-05 tok/s=40,873 eta=2333.5638396795894
step=3088 tokens=404750336/500000000 loss=3.0681 lr=1.81e-05 tok/s=40,718 eta=2339.266222993969
step=3089 tokens=404881408/500000000 loss=3.0789 lr=1.81e-05 tok/s=40,416 eta=2353.467280643754
step=3090 tokens=405012480/500000000 loss=2.9657 lr=1.81e-05 tok/s=29,404 eta=3230.4599744518305
step=3091 tokens=405143552/500000000 loss=2.9754 lr=1.81e-05 tok/s=40,900 eta=2319.221456157273
step=3092 tokens=405274624/500000000 loss=2.8924 lr=1.8e-05 tok/s=41,130 eta=2303.0481512889096
step=3093 tokens=405405696/500000000 loss=2.9685 lr=1.8e-05 tok/s=41,049 eta=2304.428961294011
step=3094 tokens=405536768/500000000 loss=2.9546 lr=1.8e-05 tok/s=41,320 eta=2286.1540086239293
step=3095 tokens=405667840/500000000 loss=3.1884 lr=1.8e-05 tok/s=41,268 eta=2285.862921394889
step=3096 tokens=405798912/500000000 loss=3.0950 lr=1.8e-05 tok/s=41,270 eta=2282.533744830179
step=3097 tokens=405929984/500000000 loss=3.0160 lr=1.79e-05 tok/s=41,189 eta=2283.8731346881555
step=3098 tokens=406061056/500000000 loss=2.9983 lr=1.79e-05 tok/s=41,196 eta=2280.2950828444964
step=3099 tokens=406192128/500000000 loss=3.0617 lr=1.79e-05 tok/s=41,317 eta=2270.4164240274936
step=3100 tokens=406323200/500000000 loss=2.9969 lr=1.79e-05 tok/s=41,323 eta=2266.9672013154395
step=3101 tokens=406454272/500000000 loss=3.0452 lr=1.79e-05 tok/s=41,336 eta=2263.049418347742
step=3102 tokens=406585344/500000000 loss=3.0050 lr=1.78e-05 tok/s=41,167 eta=2269.1581745727376
step=3103 tokens=406716416/500000000 loss=3.0499 lr=1.78e-05 tok/s=40,719 eta=2290.933096526183
step=3104 tokens=406847488/500000000 loss=2.9700 lr=1.78e-05 tok/s=40,897 eta=2277.739986581598
step=3105 tokens=406978560/500000000 loss=2.9490 lr=1.78e-05 tok/s=40,856 eta=2276.8183847868113
step=3106 tokens=407109632/500000000 loss=2.9261 lr=1.77e-05 tok/s=40,949 eta=2268.4215161624466
step=3107 tokens=407240704/500000000 loss=3.0519 lr=1.77e-05 tok/s=40,710 eta=2278.5499277221684
step=3108 tokens=407371776/500000000 loss=3.0327 lr=1.77e-05 tok/s=41,028 eta=2257.7026141785645
step=3109 tokens=407502848/500000000 loss=3.1857 lr=1.77e-05 tok/s=41,010 eta=2255.4683132269924
step=3110 tokens=407633920/500000000 loss=3.0444 lr=1.77e-05 tok/s=41,027 eta=2251.331805008256
step=3111 tokens=407764992/500000000 loss=3.1592 lr=1.76e-05 tok/s=40,843 eta=2258.287573182535
step=3112 tokens=407896064/500000000 loss=3.0564 lr=1.76e-05 tok/s=40,879 eta=2253.084874296232
step=3113 tokens=408027136/500000000 loss=3.1486 lr=1.76e-05 tok/s=41,165 eta=2234.2309343707943
step=3114 tokens=408158208/500000000 loss=3.2064 lr=1.76e-05 tok/s=40,688 eta=2257.205975288389
step=3115 tokens=408289280/500000000 loss=3.0997 lr=1.76e-05 tok/s=40,873 eta=2243.797826369521
step=3116 tokens=408420352/500000000 loss=2.9755 lr=1.75e-05 tok/s=40,839 eta=2242.4534453832325
step=3117 tokens=408551424/500000000 loss=3.0074 lr=1.75e-05 tok/s=40,646 eta=2249.8545433161653
step=3118 tokens=408682496/500000000 loss=2.9806 lr=1.75e-05 tok/s=41,051 eta=2224.482511082903
step=3119 tokens=408813568/500000000 loss=2.8801 lr=1.75e-05 tok/s=41,120 eta=2217.548214868118
step=3120 tokens=408944640/500000000 loss=2.9382 lr=1.75e-05 tok/s=41,114 eta=2214.7136827013355
step=3121 tokens=409075712/500000000 loss=3.1031 lr=1.74e-05 tok/s=41,060 eta=2214.4197294296328
step=3122 tokens=409206784/500000000 loss=3.1352 lr=1.74e-05 tok/s=41,003 eta=2214.296299837443
step=3123 tokens=409337856/500000000 loss=3.2082 lr=1.74e-05 tok/s=40,599 eta=2233.1187926760344
step=3124 tokens=409468928/500000000 loss=2.9858 lr=1.74e-05 tok/s=40,566 eta=2231.7101999458496
step=3125 tokens=409600000/500000000 loss=3.0374 lr=1.73e-05 tok/s=40,680 eta=2222.228575439189
step=3126 tokens=409731072/500000000 loss=3.0834 lr=1.73e-05 tok/s=40,330 eta=2238.253393050123
step=3127 tokens=409862144/500000000 loss=3.0462 lr=1.73e-05 tok/s=40,508 eta=2225.1714951692443
step=3128 tokens=409993216/500000000 loss=3.0431 lr=1.73e-05 tok/s=40,519 eta=2221.370272030278
step=3129 tokens=410124288/500000000 loss=2.9176 lr=1.73e-05 tok/s=29,319 eta=3065.4684135468665
step=3130 tokens=410255360/500000000 loss=3.0429 lr=1.72e-05 tok/s=40,595 eta=2210.721000275215
step=3131 tokens=410386432/500000000 loss=2.9928 lr=1.72e-05 tok/s=40,539 eta=2210.5714524534433
step=3132 tokens=410517504/500000000 loss=3.0245 lr=1.72e-05 tok/s=40,705 eta=2198.293795953635
step=3133 tokens=410648576/500000000 loss=3.0201 lr=1.72e-05 tok/s=40,622 eta=2199.593725228466
step=3134 tokens=410779648/500000000 loss=3.1168 lr=1.72e-05 tok/s=40,680 eta=2193.2279766648826
step=3135 tokens=410910720/500000000 loss=3.0760 lr=1.71e-05 tok/s=40,693 eta=2189.292280827357
step=3136 tokens=411041792/500000000 loss=3.0768 lr=1.71e-05 tok/s=40,565 eta=2193.0025921915703
step=3137 tokens=411172864/500000000 loss=2.8376 lr=1.71e-05 tok/s=40,434 eta=2196.8438488661113
step=3138 tokens=411303936/500000000 loss=3.0869 lr=1.71e-05 tok/s=40,886 eta=2169.3767157973143
step=3139 tokens=411435008/500000000 loss=2.9897 lr=1.71e-05 tok/s=41,005 eta=2159.8756314846264
step=3140 tokens=411566080/500000000 loss=3.0115 lr=1.7e-05 tok/s=40,810 eta=2166.95078982255
step=3141 tokens=411697152/500000000 loss=2.7906 lr=1.7e-05 tok/s=41,143 eta=2146.22390660518
step=3142 tokens=411828224/500000000 loss=2.9854 lr=1.7e-05 tok/s=41,334 eta=2133.178766978717
step=3143 tokens=411959296/500000000 loss=3.0572 lr=1.7e-05 tok/s=41,348 eta=2129.2454192529935
step=3144 tokens=412090368/500000000 loss=3.0033 lr=1.7e-05 tok/s=41,290 eta=2129.0638976562213
step=3145 tokens=412221440/500000000 loss=3.0445 lr=1.69e-05 tok/s=41,238 eta=2128.578090753299
step=3146 tokens=412352512/500000000 loss=2.9672 lr=1.69e-05 tok/s=41,537 eta=2110.098653871978
step=3147 tokens=412483584/500000000 loss=3.0316 lr=1.69e-05 tok/s=41,622 eta=2102.666873562548
step=3148 tokens=412614656/500000000 loss=2.9929 lr=1.69e-05 tok/s=41,681 eta=2096.511802837876
step=3149 tokens=412745728/500000000 loss=3.0957 lr=1.69e-05 tok/s=41,518 eta=2101.6086800753255
step=3150 tokens=412876800/500000000 loss=2.8695 lr=1.68e-05 tok/s=41,422 eta=2103.2904658350362
step=3151 tokens=413007872/500000000 loss=3.0116 lr=1.68e-05 tok/s=41,300 eta=2106.3306223145323
step=3152 tokens=413138944/500000000 loss=2.9158 lr=1.68e-05 tok/s=41,391 eta=2098.5665238465367
step=3153 tokens=413270016/500000000 loss=3.0547 lr=1.68e-05 tok/s=41,305 eta=2099.7612471979396
step=3154 tokens=413401088/500000000 loss=3.1096 lr=1.68e-05 tok/s=41,343 eta=2094.6444593400292
step=3155 tokens=413532160/500000000 loss=2.9388 lr=1.67e-05 tok/s=41,385 eta=2089.361499709755
step=3156 tokens=413663232/500000000 loss=2.9678 lr=1.67e-05 tok/s=41,321 eta=2089.4402609585195
step=3157 tokens=413794304/500000000 loss=2.8473 lr=1.67e-05 tok/s=41,180 eta=2093.404036066677
step=3158 tokens=413925376/500000000 loss=3.0678 lr=1.67e-05 tok/s=41,464 eta=2075.8793688722117
step=3159 tokens=414056448/500000000 loss=2.8624 lr=1.67e-05 tok/s=41,030 eta=2094.642871308468
step=3160 tokens=414187520/500000000 loss=3.0179 lr=1.66e-05 tok/s=40,971 eta=2094.460965476599
step=3161 tokens=414318592/500000000 loss=3.0053 lr=1.66e-05 tok/s=41,115 eta=2083.9352139439807
step=3162 tokens=414449664/500000000 loss=2.8674 lr=1.66e-05 tok/s=40,912 eta=2091.084169861235
step=3163 tokens=414580736/500000000 loss=2.8920 lr=1.66e-05 tok/s=41,019 eta=2082.437348180506
step=3164 tokens=414711808/500000000 loss=2.9479 lr=1.66e-05 tok/s=40,779 eta=2091.4530813373835
step=3165 tokens=414842880/500000000 loss=3.1550 lr=1.65e-05 tok/s=40,621 eta=2096.405481561867
step=3166 tokens=414973952/500000000 loss=2.7828 lr=1.65e-05 tok/s=40,664 eta=2090.9512447674847
step=3167 tokens=415105024/500000000 loss=3.1797 lr=1.65e-05 tok/s=29,463 eta=2881.3638681997913
step=3168 tokens=415236096/500000000 loss=2.9837 lr=1.65e-05 tok/s=40,754 eta=2079.8669261627633
step=3169 tokens=415367168/500000000 loss=2.9593 lr=1.65e-05 tok/s=41,170 eta=2055.695423227004
step=3170 tokens=415498240/500000000 loss=2.9210 lr=1.64e-05 tok/s=40,937 eta=2064.213187045009
step=3171 tokens=415629312/500000000 loss=2.9765 lr=1.64e-05 tok/s=40,969 eta=2059.3620371760217
step=3172 tokens=415760384/500000000 loss=2.8252 lr=1.64e-05 tok/s=41,282 eta=2040.6005742190398
step=3173 tokens=415891456/500000000 loss=3.0887 lr=1.64e-05 tok/s=41,257 eta=2038.6616575786938
step=3174 tokens=416022528/500000000 loss=3.0273 lr=1.64e-05 tok/s=41,319 eta=2032.3968733307772
step=3175 tokens=416153600/500000000 loss=3.0482 lr=1.63e-05 tok/s=41,312 eta=2029.596292714845
step=3176 tokens=416284672/500000000 loss=3.0280 lr=1.63e-05 tok/s=41,210 eta=2031.41240949712
step=3177 tokens=416415744/500000000 loss=3.0783 lr=1.63e-05 tok/s=41,033 eta=2036.9798273476156
step=3178 tokens=416546816/500000000 loss=3.1170 lr=1.63e-05 tok/s=41,339 eta=2018.7310731095422
step=3179 tokens=416677888/500000000 loss=3.1293 lr=1.63e-05 tok/s=41,294 eta=2017.7754367590323
step=3180 tokens=416808960/500000000 loss=3.1241 lr=1.63e-05 tok/s=41,584 eta=2000.5542437118015
step=3181 tokens=416940032/500000000 loss=3.0861 lr=1.62e-05 tok/s=41,650 eta=1994.2319181993091
step=3182 tokens=417071104/500000000 loss=3.0649 lr=1.62e-05 tok/s=41,502 eta=1998.1924996953262
step=3183 tokens=417202176/500000000 loss=3.1963 lr=1.62e-05 tok/s=41,378 eta=2001.0331887535624
step=3184 tokens=417333248/500000000 loss=2.8227 lr=1.62e-05 tok/s=41,531 eta=1990.4936907252418
step=3185 tokens=417464320/500000000 loss=3.0561 lr=1.62e-05 tok/s=41,605 eta=1983.790322608894
step=3186 tokens=417595392/500000000 loss=2.9762 lr=1.61e-05 tok/s=41,808 eta=1971.011666107334
step=3187 tokens=417726464/500000000 loss=3.0178 lr=1.61e-05 tok/s=41,445 eta=1985.1137848012884
step=3188 tokens=417857536/500000000 loss=3.0927 lr=1.61e-05 tok/s=41,499 eta=1979.3750584168454
step=3189 tokens=417988608/500000000 loss=2.9977 lr=1.61e-05 tok/s=41,669 eta=1968.1440738809233
step=3190 tokens=418119680/500000000 loss=3.1247 lr=1.61e-05 tok/s=41,696 eta=1963.7388511745528
step=3191 tokens=418250752/500000000 loss=2.9289 lr=1.6e-05 tok/s=41,688 eta=1960.9990824145907
step=3192 tokens=418381824/500000000 loss=2.9909 lr=1.6e-05 tok/s=41,759 eta=1954.4907118365768
step=3193 tokens=418512896/500000000 loss=2.7330 lr=1.6e-05 tok/s=41,787 eta=1950.0756676186527
step=3194 tokens=418643968/500000000 loss=2.9315 lr=1.6e-05 tok/s=41,796 eta=1946.5141459707424
step=3195 tokens=418775040/500000000 loss=3.0097 lr=1.6e-05 tok/s=41,657 eta=1949.8593536078647
step=3196 tokens=418906112/500000000 loss=3.1002 lr=1.59e-05 tok/s=41,580 eta=1950.3257512577777
step=3197 tokens=419037184/500000000 loss=3.0385 lr=1.59e-05 tok/s=41,482 eta=1951.765241857208
step=3198 tokens=419168256/500000000 loss=2.9970 lr=1.59e-05 tok/s=41,323 eta=1956.0928223978565
step=3199 tokens=419299328/500000000 loss=3.0989 lr=1.59e-05 tok/s=41,387 eta=1949.9149463621216
step=3200 tokens=419430400/500000000 loss=2.8877 lr=1.59e-05 tok/s=41,422 eta=1945.0844264501484
step=3201 tokens=419561472/500000000 loss=3.1118 lr=1.59e-05 tok/s=41,463 eta=1939.9862096847964
step=3202 tokens=419692544/500000000 loss=3.1241 lr=1.58e-05 tok/s=41,379 eta=1940.7957911535927
step=3203 tokens=419823616/500000000 loss=3.0074 lr=1.58e-05 tok/s=41,254 eta=1943.5002650219324
step=3204 tokens=419954688/500000000 loss=3.0420 lr=1.58e-05 tok/s=41,370 eta=1934.8442127664325
step=3205 tokens=420085760/500000000 loss=3.0762 lr=1.58e-05 tok/s=30,081 eta=2656.5936621929773
step=3206 tokens=420216832/500000000 loss=2.9699 lr=1.58e-05 tok/s=41,720 eta=1912.3259226834043
step=3207 tokens=420347904/500000000 loss=3.0211 lr=1.57e-05 tok/s=41,567 eta=1916.2523400776847
step=3208 tokens=420478976/500000000 loss=2.9781 lr=1.57e-05 tok/s=41,713 eta=1906.3817052520133
step=3209 tokens=420610048/500000000 loss=2.9705 lr=1.57e-05 tok/s=41,674 eta=1905.041643144892
step=3210 tokens=420741120/500000000 loss=2.8764 lr=1.57e-05 tok/s=41,800 eta=1896.1631825233576
step=3211 tokens=420872192/500000000 loss=2.9126 lr=1.57e-05 tok/s=41,693 eta=1897.8848552943057
step=3212 tokens=421003264/500000000 loss=3.0822 lr=1.56e-05 tok/s=41,254 eta=1914.865725223683
step=3213 tokens=421134336/500000000 loss=3.1257 lr=1.56e-05 tok/s=41,571 eta=1897.1400510784783
step=3214 tokens=421265408/500000000 loss=2.9984 lr=1.56e-05 tok/s=41,584 eta=1893.3754695484245
step=3215 tokens=421396480/500000000 loss=3.1245 lr=1.56e-05 tok/s=41,563 eta=1891.1789029898741
step=3216 tokens=421527552/500000000 loss=3.1417 lr=1.56e-05 tok/s=41,578 eta=1887.3658424768798
step=3217 tokens=421658624/500000000 loss=3.1094 lr=1.56e-05 tok/s=41,645 eta=1881.193289490553
step=3218 tokens=421789696/500000000 loss=3.0851 lr=1.55e-05 tok/s=41,558 eta=1881.952164224891
step=3219 tokens=421920768/500000000 loss=3.1397 lr=1.55e-05 tok/s=41,427 eta=1884.7587523205234
step=3220 tokens=422051840/500000000 loss=3.1668 lr=1.55e-05 tok/s=41,515 eta=1877.5839904637985
step=3221 tokens=422182912/500000000 loss=2.9808 lr=1.55e-05 tok/s=41,603 eta=1870.4704249169506
step=3222 tokens=422313984/500000000 loss=2.9921 lr=1.55e-05 tok/s=41,581 eta=1868.3130334730224
step=3223 tokens=422445056/500000000 loss=3.0090 lr=1.54e-05 tok/s=41,424 eta=1872.2309499599007
step=3224 tokens=422576128/500000000 loss=2.7633 lr=1.54e-05 tok/s=41,409 eta=1869.7500769593323
step=3225 tokens=422707200/500000000 loss=3.0392 lr=1.54e-05 tok/s=41,368 eta=1868.4127476699302
step=3226 tokens=422838272/500000000 loss=3.0108 lr=1.54e-05 tok/s=41,345 eta=1866.3094629761163
step=3227 tokens=422969344/500000000 loss=3.0240 lr=1.54e-05 tok/s=41,361 eta=1862.4082041138108
step=3228 tokens=423100416/500000000 loss=2.9136 lr=1.54e-05 tok/s=41,186 eta=1867.1413555713177
step=3229 tokens=423231488/500000000 loss=2.9365 lr=1.53e-05 tok/s=41,169 eta=1864.7222007158337
step=3230 tokens=423362560/500000000 loss=3.0018 lr=1.53e-05 tok/s=41,200 eta=1860.1205230487683
step=3231 tokens=423493632/500000000 loss=3.1359 lr=1.53e-05 tok/s=41,317 eta=1851.6977641602257
step=3232 tokens=423624704/500000000 loss=2.9763 lr=1.53e-05 tok/s=41,383 eta=1845.5552314925105
step=3233 tokens=423755776/500000000 loss=3.0635 lr=1.53e-05 tok/s=41,836 eta=1822.4556781749745
step=3234 tokens=423886848/500000000 loss=2.9625 lr=1.53e-05 tok/s=41,693 eta=1825.570738870437
step=3235 tokens=424017920/500000000 loss=3.2154 lr=1.52e-05 tok/s=41,662 eta=1823.778569871241
step=3236 tokens=424148992/500000000 loss=3.0634 lr=1.52e-05 tok/s=41,670 eta=1820.2748834840584
step=3237 tokens=424280064/500000000 loss=3.0320 lr=1.52e-05 tok/s=41,728 eta=1814.6151097414167
step=3238 tokens=424411136/500000000 loss=3.1818 lr=1.52e-05 tok/s=41,850 eta=1806.2024427199992
step=3239 tokens=424542208/500000000 loss=2.9994 lr=1.52e-05 tok/s=41,564 eta=1815.4789947302204
step=3240 tokens=424673280/500000000 loss=2.9565 lr=1.51e-05 tok/s=41,429 eta=1818.2272877185267
step=3241 tokens=424804352/500000000 loss=2.9219 lr=1.51e-05 tok/s=41,550 eta=1809.7690007384392
step=3242 tokens=424935424/500000000 loss=3.0677 lr=1.51e-05 tok/s=41,384 eta=1813.8555116017005
step=3243 tokens=425066496/500000000 loss=3.0507 lr=1.51e-05 tok/s=29,903 eta=2505.851801215251
checkpoint saved: runs/20260907-112712/checkpoints/tokens_000425m (permanent_tokens)
step=3244 tokens=425197568/500000000 loss=3.0750 lr=1.51e-05 tok/s=36,026 eta=2076.3722878443677
step=3245 tokens=425328640/500000000 loss=3.0924 lr=1.51e-05 tok/s=41,297 eta=1808.142749774596
step=3246 tokens=425459712/500000000 loss=2.9374 lr=1.5e-05 tok/s=41,234 eta=1807.7544471755334
step=3247 tokens=425590784/500000000 loss=3.0102 lr=1.5e-05 tok/s=41,197 eta=1806.165404061931
step=3248 tokens=425721856/500000000 loss=2.9519 lr=1.5e-05 tok/s=41,227 eta=1801.7023965758929
step=3249 tokens=425852928/500000000 loss=2.8889 lr=1.5e-05 tok/s=41,115 eta=1803.3894560990632
step=3250 tokens=425984000/500000000 loss=3.0721 lr=1.5e-05 tok/s=40,884 eta=1810.3937438172582
step=3251 tokens=426115072/500000000 loss=3.0568 lr=1.5e-05 tok/s=40,934 eta=1804.9568587598883
step=3252 tokens=426246144/500000000 loss=2.9574 lr=1.49e-05 tok/s=41,093 eta=1794.8019606556738
step=3253 tokens=426377216/500000000 loss=3.1548 lr=1.49e-05 tok/s=41,041 eta=1793.8745964129828
step=3254 tokens=426508288/500000000 loss=3.1176 lr=1.49e-05 tok/s=41,210 eta=1783.3269929024104
step=3255 tokens=426639360/500000000 loss=3.1198 lr=1.49e-05 tok/s=40,703 eta=1802.3485016808474
step=3256 tokens=426770432/500000000 loss=2.9414 lr=1.49e-05 tok/s=40,921 eta=1789.5174184453886
step=3257 tokens=426901504/500000000 loss=2.9955 lr=1.49e-05 tok/s=40,664 eta=1797.617033402787
step=3258 tokens=427032576/500000000 loss=2.9615 lr=1.48e-05 tok/s=40,677 eta=1793.8307624875415
step=3259 tokens=427163648/500000000 loss=2.8666 lr=1.48e-05 tok/s=40,660 eta=1791.3537969890042
step=3260 tokens=427294720/500000000 loss=3.0878 lr=1.48e-05 tok/s=40,798 eta=1782.0999536030188
step=3261 tokens=427425792/500000000 loss=2.8760 lr=1.48e-05 tok/s=40,902 eta=1774.336704090169
step=3262 tokens=427556864/500000000 loss=3.0115 lr=1.48e-05 tok/s=41,015 eta=1766.2579812112633
step=3263 tokens=427687936/500000000 loss=2.9866 lr=1.48e-05 tok/s=40,905 eta=1767.8176281166893
step=3264 tokens=427819008/500000000 loss=2.9603 lr=1.47e-05 tok/s=41,234 eta=1750.5136082942565
step=3265 tokens=427950080/500000000 loss=3.0558 lr=1.47e-05 tok/s=41,234 eta=1747.3346805441668
step=3266 tokens=428081152/500000000 loss=3.1415 lr=1.47e-05 tok/s=41,064 eta=1751.3675083170424
step=3267 tokens=428212224/500000000 loss=3.1167 lr=1.47e-05 tok/s=41,198 eta=1742.5161068825896
step=3268 tokens=428343296/500000000 loss=3.0452 lr=1.47e-05 tok/s=41,304 eta=1734.8710447691474
step=3269 tokens=428474368/500000000 loss=2.9475 lr=1.46e-05 tok/s=41,210 eta=1735.6448905806924
step=3270 tokens=428605440/500000000 loss=2.9002 lr=1.46e-05 tok/s=41,263 eta=1730.2328611060534
step=3271 tokens=428736512/500000000 loss=3.1202 lr=1.46e-05 tok/s=41,331 eta=1724.197014405257
step=3272 tokens=428867584/500000000 loss=2.7892 lr=1.46e-05 tok/s=41,049 eta=1732.8487189675345
step=3273 tokens=428998656/500000000 loss=3.1086 lr=1.46e-05 tok/s=41,293 eta=1719.4386614391667
step=3274 tokens=429129728/500000000 loss=2.9999 lr=1.46e-05 tok/s=41,221 eta=1719.2872069898137
step=3275 tokens=429260800/500000000 loss=3.1049 lr=1.45e-05 tok/s=41,142 eta=1719.4052698896114
step=3276 tokens=429391872/500000000 loss=2.9312 lr=1.45e-05 tok/s=41,318 eta=1708.8761169511592
step=3277 tokens=429522944/500000000 loss=2.9660 lr=1.45e-05 tok/s=41,223 eta=1709.6673210040824
step=3278 tokens=429654016/500000000 loss=3.0067 lr=1.45e-05 tok/s=41,438 eta=1697.6191085561006
step=3279 tokens=429785088/500000000 loss=2.9566 lr=1.45e-05 tok/s=41,720 eta=1682.998226069179
step=3280 tokens=429916160/500000000 loss=3.0601 lr=1.45e-05 tok/s=41,367 eta=1694.20578410945
step=3281 tokens=430047232/500000000 loss=3.0391 lr=1.45e-05 tok/s=29,944 eta=2336.0936862078984
step=3282 tokens=430178304/500000000 loss=3.0277 lr=1.44e-05 tok/s=41,269 eta=1691.8552678524013
step=3283 tokens=430309376/500000000 loss=3.1285 lr=1.44e-05 tok/s=41,221 eta=1690.6779753415992
step=3284 tokens=430440448/500000000 loss=3.1545 lr=1.44e-05 tok/s=41,300 eta=1684.230966277402
step=3285 tokens=430571520/500000000 loss=2.8833 lr=1.44e-05 tok/s=41,161 eta=1686.7633828305804
step=3286 tokens=430702592/500000000 loss=3.0695 lr=1.44e-05 tok/s=41,224 eta=1680.9954150226056
step=3287 tokens=430833664/500000000 loss=2.9882 lr=1.44e-05 tok/s=41,252 eta=1676.6838588547225
step=3288 tokens=430964736/500000000 loss=3.0820 lr=1.43e-05 tok/s=41,155 eta=1677.4399926196397
step=3289 tokens=431095808/500000000 loss=3.1236 lr=1.43e-05 tok/s=41,234 eta=1671.0583920602185
step=3290 tokens=431226880/500000000 loss=3.0620 lr=1.43e-05 tok/s=41,318 eta=1664.465191135248
step=3291 tokens=431357952/500000000 loss=3.1086 lr=1.43e-05 tok/s=41,198 eta=1666.1663410289743
step=3292 tokens=431489024/500000000 loss=3.0860 lr=1.43e-05 tok/s=41,044 eta=1669.2196932820714
step=3293 tokens=431620096/500000000 loss=2.9894 lr=1.43e-05 tok/s=40,858 eta=1673.5914684958968
step=3294 tokens=431751168/500000000 loss=3.0280 lr=1.42e-05 tok/s=40,944 eta=1666.870604801929
step=3295 tokens=431882240/500000000 loss=3.0241 lr=1.42e-05 tok/s=41,161 eta=1654.9235818358
step=3296 tokens=432013312/500000000 loss=3.1646 lr=1.42e-05 tok/s=41,133 eta=1652.8341478403725
step=3297 tokens=432144384/500000000 loss=3.2202 lr=1.42e-05 tok/s=41,381 eta=1639.7742660234637
step=3298 tokens=432275456/500000000 loss=2.9910 lr=1.42e-05 tok/s=41,290 eta=1640.2102985043873
step=3299 tokens=432406528/500000000 loss=3.0215 lr=1.42e-05 tok/s=41,218 eta=1639.9091968885855
step=3300 tokens=432537600/500000000 loss=3.0262 lr=1.41e-05 tok/s=41,206 eta=1637.2096969219913
step=3301 tokens=432668672/500000000 loss=2.9902 lr=1.41e-05 tok/s=41,120 eta=1637.4230173639676
step=3302 tokens=432799744/500000000 loss=3.0626 lr=1.41e-05 tok/s=41,080 eta=1635.8465996792127
step=3303 tokens=432930816/500000000 loss=2.9360 lr=1.41e-05 tok/s=41,237 eta=1626.4167683304306
step=3304 tokens=433061888/500000000 loss=2.9867 lr=1.41e-05 tok/s=41,268 eta=1622.0366695195705
step=3305 tokens=433192960/500000000 loss=3.0082 lr=1.41e-05 tok/s=41,075 eta=1626.458229326288
step=3306 tokens=433324032/500000000 loss=3.0173 lr=1.4e-05 tok/s=41,200 eta=1618.330967386976
step=3307 tokens=433455104/500000000 loss=2.9468 lr=1.4e-05 tok/s=41,195 eta=1615.3484867865866
step=3308 tokens=433586176/500000000 loss=2.9442 lr=1.4e-05 tok/s=41,284 eta=1608.7069259040986
step=3309 tokens=433717248/500000000 loss=3.0450 lr=1.4e-05 tok/s=41,255 eta=1606.6501878889383
step=3310 tokens=433848320/500000000 loss=2.9420 lr=1.4e-05 tok/s=40,928 eta=1616.2927130590601
step=3311 tokens=433979392/500000000 loss=2.9895 lr=1.4e-05 tok/s=41,011 eta=1609.8310152880488
step=3312 tokens=434110464/500000000 loss=2.9809 lr=1.4e-05 tok/s=41,187 eta=1599.7519171707622
step=3313 tokens=434241536/500000000 loss=3.0744 lr=1.39e-05 tok/s=41,087 eta=1600.4656491414885
step=3314 tokens=434372608/500000000 loss=2.9839 lr=1.39e-05 tok/s=41,345 eta=1587.303309502877
step=3315 tokens=434503680/500000000 loss=3.0044 lr=1.39e-05 tok/s=40,884 eta=1602.0087481246003
step=3316 tokens=434634752/500000000 loss=3.0049 lr=1.39e-05 tok/s=41,095 eta=1590.5866593193466
step=3317 tokens=434765824/500000000 loss=3.0406 lr=1.39e-05 tok/s=41,108 eta=1586.9081674353768
step=3318 tokens=434896896/500000000 loss=3.0955 lr=1.39e-05 tok/s=41,166 eta=1581.4801285879644
step=3319 tokens=435027968/500000000 loss=3.0198 lr=1.38e-05 tok/s=29,810 eta=2179.570337447402
step=3320 tokens=435159040/500000000 loss=2.9939 lr=1.38e-05 tok/s=41,178 eta=1574.666464391374
step=3321 tokens=435290112/500000000 loss=3.0918 lr=1.38e-05 tok/s=41,087 eta=1574.9451459363247
step=3322 tokens=435421184/500000000 loss=2.7426 lr=1.38e-05 tok/s=40,939 eta=1577.4514027575206
step=3323 tokens=435552256/500000000 loss=3.0273 lr=1.38e-05 tok/s=40,846 eta=1577.8239120917358
step=3324 tokens=435683328/500000000 loss=3.0784 lr=1.38e-05 tok/s=40,635 eta=1582.7708159504766
step=3325 tokens=435814400/500000000 loss=2.9714 lr=1.38e-05 tok/s=40,642 eta=1579.2821176552366
step=3326 tokens=435945472/500000000 loss=2.8477 lr=1.37e-05 tok/s=40,634 eta=1576.3664697433426
step=3327 tokens=436076544/500000000 loss=3.0080 lr=1.37e-05 tok/s=40,921 eta=1562.0997635285771
step=3328 tokens=436207616/500000000 loss=2.9998 lr=1.37e-05 tok/s=40,926 eta=1558.7334406654584
step=3329 tokens=436338688/500000000 loss=3.1578 lr=1.37e-05 tok/s=40,848 eta=1558.485962404844
step=3330 tokens=436469760/500000000 loss=3.0875 lr=1.37e-05 tok/s=40,939 eta=1551.8319713303708
step=3331 tokens=436600832/500000000 loss=2.8752 lr=1.37e-05 tok/s=40,879 eta=1550.9106535154622
step=3332 tokens=436731904/500000000 loss=2.8316 lr=1.37e-05 tok/s=40,982 eta=1543.8141806053648
step=3333 tokens=436862976/500000000 loss=2.8834 lr=1.36e-05 tok/s=41,043 eta=1538.3118392121003
step=3334 tokens=436994048/500000000 loss=3.0945 lr=1.36e-05 tok/s=40,954 eta=1538.4426866156323
step=3335 tokens=437125120/500000000 loss=2.9634 lr=1.36e-05 tok/s=40,997 eta=1533.6292508044464
step=3336 tokens=437256192/500000000 loss=2.9938 lr=1.36e-05 tok/s=41,223 eta=1522.0636041284736
step=3337 tokens=437387264/500000000 loss=2.9814 lr=1.36e-05 tok/s=41,237 eta=1518.3449938155277
step=3338 tokens=437518336/500000000 loss=2.9556 lr=1.36e-05 tok/s=40,988 eta=1524.3916700436737
step=3339 tokens=437649408/500000000 loss=3.0406 lr=1.35e-05 tok/s=40,974 eta=1521.7097611628456
step=3340 tokens=437780480/500000000 loss=2.9721 lr=1.35e-05 tok/s=41,201 eta=1510.1287959898445
step=3341 tokens=437911552/500000000 loss=3.1485 lr=1.35e-05 tok/s=41,164 eta=1508.3253775675034
step=3342 tokens=438042624/500000000 loss=3.1185 lr=1.35e-05 tok/s=41,152 eta=1505.5755106179108
step=3343 tokens=438173696/500000000 loss=2.9956 lr=1.35e-05 tok/s=41,288 eta=1497.4477408755054
step=3344 tokens=438304768/500000000 loss=3.0401 lr=1.35e-05 tok/s=41,226 eta=1496.5063832653104
step=3345 tokens=438435840/500000000 loss=2.9493 lr=1.35e-05 tok/s=41,263 eta=1491.9769201632175
step=3346 tokens=438566912/500000000 loss=2.9649 lr=1.34e-05 tok/s=41,211 eta=1490.70986126432
step=3347 tokens=438697984/500000000 loss=2.9597 lr=1.34e-05 tok/s=41,471 eta=1478.1866701372207
step=3348 tokens=438829056/500000000 loss=3.0475 lr=1.34e-05 tok/s=41,448 eta=1475.834575661827
step=3349 tokens=438960128/500000000 loss=3.2353 lr=1.34e-05 tok/s=41,193 eta=1481.7860401100613
step=3350 tokens=439091200/500000000 loss=3.0435 lr=1.34e-05 tok/s=41,087 eta=1482.4359781764713
step=3351 tokens=439222272/500000000 loss=2.9526 lr=1.34e-05 tok/s=40,971 eta=1483.4163387919039
step=3352 tokens=439353344/500000000 loss=2.9071 lr=1.34e-05 tok/s=41,037 eta=1477.8606775368091
step=3353 tokens=439484416/500000000 loss=2.9964 lr=1.33e-05 tok/s=40,883 eta=1480.201526850213
step=3354 tokens=439615488/500000000 loss=2.8876 lr=1.33e-05 tok/s=40,868 eta=1477.5323518424316
step=3355 tokens=439746560/500000000 loss=2.9406 lr=1.33e-05 tok/s=40,898 eta=1473.249241045745
step=3356 tokens=439877632/500000000 loss=2.9914 lr=1.33e-05 tok/s=40,942 eta=1468.482498737344
step=3357 tokens=440008704/500000000 loss=2.9461 lr=1.33e-05 tok/s=29,470 eta=2035.6485984708722
step=3358 tokens=440139776/500000000 loss=3.0254 lr=1.33e-05 tok/s=40,616 eta=1473.819468867235
step=3359 tokens=440270848/500000000 loss=2.9466 lr=1.33e-05 tok/s=40,856 eta=1461.9610068128165
step=3360 tokens=440401920/500000000 loss=2.9900 lr=1.32e-05 tok/s=41,018 eta=1452.9805203177136
step=3361 tokens=440532992/500000000 loss=2.9886 lr=1.32e-05 tok/s=41,007 eta=1450.1632564904878
step=3362 tokens=440664064/500000000 loss=2.8334 lr=1.32e-05 tok/s=40,949 eta=1449.005279344627
step=3363 tokens=440795136/500000000 loss=3.0081 lr=1.32e-05 tok/s=40,636 eta=1456.9534966159974
step=3364 tokens=440926208/500000000 loss=3.0217 lr=1.32e-05 tok/s=40,525 eta=1457.7188215458689
step=3365 tokens=441057280/500000000 loss=2.8973 lr=1.32e-05 tok/s=40,613 eta=1451.321336422597
step=3366 tokens=441188352/500000000 loss=3.0728 lr=1.32e-05 tok/s=40,842 eta=1439.9935444190498
step=3367 tokens=441319424/500000000 loss=2.9660 lr=1.31e-05 tok/s=40,846 eta=1436.6377205800247
step=3368 tokens=441450496/500000000 loss=3.0411 lr=1.31e-05 tok/s=40,627 eta=1441.1510496260146
step=3369 tokens=441581568/500000000 loss=3.0327 lr=1.31e-05 tok/s=40,528 eta=1441.4292045205318
step=3370 tokens=441712640/500000000 loss=2.9480 lr=1.31e-05 tok/s=40,475 eta=1440.067819698007
step=3371 tokens=441843712/500000000 loss=3.0720 lr=1.31e-05 tok/s=40,533 eta=1434.7727988971305
step=3372 tokens=441974784/500000000 loss=3.0570 lr=1.31e-05 tok/s=40,847 eta=1420.5393093106197
step=3373 tokens=442105856/500000000 loss=3.0519 lr=1.31e-05 tok/s=40,962 eta=1413.3544834385311
step=3374 tokens=442236928/500000000 loss=2.8804 lr=1.31e-05 tok/s=40,951 eta=1410.5467487086132
step=3375 tokens=442368000/500000000 loss=3.0873 lr=1.3e-05 tok/s=40,981 eta=1406.2972550065497
step=3376 tokens=442499072/500000000 loss=3.0147 lr=1.3e-05 tok/s=40,928 eta=1404.9168699903769
step=3377 tokens=442630144/500000000 loss=3.1460 lr=1.3e-05 tok/s=41,111 eta=1395.4795111586213
step=3378 tokens=442761216/500000000 loss=3.1288 lr=1.3e-05 tok/s=41,107 eta=1392.4249320215756
step=3379 tokens=442892288/500000000 loss=2.9233 lr=1.3e-05 tok/s=41,078 eta=1390.2132463372648
step=3380 tokens=443023360/500000000 loss=2.9890 lr=1.3e-05 tok/s=41,118 eta=1385.6820154279592
step=3381 tokens=443154432/500000000 loss=3.0873 lr=1.3e-05 tok/s=41,023 eta=1385.7021125852516
step=3382 tokens=443285504/500000000 loss=2.9822 lr=1.29e-05 tok/s=41,195 eta=1376.7407730381901
step=3383 tokens=443416576/500000000 loss=2.8966 lr=1.29e-05 tok/s=41,181 eta=1374.021928388112
step=3384 tokens=443547648/500000000 loss=2.9581 lr=1.29e-05 tok/s=41,239 eta=1368.9183127473793
step=3385 tokens=443678720/500000000 loss=3.0200 lr=1.29e-05 tok/s=41,177 eta=1367.777362002745
step=3386 tokens=443809792/500000000 loss=3.0646 lr=1.29e-05 tok/s=41,102 eta=1367.105650176684
step=3387 tokens=443940864/500000000 loss=3.1468 lr=1.29e-05 tok/s=41,323 eta=1356.607040061526
step=3388 tokens=444071936/500000000 loss=2.9852 lr=1.29e-05 tok/s=41,557 eta=1345.8082598921515
step=3389 tokens=444203008/500000000 loss=3.0162 lr=1.28e-05 tok/s=41,528 eta=1343.611688361069
step=3390 tokens=444334080/500000000 loss=2.9948 lr=1.28e-05 tok/s=41,203 eta=1351.0092270095902
step=3391 tokens=444465152/500000000 loss=3.1051 lr=1.28e-05 tok/s=41,218 eta=1347.342809170571
step=3392 tokens=444596224/500000000 loss=3.0289 lr=1.28e-05 tok/s=41,386 eta=1338.7079055663312
step=3393 tokens=444727296/500000000 loss=2.9840 lr=1.28e-05 tok/s=41,187 eta=1342.003207425578
step=3394 tokens=444858368/500000000 loss=3.1705 lr=1.28e-05 tok/s=41,286 eta=1335.6137807539683
step=3395 tokens=444989440/500000000 loss=2.9488 lr=1.28e-05 tok/s=41,254 eta=1333.4464237781294
step=3396 tokens=445120512/500000000 loss=3.1245 lr=1.28e-05 tok/s=29,789 eta=1842.2768589304605
step=3397 tokens=445251584/500000000 loss=3.0007 lr=1.27e-05 tok/s=40,938 eta=1337.3564668684169
step=3398 tokens=445382656/500000000 loss=3.0624 lr=1.27e-05 tok/s=41,274 eta=1323.2942989588767
step=3399 tokens=445513728/500000000 loss=3.0600 lr=1.27e-05 tok/s=41,064 eta=1326.848798240886
step=3400 tokens=445644800/500000000 loss=2.9421 lr=1.27e-05 tok/s=41,016 eta=1325.228356545847
step=3401 tokens=445775872/500000000 loss=3.2161 lr=1.27e-05 tok/s=41,077 eta=1320.07224813152
step=3402 tokens=445906944/500000000 loss=2.8409 lr=1.27e-05 tok/s=41,076 eta=1316.9086934287106
step=3403 tokens=446038016/500000000 loss=2.9840 lr=1.27e-05 tok/s=40,965 eta=1317.2745304241098
step=3404 tokens=446169088/500000000 loss=3.0829 lr=1.27e-05 tok/s=40,911 eta=1315.810727623855
step=3405 tokens=446300160/500000000 loss=3.0058 lr=1.26e-05 tok/s=40,934 eta=1311.8767582288426
step=3406 tokens=446431232/500000000 loss=2.8464 lr=1.26e-05 tok/s=41,025 eta=1305.7691895985563
step=3407 tokens=446562304/500000000 loss=3.1114 lr=1.26e-05 tok/s=40,963 eta=1304.5382999209191
step=3408 tokens=446693376/500000000 loss=2.9668 lr=1.26e-05 tok/s=40,785 eta=1307.0199187027702
step=3409 tokens=446824448/500000000 loss=3.0219 lr=1.26e-05 tok/s=40,807 eta=1303.0977035001545
step=3410 tokens=446955520/500000000 loss=3.0093 lr=1.26e-05 tok/s=40,747 eta=1301.7878873613063
step=3411 tokens=447086592/500000000 loss=2.9103 lr=1.26e-05 tok/s=40,978 eta=1291.270193969766
step=3412 tokens=447217664/500000000 loss=2.9593 lr=1.26e-05 tok/s=41,079 eta=1284.8863768499682
step=3413 tokens=447348736/500000000 loss=3.0302 lr=1.25e-05 tok/s=40,943 eta=1285.969311432274
step=3414 tokens=447479808/500000000 loss=3.0582 lr=1.25e-05 tok/s=41,117 eta=1277.3491232698134
step=3415 tokens=447610880/500000000 loss=2.9391 lr=1.25e-05 tok/s=41,138 eta=1273.490277184278
step=3416 tokens=447741952/500000000 loss=2.8781 lr=1.25e-05 tok/s=41,096 eta=1271.605079303479
step=3417 tokens=447873024/500000000 loss=3.1602 lr=1.25e-05 tok/s=41,104 eta=1268.1728739634855
step=3418 tokens=448004096/500000000 loss=2.8145 lr=1.25e-05 tok/s=40,971 eta=1269.0935662057177
step=3419 tokens=448135168/500000000 loss=3.1242 lr=1.25e-05 tok/s=40,971 eta=1265.8943189332533
step=3420 tokens=448266240/500000000 loss=2.9976 lr=1.25e-05 tok/s=40,907 eta=1264.6523888959325
step=3421 tokens=448397312/500000000 loss=2.9871 lr=1.24e-05 tok/s=40,739 eta=1266.6742281421666
step=3422 tokens=448528384/500000000 loss=3.1958 lr=1.24e-05 tok/s=40,906 eta=1258.29687977359
step=3423 tokens=448659456/500000000 loss=2.9033 lr=1.24e-05 tok/s=40,638 eta=1263.362217140179
step=3424 tokens=448790528/500000000 loss=3.0056 lr=1.24e-05 tok/s=40,759 eta=1256.4058901380176
step=3425 tokens=448921600/500000000 loss=3.0779 lr=1.24e-05 tok/s=40,924 eta=1248.1149357391132
step=3426 tokens=449052672/500000000 loss=2.9633 lr=1.24e-05 tok/s=41,126 eta=1238.8008291131584
step=3427 tokens=449183744/500000000 loss=2.9667 lr=1.24e-05 tok/s=41,224 eta=1232.700030114246
step=3428 tokens=449314816/500000000 loss=3.0724 lr=1.24e-05 tok/s=41,619 eta=1217.8322713170592
step=3429 tokens=449445888/500000000 loss=2.9162 lr=1.23e-05 tok/s=41,386 eta=1221.5189080427533
step=3430 tokens=449576960/500000000 loss=3.0544 lr=1.23e-05 tok/s=41,471 eta=1215.8596307835292
step=3431 tokens=449708032/500000000 loss=2.9621 lr=1.23e-05 tok/s=41,501 eta=1211.8270198707721
step=3432 tokens=449839104/500000000 loss=3.0781 lr=1.23e-05 tok/s=41,366 eta=1212.598408330458
step=3433 tokens=449970176/500000000 loss=3.0115 lr=1.23e-05 tok/s=41,386 eta=1208.8510054795386
step=3434 tokens=450101248/500000000 loss=3.0111 lr=1.23e-05 tok/s=29,987 eta=1663.9956937298043
checkpoint saved: runs/20260907-112712/checkpoints/tokens_000450m (permanent_tokens)
step=3435 tokens=450232320/500000000 loss=3.0841 lr=1.23e-05 tok/s=36,518 eta=1362.8348673888536
step=3436 tokens=450363392/500000000 loss=2.9857 lr=1.23e-05 tok/s=41,369 eta=1199.8615485222408
step=3437 tokens=450494464/500000000 loss=2.9379 lr=1.22e-05 tok/s=41,819 eta=1183.800615181454
step=3438 tokens=450625536/500000000 loss=3.1033 lr=1.22e-05 tok/s=41,643 eta=1185.6498470823128
step=3439 tokens=450756608/500000000 loss=2.9747 lr=1.22e-05 tok/s=41,521 eta=1185.9873700858475
step=3440 tokens=450887680/500000000 loss=2.9983 lr=1.22e-05 tok/s=41,629 eta=1179.7760423737589
step=3441 tokens=451018752/500000000 loss=3.0481 lr=1.22e-05 tok/s=41,585 eta=1177.86878538995
step=3442 tokens=451149824/500000000 loss=2.9067 lr=1.22e-05 tok/s=41,506 eta=1176.9447787615554
step=3443 tokens=451280896/500000000 loss=3.0233 lr=1.22e-05 tok/s=41,815 eta=1165.1126482524144
step=3444 tokens=451411968/500000000 loss=3.0207 lr=1.22e-05 tok/s=41,501 eta=1170.7573782547368
step=3445 tokens=451543040/500000000 loss=2.9957 lr=1.22e-05 tok/s=41,612 eta=1164.495757786134
step=3446 tokens=451674112/500000000 loss=2.9965 lr=1.21e-05 tok/s=41,790 eta=1156.4071955837485
step=3447 tokens=451805184/500000000 loss=3.0956 lr=1.21e-05 tok/s=41,567 eta=1159.4425368282791
step=3448 tokens=451936256/500000000 loss=2.9479 lr=1.21e-05 tok/s=41,639 eta=1154.3006965449224
step=3449 tokens=452067328/500000000 loss=2.9841 lr=1.21e-05 tok/s=41,743 eta=1148.273965922571
step=3450 tokens=452198400/500000000 loss=2.9008 lr=1.21e-05 tok/s=41,636 eta=1148.0908214880599
step=3451 tokens=452329472/500000000 loss=3.0824 lr=1.21e-05 tok/s=41,616 eta=1145.4768128772694
step=3452 tokens=452460544/500000000 loss=3.0617 lr=1.21e-05 tok/s=41,562 eta=1143.8303919810678
step=3453 tokens=452591616/500000000 loss=2.9693 lr=1.21e-05 tok/s=41,767 eta=1135.079259250486
step=3454 tokens=452722688/500000000 loss=2.9245 lr=1.21e-05 tok/s=41,712 eta=1133.4289030347618
step=3455 tokens=452853760/500000000 loss=2.9326 lr=1.2e-05 tok/s=41,549 eta=1134.7183779551312
step=3456 tokens=452984832/500000000 loss=2.9497 lr=1.2e-05 tok/s=41,578 eta=1130.7770190006474
step=3457 tokens=453115904/500000000 loss=3.1549 lr=1.2e-05 tok/s=41,683 eta=1124.7899819058573
step=3458 tokens=453246976/500000000 loss=3.0387 lr=1.2e-05 tok/s=41,365 eta=1130.2567889436098
step=3459 tokens=453378048/500000000 loss=2.8061 lr=1.2e-05 tok/s=41,281 eta=1129.3700261624479
step=3460 tokens=453509120/500000000 loss=2.9729 lr=1.2e-05 tok/s=41,402 eta=1122.9023869522757
step=3461 tokens=453640192/500000000 loss=3.0030 lr=1.2e-05 tok/s=41,337 eta=1121.5163985730667
step=3462 tokens=453771264/500000000 loss=3.1643 lr=1.2e-05 tok/s=41,230 eta=1121.2482141359553
step=3463 tokens=453902336/500000000 loss=3.2260 lr=1.2e-05 tok/s=41,280 eta=1116.6950213573887
step=3464 tokens=454033408/500000000 loss=2.9151 lr=1.19e-05 tok/s=41,369 eta=1111.1357734615162
step=3465 tokens=454164480/500000000 loss=3.1177 lr=1.19e-05 tok/s=41,360 eta=1108.2121135246105
step=3466 tokens=454295552/500000000 loss=3.0378 lr=1.19e-05 tok/s=41,281 eta=1107.155980397483
step=3467 tokens=454426624/500000000 loss=2.8873 lr=1.19e-05 tok/s=41,235 eta=1105.2140412008566
step=3468 tokens=454557696/500000000 loss=2.9199 lr=1.19e-05 tok/s=41,493 eta=1095.1750060903767
step=3469 tokens=454688768/500000000 loss=3.0248 lr=1.19e-05 tok/s=41,473 eta=1092.5439509871346
step=3470 tokens=454819840/500000000 loss=3.1554 lr=1.19e-05 tok/s=41,147 eta=1098.0136618447834
step=3471 tokens=454950912/500000000 loss=3.0594 lr=1.19e-05 tok/s=41,138 eta=1095.0637252124752
step=3472 tokens=455081984/500000000 loss=2.9624 lr=1.19e-05 tok/s=29,845 eta=1505.0370885205896
step=3473 tokens=455213056/500000000 loss=3.0260 lr=1.18e-05 tok/s=41,096 eta=1089.8138954726917
step=3474 tokens=455344128/500000000 loss=3.0480 lr=1.18e-05 tok/s=41,353 eta=1079.863685703496
step=3475 tokens=455475200/500000000 loss=2.8637 lr=1.18e-05 tok/s=41,439 eta=1074.4757696801344
step=3476 tokens=455606272/500000000 loss=3.0520 lr=1.18e-05 tok/s=41,548 eta=1068.501607857112
step=3477 tokens=455737344/500000000 loss=3.0562 lr=1.18e-05 tok/s=41,246 eta=1073.1285525179374
step=3478 tokens=455868416/500000000 loss=3.1405 lr=1.18e-05 tok/s=41,237 eta=1070.1921193987826
step=3479 tokens=455999488/500000000 loss=2.9632 lr=1.18e-05 tok/s=41,254 eta=1066.5647435638666
step=3480 tokens=456130560/500000000 loss=3.0657 lr=1.18e-05 tok/s=41,213 eta=1064.4502399030137
step=3481 tokens=456261632/500000000 loss=3.1417 lr=1.18e-05 tok/s=41,148 eta=1062.9641832783266
step=3482 tokens=456392704/500000000 loss=3.0548 lr=1.17e-05 tok/s=41,187 eta=1058.768312400352
step=3483 tokens=456523776/500000000 loss=3.0660 lr=1.17e-05 tok/s=40,943 eta=1061.8777655927718
step=3484 tokens=456654848/500000000 loss=2.9184 lr=1.17e-05 tok/s=41,104 eta=1054.5337893498004
step=3485 tokens=456785920/500000000 loss=3.0528 lr=1.17e-05 tok/s=41,228 eta=1048.1812136657545
step=3486 tokens=456916992/500000000 loss=2.9878 lr=1.17e-05 tok/s=41,319 eta=1042.6916450325914
step=3487 tokens=457048064/500000000 loss=2.7495 lr=1.17e-05 tok/s=41,017 eta=1047.1717755053355
step=3488 tokens=457179136/500000000 loss=3.0630 lr=1.17e-05 tok/s=41,125 eta=1041.2303998244458
step=3489 tokens=457310208/500000000 loss=3.1385 lr=1.17e-05 tok/s=41,130 eta=1037.926939478696
step=3490 tokens=457441280/500000000 loss=3.0671 lr=1.17e-05 tok/s=41,160 eta=1033.9860308308084
step=3491 tokens=457572352/500000000 loss=2.9791 lr=1.17e-05 tok/s=41,147 eta=1031.1241550745
step=3492 tokens=457703424/500000000 loss=3.0111 lr=1.16e-05 tok/s=41,032 eta=1030.8069378030339
step=3493 tokens=457834496/500000000 loss=3.1570 lr=1.16e-05 tok/s=41,012 eta=1028.1208460987045
step=3494 tokens=457965568/500000000 loss=3.0810 lr=1.16e-05 tok/s=41,063 eta=1023.6647001748971
step=3495 tokens=458096640/500000000 loss=2.9304 lr=1.16e-05 tok/s=41,017 eta=1021.6002370779216
step=3496 tokens=458227712/500000000 loss=2.9308 lr=1.16e-05 tok/s=41,119 eta=1015.8810732411697
step=3497 tokens=458358784/500000000 loss=2.9176 lr=1.16e-05 tok/s=41,037 eta=1014.7168863292093
step=3498 tokens=458489856/500000000 loss=3.0336 lr=1.16e-05 tok/s=41,024 eta=1011.8568541530436
step=3499 tokens=458620928/500000000 loss=2.8858 lr=1.16e-05 tok/s=40,937 eta=1010.7921824935465
step=3500 tokens=458752000/500000000 loss=3.0580 lr=1.16e-05 tok/s=40,965 eta=1006.9175942424522
step=3501 tokens=458883072/500000000 loss=3.0926 lr=1.16e-05 tok/s=41,125 eta=999.7957633653696
step=3502 tokens=459014144/500000000 loss=2.8941 lr=1.15e-05 tok/s=41,072 eta=997.8974072171475
step=3503 tokens=459145216/500000000 loss=3.1469 lr=1.15e-05 tok/s=41,059 eta=995.036888549345
step=3504 tokens=459276288/500000000 loss=3.0018 lr=1.15e-05 tok/s=41,054 eta=991.9463468833947
step=3505 tokens=459407360/500000000 loss=3.0650 lr=1.15e-05 tok/s=40,977 eta=990.6282552068478
step=3506 tokens=459538432/500000000 loss=3.0242 lr=1.15e-05 tok/s=40,952 eta=988.0264587214931
step=3507 tokens=459669504/500000000 loss=2.8752 lr=1.15e-05 tok/s=40,867 eta=986.8723774877926
step=3508 tokens=459800576/500000000 loss=3.0687 lr=1.15e-05 tok/s=41,229 eta=975.0386135334288
step=3509 tokens=459931648/500000000 loss=3.0304 lr=1.15e-05 tok/s=41,081 eta=975.3466866125249
step=3510 tokens=460062720/500000000 loss=3.0257 lr=1.15e-05 tok/s=29,684 eta=1345.4263836006471
step=3511 tokens=460193792/500000000 loss=2.9974 lr=1.15e-05 tok/s=41,051 eta=969.6771483697634
step=3512 tokens=460324864/500000000 loss=3.0170 lr=1.14e-05 tok/s=40,901 eta=970.021508271726
step=3513 tokens=460455936/500000000 loss=3.2466 lr=1.14e-05 tok/s=40,607 eta=973.8293530128536
step=3514 tokens=460587008/500000000 loss=2.9041 lr=1.14e-05 tok/s=40,895 eta=963.7642139909434
step=3515 tokens=460718080/500000000 loss=3.0825 lr=1.14e-05 tok/s=40,868 eta=961.1822875617964
step=3516 tokens=460849152/500000000 loss=2.9704 lr=1.14e-05 tok/s=40,889 eta=957.4965314609432
step=3517 tokens=460980224/500000000 loss=2.9373 lr=1.14e-05 tok/s=40,702 eta=958.6654955769468
step=3518 tokens=461111296/500000000 loss=3.0824 lr=1.14e-05 tok/s=40,884 eta=951.2012776466614
step=3519 tokens=461242368/500000000 loss=2.9792 lr=1.14e-05 tok/s=40,945 eta=946.5770570086728
step=3520 tokens=461373440/500000000 loss=2.8599 lr=1.14e-05 tok/s=40,940 eta=943.4991868186097
step=3521 tokens=461504512/500000000 loss=3.0150 lr=1.14e-05 tok/s=40,960 eta=939.8202830622891
step=3522 tokens=461635584/500000000 loss=3.0052 lr=1.14e-05 tok/s=40,967 eta=936.4725255417574
step=3523 tokens=461766656/500000000 loss=3.0410 lr=1.13e-05 tok/s=40,923 eta=934.2767248866185
step=3524 tokens=461897728/500000000 loss=3.0198 lr=1.13e-05 tok/s=40,942 eta=930.6495261638945
step=3525 tokens=462028800/500000000 loss=2.9805 lr=1.13e-05 tok/s=40,855 eta=929.4147748157229
step=3526 tokens=462159872/500000000 loss=3.1040 lr=1.13e-05 tok/s=40,747 eta=928.6651433185853
step=3527 tokens=462290944/500000000 loss=2.8705 lr=1.13e-05 tok/s=40,887 eta=922.2644227893346
step=3528 tokens=462422016/500000000 loss=3.0541 lr=1.13e-05 tok/s=40,539 eta=926.9508615522706
step=3529 tokens=462553088/500000000 loss=3.1503 lr=1.13e-05 tok/s=40,503 eta=924.5412657773128
step=3530 tokens=462684160/500000000 loss=2.8223 lr=1.13e-05 tok/s=40,403 eta=923.6000557761553
step=3531 tokens=462815232/500000000 loss=2.9858 lr=1.13e-05 tok/s=40,493 eta=918.3062659864539
step=3532 tokens=462946304/500000000 loss=3.1011 lr=1.13e-05 tok/s=40,441 eta=916.24424703014
step=3533 tokens=463077376/500000000 loss=3.0095 lr=1.13e-05 tok/s=40,448 eta=912.84407273915
step=3534 tokens=463208448/500000000 loss=3.0314 lr=1.12e-05 tok/s=40,554 eta=907.2258747194236
step=3535 tokens=463339520/500000000 loss=3.1601 lr=1.12e-05 tok/s=40,063 eta=915.0607476611556
step=3536 tokens=463470592/500000000 loss=2.8912 lr=1.12e-05 tok/s=40,256 eta=907.4330963881597
step=3537 tokens=463601664/500000000 loss=3.0835 lr=1.12e-05 tok/s=40,334 eta=902.4227597853803
step=3538 tokens=463732736/500000000 loss=2.9383 lr=1.12e-05 tok/s=40,304 eta=899.8418317444476
step=3539 tokens=463863808/500000000 loss=2.9132 lr=1.12e-05 tok/s=40,347 eta=895.6294194703086
step=3540 tokens=463994880/500000000 loss=2.9912 lr=1.12e-05 tok/s=40,163 eta=896.4637368066741
step=3541 tokens=464125952/500000000 loss=3.0748 lr=1.12e-05 tok/s=40,104 eta=894.5194569578404
step=3542 tokens=464257024/500000000 loss=2.9464 lr=1.12e-05 tok/s=40,128 eta=890.7258215437344
step=3543 tokens=464388096/500000000 loss=3.0443 lr=1.12e-05 tok/s=40,374 eta=882.0446982846858
step=3544 tokens=464519168/500000000 loss=3.0159 lr=1.12e-05 tok/s=40,163 eta=883.417452055038
step=3545 tokens=464650240/500000000 loss=2.9915 lr=1.12e-05 tok/s=39,854 eta=886.9838093335505
step=3546 tokens=464781312/500000000 loss=2.9903 lr=1.11e-05 tok/s=39,738 eta=886.2635621386463
step=3547 tokens=464912384/500000000 loss=2.9033 lr=1.11e-05 tok/s=40,142 eta=874.095937388278
step=3548 tokens=465043456/500000000 loss=2.8566 lr=1.11e-05 tok/s=29,008 eta=1205.0581275933957
step=3549 tokens=465174528/500000000 loss=2.8905 lr=1.11e-05 tok/s=40,298 eta=864.1942104213263
step=3550 tokens=465305600/500000000 loss=3.0539 lr=1.11e-05 tok/s=40,236 eta=862.2621921948507
step=3551 tokens=465436672/500000000 loss=2.8955 lr=1.11e-05 tok/s=40,228 eta=859.189625855797
step=3552 tokens=465567744/500000000 loss=3.0593 lr=1.11e-05 tok/s=40,260 eta=855.2480960054273
step=3553 tokens=465698816/500000000 loss=3.0698 lr=1.11e-05 tok/s=40,229 eta=852.6382975347743
step=3554 tokens=465829888/500000000 loss=2.8613 lr=1.11e-05 tok/s=40,246 eta=849.0233348506151
step=3555 tokens=465960960/500000000 loss=2.9394 lr=1.11e-05 tok/s=40,359 eta=843.4071889077961
step=3556 tokens=466092032/500000000 loss=2.8502 lr=1.11e-05 tok/s=40,611 eta=834.9487759632628
step=3557 tokens=466223104/500000000 loss=3.1748 lr=1.11e-05 tok/s=40,330 eta=837.5134548692155
step=3558 tokens=466354176/500000000 loss=2.9299 lr=1.1e-05 tok/s=40,135 eta=838.3222945953928
step=3559 tokens=466485248/500000000 loss=2.9925 lr=1.1e-05 tok/s=40,337 eta=830.8709685106072
step=3560 tokens=466616320/500000000 loss=2.9588 lr=1.1e-05 tok/s=40,009 eta=834.4061754312645
step=3561 tokens=466747392/500000000 loss=2.9448 lr=1.1e-05 tok/s=39,830 eta=834.8685594964011
step=3562 tokens=466878464/500000000 loss=3.0198 lr=1.1e-05 tok/s=39,918 eta=829.7336453830561
step=3563 tokens=467009536/500000000 loss=3.0412 lr=1.1e-05 tok/s=40,016 eta=824.4245730790165
step=3564 tokens=467140608/500000000 loss=3.0611 lr=1.1e-05 tok/s=39,808 eta=825.4521057966996
step=3565 tokens=467271680/500000000 loss=2.8767 lr=1.1e-05 tok/s=39,896 eta=820.3426274661394
step=3566 tokens=467402752/500000000 loss=3.0094 lr=1.1e-05 tok/s=39,915 eta=816.6627614241162
step=3567 tokens=467533824/500000000 loss=3.0352 lr=1.1e-05 tok/s=39,917 eta=813.3387010277934
step=3568 tokens=467664896/500000000 loss=3.0794 lr=1.1e-05 tok/s=40,397 eta=800.4421887258308
step=3569 tokens=467795968/500000000 loss=2.8713 lr=1.1e-05 tok/s=40,181 eta=801.4813244859189
step=3570 tokens=467927040/500000000 loss=3.0213 lr=1.09e-05 tok/s=40,108 eta=799.6614693244913
step=3571 tokens=468058112/500000000 loss=3.0007 lr=1.09e-05 tok/s=40,304 eta=792.5146752414936
step=3572 tokens=468189184/500000000 loss=2.9020 lr=1.09e-05 tok/s=40,576 eta=783.9726085620108
step=3573 tokens=468320256/500000000 loss=2.8997 lr=1.09e-05 tok/s=40,662 eta=779.1029407549884
step=3574 tokens=468451328/500000000 loss=2.9215 lr=1.09e-05 tok/s=40,834 eta=772.6046591054587
step=3575 tokens=468582400/500000000 loss=3.0539 lr=1.09e-05 tok/s=40,547 eta=774.8493363520282
step=3576 tokens=468713472/500000000 loss=3.0714 lr=1.09e-05 tok/s=40,515 eta=772.2255807027836
step=3577 tokens=468844544/500000000 loss=2.9893 lr=1.09e-05 tok/s=40,854 eta=762.6122694075276
step=3578 tokens=468975616/500000000 loss=2.9015 lr=1.09e-05 tok/s=40,748 eta=761.3799575833501
step=3579 tokens=469106688/500000000 loss=2.9882 lr=1.09e-05 tok/s=40,589 eta=761.1205120781527
step=3580 tokens=469237760/500000000 loss=3.0034 lr=1.09e-05 tok/s=40,704 eta=755.7628154056283
step=3581 tokens=469368832/500000000 loss=2.9669 lr=1.09e-05 tok/s=40,597 eta=754.5161238298477
step=3582 tokens=469499904/500000000 loss=2.9705 lr=1.09e-05 tok/s=40,731 eta=748.8238176012616
step=3583 tokens=469630976/500000000 loss=3.1425 lr=1.09e-05 tok/s=40,299 eta=753.5926395521984
step=3584 tokens=469762048/500000000 loss=3.0523 lr=1.08e-05 tok/s=40,268 eta=750.9223769822814
step=3585 tokens=469893120/500000000 loss=2.9690 lr=1.08e-05 tok/s=40,288 eta=747.2917857823927
step=3586 tokens=470024192/500000000 loss=3.0099 lr=1.08e-05 tok/s=29,357 eta=1021.0715878030803
step=3587 tokens=470155264/500000000 loss=3.1673 lr=1.08e-05 tok/s=40,668 eta=733.866891557953
step=3588 tokens=470286336/500000000 loss=3.0100 lr=1.08e-05 tok/s=40,766 eta=728.8913353510895
step=3589 tokens=470417408/500000000 loss=3.0602 lr=1.08e-05 tok/s=40,904 eta=723.2271229393092
step=3590 tokens=470548480/500000000 loss=3.0175 lr=1.08e-05 tok/s=40,842 eta=721.1013787200307
step=3591 tokens=470679552/500000000 loss=2.8624 lr=1.08e-05 tok/s=40,707 eta=720.2827390157178
step=3592 tokens=470810624/500000000 loss=2.9244 lr=1.08e-05 tok/s=40,734 eta=716.5863641251337
step=3593 tokens=470941696/500000000 loss=2.9390 lr=1.08e-05 tok/s=40,804 eta=712.141291999579
step=3594 tokens=471072768/500000000 loss=3.0157 lr=1.08e-05 tok/s=40,646 eta=711.6933779994665
step=3595 tokens=471203840/500000000 loss=2.9225 lr=1.08e-05 tok/s=40,759 eta=706.4924595881411
step=3596 tokens=471334912/500000000 loss=2.9872 lr=1.08e-05 tok/s=40,855 eta=701.6344498532793
step=3597 tokens=471465984/500000000 loss=3.0783 lr=1.08e-05 tok/s=40,777 eta=699.7549210096213
step=3598 tokens=471597056/500000000 loss=3.1747 lr=1.07e-05 tok/s=40,862 eta=695.0946413987762
step=3599 tokens=471728128/500000000 loss=2.9456 lr=1.07e-05 tok/s=40,889 eta=691.4310244051779
step=3600 tokens=471859200/500000000 loss=3.0318 lr=1.07e-05 tok/s=40,677 eta=691.8122090069602
step=3601 tokens=471990272/500000000 loss=3.0691 lr=1.07e-05 tok/s=40,601 eta=689.873414964245
step=3602 tokens=472121344/500000000 loss=3.0786 lr=1.07e-05 tok/s=40,719 eta=684.6657970254969
step=3603 tokens=472252416/500000000 loss=3.0904 lr=1.07e-05 tok/s=40,941 eta=677.7491515405252
step=3604 tokens=472383488/500000000 loss=3.1121 lr=1.07e-05 tok/s=40,923 eta=674.8440954441853
step=3605 tokens=472514560/500000000 loss=3.0073 lr=1.07e-05 tok/s=40,584 eta=677.2445464296038
step=3606 tokens=472645632/500000000 loss=2.9832 lr=1.07e-05 tok/s=40,809 eta=670.3038966621701
step=3607 tokens=472776704/500000000 loss=3.0096 lr=1.07e-05 tok/s=40,701 eta=668.8630340160845
step=3608 tokens=472907776/500000000 loss=2.8463 lr=1.07e-05 tok/s=40,883 eta=662.672132857801
step=3609 tokens=473038848/500000000 loss=3.1186 lr=1.07e-05 tok/s=41,023 eta=657.2231698714772
step=3610 tokens=473169920/500000000 loss=2.9873 lr=1.07e-05 tok/s=40,920 eta=655.6787917848357
step=3611 tokens=473300992/500000000 loss=3.0190 lr=1.07e-05 tok/s=41,012 eta=650.9986119642824
step=3612 tokens=473432064/500000000 loss=3.1891 lr=1.07e-05 tok/s=41,062 eta=647.0247148482238
step=3613 tokens=473563136/500000000 loss=2.9617 lr=1.06e-05 tok/s=40,689 eta=649.7292916636163
step=3614 tokens=473694208/500000000 loss=3.0812 lr=1.06e-05 tok/s=40,706 eta=646.2372479033455
step=3615 tokens=473825280/500000000 loss=3.0565 lr=1.06e-05 tok/s=40,731 eta=642.6304211682213
step=3616 tokens=473956352/500000000 loss=2.8577 lr=1.06e-05 tok/s=40,806 eta=638.2325746130542
step=3617 tokens=474087424/500000000 loss=3.0457 lr=1.06e-05 tok/s=40,820 eta=634.7983413981316
step=3618 tokens=474218496/500000000 loss=2.8437 lr=1.06e-05 tok/s=40,888 eta=630.5365816207385
step=3619 tokens=474349568/500000000 loss=3.0386 lr=1.06e-05 tok/s=40,905 eta=627.0799015637742
step=3620 tokens=474480640/500000000 loss=3.0468 lr=1.06e-05 tok/s=40,958 eta=623.062222447931
step=3621 tokens=474611712/500000000 loss=3.0202 lr=1.06e-05 tok/s=40,897 eta=620.7905655302429
step=3622 tokens=474742784/500000000 loss=3.0357 lr=1.06e-05 tok/s=40,909 eta=617.395183860755
step=3623 tokens=474873856/500000000 loss=2.8122 lr=1.06e-05 tok/s=40,947 eta=613.6328629995314
step=3624 tokens=475004928/500000000 loss=3.0348 lr=1.06e-05 tok/s=29,588 eta=844.7718288503213
checkpoint saved: runs/20260907-112712/checkpoints/tokens_000475m (permanent_tokens)
step=3625 tokens=475136000/500000000 loss=3.0736 lr=1.06e-05 tok/s=36,158 eta=687.6454583108398
step=3626 tokens=475267072/500000000 loss=2.9777 lr=1.06e-05 tok/s=41,219 eta=600.0327121488489
step=3627 tokens=475398144/500000000 loss=3.1211 lr=1.06e-05 tok/s=41,421 eta=593.9468768070926
step=3628 tokens=475529216/500000000 loss=2.9433 lr=1.06e-05 tok/s=41,433 eta=590.6066836201713
step=3629 tokens=475660288/500000000 loss=3.0484 lr=1.05e-05 tok/s=41,663 eta=584.2027727794292
step=3630 tokens=475791360/500000000 loss=2.8898 lr=1.05e-05 tok/s=41,515 eta=583.1342646374088
step=3631 tokens=475922432/500000000 loss=3.0004 lr=1.05e-05 tok/s=41,576 eta=579.1242441116729
step=3632 tokens=476053504/500000000 loss=2.9074 lr=1.05e-05 tok/s=41,603 eta=575.5995529430842
step=3633 tokens=476184576/500000000 loss=3.0462 lr=1.05e-05 tok/s=41,512 eta=573.7050916125106
step=3634 tokens=476315648/500000000 loss=3.1074 lr=1.05e-05 tok/s=41,590 eta=569.47883353002
step=3635 tokens=476446720/500000000 loss=3.0197 lr=1.05e-05 tok/s=41,453 eta=568.1873067710194
step=3636 tokens=476577792/500000000 loss=3.1059 lr=1.05e-05 tok/s=41,323 eta=566.8060069859173
step=3637 tokens=476708864/500000000 loss=3.0264 lr=1.05e-05 tok/s=41,223 eta=564.9967797504144
step=3638 tokens=476839936/500000000 loss=3.0941 lr=1.05e-05 tok/s=41,124 eta=563.1728338281092
step=3639 tokens=476971008/500000000 loss=2.8812 lr=1.05e-05 tok/s=41,195 eta=559.026846200785
step=3640 tokens=477102080/500000000 loss=3.0432 lr=1.05e-05 tok/s=41,228 eta=555.3910989738154
step=3641 tokens=477233152/500000000 loss=3.1568 lr=1.05e-05 tok/s=41,106 eta=553.8527400038761
step=3642 tokens=477364224/500000000 loss=2.9827 lr=1.05e-05 tok/s=40,770 eta=555.2017650369622
step=3643 tokens=477495296/500000000 loss=3.0258 lr=1.05e-05 tok/s=40,982 eta=549.1427621995402
step=3644 tokens=477626368/500000000 loss=3.1512 lr=1.05e-05 tok/s=40,918 eta=546.7876822858025
step=3645 tokens=477757440/500000000 loss=3.0817 lr=1.05e-05 tok/s=40,803 eta=545.1189122608861
step=3646 tokens=477888512/500000000 loss=2.9644 lr=1.05e-05 tok/s=40,920 eta=540.3647569574925
step=3647 tokens=478019584/500000000 loss=2.9411 lr=1.04e-05 tok/s=41,036 eta=535.640711219048
step=3648 tokens=478150656/500000000 loss=3.0196 lr=1.04e-05 tok/s=41,238 eta=529.8311356607318
step=3649 tokens=478281728/500000000 loss=2.7886 lr=1.04e-05 tok/s=41,133 eta=528.0050979646086
step=3650 tokens=478412800/500000000 loss=3.0099 lr=1.04e-05 tok/s=40,866 eta=528.2387289834276
step=3651 tokens=478543872/500000000 loss=3.1986 lr=1.04e-05 tok/s=40,761 eta=526.3884178660618
step=3652 tokens=478674944/500000000 loss=3.0486 lr=1.04e-05 tok/s=40,890 eta=521.5232924247168
step=3653 tokens=478806016/500000000 loss=3.0831 lr=1.04e-05 tok/s=40,921 eta=517.9246510915408
step=3654 tokens=478937088/500000000 loss=3.0328 lr=1.04e-05 tok/s=41,166 eta=511.66166762374513
step=3655 tokens=479068160/500000000 loss=3.0030 lr=1.04e-05 tok/s=41,458 eta=504.8880596561196
step=3656 tokens=479199232/500000000 loss=2.9061 lr=1.04e-05 tok/s=41,396 eta=502.4854075576711
step=3657 tokens=479330304/500000000 loss=3.0831 lr=1.04e-05 tok/s=41,376 eta=499.5532703085911
step=3658 tokens=479461376/500000000 loss=3.0561 lr=1.04e-05 tok/s=41,207 eta=498.4262927101443
step=3659 tokens=479592448/500000000 loss=3.1052 lr=1.04e-05 tok/s=41,127 eta=496.212533123393
step=3660 tokens=479723520/500000000 loss=2.8969 lr=1.04e-05 tok/s=41,239 eta=491.6807035416378
step=3661 tokens=479854592/500000000 loss=3.1317 lr=1.04e-05 tok/s=41,304 eta=487.73012772380935
step=3662 tokens=479985664/500000000 loss=3.1083 lr=1.04e-05 tok/s=41,430 eta=483.0924581119697
step=3663 tokens=480116736/500000000 loss=3.0379 lr=1.04e-05 tok/s=29,953 eta=663.8109898742604
step=3664 tokens=480247808/500000000 loss=2.9841 lr=1.04e-05 tok/s=41,636 eta=474.40478027546146
step=3665 tokens=480378880/500000000 loss=2.9852 lr=1.04e-05 tok/s=41,754 eta=469.9167659676556
step=3666 tokens=480509952/500000000 loss=3.0464 lr=1.04e-05 tok/s=41,756 eta=466.7625521698096
step=3667 tokens=480641024/500000000 loss=2.9588 lr=1.03e-05 tok/s=41,800 eta=463.12962126163455
step=3668 tokens=480772096/500000000 loss=2.9947 lr=1.03e-05 tok/s=41,777 eta=460.2487456629085
step=3669 tokens=480903168/500000000 loss=3.1109 lr=1.03e-05 tok/s=41,465 eta=460.54881375665065
step=3670 tokens=481034240/500000000 loss=2.9855 lr=1.03e-05 tok/s=41,352 eta=458.6407124488011
step=3671 tokens=481165312/500000000 loss=3.0824 lr=1.03e-05 tok/s=41,394 eta=455.00807441791926
step=3672 tokens=481296384/500000000 loss=2.9387 lr=1.03e-05 tok/s=41,523 eta=450.44306121247814
step=3673 tokens=481427456/500000000 loss=3.0624 lr=1.03e-05 tok/s=41,458 eta=447.988921155375
step=3674 tokens=481558528/500000000 loss=3.1452 lr=1.03e-05 tok/s=41,346 eta=446.02822337853695
step=3675 tokens=481689600/500000000 loss=2.9427 lr=1.03e-05 tok/s=41,262 eta=443.7584952410248
step=3676 tokens=481820672/500000000 loss=3.0836 lr=1.03e-05 tok/s=41,606 eta=436.9377942340228
step=3677 tokens=481951744/500000000 loss=3.0135 lr=1.03e-05 tok/s=41,503 eta=434.8632861450543
step=3678 tokens=482082816/500000000 loss=2.9297 lr=1.03e-05 tok/s=41,423 eta=432.54650881705567
step=3679 tokens=482213888/500000000 loss=3.0746 lr=1.03e-05 tok/s=41,325 eta=430.39930034305485
step=3680 tokens=482344960/500000000 loss=2.9342 lr=1.03e-05 tok/s=41,394 eta=426.5154490085388
step=3681 tokens=482476032/500000000 loss=3.0234 lr=1.03e-05 tok/s=41,453 eta=422.7441082158748
step=3682 tokens=482607104/500000000 loss=3.1292 lr=1.03e-05 tok/s=41,323 eta=420.9020709471139
step=3683 tokens=482738176/500000000 loss=3.1327 lr=1.03e-05 tok/s=41,579 eta=415.1548786085806
step=3684 tokens=482869248/500000000 loss=3.0356 lr=1.03e-05 tok/s=41,375 eta=414.0393686306261
step=3685 tokens=483000320/500000000 loss=3.0312 lr=1.03e-05 tok/s=41,704 eta=407.6273320505311
step=3686 tokens=483131392/500000000 loss=3.0359 lr=1.03e-05 tok/s=41,777 eta=403.78207411437995
step=3687 tokens=483262464/500000000 loss=2.9643 lr=1.03e-05 tok/s=41,128 eta=406.9661841583596
step=3688 tokens=483393536/500000000 loss=3.0955 lr=1.03e-05 tok/s=41,326 eta=401.84388597469524
step=3689 tokens=483524608/500000000 loss=3.0571 lr=1.03e-05 tok/s=41,615 eta=395.89817716575885
step=3690 tokens=483655680/500000000 loss=3.0177 lr=1.02e-05 tok/s=41,531 eta=393.5454956871832
step=3691 tokens=483786752/500000000 loss=2.9846 lr=1.02e-05 tok/s=41,337 eta=392.2209692836054
step=3692 tokens=483917824/500000000 loss=2.8667 lr=1.02e-05 tok/s=41,242 eta=389.9446280978341
step=3693 tokens=484048896/500000000 loss=2.9161 lr=1.02e-05 tok/s=41,128 eta=387.8439978362296
step=3694 tokens=484179968/500000000 loss=3.1328 lr=1.02e-05 tok/s=41,029 eta=385.5788449443626
step=3695 tokens=484311040/500000000 loss=3.0828 lr=1.02e-05 tok/s=40,720 eta=385.2923674961869
step=3696 tokens=484442112/500000000 loss=2.9872 lr=1.02e-05 tok/s=40,808 eta=381.2420860590371
step=3697 tokens=484573184/500000000 loss=2.9566 lr=1.02e-05 tok/s=40,766 eta=378.42678534136326
step=3698 tokens=484704256/500000000 loss=2.9913 lr=1.02e-05 tok/s=40,864 eta=374.30682946655566
step=3699 tokens=484835328/500000000 loss=3.0308 lr=1.02e-05 tok/s=40,881 eta=370.94600514913367
step=3700 tokens=484966400/500000000 loss=2.8212 lr=1.02e-05 tok/s=40,971 eta=366.93058135415697
step=3701 tokens=485097472/500000000 loss=3.0872 lr=1.02e-05 tok/s=29,499 eta=505.1943696272223
step=3702 tokens=485228544/500000000 loss=2.8895 lr=1.02e-05 tok/s=40,847 eta=361.6314197480403
step=3703 tokens=485359616/500000000 loss=3.0065 lr=1.02e-05 tok/s=40,822 eta=358.63910692306536
step=3704 tokens=485490688/500000000 loss=3.0322 lr=1.02e-05 tok/s=40,843 eta=355.2434248384556
step=3705 tokens=485621760/500000000 loss=3.0909 lr=1.02e-05 tok/s=40,854 eta=351.9404236793332
step=3706 tokens=485752832/500000000 loss=2.8951 lr=1.02e-05 tok/s=40,837 eta=348.8814795015236
step=3707 tokens=485883904/500000000 loss=2.9750 lr=1.02e-05 tok/s=40,881 eta=345.29683472118813
step=3708 tokens=486014976/500000000 loss=2.9896 lr=1.02e-05 tok/s=40,919 eta=341.77119815796345
step=3709 tokens=486146048/500000000 loss=2.8714 lr=1.02e-05 tok/s=40,902 eta=338.7131852446257
step=3710 tokens=486277120/500000000 loss=2.8810 lr=1.02e-05 tok/s=41,005 eta=334.6610660133382
step=3711 tokens=486408192/500000000 loss=3.0314 lr=1.02e-05 tok/s=40,759 eta=333.4697604335196
step=3712 tokens=486539264/500000000 loss=3.0083 lr=1.02e-05 tok/s=40,992 eta=328.3710617537736
step=3713 tokens=486670336/500000000 loss=2.9276 lr=1.02e-05 tok/s=40,713 eta=327.40312713118635
step=3714 tokens=486801408/500000000 loss=2.8796 lr=1.02e-05 tok/s=41,045 eta=321.56008621500496
step=3715 tokens=486932480/500000000 loss=2.8480 lr=1.02e-05 tok/s=41,037 eta=318.43296979726233
step=3716 tokens=487063552/500000000 loss=3.1036 lr=1.02e-05 tok/s=40,847 eta=316.70258568301585
step=3717 tokens=487194624/500000000 loss=3.0328 lr=1.02e-05 tok/s=41,072 eta=311.775738005912
step=3718 tokens=487325696/500000000 loss=2.8920 lr=1.01e-05 tok/s=41,077 eta=308.55120518353874
step=3719 tokens=487456768/500000000 loss=3.0781 lr=1.01e-05 tok/s=41,200 eta=304.44737210890105
step=3720 tokens=487587840/500000000 loss=2.9690 lr=1.01e-05 tok/s=41,126 eta=301.8078622716439
step=3721 tokens=487718912/500000000 loss=3.0682 lr=1.01e-05 tok/s=41,202 eta=298.06669203256774
step=3722 tokens=487849984/500000000 loss=2.9578 lr=1.01e-05 tok/s=41,283 eta=294.3076529719689
step=3723 tokens=487981056/500000000 loss=3.1314 lr=1.01e-05 tok/s=41,046 eta=292.81998841171867
step=3724 tokens=488112128/500000000 loss=3.1233 lr=1.01e-05 tok/s=41,377 eta=287.3029386779035
step=3725 tokens=488243200/500000000 loss=2.9478 lr=1.01e-05 tok/s=41,051 eta=286.39162157826945
step=3726 tokens=488374272/500000000 loss=2.9095 lr=1.01e-05 tok/s=41,202 eta=282.1638238977059
step=3727 tokens=488505344/500000000 loss=3.0785 lr=1.01e-05 tok/s=41,081 eta=279.80127983236923
step=3728 tokens=488636416/500000000 loss=3.1792 lr=1.01e-05 tok/s=41,126 eta=276.3088767352642
step=3729 tokens=488767488/500000000 loss=2.8751 lr=1.01e-05 tok/s=41,203 eta=272.6137483907348
step=3730 tokens=488898560/500000000 loss=3.0004 lr=1.01e-05 tok/s=41,313 eta=268.7178442984441
step=3731 tokens=489029632/500000000 loss=3.1681 lr=1.01e-05 tok/s=41,229 eta=266.0850033106484
step=3732 tokens=489160704/500000000 loss=2.9389 lr=1.01e-05 tok/s=41,046 eta=264.0761855399388
step=3733 tokens=489291776/500000000 loss=3.0674 lr=1.01e-05 tok/s=41,065 eta=260.7603938021132
step=3734 tokens=489422848/500000000 loss=2.7902 lr=1.01e-05 tok/s=41,105 eta=257.32311113234937
step=3735 tokens=489553920/500000000 loss=3.1493 lr=1.01e-05 tok/s=41,106 eta=254.12481650045547
step=3736 tokens=489684992/500000000 loss=2.9240 lr=1.01e-05 tok/s=41,402 eta=249.14329546674378
step=3737 tokens=489816064/500000000 loss=3.1358 lr=1.01e-05 tok/s=41,434 eta=245.78690617217526
step=3738 tokens=489947136/500000000 loss=2.9320 lr=1.01e-05 tok/s=41,642 eta=241.41317259825007
step=3739 tokens=490078208/500000000 loss=3.1378 lr=1.01e-05 tok/s=29,945 eta=331.33877038934736
step=3740 tokens=490209280/500000000 loss=3.0393 lr=1.01e-05 tok/s=41,624 eta=235.21689007632403
step=3741 tokens=490340352/500000000 loss=3.0633 lr=1.01e-05 tok/s=41,747 eta=231.38273189403174
step=3742 tokens=490471424/500000000 loss=3.0417 lr=1.01e-05 tok/s=41,931 eta=227.24679180401873
step=3743 tokens=490602496/500000000 loss=2.9453 lr=1.01e-05 tok/s=41,328 eta=227.38824373018596
step=3744 tokens=490733568/500000000 loss=3.0285 lr=1.01e-05 tok/s=41,516 eta=223.19970423805879
step=3745 tokens=490864640/500000000 loss=3.0326 lr=1.01e-05 tok/s=41,486 eta=220.20501193776965
step=3746 tokens=490995712/500000000 loss=2.8139 lr=1.01e-05 tok/s=41,464 eta=217.15967159607146
step=3747 tokens=491126784/500000000 loss=2.8618 lr=1.01e-05 tok/s=41,460 eta=214.01966347437659
step=3748 tokens=491257856/500000000 loss=3.0301 lr=1.01e-05 tok/s=41,547 eta=210.4146839430406
step=3749 tokens=491388928/500000000 loss=2.9750 lr=1.01e-05 tok/s=41,241 eta=208.80103143491544
step=3750 tokens=491520000/500000000 loss=3.0968 lr=1.01e-05 tok/s=41,392 eta=204.87178220818691
step=3751 tokens=491651072/500000000 loss=2.9446 lr=1.01e-05 tok/s=41,633 eta=200.53637861373977
step=3752 tokens=491782144/500000000 loss=2.9825 lr=1.01e-05 tok/s=41,420 eta=198.40383189136352
step=3753 tokens=491913216/500000000 loss=3.0786 lr=1.01e-05 tok/s=41,381 eta=195.42036373277688
step=3754 tokens=492044288/500000000 loss=2.9755 lr=1.01e-05 tok/s=41,551 eta=191.4676294439738
step=3755 tokens=492175360/500000000 loss=2.9823 lr=1.01e-05 tok/s=41,399 eta=189.00573126925735
step=3756 tokens=492306432/500000000 loss=3.0150 lr=1.01e-05 tok/s=41,789 eta=184.10582946583145
step=3757 tokens=492437504/500000000 loss=2.9326 lr=1.01e-05 tok/s=41,720 eta=181.266902073643
step=3758 tokens=492568576/500000000 loss=3.0725 lr=1.01e-05 tok/s=41,685 eta=178.27420479078012
step=3759 tokens=492699648/500000000 loss=3.0115 lr=1e-05 tok/s=41,613 eta=175.4355883547652
step=3760 tokens=492830720/500000000 loss=2.9547 lr=1e-05 tok/s=41,434 eta=173.0305259781045
step=3761 tokens=492961792/500000000 loss=2.9295 lr=1e-05 tok/s=41,314 eta=170.35940666001648
step=3762 tokens=493092864/500000000 loss=3.0803 lr=1e-05 tok/s=41,469 eta=166.56280565086797
step=3763 tokens=493223936/500000000 loss=3.0766 lr=1e-05 tok/s=41,244 eta=164.2908810593375
step=3764 tokens=493355008/500000000 loss=2.9547 lr=1e-05 tok/s=41,278 eta=160.98053694816053
step=3765 tokens=493486080/500000000 loss=2.9611 lr=1e-05 tok/s=41,253 eta=157.90288730152554
step=3766 tokens=493617152/500000000 loss=3.0269 lr=1e-05 tok/s=41,109 eta=155.26464947168415
step=3767 tokens=493748224/500000000 loss=2.9292 lr=1e-05 tok/s=41,037 eta=152.34608607856273
step=3768 tokens=493879296/500000000 loss=3.1223 lr=1e-05 tok/s=41,059 eta=149.06987980109
step=3769 tokens=494010368/500000000 loss=3.1628 lr=1e-05 tok/s=41,008 eta=146.06127614147806
step=3770 tokens=494141440/500000000 loss=3.0709 lr=1e-05 tok/s=40,764 eta=143.71944834658905
step=3771 tokens=494272512/500000000 loss=3.0257 lr=1e-05 tok/s=40,819 eta=140.3158225248185
step=3772 tokens=494403584/500000000 loss=2.9782 lr=1e-05 tok/s=41,148 eta=136.00854530751008
step=3773 tokens=494534656/500000000 loss=2.9679 lr=1e-05 tok/s=41,193 eta=132.67591883479702
step=3774 tokens=494665728/500000000 loss=3.1010 lr=1e-05 tok/s=41,186 eta=129.5152965014188
step=3775 tokens=494796800/500000000 loss=3.0246 lr=1e-05 tok/s=41,153 eta=126.43456746624507
step=3776 tokens=494927872/500000000 loss=2.9632 lr=1e-05 tok/s=41,472 eta=122.30229104490707
step=3777 tokens=495058944/500000000 loss=2.9965 lr=1e-05 tok/s=29,875 eta=165.3932628784122
step=3778 tokens=495190016/500000000 loss=2.9877 lr=1e-05 tok/s=41,549 eta=115.7668692599933
step=3779 tokens=495321088/500000000 loss=3.2118 lr=1e-05 tok/s=41,190 eta=113.59242023096421
step=3780 tokens=495452160/500000000 loss=2.9869 lr=1e-05 tok/s=41,413 eta=109.8177269792626
step=3781 tokens=495583232/500000000 loss=3.0136 lr=1e-05 tok/s=41,503 eta=106.41932722474223
step=3782 tokens=495714304/500000000 loss=2.9231 lr=1e-05 tok/s=41,369 eta=103.59760343819062
step=3783 tokens=495845376/500000000 loss=2.9965 lr=1e-05 tok/s=41,381 eta=100.39943855010267
step=3784 tokens=495976448/500000000 loss=3.0173 lr=1e-05 tok/s=41,258 eta=97.520907813691
step=3785 tokens=496107520/500000000 loss=2.9092 lr=1e-05 tok/s=41,228 eta=94.41397816836627
step=3786 tokens=496238592/500000000 loss=3.1163 lr=1e-05 tok/s=41,345 eta=90.97707118225401
step=3787 tokens=496369664/500000000 loss=2.9116 lr=1e-05 tok/s=41,459 eta=87.56358087423632
step=3788 tokens=496500736/500000000 loss=3.1585 lr=1e-05 tok/s=41,253 eta=84.82504036851515
step=3789 tokens=496631808/500000000 loss=2.9947 lr=1e-05 tok/s=41,111 eta=81.92857452556439
step=3790 tokens=496762880/500000000 loss=3.1010 lr=1e-05 tok/s=41,052 eta=78.85437122160454
step=3791 tokens=496893952/500000000 loss=2.9652 lr=1e-05 tok/s=40,879 eta=75.98063012065234
step=3792 tokens=497025024/500000000 loss=2.9057 lr=1e-05 tok/s=41,145 eta=72.30545714906918
step=3793 tokens=497156096/500000000 loss=3.0719 lr=1e-05 tok/s=41,000 eta=69.36355700416868
step=3794 tokens=497287168/500000000 loss=3.1223 lr=1e-05 tok/s=41,041 eta=66.10014507504457
step=3795 tokens=497418240/500000000 loss=3.0212 lr=1e-05 tok/s=41,109 eta=62.802251402892466
step=3796 tokens=497549312/500000000 loss=3.0253 lr=1e-05 tok/s=41,134 eta=59.57784857667673
step=3797 tokens=497680384/500000000 loss=3.2034 lr=1e-05 tok/s=41,089 eta=56.45370237709131
step=3798 tokens=497811456/500000000 loss=3.0849 lr=1e-05 tok/s=41,037 eta=53.33059181960266
step=3799 tokens=497942528/500000000 loss=3.1020 lr=1e-05 tok/s=41,024 eta=50.153036160499596
step=3800 tokens=498073600/500000000 loss=3.1040 lr=1e-05 tok/s=40,946 eta=47.047057174290785
step=3801 tokens=498204672/500000000 loss=3.0839 lr=1e-05 tok/s=40,750 eta=44.05690687606614
step=3802 tokens=498335744/500000000 loss=2.8352 lr=1e-05 tok/s=40,803 eta=40.78783152408187
step=3803 tokens=498466816/500000000 loss=3.0460 lr=1e-05 tok/s=40,671 eta=37.69725736580301
step=3804 tokens=498597888/500000000 loss=3.1027 lr=1e-05 tok/s=40,886 eta=34.293581918522136
step=3805 tokens=498728960/500000000 loss=2.9841 lr=1e-05 tok/s=40,971 eta=31.02298599967128
step=3806 tokens=498860032/500000000 loss=3.1599 lr=1e-05 tok/s=41,085 eta=27.74664725330001
step=3807 tokens=498991104/500000000 loss=2.8874 lr=1e-05 tok/s=40,764 eta=24.749421585254485
step=3808 tokens=499122176/500000000 loss=3.0089 lr=1e-05 tok/s=40,774 eta=21.529195574398614
step=3809 tokens=499253248/500000000 loss=2.8861 lr=1e-05 tok/s=40,166 eta=18.591428831135318
step=3810 tokens=499384320/500000000 loss=3.0750 lr=1e-05 tok/s=40,160 eta=15.33051430537057
step=3811 tokens=499515392/500000000 loss=2.7580 lr=1e-05 tok/s=40,359 eta=12.007565236386313
step=3812 tokens=499646464/500000000 loss=2.9369 lr=1e-05 tok/s=40,423 eta=8.745913526388108
step=3813 tokens=499777536/500000000 loss=3.1938 lr=1e-05 tok/s=40,044 eta=5.555507390125853
step=3814 tokens=499908608/500000000 loss=3.1600 lr=1e-05 tok/s=39,944 eta=2.2879932353183676
step=3815 tokens=500039680/500000000 loss=2.9301 lr=1e-05 tok/s=29,181 eta=0.0
checkpoint saved: runs/20260907-112712/checkpoints/tokens_000500m (permanent_tokens)
checkpoint saved: runs/20260907-112712/checkpoints/step_000003815 (final)
