initialized from checkpoint: previous step=7630, tokens=1000079360, source=/home/xia/code/j3/runs/20260905-135527/checkpoints/step_000007630
step=1 tokens=131072/1000000000 loss=3.4244 lr=6.55e-07 tok/s=16,575 eta=60325.30363707616
step=2 tokens=262144/1000000000 loss=3.6257 lr=1.31e-06 tok/s=45,009 eta=22211.947693940936
step=3 tokens=393216/1000000000 loss=3.5417 lr=1.97e-06 tok/s=44,992 eta=22217.27363604371
step=4 tokens=524288/1000000000 loss=3.4410 lr=2.62e-06 tok/s=44,969 eta=22226.08378553719
step=5 tokens=655360/1000000000 loss=3.3908 lr=3.28e-06 tok/s=44,983 eta=22215.921206862877
step=6 tokens=786432/1000000000 loss=3.5285 lr=3.93e-06 tok/s=44,981 eta=22213.879307390383
step=7 tokens=917504/1000000000 loss=3.4679 lr=4.59e-06 tok/s=44,860 eta=22270.97603779585
step=8 tokens=1048576/1000000000 loss=3.4810 lr=5.24e-06 tok/s=44,833 eta=22281.54256911728
step=9 tokens=1179648/1000000000 loss=3.4016 lr=5.9e-06 tok/s=44,811 eta=22289.54160325124
step=10 tokens=1310720/1000000000 loss=3.4594 lr=6.55e-06 tok/s=44,803 eta=22290.45041518191
step=11 tokens=1441792/1000000000 loss=3.4679 lr=7.21e-06 tok/s=44,847 eta=22266.04396458994
step=12 tokens=1572864/1000000000 loss=3.4674 lr=7.86e-06 tok/s=44,831 eta=22271.099914676703
step=13 tokens=1703936/1000000000 loss=3.4448 lr=8.52e-06 tok/s=44,844 eta=22261.443587370228
step=14 tokens=1835008/1000000000 loss=3.5409 lr=9.18e-06 tok/s=44,824 eta=22268.583676660317
step=15 tokens=1966080/1000000000 loss=3.5990 lr=9.83e-06 tok/s=44,491 eta=22432.38556965612
step=16 tokens=2097152/1000000000 loss=3.4946 lr=1.05e-05 tok/s=44,818 eta=22265.68171499808
step=17 tokens=2228224/1000000000 loss=3.2897 lr=1.11e-05 tok/s=44,848 eta=22247.9361467487
step=18 tokens=2359296/1000000000 loss=3.5101 lr=1.18e-05 tok/s=44,629 eta=22354.127909456256
step=19 tokens=2490368/1000000000 loss=3.4708 lr=1.25e-05 tok/s=44,058 eta=22640.966683720795
step=20 tokens=2621440/1000000000 loss=3.6130 lr=1.31e-05 tok/s=44,010 eta=22662.6230292632
step=21 tokens=2752512/1000000000 loss=3.5188 lr=1.38e-05 tok/s=43,858 eta=22737.941823597037
step=22 tokens=2883584/1000000000 loss=3.4543 lr=1.44e-05 tok/s=43,674 eta=22830.691133369703
step=23 tokens=3014656/1000000000 loss=3.3739 lr=1.51e-05 tok/s=43,686 eta=22821.665103891875
step=24 tokens=3145728/1000000000 loss=3.5901 lr=1.57e-05 tok/s=43,240 eta=23053.840391926045
step=25 tokens=3276800/1000000000 loss=3.3206 lr=1.64e-05 tok/s=43,074 eta=23139.52629924429
step=26 tokens=3407872/1000000000 loss=3.4495 lr=1.7e-05 tok/s=42,866 eta=23249.101411999705
step=27 tokens=3538944/1000000000 loss=3.2767 lr=1.77e-05 tok/s=42,826 eta=23267.6943395186
step=28 tokens=3670016/1000000000 loss=3.4606 lr=1.84e-05 tok/s=42,898 eta=23225.28838435788
step=29 tokens=3801088/1000000000 loss=3.5783 lr=1.9e-05 tok/s=42,816 eta=23267.22357489659
step=30 tokens=3932160/1000000000 loss=3.5149 lr=1.97e-05 tok/s=42,515 eta=23428.671844689707
step=31 tokens=4063232/1000000000 loss=3.2955 lr=2.03e-05 tok/s=42,583 eta=23388.310767962634
step=32 tokens=4194304/1000000000 loss=3.6198 lr=2.1e-05 tok/s=42,459 eta=23453.588791784918
step=33 tokens=4325376/1000000000 loss=3.3919 lr=2.16e-05 tok/s=42,410 eta=23477.19392334347
step=34 tokens=4456448/1000000000 loss=3.2906 lr=2.23e-05 tok/s=42,116 eta=23638.185969528826
step=35 tokens=4587520/1000000000 loss=3.5761 lr=2.29e-05 tok/s=42,226 eta=23573.470596661213
step=36 tokens=4718592/1000000000 loss=3.4520 lr=2.36e-05 tok/s=41,899 eta=23754.14009970449
step=37 tokens=4849664/1000000000 loss=3.2586 lr=2.42e-05 tok/s=41,939 eta=23728.363191861234
step=38 tokens=4980736/1000000000 loss=3.2171 lr=2.49e-05 tok/s=41,952 eta=23718.037883373654
step=39 tokens=5111808/1000000000 loss=3.5389 lr=2.56e-05 tok/s=41,888 eta=23751.187014468116
step=40 tokens=5242880/1000000000 loss=3.1984 lr=2.62e-05 tok/s=41,763 eta=23818.914312324796
step=41 tokens=5373952/1000000000 loss=3.4848 lr=2.69e-05 tok/s=41,590 eta=23915.028923976482
step=42 tokens=5505024/1000000000 loss=3.4954 lr=2.75e-05 tok/s=41,556 eta=23931.650116785146
step=43 tokens=5636096/1000000000 loss=3.3411 lr=2.82e-05 tok/s=41,534 eta=23940.855821449666
step=44 tokens=5767168/1000000000 loss=3.5243 lr=2.88e-05 tok/s=41,336 eta=24052.40641834604
step=45 tokens=5898240/1000000000 loss=3.3042 lr=2.95e-05 tok/s=41,274 eta=24085.177600744213
step=46 tokens=6029312/1000000000 loss=3.3467 lr=3.01e-05 tok/s=41,272 eta=24083.54681394572
step=47 tokens=6160384/1000000000 loss=3.2925 lr=3.08e-05 tok/s=41,316 eta=24054.874184483975
step=48 tokens=6291456/1000000000 loss=3.3066 lr=3.15e-05 tok/s=41,258 eta=24085.19560145964
step=49 tokens=6422528/1000000000 loss=3.4860 lr=3.21e-05 tok/s=41,265 eta=24078.031318210215
step=50 tokens=6553600/1000000000 loss=3.4309 lr=3.28e-05 tok/s=41,116 eta=24162.1974490208
step=51 tokens=6684672/1000000000 loss=3.3481 lr=3.34e-05 tok/s=41,131 eta=24149.79338539181
step=52 tokens=6815744/1000000000 loss=3.4455 lr=3.41e-05 tok/s=41,117 eta=24155.15677339591
step=53 tokens=6946816/1000000000 loss=3.2722 lr=3.47e-05 tok/s=41,055 eta=24188.655262815155
step=54 tokens=7077888/1000000000 loss=3.2878 lr=3.54e-05 tok/s=41,099 eta=24159.439284942888
step=55 tokens=7208960/1000000000 loss=3.3774 lr=3.6e-05 tok/s=41,116 eta=24146.33382514282
step=56 tokens=7340032/1000000000 loss=3.3294 lr=3.67e-05 tok/s=41,077 eta=24165.792649538045
step=57 tokens=7471104/1000000000 loss=3.3393 lr=3.74e-05 tok/s=41,370 eta=23991.49283823776
step=58 tokens=7602176/1000000000 loss=3.3730 lr=3.8e-05 tok/s=41,427 eta=23955.601252467208
step=59 tokens=7733248/1000000000 loss=3.2830 lr=3.87e-05 tok/s=41,331 eta=24007.914285143892
step=60 tokens=7864320/1000000000 loss=3.2993 lr=3.93e-05 tok/s=41,129 eta=24122.513410995965
step=61 tokens=7995392/1000000000 loss=3.3005 lr=4e-05 tok/s=41,209 eta=24072.333030918635
step=62 tokens=8126464/1000000000 loss=3.3662 lr=4.06e-05 tok/s=41,375 eta=23973.060897179428
step=63 tokens=8257536/1000000000 loss=3.4405 lr=4.13e-05 tok/s=41,158 eta=24095.943799796278
step=64 tokens=8388608/1000000000 loss=3.2943 lr=4.19e-05 tok/s=41,257 eta=24034.92440597523
step=65 tokens=8519680/1000000000 loss=3.4307 lr=4.26e-05 tok/s=41,253 eta=24034.155287889753
step=66 tokens=8650752/1000000000 loss=3.3478 lr=4.33e-05 tok/s=41,171 eta=24079.02686737588
step=67 tokens=8781824/1000000000 loss=3.4210 lr=4.39e-05 tok/s=41,042 eta=24151.194825917682
step=68 tokens=8912896/1000000000 loss=3.1806 lr=4.46e-05 tok/s=41,084 eta=24123.415451591216
step=69 tokens=9043968/1000000000 loss=3.4749 lr=4.52e-05 tok/s=41,095 eta=24113.666636216432
step=70 tokens=9175040/1000000000 loss=3.4271 lr=4.59e-05 tok/s=40,919 eta=24214.366164965337
step=71 tokens=9306112/1000000000 loss=3.5643 lr=4.65e-05 tok/s=40,972 eta=24179.895617867045
step=72 tokens=9437184/1000000000 loss=3.3121 lr=4.72e-05 tok/s=41,099 eta=24101.856477809117
step=73 tokens=9568256/1000000000 loss=3.3479 lr=4.78e-05 tok/s=40,914 eta=24207.73216779645
step=74 tokens=9699328/1000000000 loss=3.3854 lr=4.85e-05 tok/s=40,842 eta=24247.329876504205
step=75 tokens=9830400/1000000000 loss=3.4842 lr=4.92e-05 tok/s=40,881 eta=24220.56460292407
step=76 tokens=9961472/1000000000 loss=3.4017 lr=4.98e-05 tok/s=40,976 eta=24161.548794302416
step=77 tokens=10092544/1000000000 loss=3.4585 lr=5.05e-05 tok/s=14,894 eta=66462.45346478984
step=78 tokens=10223616/1000000000 loss=3.3077 lr=5.11e-05 tok/s=41,965 eta=23585.96712534912
step=79 tokens=10354688/1000000000 loss=3.3514 lr=5.18e-05 tok/s=41,517 eta=23836.871283163062
step=80 tokens=10485760/1000000000 loss=3.4570 lr=5.24e-05 tok/s=41,560 eta=23809.104941745172
step=81 tokens=10616832/1000000000 loss=3.2235 lr=5.31e-05 tok/s=41,118 eta=24062.013714547556
step=82 tokens=10747904/1000000000 loss=3.3365 lr=5.37e-05 tok/s=41,212 eta=24003.72841981047
step=83 tokens=10878976/1000000000 loss=3.3791 lr=5.44e-05 tok/s=41,099 eta=24066.691798968215
step=84 tokens=11010048/1000000000 loss=3.4644 lr=5.51e-05 tok/s=41,142 eta=24038.35801458644
step=85 tokens=11141120/1000000000 loss=3.3076 lr=5.57e-05 tok/s=41,247 eta=23974.01646090031
step=86 tokens=11272192/1000000000 loss=3.4933 lr=5.64e-05 tok/s=41,097 eta=24058.642580207998
step=87 tokens=11403264/1000000000 loss=3.1762 lr=5.7e-05 tok/s=41,191 eta=24000.359582402903
step=88 tokens=11534336/1000000000 loss=3.3609 lr=5.77e-05 tok/s=41,201 eta=23991.393867754115
step=89 tokens=11665408/1000000000 loss=3.3496 lr=5.83e-05 tok/s=41,306 eta=23926.993271554187
step=90 tokens=11796480/1000000000 loss=3.2074 lr=5.9e-05 tok/s=41,172 eta=24001.85947212424
step=91 tokens=11927552/1000000000 loss=3.2639 lr=5.96e-05 tok/s=40,854 eta=24185.39039938299
step=92 tokens=12058624/1000000000 loss=3.4825 lr=6.03e-05 tok/s=41,000 eta=24096.199593318393
step=93 tokens=12189696/1000000000 loss=3.4586 lr=6.09e-05 tok/s=40,947 eta=24124.109581460038
step=94 tokens=12320768/1000000000 loss=3.3518 lr=6.16e-05 tok/s=41,248 eta=23944.642162907865
step=95 tokens=12451840/1000000000 loss=3.4448 lr=6.23e-05 tok/s=41,233 eta=23950.201566750573
step=96 tokens=12582912/1000000000 loss=3.3589 lr=6.29e-05 tok/s=40,898 eta=24143.505925516078
step=97 tokens=12713984/1000000000 loss=3.4968 lr=6.36e-05 tok/s=41,185 eta=23971.75126003859
step=98 tokens=12845056/1000000000 loss=3.1705 lr=6.42e-05 tok/s=40,919 eta=24124.691583658117
step=99 tokens=12976128/1000000000 loss=3.5458 lr=6.49e-05 tok/s=41,202 eta=23955.529691316056
step=100 tokens=13107200/1000000000 loss=3.5039 lr=6.55e-05 tok/s=41,112 eta=24005.146803327516
step=101 tokens=13238272/1000000000 loss=3.3552 lr=6.62e-05 tok/s=40,877 eta=24139.92834457293
step=102 tokens=13369344/1000000000 loss=3.3549 lr=6.68e-05 tok/s=41,146 eta=23978.55447434782
step=103 tokens=13500416/1000000000 loss=3.2959 lr=6.75e-05 tok/s=40,872 eta=24136.535569240095
step=104 tokens=13631488/1000000000 loss=3.4837 lr=6.82e-05 tok/s=40,984 eta=24066.968946197925
step=105 tokens=13762560/1000000000 loss=3.5104 lr=6.88e-05 tok/s=40,888 eta=24120.292223708464
step=106 tokens=13893632/1000000000 loss=3.4045 lr=6.95e-05 tok/s=41,152 eta=23962.709128614646
step=107 tokens=14024704/1000000000 loss=3.2650 lr=7.01e-05 tok/s=41,080 eta=24001.539189497566
step=108 tokens=14155776/1000000000 loss=3.2131 lr=7.08e-05 tok/s=40,536 eta=24320.393460145984
step=109 tokens=14286848/1000000000 loss=3.4884 lr=7.14e-05 tok/s=40,688 eta=24226.24549411116
step=110 tokens=14417920/1000000000 loss=3.4965 lr=7.21e-05 tok/s=40,878 eta=24110.26348072252
step=111 tokens=14548992/1000000000 loss=3.4278 lr=7.27e-05 tok/s=40,853 eta=24122.14936050023
step=112 tokens=14680064/1000000000 loss=3.3655 lr=7.34e-05 tok/s=40,958 eta=24056.599866376448
step=113 tokens=14811136/1000000000 loss=3.2998 lr=7.41e-05 tok/s=40,992 eta=24033.48282958326
step=114 tokens=14942208/1000000000 loss=3.2113 lr=7.47e-05 tok/s=40,842 eta=24118.467274008864
step=115 tokens=15073280/1000000000 loss=3.3824 lr=7.54e-05 tok/s=40,950 eta=24052.186633922913
step=116 tokens=15204352/1000000000 loss=3.3696 lr=7.6e-05 tok/s=41,076 eta=23975.143148140043
step=117 tokens=15335424/1000000000 loss=3.3851 lr=7.67e-05 tok/s=40,757 eta=24159.465667926775
step=118 tokens=15466496/1000000000 loss=3.2139 lr=7.73e-05 tok/s=40,560 eta=24273.59387539324
step=119 tokens=15597568/1000000000 loss=3.3291 lr=7.8e-05 tok/s=40,636 eta=24225.1031886875
step=120 tokens=15728640/1000000000 loss=3.3966 lr=7.86e-05 tok/s=40,494 eta=24306.764697287188
step=121 tokens=15859712/1000000000 loss=3.4667 lr=7.93e-05 tok/s=40,576 eta=24254.518846654344
step=122 tokens=15990784/1000000000 loss=3.3614 lr=8e-05 tok/s=40,473 eta=24312.946074637184
step=123 tokens=16121856/1000000000 loss=3.3602 lr=8.06e-05 tok/s=40,446 eta=24325.4276279819
step=124 tokens=16252928/1000000000 loss=3.3662 lr=8.13e-05 tok/s=40,465 eta=24311.270104008738
step=125 tokens=16384000/1000000000 loss=3.3939 lr=8.19e-05 tok/s=40,452 eta=24315.585470254133
step=126 tokens=16515072/1000000000 loss=3.3508 lr=8.26e-05 tok/s=40,450 eta=24313.437754862218
step=127 tokens=16646144/1000000000 loss=3.3750 lr=8.32e-05 tok/s=40,363 eta=24362.487656601836
step=128 tokens=16777216/1000000000 loss=3.2822 lr=8.39e-05 tok/s=40,375 eta=24352.111794179993
step=129 tokens=16908288/1000000000 loss=3.4364 lr=8.45e-05 tok/s=40,200 eta=24455.04709464153
step=130 tokens=17039360/1000000000 loss=3.4707 lr=8.52e-05 tok/s=40,283 eta=24401.415859951616
step=131 tokens=17170432/1000000000 loss=3.3669 lr=8.59e-05 tok/s=40,537 eta=24245.340670453224
step=132 tokens=17301504/1000000000 loss=3.2802 lr=8.65e-05 tok/s=40,641 eta=24179.92715992996
step=133 tokens=17432576/1000000000 loss=3.4305 lr=8.72e-05 tok/s=40,590 eta=24207.175170436905
step=134 tokens=17563648/1000000000 loss=3.3792 lr=8.78e-05 tok/s=40,599 eta=24198.6430405891
step=135 tokens=17694720/1000000000 loss=3.2471 lr=8.85e-05 tok/s=40,608 eta=24189.878095763845
step=136 tokens=17825792/1000000000 loss=3.3951 lr=8.91e-05 tok/s=40,709 eta=24126.749054644697
step=137 tokens=17956864/1000000000 loss=3.3557 lr=8.98e-05 tok/s=40,517 eta=24237.98251616598
step=138 tokens=18087936/1000000000 loss=3.3898 lr=9.04e-05 tok/s=40,451 eta=24274.111853684797
step=139 tokens=18219008/1000000000 loss=3.3986 lr=9.11e-05 tok/s=40,458 eta=24266.9023301408
step=140 tokens=18350080/1000000000 loss=3.4661 lr=9.18e-05 tok/s=40,679 eta=24131.764739765997
step=141 tokens=18481152/1000000000 loss=3.3571 lr=9.24e-05 tok/s=40,442 eta=24270.018314371413
step=142 tokens=18612224/1000000000 loss=3.3157 lr=9.31e-05 tok/s=40,513 eta=24224.28695414622
step=143 tokens=18743296/1000000000 loss=3.4467 lr=9.37e-05 tok/s=40,431 eta=24269.959366154806
step=144 tokens=18874368/1000000000 loss=3.3233 lr=9.44e-05 tok/s=40,502 eta=24224.12923351367
step=145 tokens=19005440/1000000000 loss=3.4819 lr=9.5e-05 tok/s=40,470 eta=24239.908618765105
step=146 tokens=19136512/1000000000 loss=3.4437 lr=9.57e-05 tok/s=40,430 eta=24260.67160026926
step=147 tokens=19267584/1000000000 loss=3.3256 lr=9.63e-05 tok/s=40,486 eta=24224.111513685624
step=148 tokens=19398656/1000000000 loss=3.3778 lr=9.7e-05 tok/s=40,336 eta=24310.676547744974
step=149 tokens=19529728/1000000000 loss=3.3646 lr=9.76e-05 tok/s=40,507 eta=24204.793820902963
step=150 tokens=19660800/1000000000 loss=3.3252 lr=9.83e-05 tok/s=40,930 eta=23951.458734041207
step=151 tokens=19791872/1000000000 loss=3.4076 lr=9.9e-05 tok/s=40,683 eta=24093.997364830037
step=152 tokens=19922944/1000000000 loss=3.4249 lr=9.96e-05 tok/s=40,620 eta=24128.061855236854
step=153 tokens=20054016/1000000000 loss=3.3435 lr=0.0001 tok/s=29,701 eta=32993.58646370487
step=154 tokens=20185088/1000000000 loss=3.4367 lr=0.0001 tok/s=40,793 eta=24019.134700940194
step=155 tokens=20316160/1000000000 loss=3.2468 lr=0.0001 tok/s=40,986 eta=23903.129915473404
step=156 tokens=20447232/1000000000 loss=3.3016 lr=0.0001 tok/s=41,039 eta=23868.767708683372
step=157 tokens=20578304/1000000000 loss=3.3951 lr=0.0001 tok/s=41,079 eta=23842.12416480544
step=158 tokens=20709376/1000000000 loss=3.3786 lr=0.0001 tok/s=41,108 eta=23822.155505591192
step=159 tokens=20840448/1000000000 loss=3.4792 lr=0.0001 tok/s=40,587 eta=24125.158657879103
step=160 tokens=20971520/1000000000 loss=3.5243 lr=0.0001 tok/s=40,423 eta=24219.352475170446
step=161 tokens=21102592/1000000000 loss=3.4547 lr=0.0001 tok/s=40,821 eta=23980.314035740037
step=162 tokens=21233664/1000000000 loss=3.4313 lr=0.0001 tok/s=40,783 eta=23999.581248825816
step=163 tokens=21364736/1000000000 loss=3.4931 lr=0.0001 tok/s=40,596 eta=24106.879976546643
step=164 tokens=21495808/1000000000 loss=3.2594 lr=0.0001 tok/s=40,519 eta=24149.473865693144
step=165 tokens=21626880/1000000000 loss=3.3938 lr=0.0001 tok/s=40,559 eta=24122.120110463235
step=166 tokens=21757952/1000000000 loss=3.5297 lr=0.0001 tok/s=40,155 eta=24361.681778065198
step=167 tokens=21889024/1000000000 loss=3.2252 lr=0.0001 tok/s=40,440 eta=24186.504245726544
step=168 tokens=22020096/1000000000 loss=3.3383 lr=0.0001 tok/s=40,567 eta=24107.973052842714
step=169 tokens=22151168/1000000000 loss=3.3606 lr=0.0001 tok/s=40,548 eta=24116.067023191517
step=170 tokens=22282240/1000000000 loss=3.4249 lr=0.0001 tok/s=40,520 eta=24129.501524831398
step=171 tokens=22413312/1000000000 loss=3.3202 lr=0.0001 tok/s=40,534 eta=24117.88748457073
step=172 tokens=22544384/1000000000 loss=3.3829 lr=0.0001 tok/s=40,556 eta=24101.325204131575
step=173 tokens=22675456/1000000000 loss=3.4664 lr=0.0001 tok/s=40,491 eta=24137.054368096226
step=174 tokens=22806528/1000000000 loss=3.3786 lr=0.0001 tok/s=40,592 eta=24073.630522197607
step=175 tokens=22937600/1000000000 loss=3.4384 lr=0.0001 tok/s=40,305 eta=24241.47609057408
step=176 tokens=23068672/1000000000 loss=3.4565 lr=0.0001 tok/s=40,225 eta=24286.80242308581
step=177 tokens=23199744/1000000000 loss=3.4318 lr=0.0001 tok/s=40,609 eta=24053.638144436198
step=178 tokens=23330816/1000000000 loss=3.4456 lr=0.0001 tok/s=40,642 eta=24031.139701534885
step=179 tokens=23461888/1000000000 loss=3.3607 lr=0.0001 tok/s=40,428 eta=24154.953017366297
step=180 tokens=23592960/1000000000 loss=3.3158 lr=0.0001 tok/s=40,123 eta=24335.22075097799
step=181 tokens=23724032/1000000000 loss=3.1795 lr=0.0001 tok/s=40,460 eta=24129.115660880256
step=182 tokens=23855104/1000000000 loss=3.2879 lr=0.0001 tok/s=40,028 eta=24386.313284766387
step=183 tokens=23986176/1000000000 loss=3.3972 lr=0.0001 tok/s=40,254 eta=24246.44558041004
step=184 tokens=24117248/1000000000 loss=3.3783 lr=0.0001 tok/s=40,282 eta=24226.11419526084
step=185 tokens=24248320/1000000000 loss=3.2669 lr=0.0001 tok/s=40,374 eta=24167.56264948805
step=186 tokens=24379392/1000000000 loss=3.5543 lr=0.0001 tok/s=40,496 eta=24091.71119478182
step=187 tokens=24510464/1000000000 loss=3.4099 lr=0.0001 tok/s=40,453 eta=24113.88910274931
step=188 tokens=24641536/1000000000 loss=3.4892 lr=0.0001 tok/s=40,397 eta=24144.082405665857
step=189 tokens=24772608/1000000000 loss=3.4807 lr=0.0001 tok/s=40,165 eta=24280.752853635924
step=190 tokens=24903680/1000000000 loss=3.3333 lr=0.0001 tok/s=40,323 eta=24182.269668452478
step=191 tokens=25034752/1000000000 loss=3.2314 lr=0.0001 tok/s=40,444 eta=24106.286551550573
step=192 tokens=25165824/1000000000 loss=3.2781 lr=0.0001 tok/s=40,369 eta=24148.069165824058
step=193 tokens=25296896/1000000000 loss=3.2568 lr=0.0001 tok/s=40,288 eta=24193.090670644895
step=194 tokens=25427968/1000000000 loss=3.4183 lr=0.0001 tok/s=40,101 eta=24303.178139254072
step=195 tokens=25559040/1000000000 loss=3.3094 lr=0.0001 tok/s=40,047 eta=24332.215817889813
step=196 tokens=25690112/1000000000 loss=3.4099 lr=0.0001 tok/s=40,566 eta=24017.863144158524
step=197 tokens=25821184/1000000000 loss=3.3079 lr=0.0001 tok/s=40,275 eta=24188.051535195482
step=198 tokens=25952256/1000000000 loss=3.3774 lr=0.0001 tok/s=40,308 eta=24165.261372067744
step=199 tokens=26083328/1000000000 loss=3.4219 lr=0.0001 tok/s=40,319 eta=24155.08684949897
step=200 tokens=26214400/1000000000 loss=3.3598 lr=0.0001 tok/s=40,306 eta=24159.95558627768
step=201 tokens=26345472/1000000000 loss=3.3230 lr=0.0001 tok/s=40,736 eta=23901.730881157324
step=202 tokens=26476544/1000000000 loss=3.3657 lr=0.0001 tok/s=40,702 eta=23918.353647143016
step=203 tokens=26607616/1000000000 loss=3.4475 lr=0.0001 tok/s=40,476 eta=24048.78935181152
step=204 tokens=26738688/1000000000 loss=3.2351 lr=0.0001 tok/s=40,501 eta=24030.46979273412
step=205 tokens=26869760/1000000000 loss=3.1865 lr=0.0001 tok/s=40,582 eta=23979.26371520294
step=206 tokens=27000832/1000000000 loss=3.4126 lr=0.0001 tok/s=40,307 eta=24139.88788126235
step=207 tokens=27131904/1000000000 loss=3.4226 lr=0.0001 tok/s=40,352 eta=24109.561820981202
step=208 tokens=27262976/1000000000 loss=3.3683 lr=0.0001 tok/s=40,349 eta=24107.939051103993
step=209 tokens=27394048/1000000000 loss=3.2828 lr=0.0001 tok/s=40,347 eta=24105.987853847964
step=210 tokens=27525120/1000000000 loss=3.4953 lr=0.0001 tok/s=40,091 eta=24256.455770633595
step=211 tokens=27656192/1000000000 loss=3.3879 lr=0.0001 tok/s=40,471 eta=24025.52447982269
step=212 tokens=27787264/1000000000 loss=3.5915 lr=0.0001 tok/s=40,190 eta=24190.459748935053
step=213 tokens=27918336/1000000000 loss=3.4004 lr=0.0001 tok/s=40,278 eta=24134.282392353525
step=214 tokens=28049408/1000000000 loss=3.4279 lr=0.0001 tok/s=40,287 eta=24125.443515400464
step=215 tokens=28180480/1000000000 loss=3.3827 lr=0.0001 tok/s=40,221 eta=24161.803219113597
step=216 tokens=28311552/1000000000 loss=3.1808 lr=0.0001 tok/s=40,550 eta=23962.587385542007
step=217 tokens=28442624/1000000000 loss=3.3321 lr=0.0001 tok/s=40,620 eta=23917.977668843014
step=218 tokens=28573696/1000000000 loss=3.3778 lr=0.0001 tok/s=40,817 eta=23799.643663974002
step=219 tokens=28704768/1000000000 loss=3.3071 lr=0.0001 tok/s=41,006 eta=23686.580196365267
step=220 tokens=28835840/1000000000 loss=3.3075 lr=0.0001 tok/s=40,684 eta=23870.851414421515
step=221 tokens=28966912/1000000000 loss=3.3807 lr=0.0001 tok/s=40,631 eta=23898.569784591993
step=222 tokens=29097984/1000000000 loss=3.3408 lr=0.0001 tok/s=41,129 eta=23606.38299494145
step=223 tokens=29229056/1000000000 loss=3.4283 lr=0.0001 tok/s=40,867 eta=23754.551888160448
step=224 tokens=29360128/1000000000 loss=3.3773 lr=0.0001 tok/s=41,012 eta=23667.43171958314
step=225 tokens=29491200/1000000000 loss=3.3434 lr=0.0001 tok/s=40,395 eta=24025.599277788966
step=226 tokens=29622272/1000000000 loss=3.3669 lr=0.0001 tok/s=40,592 eta=23905.65657105072
step=227 tokens=29753344/1000000000 loss=3.4429 lr=0.0001 tok/s=40,457 eta=23982.115164369112
step=228 tokens=29884416/1000000000 loss=3.4896 lr=0.0001 tok/s=40,432 eta=23993.765963430862
step=229 tokens=30015488/1000000000 loss=3.3599 lr=0.0001 tok/s=29,246 eta=33166.20213868588
step=230 tokens=30146560/1000000000 loss=3.3500 lr=0.0001 tok/s=40,409 eta=24000.903440550082
step=231 tokens=30277632/1000000000 loss=3.3294 lr=0.0001 tok/s=40,158 eta=24147.96744258833
step=232 tokens=30408704/1000000000 loss=3.0923 lr=0.0001 tok/s=40,316 eta=24049.49098720838
step=233 tokens=30539776/1000000000 loss=3.4642 lr=0.0001 tok/s=40,135 eta=24154.86086872751
step=234 tokens=30670848/1000000000 loss=3.3411 lr=0.0001 tok/s=40,038 eta=24210.35674534352
step=235 tokens=30801920/1000000000 loss=3.3252 lr=0.0001 tok/s=40,077 eta=24183.65394335062
step=236 tokens=30932992/1000000000 loss=3.3272 lr=0.0001 tok/s=40,068 eta=24185.666288149565
step=237 tokens=31064064/1000000000 loss=3.3975 lr=0.0001 tok/s=40,061 eta=24186.216267115582
step=238 tokens=31195136/1000000000 loss=3.2959 lr=0.0001 tok/s=40,168 eta=24118.89770854601
step=239 tokens=31326208/1000000000 loss=3.2421 lr=0.0001 tok/s=40,240 eta=24072.155434004457
step=240 tokens=31457280/1000000000 loss=3.1785 lr=0.0001 tok/s=40,225 eta=24078.095215188074
step=241 tokens=31588352/1000000000 loss=3.3414 lr=0.0001 tok/s=40,237 eta=24067.59381674174
step=242 tokens=31719424/1000000000 loss=3.2649 lr=0.0001 tok/s=40,228 eta=24069.690743608837
step=243 tokens=31850496/1000000000 loss=3.4975 lr=0.0001 tok/s=40,267 eta=24043.202757509032
step=244 tokens=31981568/1000000000 loss=3.2888 lr=0.0001 tok/s=40,250 eta=24050.240132290073
step=245 tokens=32112640/1000000000 loss=3.3092 lr=0.0001 tok/s=40,296 eta=24019.393698903143
step=246 tokens=32243712/1000000000 loss=3.4752 lr=0.0001 tok/s=40,432 eta=23935.50021236626
step=247 tokens=32374784/1000000000 loss=3.1853 lr=0.0001 tok/s=40,316 eta=24000.862390234473
step=248 tokens=32505856/1000000000 loss=3.4353 lr=0.0001 tok/s=40,309 eta=24001.907400154625
step=249 tokens=32636928/1000000000 loss=3.3368 lr=0.0001 tok/s=40,298 eta=24005.09033543406
step=250 tokens=32768000/1000000000 loss=3.4671 lr=0.0001 tok/s=40,310 eta=23994.88362270324
step=251 tokens=32899072/1000000000 loss=3.3615 lr=0.0001 tok/s=40,281 eta=24009.09793841703
step=252 tokens=33030144/1000000000 loss=3.2774 lr=0.0001 tok/s=40,170 eta=24071.89994568427
step=253 tokens=33161216/1000000000 loss=3.4302 lr=0.0001 tok/s=40,087 eta=24118.307682831146
step=254 tokens=33292288/1000000000 loss=3.4411 lr=0.0001 tok/s=40,076 eta=24121.808265310876
step=255 tokens=33423360/1000000000 loss=3.4105 lr=0.0001 tok/s=40,062 eta=24127.106062146817
step=256 tokens=33554432/1000000000 loss=3.3772 lr=0.0001 tok/s=39,765 eta=24303.869581264233
step=257 tokens=33685504/1000000000 loss=3.2673 lr=0.0001 tok/s=40,015 eta=24148.88159981218
step=258 tokens=33816576/1000000000 loss=3.2369 lr=0.0001 tok/s=40,133 eta=24074.650433392217
step=259 tokens=33947648/1000000000 loss=3.4389 lr=0.0001 tok/s=40,089 eta=24097.78318936087
step=260 tokens=34078720/1000000000 loss=3.4527 lr=0.0001 tok/s=40,151 eta=24057.186348803192
step=261 tokens=34209792/1000000000 loss=3.5055 lr=0.0001 tok/s=40,342 eta=23940.20005009657
step=262 tokens=34340864/1000000000 loss=3.3643 lr=0.0001 tok/s=40,414 eta=23894.27333747849
step=263 tokens=34471936/1000000000 loss=3.3778 lr=0.0001 tok/s=40,176 eta=24032.54763528779
step=264 tokens=34603008/1000000000 loss=3.4623 lr=0.0001 tok/s=40,400 eta=23895.947621432642
step=265 tokens=34734080/1000000000 loss=3.3143 lr=9.99e-05 tok/s=40,498 eta=23834.640252637488
step=266 tokens=34865152/1000000000 loss=3.2679 lr=9.99e-05 tok/s=40,282 eta=23959.288892192686
step=267 tokens=34996224/1000000000 loss=3.1984 lr=9.99e-05 tok/s=40,214 eta=23996.87073074542
step=268 tokens=35127296/1000000000 loss=3.4452 lr=9.99e-05 tok/s=40,178 eta=24015.198415400468
step=269 tokens=35258368/1000000000 loss=3.3953 lr=9.99e-05 tok/s=40,335 eta=23917.93513128274
step=270 tokens=35389440/1000000000 loss=3.4074 lr=9.99e-05 tok/s=40,086 eta=24063.691298776277
step=271 tokens=35520512/1000000000 loss=3.2705 lr=9.99e-05 tok/s=40,380 eta=23885.29674212255
step=272 tokens=35651584/1000000000 loss=3.2002 lr=9.99e-05 tok/s=40,291 eta=23934.305746474474
step=273 tokens=35782656/1000000000 loss=3.4674 lr=9.99e-05 tok/s=40,336 eta=23904.762728913465
step=274 tokens=35913728/1000000000 loss=3.4138 lr=9.99e-05 tok/s=40,339 eta=23899.753429071377
step=275 tokens=36044800/1000000000 loss=3.4680 lr=9.99e-05 tok/s=40,266 eta=23939.737947723523
step=276 tokens=36175872/1000000000 loss=3.3310 lr=9.99e-05 tok/s=40,091 eta=24040.83180850044
step=277 tokens=36306944/1000000000 loss=3.3990 lr=9.99e-05 tok/s=39,964 eta=24114.10984660425
step=278 tokens=36438016/1000000000 loss=3.3432 lr=9.99e-05 tok/s=40,062 eta=24051.752924878958
checkpoint saved: runs/20260906-225321/checkpoints/step_000000278 (time)
step=279 tokens=36569088/1000000000 loss=3.2991 lr=9.99e-05 tok/s=33,783 eta=28518.06789103163
step=280 tokens=36700160/1000000000 loss=3.3984 lr=9.99e-05 tok/s=40,296 eta=23905.58673244174
step=281 tokens=36831232/1000000000 loss=3.2700 lr=9.99e-05 tok/s=39,912 eta=24132.054186165813
step=282 tokens=36962304/1000000000 loss=3.2413 lr=9.99e-05 tok/s=39,774 eta=24212.7667050714
step=283 tokens=37093376/1000000000 loss=3.3821 lr=9.99e-05 tok/s=39,969 eta=24091.387144442902
step=284 tokens=37224448/1000000000 loss=3.2596 lr=9.99e-05 tok/s=39,943 eta=24103.83931727356
step=285 tokens=37355520/1000000000 loss=3.4128 lr=9.99e-05 tok/s=39,960 eta=24090.273222003543
step=286 tokens=37486592/1000000000 loss=3.1956 lr=9.99e-05 tok/s=40,149 eta=23973.80199748578
step=287 tokens=37617664/1000000000 loss=3.4513 lr=9.99e-05 tok/s=39,913 eta=24111.81854652506
step=288 tokens=37748736/1000000000 loss=3.3894 lr=9.99e-05 tok/s=40,096 eta=23998.471840153055
step=289 tokens=37879808/1000000000 loss=3.3313 lr=9.99e-05 tok/s=40,023 eta=24038.91525035264
step=290 tokens=38010880/1000000000 loss=3.3883 lr=9.99e-05 tok/s=39,996 eta=24051.94805681403
step=291 tokens=38141952/1000000000 loss=3.4430 lr=9.99e-05 tok/s=40,005 eta=24043.454192174187
step=292 tokens=38273024/1000000000 loss=3.5318 lr=9.99e-05 tok/s=39,988 eta=24050.344193875004
step=293 tokens=38404096/1000000000 loss=3.5144 lr=9.99e-05 tok/s=39,982 eta=24050.57920695659
step=294 tokens=38535168/1000000000 loss=3.4011 lr=9.99e-05 tok/s=39,915 eta=24087.57542857991
step=295 tokens=38666240/1000000000 loss=3.3382 lr=9.99e-05 tok/s=39,837 eta=24131.498280487896
step=296 tokens=38797312/1000000000 loss=3.4378 lr=9.99e-05 tok/s=39,840 eta=24126.667967524114
step=297 tokens=38928384/1000000000 loss=3.4806 lr=9.99e-05 tok/s=39,505 eta=24327.64931144488
step=298 tokens=39059456/1000000000 loss=3.2713 lr=9.99e-05 tok/s=39,712 eta=24198.02856114282
step=299 tokens=39190528/1000000000 loss=3.3313 lr=9.99e-05 tok/s=39,820 eta=24128.724806640043
step=300 tokens=39321600/1000000000 loss=3.4050 lr=9.99e-05 tok/s=39,904 eta=24074.84153320542
step=301 tokens=39452672/1000000000 loss=3.2703 lr=9.99e-05 tok/s=39,881 eta=24085.246614156473
step=302 tokens=39583744/1000000000 loss=3.2965 lr=9.99e-05 tok/s=39,880 eta=24082.844113704705
step=303 tokens=39714816/1000000000 loss=3.2831 lr=9.99e-05 tok/s=39,858 eta=24092.439573825242
step=304 tokens=39845888/1000000000 loss=3.2503 lr=9.99e-05 tok/s=40,138 eta=23921.436932408236
step=305 tokens=39976960/1000000000 loss=3.5162 lr=9.99e-05 tok/s=40,221 eta=23868.71855093711
step=306 tokens=40108032/1000000000 loss=3.3014 lr=9.99e-05 tok/s=28,863 eta=33257.30224352803
step=307 tokens=40239104/1000000000 loss=3.5400 lr=9.99e-05 tok/s=39,954 eta=24021.554310512616
step=308 tokens=40370176/1000000000 loss=3.4037 lr=9.99e-05 tok/s=40,214 eta=23862.956918116124
step=309 tokens=40501248/1000000000 loss=3.2629 lr=9.99e-05 tok/s=40,188 eta=23875.486945993063
step=310 tokens=40632320/1000000000 loss=3.2820 lr=9.99e-05 tok/s=39,616 eta=24216.67178768924
step=311 tokens=40763392/1000000000 loss=3.5345 lr=9.99e-05 tok/s=40,074 eta=23936.431370668197
step=312 tokens=40894464/1000000000 loss=3.3437 lr=9.99e-05 tok/s=40,018 eta=23966.562403772474
step=313 tokens=41025536/1000000000 loss=3.1290 lr=9.99e-05 tok/s=40,031 eta=23955.95846067864
step=314 tokens=41156608/1000000000 loss=3.2952 lr=9.99e-05 tok/s=39,996 eta=23973.35531556521
step=315 tokens=41287680/1000000000 loss=3.4230 lr=9.99e-05 tok/s=39,970 eta=23985.766030907125
step=316 tokens=41418752/1000000000 loss=3.1797 lr=9.99e-05 tok/s=40,008 eta=23959.492819564595
step=317 tokens=41549824/1000000000 loss=3.4536 lr=9.99e-05 tok/s=39,923 eta=24007.29570763921
step=318 tokens=41680896/1000000000 loss=3.3245 lr=9.99e-05 tok/s=39,934 eta=23997.33797330207
step=319 tokens=41811968/1000000000 loss=3.4606 lr=9.99e-05 tok/s=40,118 eta=23883.99608963854
step=320 tokens=41943040/1000000000 loss=3.2988 lr=9.99e-05 tok/s=39,883 eta=24021.57941509368
step=321 tokens=42074112/1000000000 loss=3.2402 lr=9.99e-05 tok/s=39,965 eta=23969.24759492187
step=322 tokens=42205184/1000000000 loss=3.4199 lr=9.99e-05 tok/s=39,577 eta=24200.55902088736
step=323 tokens=42336256/1000000000 loss=3.3463 lr=9.99e-05 tok/s=39,702 eta=24121.311017482534
step=324 tokens=42467328/1000000000 loss=3.2500 lr=9.99e-05 tok/s=39,830 eta=24040.32793387784
step=325 tokens=42598400/1000000000 loss=3.3715 lr=9.99e-05 tok/s=39,754 eta=24083.27783698417
step=326 tokens=42729472/1000000000 loss=3.3890 lr=9.99e-05 tok/s=39,749 eta=24082.729470079183
step=327 tokens=42860544/1000000000 loss=3.3721 lr=9.99e-05 tok/s=39,764 eta=24070.443007155784
step=328 tokens=42991616/1000000000 loss=3.4952 lr=9.99e-05 tok/s=39,603 eta=24164.89658169471
step=329 tokens=43122688/1000000000 loss=3.2421 lr=9.99e-05 tok/s=39,663 eta=24124.930724163743
step=330 tokens=43253760/1000000000 loss=3.3176 lr=9.99e-05 tok/s=39,765 eta=24059.722945380323
step=331 tokens=43384832/1000000000 loss=3.2905 lr=9.99e-05 tok/s=39,235 eta=24381.589658614113
step=332 tokens=43515904/1000000000 loss=3.5249 lr=9.99e-05 tok/s=39,229 eta=24382.37123449575
step=333 tokens=43646976/1000000000 loss=3.3297 lr=9.99e-05 tok/s=39,374 eta=24289.085095578685
step=334 tokens=43778048/1000000000 loss=3.2987 lr=9.99e-05 tok/s=39,733 eta=24066.308472427172
step=335 tokens=43909120/1000000000 loss=3.3561 lr=9.99e-05 tok/s=39,419 eta=24254.8123635833
step=336 tokens=44040192/1000000000 loss=3.4875 lr=9.99e-05 tok/s=39,702 eta=24078.50404062325
step=337 tokens=44171264/1000000000 loss=3.4835 lr=9.99e-05 tok/s=39,238 eta=24359.737000815396
step=338 tokens=44302336/1000000000 loss=3.3994 lr=9.99e-05 tok/s=39,544 eta=24168.182381609582
step=339 tokens=44433408/1000000000 loss=3.3182 lr=9.99e-05 tok/s=39,684 eta=24079.365856761055
step=340 tokens=44564480/1000000000 loss=3.2991 lr=9.99e-05 tok/s=39,486 eta=24196.952429299276
step=341 tokens=44695552/1000000000 loss=3.3192 lr=9.99e-05 tok/s=39,817 eta=23992.220141087037
step=342 tokens=44826624/1000000000 loss=3.4556 lr=9.99e-05 tok/s=40,077 eta=23833.632226500526
step=343 tokens=44957696/1000000000 loss=3.3684 lr=9.99e-05 tok/s=39,827 eta=23979.547106742164
step=344 tokens=45088768/1000000000 loss=3.2119 lr=9.99e-05 tok/s=39,998 eta=23873.80502459418
step=345 tokens=45219840/1000000000 loss=3.3196 lr=9.99e-05 tok/s=39,849 eta=23959.980594464796
step=346 tokens=45350912/1000000000 loss=3.4266 lr=9.99e-05 tok/s=40,174 eta=23762.958104736077
step=347 tokens=45481984/1000000000 loss=3.2586 lr=9.98e-05 tok/s=39,947 eta=23894.703060287644
step=348 tokens=45613056/1000000000 loss=3.2534 lr=9.98e-05 tok/s=39,872 eta=23936.208956661416
step=349 tokens=45744128/1000000000 loss=3.3471 lr=9.98e-05 tok/s=40,128 eta=23780.023139127807
step=350 tokens=45875200/1000000000 loss=3.4398 lr=9.98e-05 tok/s=40,169 eta=23752.597377583552
step=351 tokens=46006272/1000000000 loss=3.4351 lr=9.98e-05 tok/s=39,925 eta=23894.358050302744
step=352 tokens=46137344/1000000000 loss=3.5016 lr=9.98e-05 tok/s=39,755 eta=23993.53757437735
step=353 tokens=46268416/1000000000 loss=3.3089 lr=9.98e-05 tok/s=39,574 eta=24100.06890610757
step=354 tokens=46399488/1000000000 loss=3.4596 lr=9.98e-05 tok/s=39,552 eta=24110.048264020155
step=355 tokens=46530560/1000000000 loss=3.5542 lr=9.98e-05 tok/s=39,557 eta=24103.633208046977
step=356 tokens=46661632/1000000000 loss=3.3667 lr=9.98e-05 tok/s=39,878 eta=23906.646735950824
step=357 tokens=46792704/1000000000 loss=3.5174 lr=9.98e-05 tok/s=39,987 eta=23838.081085888818
step=358 tokens=46923776/1000000000 loss=3.3073 lr=9.98e-05 tok/s=39,936 eta=23865.012797292922
step=359 tokens=47054848/1000000000 loss=3.4394 lr=9.98e-05 tok/s=39,911 eta=23876.457318824992
step=360 tokens=47185920/1000000000 loss=3.2324 lr=9.98e-05 tok/s=39,302 eta=24243.3633745361
step=361 tokens=47316992/1000000000 loss=3.3508 lr=9.98e-05 tok/s=39,195 eta=24306.284945787334
step=362 tokens=47448064/1000000000 loss=3.3354 lr=9.98e-05 tok/s=39,260 eta=24262.78393531892
step=363 tokens=47579136/1000000000 loss=3.4640 lr=9.98e-05 tok/s=39,542 eta=24086.54060280889
step=364 tokens=47710208/1000000000 loss=3.3613 lr=9.98e-05 tok/s=39,457 eta=24134.963003906993
step=365 tokens=47841280/1000000000 loss=3.3945 lr=9.98e-05 tok/s=39,392 eta=24171.426275607337
step=366 tokens=47972352/1000000000 loss=3.3383 lr=9.98e-05 tok/s=39,489 eta=24108.51869049231
step=367 tokens=48103424/1000000000 loss=3.3365 lr=9.98e-05 tok/s=39,688 eta=23984.2243862388
step=368 tokens=48234496/1000000000 loss=3.1512 lr=9.98e-05 tok/s=39,617 eta=24023.928489058515
step=369 tokens=48365568/1000000000 loss=3.4242 lr=9.98e-05 tok/s=39,621 eta=24018.614642601064
step=370 tokens=48496640/1000000000 loss=3.3379 lr=9.98e-05 tok/s=39,801 eta=23906.61958797775
step=371 tokens=48627712/1000000000 loss=3.4913 lr=9.98e-05 tok/s=39,740 eta=23939.772872499605
step=372 tokens=48758784/1000000000 loss=3.4796 lr=9.98e-05 tok/s=39,603 eta=24019.166669927366
step=373 tokens=48889856/1000000000 loss=3.5179 lr=9.98e-05 tok/s=39,756 eta=23923.64302005233
step=374 tokens=49020928/1000000000 loss=3.2562 lr=9.98e-05 tok/s=39,846 eta=23866.315692824242
step=375 tokens=49152000/1000000000 loss=3.3904 lr=9.98e-05 tok/s=39,605 eta=24008.127618719256
step=376 tokens=49283072/1000000000 loss=3.1834 lr=9.98e-05 tok/s=39,831 eta=23868.824300804772
step=377 tokens=49414144/1000000000 loss=3.3174 lr=9.98e-05 tok/s=39,964 eta=23786.21599328898
step=378 tokens=49545216/1000000000 loss=3.4813 lr=9.98e-05 tok/s=39,262 eta=24208.307866084477
step=379 tokens=49676288/1000000000 loss=3.4056 lr=9.98e-05 tok/s=39,616 eta=23988.671710172108
step=380 tokens=49807360/1000000000 loss=3.3732 lr=9.98e-05 tok/s=39,413 eta=24108.89635747572
step=381 tokens=49938432/1000000000 loss=3.3833 lr=9.98e-05 tok/s=39,414 eta=24104.4376531407
step=382 tokens=50069504/1000000000 loss=3.3345 lr=9.98e-05 tok/s=28,725 eta=33069.91974706407
checkpoint saved: runs/20260906-225321/checkpoints/tokens_000050m (permanent_tokens)
step=383 tokens=50200576/1000000000 loss=3.2988 lr=9.98e-05 tok/s=34,648 eta=27413.19604805526
step=384 tokens=50331648/1000000000 loss=3.3642 lr=9.98e-05 tok/s=39,649 eta=23951.81544572391
step=385 tokens=50462720/1000000000 loss=3.3782 lr=9.98e-05 tok/s=39,614 eta=23969.920556369456
step=386 tokens=50593792/1000000000 loss=3.1813 lr=9.98e-05 tok/s=39,395 eta=24099.55056087391
step=387 tokens=50724864/1000000000 loss=3.5595 lr=9.98e-05 tok/s=39,672 eta=23928.106249273987
step=388 tokens=50855936/1000000000 loss=3.3989 lr=9.98e-05 tok/s=39,428 eta=24072.99456821155
step=389 tokens=50987008/1000000000 loss=3.3072 lr=9.98e-05 tok/s=39,560 eta=23989.218580173085
step=390 tokens=51118080/1000000000 loss=3.3827 lr=9.98e-05 tok/s=39,536 eta=24000.273207002097
step=391 tokens=51249152/1000000000 loss=3.3272 lr=9.98e-05 tok/s=39,879 eta=23790.947678422894
step=392 tokens=51380224/1000000000 loss=3.3708 lr=9.98e-05 tok/s=39,924 eta=23760.361302860038
step=393 tokens=51511296/1000000000 loss=3.3487 lr=9.98e-05 tok/s=39,608 eta=23947.02465819884
step=394 tokens=51642368/1000000000 loss=3.4694 lr=9.98e-05 tok/s=39,621 eta=23935.794201178753
step=395 tokens=51773440/1000000000 loss=3.4048 lr=9.98e-05 tok/s=39,429 eta=24049.0009926821
step=396 tokens=51904512/1000000000 loss=3.4518 lr=9.98e-05 tok/s=39,753 eta=23849.68435721963
step=397 tokens=52035584/1000000000 loss=3.2804 lr=9.98e-05 tok/s=39,702 eta=23876.989458220964
step=398 tokens=52166656/1000000000 loss=3.3989 lr=9.98e-05 tok/s=39,657 eta=23900.596429877984
step=399 tokens=52297728/1000000000 loss=3.3140 lr=9.98e-05 tok/s=39,979 eta=23704.99613696127
step=400 tokens=52428800/1000000000 loss=3.2455 lr=9.98e-05 tok/s=40,031 eta=23670.80375688194
step=401 tokens=52559872/1000000000 loss=3.3405 lr=9.98e-05 tok/s=39,625 eta=23909.874674344996
step=402 tokens=52690944/1000000000 loss=3.4986 lr=9.98e-05 tok/s=39,853 eta=23769.967556620195
step=403 tokens=52822016/1000000000 loss=3.4618 lr=9.98e-05 tok/s=39,822 eta=23785.04667035557
step=404 tokens=52953088/1000000000 loss=3.3326 lr=9.97e-05 tok/s=39,916 eta=23726.25538377872
step=405 tokens=53084160/1000000000 loss=3.3137 lr=9.97e-05 tok/s=40,112 eta=23606.711739706006
step=406 tokens=53215232/1000000000 loss=3.1798 lr=9.97e-05 tok/s=40,054 eta=23637.92614462028
step=407 tokens=53346304/1000000000 loss=3.4166 lr=9.97e-05 tok/s=40,047 eta=23638.355678978063
step=408 tokens=53477376/1000000000 loss=3.4774 lr=9.97e-05 tok/s=40,083 eta=23613.87813999874
step=409 tokens=53608448/1000000000 loss=3.3808 lr=9.97e-05 tok/s=40,018 eta=23649.183332885692
step=410 tokens=53739520/1000000000 loss=3.3495 lr=9.97e-05 tok/s=40,437 eta=23400.628429995966
step=411 tokens=53870592/1000000000 loss=3.3761 lr=9.97e-05 tok/s=40,503 eta=23359.216275786097
step=412 tokens=54001664/1000000000 loss=3.3303 lr=9.97e-05 tok/s=40,532 eta=23339.37735660727
step=413 tokens=54132736/1000000000 loss=3.4323 lr=9.97e-05 tok/s=40,523 eta=23341.43649671305
step=414 tokens=54263808/1000000000 loss=3.2074 lr=9.97e-05 tok/s=40,572 eta=23310.356525427345
step=415 tokens=54394880/1000000000 loss=3.2165 lr=9.97e-05 tok/s=40,472 eta=23364.493789310367
step=416 tokens=54525952/1000000000 loss=3.3553 lr=9.97e-05 tok/s=40,244 eta=23493.607524746632
step=417 tokens=54657024/1000000000 loss=3.2150 lr=9.97e-05 tok/s=40,253 eta=23485.140298570655
step=418 tokens=54788096/1000000000 loss=3.4815 lr=9.97e-05 tok/s=40,312 eta=23447.53644480817
step=419 tokens=54919168/1000000000 loss=3.4119 lr=9.97e-05 tok/s=40,287 eta=23458.49828382873
step=420 tokens=55050240/1000000000 loss=3.4456 lr=9.97e-05 tok/s=40,255 eta=23474.203905203085
step=421 tokens=55181312/1000000000 loss=3.4038 lr=9.97e-05 tok/s=40,309 eta=23439.377213353444
step=422 tokens=55312384/1000000000 loss=3.4314 lr=9.97e-05 tok/s=40,381 eta=23394.35717780224
step=423 tokens=55443456/1000000000 loss=3.5070 lr=9.97e-05 tok/s=40,589 eta=23271.18347899053
step=424 tokens=55574528/1000000000 loss=3.3930 lr=9.97e-05 tok/s=40,846 eta=23121.500501784398
step=425 tokens=55705600/1000000000 loss=3.3115 lr=9.97e-05 tok/s=40,807 eta=23140.396174555226
step=426 tokens=55836672/1000000000 loss=3.4400 lr=9.97e-05 tok/s=40,557 eta=23280.026258531954
step=427 tokens=55967744/1000000000 loss=3.5277 lr=9.97e-05 tok/s=40,490 eta=23315.107935673685
step=428 tokens=56098816/1000000000 loss=3.3393 lr=9.97e-05 tok/s=40,194 eta=23483.386733332427
step=429 tokens=56229888/1000000000 loss=3.3597 lr=9.97e-05 tok/s=40,365 eta=23380.937583852225
step=430 tokens=56360960/1000000000 loss=3.4280 lr=9.97e-05 tok/s=40,395 eta=23360.081417397814
step=431 tokens=56492032/1000000000 loss=3.3071 lr=9.97e-05 tok/s=40,296 eta=23414.370353824004
step=432 tokens=56623104/1000000000 loss=3.4280 lr=9.97e-05 tok/s=40,368 eta=23369.449194960405
step=433 tokens=56754176/1000000000 loss=3.3073 lr=9.97e-05 tok/s=39,965 eta=23601.761384994945
step=434 tokens=56885248/1000000000 loss=3.3858 lr=9.97e-05 tok/s=39,992 eta=23582.522313344827
step=435 tokens=57016320/1000000000 loss=3.2279 lr=9.97e-05 tok/s=39,733 eta=23733.261803083762
step=436 tokens=57147392/1000000000 loss=3.4910 lr=9.97e-05 tok/s=40,157 eta=23479.382251026524
step=437 tokens=57278464/1000000000 loss=3.4480 lr=9.97e-05 tok/s=39,829 eta=23669.13875411389
step=438 tokens=57409536/1000000000 loss=3.3986 lr=9.97e-05 tok/s=39,536 eta=23841.310020806053
step=439 tokens=57540608/1000000000 loss=3.2755 lr=9.97e-05 tok/s=39,547 eta=23831.10707185088
step=440 tokens=57671680/1000000000 loss=3.3717 lr=9.97e-05 tok/s=39,547 eta=23828.25196102341
step=441 tokens=57802752/1000000000 loss=3.3953 lr=9.97e-05 tok/s=38,817 eta=24272.584388267645
step=442 tokens=57933824/1000000000 loss=3.2763 lr=9.97e-05 tok/s=39,475 eta=23864.99481569421
step=443 tokens=58064896/1000000000 loss=3.4664 lr=9.97e-05 tok/s=39,397 eta=23908.69497792106
step=444 tokens=58195968/1000000000 loss=3.3916 lr=9.97e-05 tok/s=39,846 eta=23636.046913295388
step=445 tokens=58327040/1000000000 loss=3.4635 lr=9.97e-05 tok/s=39,832 eta=23640.874212987597
step=446 tokens=58458112/1000000000 loss=3.3385 lr=9.97e-05 tok/s=39,840 eta=23633.359603068187
step=447 tokens=58589184/1000000000 loss=3.4120 lr=9.97e-05 tok/s=39,571 eta=23790.208301626368
step=448 tokens=58720256/1000000000 loss=3.3047 lr=9.97e-05 tok/s=39,871 eta=23608.303134204507
step=449 tokens=58851328/1000000000 loss=3.3792 lr=9.97e-05 tok/s=39,799 eta=23647.58966046104
step=450 tokens=58982400/1000000000 loss=3.2542 lr=9.96e-05 tok/s=39,975 eta=23540.038645350436
step=451 tokens=59113472/1000000000 loss=3.2906 lr=9.96e-05 tok/s=40,006 eta=23518.769133064994
step=452 tokens=59244544/1000000000 loss=3.3246 lr=9.96e-05 tok/s=40,021 eta=23506.529388425293
step=453 tokens=59375616/1000000000 loss=3.5007 lr=9.96e-05 tok/s=39,938 eta=23551.96448998366
step=454 tokens=59506688/1000000000 loss=3.4073 lr=9.96e-05 tok/s=39,872 eta=23587.674952100508
step=455 tokens=59637760/1000000000 loss=3.3693 lr=9.96e-05 tok/s=39,551 eta=23776.23954211887
step=456 tokens=59768832/1000000000 loss=3.3449 lr=9.96e-05 tok/s=39,633 eta=23723.652953403693
step=457 tokens=59899904/1000000000 loss=3.3626 lr=9.96e-05 tok/s=39,432 eta=23841.31783267256
step=458 tokens=60030976/1000000000 loss=3.2709 lr=9.96e-05 tok/s=28,779 eta=32661.64837306775
step=459 tokens=60162048/1000000000 loss=3.4141 lr=9.96e-05 tok/s=39,664 eta=23694.90048823989
step=460 tokens=60293120/1000000000 loss=3.4164 lr=9.96e-05 tok/s=40,031 eta=23474.575544797957
step=461 tokens=60424192/1000000000 loss=3.3584 lr=9.96e-05 tok/s=39,517 eta=23776.541443604026
step=462 tokens=60555264/1000000000 loss=3.1619 lr=9.96e-05 tok/s=39,549 eta=23754.141111665882
step=463 tokens=60686336/1000000000 loss=3.3369 lr=9.96e-05 tok/s=39,416 eta=23830.48592125637
step=464 tokens=60817408/1000000000 loss=3.2811 lr=9.96e-05 tok/s=39,782 eta=23608.131926328995
step=465 tokens=60948480/1000000000 loss=3.4100 lr=9.96e-05 tok/s=39,591 eta=23719.05211878368
step=466 tokens=61079552/1000000000 loss=3.2519 lr=9.96e-05 tok/s=39,716 eta=23640.642361285725
step=467 tokens=61210624/1000000000 loss=3.4571 lr=9.96e-05 tok/s=39,812 eta=23580.77609665819
step=468 tokens=61341696/1000000000 loss=3.3802 lr=9.96e-05 tok/s=39,677 eta=23657.56343052001
step=469 tokens=61472768/1000000000 loss=3.4585 lr=9.96e-05 tok/s=39,640 eta=23676.384447156168
step=470 tokens=61603840/1000000000 loss=3.4683 lr=9.96e-05 tok/s=39,609 eta=23691.242744817424
step=471 tokens=61734912/1000000000 loss=3.3816 lr=9.96e-05 tok/s=39,618 eta=23682.73431837374
step=472 tokens=61865984/1000000000 loss=3.2907 lr=9.96e-05 tok/s=39,560 eta=23714.50398652778
step=473 tokens=61997056/1000000000 loss=3.3050 lr=9.96e-05 tok/s=39,487 eta=23754.855647827684
step=474 tokens=62128128/1000000000 loss=3.3625 lr=9.96e-05 tok/s=39,208 eta=23920.659024837583
step=475 tokens=62259200/1000000000 loss=3.3166 lr=9.96e-05 tok/s=39,167 eta=23942.214530887293
step=476 tokens=62390272/1000000000 loss=3.5695 lr=9.96e-05 tok/s=39,164 eta=23940.58378244247
step=477 tokens=62521344/1000000000 loss=3.3679 lr=9.96e-05 tok/s=39,344 eta=23827.888648136515
step=478 tokens=62652416/1000000000 loss=3.3943 lr=9.96e-05 tok/s=39,549 eta=23700.726683783996
step=479 tokens=62783488/1000000000 loss=3.3647 lr=9.96e-05 tok/s=39,528 eta=23710.359805415406
step=480 tokens=62914560/1000000000 loss=3.3379 lr=9.96e-05 tok/s=39,940 eta=23462.113962214862
step=481 tokens=63045632/1000000000 loss=3.2151 lr=9.96e-05 tok/s=39,484 eta=23730.249354639836
step=482 tokens=63176704/1000000000 loss=3.2964 lr=9.96e-05 tok/s=39,489 eta=23723.557016148174
step=483 tokens=63307776/1000000000 loss=3.3534 lr=9.96e-05 tok/s=39,724 eta=23579.99841686189
step=484 tokens=63438848/1000000000 loss=3.4867 lr=9.96e-05 tok/s=39,820 eta=23519.737438187956
step=485 tokens=63569920/1000000000 loss=3.2786 lr=9.96e-05 tok/s=39,828 eta=23512.05253420163
step=486 tokens=63700992/1000000000 loss=3.2861 lr=9.96e-05 tok/s=39,820 eta=23513.052849687705
step=487 tokens=63832064/1000000000 loss=3.4708 lr=9.96e-05 tok/s=39,832 eta=23502.980537615418
step=488 tokens=63963136/1000000000 loss=3.4594 lr=9.96e-05 tok/s=39,661 eta=23600.97539171149
step=489 tokens=64094208/1000000000 loss=3.4477 lr=9.96e-05 tok/s=39,703 eta=23572.76730301222
step=490 tokens=64225280/1000000000 loss=3.3445 lr=9.95e-05 tok/s=39,601 eta=23629.807526048593
step=491 tokens=64356352/1000000000 loss=3.2456 lr=9.95e-05 tok/s=39,690 eta=23573.859384052885
step=492 tokens=64487424/1000000000 loss=3.2711 lr=9.95e-05 tok/s=39,629 eta=23606.63927937721
step=493 tokens=64618496/1000000000 loss=3.2796 lr=9.95e-05 tok/s=39,927 eta=23427.171648358843
step=494 tokens=64749568/1000000000 loss=3.5459 lr=9.95e-05 tok/s=40,164 eta=23285.754486135218
step=495 tokens=64880640/1000000000 loss=3.1400 lr=9.95e-05 tok/s=40,131 eta=23301.460591289655
step=496 tokens=65011712/1000000000 loss=3.3105 lr=9.95e-05 tok/s=40,268 eta=23218.996254085494
step=497 tokens=65142784/1000000000 loss=3.2788 lr=9.95e-05 tok/s=40,234 eta=23235.440093243444
step=498 tokens=65273856/1000000000 loss=3.3117 lr=9.95e-05 tok/s=40,297 eta=23196.059514644865
step=499 tokens=65404928/1000000000 loss=3.1786 lr=9.95e-05 tok/s=39,907 eta=23419.339773001444
step=500 tokens=65536000/1000000000 loss=3.4648 lr=9.95e-05 tok/s=39,977 eta=23374.924324985517
step=501 tokens=65667072/1000000000 loss=3.4133 lr=9.95e-05 tok/s=40,115 eta=23291.616147322693
step=502 tokens=65798144/1000000000 loss=3.3173 lr=9.95e-05 tok/s=40,071 eta=23313.49253539024
step=503 tokens=65929216/1000000000 loss=3.2895 lr=9.95e-05 tok/s=39,931 eta=23392.234472402986
step=504 tokens=66060288/1000000000 loss=3.2804 lr=9.95e-05 tok/s=40,021 eta=23336.49551675052
step=505 tokens=66191360/1000000000 loss=3.2977 lr=9.95e-05 tok/s=40,325 eta=23157.281959962897
step=506 tokens=66322432/1000000000 loss=3.3876 lr=9.95e-05 tok/s=40,292 eta=23172.643537217085
step=507 tokens=66453504/1000000000 loss=3.2745 lr=9.95e-05 tok/s=40,333 eta=23146.192180297134
step=508 tokens=66584576/1000000000 loss=3.4310 lr=9.95e-05 tok/s=40,336 eta=23141.07025321641
step=509 tokens=66715648/1000000000 loss=3.2607 lr=9.95e-05 tok/s=40,287 eta=23165.628842086582
step=510 tokens=66846720/1000000000 loss=3.3081 lr=9.95e-05 tok/s=40,359 eta=23121.113875438055
step=511 tokens=66977792/1000000000 loss=3.2261 lr=9.95e-05 tok/s=40,173 eta=23225.04812469536
step=512 tokens=67108864/1000000000 loss=3.3918 lr=9.95e-05 tok/s=40,013 eta=23314.448191136362
step=513 tokens=67239936/1000000000 loss=3.3349 lr=9.95e-05 tok/s=40,200 eta=23202.875590857217
step=514 tokens=67371008/1000000000 loss=3.3213 lr=9.95e-05 tok/s=40,376 eta=23098.742053410257
step=515 tokens=67502080/1000000000 loss=3.3010 lr=9.95e-05 tok/s=40,940 eta=22777.24603660297
step=516 tokens=67633152/1000000000 loss=3.3275 lr=9.95e-05 tok/s=40,690 eta=22914.012985902318
step=517 tokens=67764224/1000000000 loss=3.2632 lr=9.95e-05 tok/s=40,678 eta=22917.71213278844
step=518 tokens=67895296/1000000000 loss=3.3310 lr=9.95e-05 tok/s=40,831 eta=22828.161855322225
step=519 tokens=68026368/1000000000 loss=3.3696 lr=9.95e-05 tok/s=40,853 eta=22813.071711512686
step=520 tokens=68157440/1000000000 loss=3.4101 lr=9.95e-05 tok/s=40,870 eta=22800.15709954695
step=521 tokens=68288512/1000000000 loss=3.3046 lr=9.95e-05 tok/s=41,098 eta=22670.42531525135
step=522 tokens=68419584/1000000000 loss=3.4354 lr=9.95e-05 tok/s=40,690 eta=22894.53912402888
step=523 tokens=68550656/1000000000 loss=3.4045 lr=9.95e-05 tok/s=40,774 eta=22844.294513657074
step=524 tokens=68681728/1000000000 loss=3.4305 lr=9.95e-05 tok/s=40,779 eta=22837.993561018895
step=525 tokens=68812800/1000000000 loss=3.4339 lr=9.95e-05 tok/s=40,941 eta=22744.608987698808
step=526 tokens=68943872/1000000000 loss=3.4766 lr=9.94e-05 tok/s=40,932 eta=22746.54953708169
step=527 tokens=69074944/1000000000 loss=3.3960 lr=9.94e-05 tok/s=40,691 eta=22877.95876372511
step=528 tokens=69206016/1000000000 loss=3.4144 lr=9.94e-05 tok/s=40,473 eta=22997.83733645593
step=529 tokens=69337088/1000000000 loss=3.4188 lr=9.94e-05 tok/s=40,932 eta=22736.94868444786
step=530 tokens=69468160/1000000000 loss=3.3648 lr=9.94e-05 tok/s=40,997 eta=22697.562430280912
step=531 tokens=69599232/1000000000 loss=3.4332 lr=9.94e-05 tok/s=40,933 eta=22729.6435580401
step=532 tokens=69730304/1000000000 loss=3.3796 lr=9.94e-05 tok/s=41,159 eta=22601.68801674443
step=533 tokens=69861376/1000000000 loss=3.3696 lr=9.94e-05 tok/s=40,928 eta=22725.941395332888
step=534 tokens=69992448/1000000000 loss=3.4355 lr=9.94e-05 tok/s=41,578 eta=22367.66948895885
step=535 tokens=70123520/1000000000 loss=3.3552 lr=9.94e-05 tok/s=30,092 eta=30900.703690254464
step=536 tokens=70254592/1000000000 loss=3.4865 lr=9.94e-05 tok/s=41,490 eta=22409.07806769393
step=537 tokens=70385664/1000000000 loss=3.2779 lr=9.94e-05 tok/s=41,309 eta=22503.734140575714
step=538 tokens=70516736/1000000000 loss=3.4564 lr=9.94e-05 tok/s=41,415 eta=22443.03851123043
step=539 tokens=70647808/1000000000 loss=3.1861 lr=9.94e-05 tok/s=41,311 eta=22496.335105310747
step=540 tokens=70778880/1000000000 loss=3.4041 lr=9.94e-05 tok/s=41,369 eta=22461.97063109254
step=541 tokens=70909952/1000000000 loss=3.1477 lr=9.94e-05 tok/s=40,864 eta=22736.00276184653
step=542 tokens=71041024/1000000000 loss=3.3588 lr=9.94e-05 tok/s=41,247 eta=22521.996158332004
step=543 tokens=71172096/1000000000 loss=3.3106 lr=9.94e-05 tok/s=41,420 eta=22424.646860952504
step=544 tokens=71303168/1000000000 loss=3.2703 lr=9.94e-05 tok/s=41,513 eta=22371.094662197524
step=545 tokens=71434240/1000000000 loss=3.3768 lr=9.94e-05 tok/s=41,682 eta=22277.61624487304
step=546 tokens=71565312/1000000000 loss=3.4036 lr=9.94e-05 tok/s=41,431 eta=22409.259536543643
step=547 tokens=71696384/1000000000 loss=3.2781 lr=9.94e-05 tok/s=41,352 eta=22448.69177577703
step=548 tokens=71827456/1000000000 loss=3.3961 lr=9.94e-05 tok/s=41,414 eta=22412.14750194688
step=549 tokens=71958528/1000000000 loss=3.4245 lr=9.94e-05 tok/s=41,336 eta=22451.18112433918
step=550 tokens=72089600/1000000000 loss=3.3937 lr=9.94e-05 tok/s=40,968 eta=22649.832653881767
step=551 tokens=72220672/1000000000 loss=3.4078 lr=9.94e-05 tok/s=41,194 eta=22522.037566952233
step=552 tokens=72351744/1000000000 loss=3.3454 lr=9.94e-05 tok/s=41,041 eta=22603.239555990192
step=553 tokens=72482816/1000000000 loss=3.3717 lr=9.94e-05 tok/s=41,129 eta=22551.271386904937
step=554 tokens=72613888/1000000000 loss=3.2426 lr=9.94e-05 tok/s=41,070 eta=22580.652894635492
step=555 tokens=72744960/1000000000 loss=3.3576 lr=9.94e-05 tok/s=41,047 eta=22589.941775114672
step=556 tokens=72876032/1000000000 loss=3.2457 lr=9.94e-05 tok/s=41,072 eta=22572.99910776806
step=557 tokens=73007104/1000000000 loss=3.3953 lr=9.94e-05 tok/s=41,371 eta=22406.987603961596
step=558 tokens=73138176/1000000000 loss=3.3436 lr=9.93e-05 tok/s=41,367 eta=22406.039903142173
step=559 tokens=73269248/1000000000 loss=3.2168 lr=9.93e-05 tok/s=41,242 eta=22470.821015795278
step=560 tokens=73400320/1000000000 loss=3.3217 lr=9.93e-05 tok/s=40,901 eta=22654.944692729157
step=561 tokens=73531392/1000000000 loss=3.4501 lr=9.93e-05 tok/s=40,873 eta=22667.050742604446
step=562 tokens=73662464/1000000000 loss=3.3298 lr=9.93e-05 tok/s=40,875 eta=22662.694272038058
step=563 tokens=73793536/1000000000 loss=3.2632 lr=9.93e-05 tok/s=40,791 eta=22705.96499013642
step=564 tokens=73924608/1000000000 loss=3.0624 lr=9.93e-05 tok/s=41,013 eta=22579.899624700865
step=565 tokens=74055680/1000000000 loss=3.2627 lr=9.93e-05 tok/s=40,866 eta=22658.033844713766
step=566 tokens=74186752/1000000000 loss=3.2845 lr=9.93e-05 tok/s=40,991 eta=22585.85837356309
step=567 tokens=74317824/1000000000 loss=3.4208 lr=9.93e-05 tok/s=40,727 eta=22728.860737928608
step=568 tokens=74448896/1000000000 loss=3.3797 lr=9.93e-05 tok/s=40,500 eta=22853.026943778954
step=569 tokens=74579968/1000000000 loss=3.2845 lr=9.93e-05 tok/s=40,618 eta=22783.636987004873
step=570 tokens=74711040/1000000000 loss=3.3613 lr=9.93e-05 tok/s=40,693 eta=22738.333610726822
step=571 tokens=74842112/1000000000 loss=3.3894 lr=9.93e-05 tok/s=40,438 eta=22878.64583650973
step=572 tokens=74973184/1000000000 loss=3.3950 lr=9.93e-05 tok/s=40,415 eta=22888.111795544268
step=573 tokens=75104256/1000000000 loss=3.2031 lr=9.93e-05 tok/s=40,628 eta=22765.010086595328
step=574 tokens=75235328/1000000000 loss=3.3509 lr=9.93e-05 tok/s=40,511 eta=22827.456547761158
step=575 tokens=75366400/1000000000 loss=3.4421 lr=9.93e-05 tok/s=40,243 eta=22976.319356085558
step=576 tokens=75497472/1000000000 loss=3.3908 lr=9.93e-05 tok/s=39,983 eta=23122.539281413898
step=577 tokens=75628544/1000000000 loss=3.3267 lr=9.93e-05 tok/s=40,042 eta=23084.837581603646
step=578 tokens=75759616/1000000000 loss=3.4461 lr=9.93e-05 tok/s=39,770 eta=23239.4211597037
step=579 tokens=75890688/1000000000 loss=3.4478 lr=9.93e-05 tok/s=40,090 eta=23051.120393699868
step=580 tokens=76021760/1000000000 loss=3.4663 lr=9.93e-05 tok/s=40,102 eta=23040.531274345216
step=581 tokens=76152832/1000000000 loss=3.4382 lr=9.93e-05 tok/s=40,077 eta=23051.60960055864
step=582 tokens=76283904/1000000000 loss=3.1620 lr=9.93e-05 tok/s=40,130 eta=23017.852384011858
step=583 tokens=76414976/1000000000 loss=3.4606 lr=9.93e-05 tok/s=40,353 eta=22887.71089701432
step=584 tokens=76546048/1000000000 loss=3.4837 lr=9.93e-05 tok/s=40,187 eta=22978.74042421382
step=585 tokens=76677120/1000000000 loss=3.2179 lr=9.93e-05 tok/s=40,095 eta=23028.158380317775
step=586 tokens=76808192/1000000000 loss=3.2965 lr=9.93e-05 tok/s=40,141 eta=22998.818659485638
step=587 tokens=76939264/1000000000 loss=3.3234 lr=9.93e-05 tok/s=40,452 eta=22818.57615084628
step=588 tokens=77070336/1000000000 loss=3.2503 lr=9.92e-05 tok/s=40,395 eta=22847.571700072524
step=589 tokens=77201408/1000000000 loss=3.4621 lr=9.92e-05 tok/s=40,477 eta=22798.088792217746
step=590 tokens=77332480/1000000000 loss=3.3774 lr=9.92e-05 tok/s=40,574 eta=22740.5266225242
step=591 tokens=77463552/1000000000 loss=3.3083 lr=9.92e-05 tok/s=40,700 eta=22666.859415956205
step=592 tokens=77594624/1000000000 loss=3.3880 lr=9.92e-05 tok/s=40,664 eta=22683.842451363456
step=593 tokens=77725696/1000000000 loss=3.3622 lr=9.92e-05 tok/s=40,682 eta=22670.38219494387
step=594 tokens=77856768/1000000000 loss=3.5133 lr=9.92e-05 tok/s=40,744 eta=22632.871924758925
step=595 tokens=77987840/1000000000 loss=3.3886 lr=9.92e-05 tok/s=40,703 eta=22652.072892056498
step=596 tokens=78118912/1000000000 loss=3.1557 lr=9.92e-05 tok/s=40,758 eta=22618.62531949759
step=597 tokens=78249984/1000000000 loss=3.3149 lr=9.92e-05 tok/s=40,768 eta=22609.787634522796
step=598 tokens=78381056/1000000000 loss=3.4202 lr=9.92e-05 tok/s=40,767 eta=22606.938907242115
step=599 tokens=78512128/1000000000 loss=3.3428 lr=9.92e-05 tok/s=40,925 eta=22516.53660787939
step=600 tokens=78643200/1000000000 loss=3.3183 lr=9.92e-05 tok/s=40,805 eta=22579.241118004586
step=601 tokens=78774272/1000000000 loss=3.2012 lr=9.92e-05 tok/s=41,252 eta=22331.751286695726
step=602 tokens=78905344/1000000000 loss=3.3831 lr=9.92e-05 tok/s=40,745 eta=22606.213493275853
step=603 tokens=79036416/1000000000 loss=3.3529 lr=9.92e-05 tok/s=41,019 eta=22452.03660271095
step=604 tokens=79167488/1000000000 loss=3.3284 lr=9.92e-05 tok/s=40,921 eta=22502.92617529536
step=605 tokens=79298560/1000000000 loss=3.4162 lr=9.92e-05 tok/s=41,324 eta=22280.2683272671
step=606 tokens=79429632/1000000000 loss=3.3522 lr=9.92e-05 tok/s=41,326 eta=22275.772758254516
step=607 tokens=79560704/1000000000 loss=3.2493 lr=9.92e-05 tok/s=41,273 eta=22301.375148845716
step=608 tokens=79691776/1000000000 loss=3.3621 lr=9.92e-05 tok/s=41,227 eta=22323.159402393907
step=609 tokens=79822848/1000000000 loss=3.4040 lr=9.92e-05 tok/s=41,201 eta=22334.06544423743
step=610 tokens=79953920/1000000000 loss=3.4089 lr=9.92e-05 tok/s=41,236 eta=22311.8995058448
step=611 tokens=80084992/1000000000 loss=3.2948 lr=9.92e-05 tok/s=29,752 eta=30919.882784526635
step=612 tokens=80216064/1000000000 loss=3.3275 lr=9.92e-05 tok/s=40,992 eta=22437.94736810371
step=613 tokens=80347136/1000000000 loss=3.2650 lr=9.92e-05 tok/s=40,983 eta=22440.105366365005
step=614 tokens=80478208/1000000000 loss=3.3319 lr=9.92e-05 tok/s=40,446 eta=22734.309288541026
step=615 tokens=80609280/1000000000 loss=3.4908 lr=9.92e-05 tok/s=40,563 eta=22665.644669673973
step=616 tokens=80740352/1000000000 loss=3.2996 lr=9.91e-05 tok/s=40,689 eta=22592.177059372843
step=617 tokens=80871424/1000000000 loss=3.1653 lr=9.91e-05 tok/s=40,813 eta=22520.48446335894
step=618 tokens=81002496/1000000000 loss=3.3964 lr=9.91e-05 tok/s=40,817 eta=22515.222567568457
step=619 tokens=81133568/1000000000 loss=3.2523 lr=9.91e-05 tok/s=40,998 eta=22412.647236019002
step=620 tokens=81264640/1000000000 loss=3.3492 lr=9.91e-05 tok/s=41,057 eta=22377.24320054766
step=621 tokens=81395712/1000000000 loss=3.3020 lr=9.91e-05 tok/s=40,742 eta=22546.71198965374
step=622 tokens=81526784/1000000000 loss=3.5021 lr=9.91e-05 tok/s=40,499 eta=22678.964341410152
step=623 tokens=81657856/1000000000 loss=3.4474 lr=9.91e-05 tok/s=40,782 eta=22518.432795604596
step=624 tokens=81788928/1000000000 loss=3.2495 lr=9.91e-05 tok/s=40,428 eta=22712.33992455707
step=625 tokens=81920000/1000000000 loss=3.1457 lr=9.91e-05 tok/s=40,920 eta=22435.756342506324
step=626 tokens=82051072/1000000000 loss=3.3693 lr=9.91e-05 tok/s=40,927 eta=22429.042492945802
step=627 tokens=82182144/1000000000 loss=3.3726 lr=9.91e-05 tok/s=40,930 eta=22424.01947032814
step=628 tokens=82313216/1000000000 loss=3.4533 lr=9.91e-05 tok/s=40,789 eta=22498.66394590176
step=629 tokens=82444288/1000000000 loss=3.3475 lr=9.91e-05 tok/s=40,672 eta=22559.92869627022
step=630 tokens=82575360/1000000000 loss=3.0869 lr=9.91e-05 tok/s=40,535 eta=22632.716438690357
step=631 tokens=82706432/1000000000 loss=3.2955 lr=9.91e-05 tok/s=40,947 eta=22402.240151546095
step=632 tokens=82837504/1000000000 loss=3.3201 lr=9.91e-05 tok/s=40,628 eta=22574.553058052607
step=633 tokens=82968576/1000000000 loss=3.2950 lr=9.91e-05 tok/s=40,573 eta=22601.939092493012
step=634 tokens=83099648/1000000000 loss=3.2812 lr=9.91e-05 tok/s=40,744 eta=22503.862579743283
step=635 tokens=83230720/1000000000 loss=3.2158 lr=9.91e-05 tok/s=40,771 eta=22485.937428335677
step=636 tokens=83361792/1000000000 loss=3.4185 lr=9.91e-05 tok/s=40,702 eta=22520.529329494337
step=637 tokens=83492864/1000000000 loss=3.3097 lr=9.91e-05 tok/s=41,164 eta=22264.783351771108
step=638 tokens=83623936/1000000000 loss=3.2101 lr=9.91e-05 tok/s=41,061 eta=22317.637424226887
step=639 tokens=83755008/1000000000 loss=3.2245 lr=9.91e-05 tok/s=40,963 eta=22367.62543344664
step=640 tokens=83886080/1000000000 loss=3.4061 lr=9.91e-05 tok/s=40,983 eta=22353.380781800097
step=641 tokens=84017152/1000000000 loss=3.1765 lr=9.91e-05 tok/s=40,911 eta=22389.561975942393
step=642 tokens=84148224/1000000000 loss=3.2294 lr=9.91e-05 tok/s=40,883 eta=22401.919250516792
step=643 tokens=84279296/1000000000 loss=3.3420 lr=9.9e-05 tok/s=40,838 eta=22423.230075208405
step=644 tokens=84410368/1000000000 loss=3.2169 lr=9.9e-05 tok/s=40,486 eta=22615.217512171588
step=645 tokens=84541440/1000000000 loss=3.2818 lr=9.9e-05 tok/s=40,296 eta=22718.244899656267
step=646 tokens=84672512/1000000000 loss=3.3390 lr=9.9e-05 tok/s=40,515 eta=22592.247363409446
step=647 tokens=84803584/1000000000 loss=3.4269 lr=9.9e-05 tok/s=40,694 eta=22489.868227680574
step=648 tokens=84934656/1000000000 loss=3.4401 lr=9.9e-05 tok/s=40,567 eta=22556.84370259903
step=649 tokens=85065728/1000000000 loss=3.2715 lr=9.9e-05 tok/s=40,628 eta=22519.54878804161
step=650 tokens=85196800/1000000000 loss=3.4836 lr=9.9e-05 tok/s=40,883 eta=22376.016121952816
step=651 tokens=85327872/1000000000 loss=3.4210 lr=9.9e-05 tok/s=40,690 eta=22478.961526862742
step=652 tokens=85458944/1000000000 loss=3.3854 lr=9.9e-05 tok/s=40,663 eta=22490.931166601113
step=653 tokens=85590016/1000000000 loss=3.3882 lr=9.9e-05 tok/s=40,751 eta=22439.14262209662
step=654 tokens=85721088/1000000000 loss=3.3426 lr=9.9e-05 tok/s=40,851 eta=22381.047846221387
step=655 tokens=85852160/1000000000 loss=3.3777 lr=9.9e-05 tok/s=40,882 eta=22360.81331363673
step=656 tokens=85983232/1000000000 loss=3.2701 lr=9.9e-05 tok/s=41,112 eta=22232.499032796975
step=657 tokens=86114304/1000000000 loss=3.3675 lr=9.9e-05 tok/s=41,026 eta=22275.80591545019
step=658 tokens=86245376/1000000000 loss=3.3316 lr=9.9e-05 tok/s=41,151 eta=22204.806466024213
step=659 tokens=86376448/1000000000 loss=3.2160 lr=9.9e-05 tok/s=41,207 eta=22171.778887080043
checkpoint saved: runs/20260906-225321/checkpoints/step_000000659 (time)
step=660 tokens=86507520/1000000000 loss=3.2032 lr=9.9e-05 tok/s=36,043 eta=25344.474154987067
step=661 tokens=86638592/1000000000 loss=3.3126 lr=9.9e-05 tok/s=41,009 eta=22272.435337529903
step=662 tokens=86769664/1000000000 loss=3.1544 lr=9.9e-05 tok/s=41,062 eta=22240.493632040652
step=663 tokens=86900736/1000000000 loss=3.2719 lr=9.9e-05 tok/s=41,113 eta=22209.250324442368
step=664 tokens=87031808/1000000000 loss=3.3375 lr=9.9e-05 tok/s=41,076 eta=22226.181456325823
step=665 tokens=87162880/1000000000 loss=3.3262 lr=9.9e-05 tok/s=41,080 eta=22220.91150832791
step=666 tokens=87293952/1000000000 loss=3.3951 lr=9.9e-05 tok/s=40,932 eta=22298.21397874876
step=667 tokens=87425024/1000000000 loss=3.4409 lr=9.9e-05 tok/s=40,943 eta=22289.14328314184
step=668 tokens=87556096/1000000000 loss=3.2818 lr=9.89e-05 tok/s=40,919 eta=22298.786209500504
step=669 tokens=87687168/1000000000 loss=3.3598 lr=9.89e-05 tok/s=40,860 eta=22327.52026486259
step=670 tokens=87818240/1000000000 loss=3.3762 lr=9.89e-05 tok/s=40,849 eta=22330.807498615115
step=671 tokens=87949312/1000000000 loss=3.3598 lr=9.89e-05 tok/s=40,890 eta=22305.132862769507
step=672 tokens=88080384/1000000000 loss=3.4129 lr=9.89e-05 tok/s=40,529 eta=22500.685743790917
step=673 tokens=88211456/1000000000 loss=3.4197 lr=9.89e-05 tok/s=40,592 eta=22462.331942451885
step=674 tokens=88342528/1000000000 loss=3.4476 lr=9.89e-05 tok/s=40,669 eta=22416.258583025257
step=675 tokens=88473600/1000000000 loss=3.2980 lr=9.89e-05 tok/s=40,388 eta=22569.475440754246
step=676 tokens=88604672/1000000000 loss=3.2229 lr=9.89e-05 tok/s=40,240 eta=22649.05831695736
step=677 tokens=88735744/1000000000 loss=3.3304 lr=9.89e-05 tok/s=40,677 eta=22402.414459395095
step=678 tokens=88866816/1000000000 loss=3.2957 lr=9.89e-05 tok/s=40,674 eta=22400.670595435644
step=679 tokens=88997888/1000000000 loss=3.4018 lr=9.89e-05 tok/s=40,836 eta=22308.95093963039
step=680 tokens=89128960/1000000000 loss=3.3680 lr=9.89e-05 tok/s=40,879 eta=22282.386203927
step=681 tokens=89260032/1000000000 loss=3.5053 lr=9.89e-05 tok/s=40,942 eta=22244.53571444993
step=682 tokens=89391104/1000000000 loss=3.2303 lr=9.89e-05 tok/s=41,045 eta=22185.815073415797
step=683 tokens=89522176/1000000000 loss=3.3169 lr=9.89e-05 tok/s=40,979 eta=22218.242033486476
step=684 tokens=89653248/1000000000 loss=3.3939 lr=9.89e-05 tok/s=40,931 eta=22240.842902085275
step=685 tokens=89784320/1000000000 loss=3.4050 lr=9.89e-05 tok/s=40,557 eta=22442.96865522072
step=686 tokens=89915392/1000000000 loss=3.2441 lr=9.89e-05 tok/s=40,243 eta=22614.555215825298
step=687 tokens=90046464/1000000000 loss=3.3580 lr=9.89e-05 tok/s=29,116 eta=31252.464071275263
step=688 tokens=90177536/1000000000 loss=3.2328 lr=9.89e-05 tok/s=40,280 eta=22587.639723805474
step=689 tokens=90308608/1000000000 loss=3.3293 lr=9.89e-05 tok/s=40,275 eta=22587.149374429202
step=690 tokens=90439680/1000000000 loss=3.2432 lr=9.89e-05 tok/s=40,431 eta=22496.82842567808
step=691 tokens=90570752/1000000000 loss=3.3634 lr=9.89e-05 tok/s=40,668 eta=22362.402021919053
step=692 tokens=90701824/1000000000 loss=3.2066 lr=9.88e-05 tok/s=40,520 eta=22440.936458638844
step=693 tokens=90832896/1000000000 loss=3.3453 lr=9.88e-05 tok/s=40,396 eta=22506.642657616816
step=694 tokens=90963968/1000000000 loss=3.4629 lr=9.88e-05 tok/s=40,435 eta=22481.632078070397
step=695 tokens=91095040/1000000000 loss=3.3475 lr=9.88e-05 tok/s=40,532 eta=22424.37359714211
step=696 tokens=91226112/1000000000 loss=3.3277 lr=9.88e-05 tok/s=40,361 eta=22515.97828605438
step=697 tokens=91357184/1000000000 loss=3.3519 lr=9.88e-05 tok/s=40,711 eta=22319.561190040557
step=698 tokens=91488256/1000000000 loss=3.4100 lr=9.88e-05 tok/s=40,633 eta=22359.059452262685
step=699 tokens=91619328/1000000000 loss=3.3102 lr=9.88e-05 tok/s=40,464 eta=22448.873435625588
step=700 tokens=91750400/1000000000 loss=3.3145 lr=9.88e-05 tok/s=40,571 eta=22386.599246883663
step=701 tokens=91881472/1000000000 loss=3.2054 lr=9.88e-05 tok/s=40,420 eta=22466.94186290168
step=702 tokens=92012544/1000000000 loss=3.4522 lr=9.88e-05 tok/s=40,557 eta=22388.058492140906
step=703 tokens=92143616/1000000000 loss=3.3622 lr=9.88e-05 tok/s=40,342 eta=22503.788278884484
step=704 tokens=92274688/1000000000 loss=3.1721 lr=9.88e-05 tok/s=40,156 eta=22604.78381767726
step=705 tokens=92405760/1000000000 loss=3.4346 lr=9.88e-05 tok/s=40,472 eta=22425.36390497349
step=706 tokens=92536832/1000000000 loss=3.3517 lr=9.88e-05 tok/s=40,505 eta=22403.510641157034
step=707 tokens=92667904/1000000000 loss=3.2086 lr=9.88e-05 tok/s=40,275 eta=22528.22279882613
step=708 tokens=92798976/1000000000 loss=3.2411 lr=9.88e-05 tok/s=40,530 eta=22383.283378721244
step=709 tokens=92930048/1000000000 loss=3.2595 lr=9.88e-05 tok/s=40,301 eta=22507.6082747627
step=710 tokens=93061120/1000000000 loss=3.3926 lr=9.88e-05 tok/s=40,457 eta=22417.503107993118
step=711 tokens=93192192/1000000000 loss=3.2176 lr=9.88e-05 tok/s=40,462 eta=22411.155606550725
step=712 tokens=93323264/1000000000 loss=3.5012 lr=9.88e-05 tok/s=40,568 eta=22349.60423132832
step=713 tokens=93454336/1000000000 loss=3.4197 lr=9.88e-05 tok/s=40,578 eta=22340.584115162597
step=714 tokens=93585408/1000000000 loss=3.3823 lr=9.88e-05 tok/s=40,934 eta=22143.076014465416
step=715 tokens=93716480/1000000000 loss=3.2441 lr=9.87e-05 tok/s=40,893 eta=22162.132282691837
step=716 tokens=93847552/1000000000 loss=3.2704 lr=9.87e-05 tok/s=40,635 eta=22299.619822665212
step=717 tokens=93978624/1000000000 loss=3.1782 lr=9.87e-05 tok/s=40,909 eta=22147.172662138506
step=718 tokens=94109696/1000000000 loss=3.2683 lr=9.87e-05 tok/s=41,011 eta=22088.76367655115
step=719 tokens=94240768/1000000000 loss=3.4808 lr=9.87e-05 tok/s=40,937 eta=22125.88543437863
step=720 tokens=94371840/1000000000 loss=3.5305 lr=9.87e-05 tok/s=40,746 eta=22226.388250956323
step=721 tokens=94502912/1000000000 loss=3.4560 lr=9.87e-05 tok/s=40,774 eta=22207.534409177682
step=722 tokens=94633984/1000000000 loss=3.2026 lr=9.87e-05 tok/s=40,587 eta=22307.001240426438
step=723 tokens=94765056/1000000000 loss=3.1607 lr=9.87e-05 tok/s=40,548 eta=22325.037019602118
step=724 tokens=94896128/1000000000 loss=3.2418 lr=9.87e-05 tok/s=40,384 eta=22412.534163829358
step=725 tokens=95027200/1000000000 loss=3.3265 lr=9.87e-05 tok/s=40,345 eta=22431.116212788158
step=726 tokens=95158272/1000000000 loss=3.2906 lr=9.87e-05 tok/s=40,417 eta=22387.70987317428
step=727 tokens=95289344/1000000000 loss=3.3150 lr=9.87e-05 tok/s=40,077 eta=22574.427127534178
step=728 tokens=95420416/1000000000 loss=3.3998 lr=9.87e-05 tok/s=40,421 eta=22379.16462778352
step=729 tokens=95551488/1000000000 loss=3.2051 lr=9.87e-05 tok/s=40,389 eta=22393.2618858981
step=730 tokens=95682560/1000000000 loss=3.3031 lr=9.87e-05 tok/s=40,508 eta=22324.61929049448
step=731 tokens=95813632/1000000000 loss=3.4333 lr=9.87e-05 tok/s=40,563 eta=22291.12600962425
step=732 tokens=95944704/1000000000 loss=3.3291 lr=9.87e-05 tok/s=40,513 eta=22315.26688714118
step=733 tokens=96075776/1000000000 loss=3.3421 lr=9.87e-05 tok/s=40,531 eta=22302.291611689125
step=734 tokens=96206848/1000000000 loss=3.3712 lr=9.87e-05 tok/s=40,283 eta=22435.88754949551
step=735 tokens=96337920/1000000000 loss=3.3261 lr=9.87e-05 tok/s=40,370 eta=22384.35990448028
step=736 tokens=96468992/1000000000 loss=3.4748 lr=9.87e-05 tok/s=40,405 eta=22361.988660444673
step=737 tokens=96600064/1000000000 loss=3.3316 lr=9.87e-05 tok/s=40,509 eta=22301.388488721124
step=738 tokens=96731136/1000000000 loss=3.2943 lr=9.86e-05 tok/s=40,522 eta=22290.593094490385
step=739 tokens=96862208/1000000000 loss=3.3147 lr=9.86e-05 tok/s=40,708 eta=22186.02163812904
step=740 tokens=96993280/1000000000 loss=3.2971 lr=9.86e-05 tok/s=40,701 eta=22186.33031083872
step=741 tokens=97124352/1000000000 loss=3.3837 lr=9.86e-05 tok/s=40,894 eta=22078.35835563867
step=742 tokens=97255424/1000000000 loss=3.5238 lr=9.86e-05 tok/s=40,968 eta=22035.1920574954
step=743 tokens=97386496/1000000000 loss=3.4863 lr=9.86e-05 tok/s=40,578 eta=22243.735524263666
step=744 tokens=97517568/1000000000 loss=3.2976 lr=9.86e-05 tok/s=40,536 eta=22263.763241587076
step=745 tokens=97648640/1000000000 loss=3.3297 lr=9.86e-05 tok/s=40,529 eta=22264.35649688167
step=746 tokens=97779712/1000000000 loss=3.2358 lr=9.86e-05 tok/s=40,712 eta=22161.103458157544
step=747 tokens=97910784/1000000000 loss=3.3884 lr=9.86e-05 tok/s=40,545 eta=22249.122201686776
step=748 tokens=98041856/1000000000 loss=3.3234 lr=9.86e-05 tok/s=40,765 eta=22125.573833328723
step=749 tokens=98172928/1000000000 loss=3.5004 lr=9.86e-05 tok/s=40,632 eta=22194.8925174189
step=750 tokens=98304000/1000000000 loss=3.2917 lr=9.86e-05 tok/s=40,542 eta=22240.889091599158
step=751 tokens=98435072/1000000000 loss=3.3110 lr=9.86e-05 tok/s=40,317 eta=22361.761877924328
step=752 tokens=98566144/1000000000 loss=3.3650 lr=9.86e-05 tok/s=40,247 eta=22397.76320043286
step=753 tokens=98697216/1000000000 loss=3.4289 lr=9.86e-05 tok/s=40,342 eta=22341.61456488915
step=754 tokens=98828288/1000000000 loss=3.2898 lr=9.86e-05 tok/s=40,317 eta=22352.095725122785
step=755 tokens=98959360/1000000000 loss=3.3401 lr=9.86e-05 tok/s=40,514 eta=22240.17170472531
step=756 tokens=99090432/1000000000 loss=3.1763 lr=9.86e-05 tok/s=40,486 eta=22252.353379013515
step=757 tokens=99221504/1000000000 loss=3.2656 lr=9.86e-05 tok/s=40,433 eta=22278.05870436787
step=758 tokens=99352576/1000000000 loss=3.2146 lr=9.86e-05 tok/s=40,468 eta=22255.984826723852
step=759 tokens=99483648/1000000000 loss=3.2745 lr=9.85e-05 tok/s=40,852 eta=22043.135728681347
step=760 tokens=99614720/1000000000 loss=3.3971 lr=9.85e-05 tok/s=40,710 eta=22116.981111188106
step=761 tokens=99745792/1000000000 loss=3.2343 lr=9.85e-05 tok/s=40,481 eta=22239.00612296837
step=762 tokens=99876864/1000000000 loss=3.2622 lr=9.85e-05 tok/s=40,017 eta=22493.25038240873
step=763 tokens=100007936/1000000000 loss=3.2849 lr=9.85e-05 tok/s=28,935 eta=31103.73784405947
checkpoint saved: runs/20260906-225321/checkpoints/tokens_000100m (permanent_tokens)
step=764 tokens=100139008/1000000000 loss=3.3378 lr=9.85e-05 tok/s=35,362 eta=25446.845797581558
step=765 tokens=100270080/1000000000 loss=3.3195 lr=9.85e-05 tok/s=40,369 eta=22287.851209288343
step=766 tokens=100401152/1000000000 loss=3.2455 lr=9.85e-05 tok/s=40,189 eta=22384.018288158823
step=767 tokens=100532224/1000000000 loss=3.4753 lr=9.85e-05 tok/s=40,248 eta=22347.90564103799
step=768 tokens=100663296/1000000000 loss=3.3899 lr=9.85e-05 tok/s=40,580 eta=22162.089663385817
step=769 tokens=100794368/1000000000 loss=3.2787 lr=9.85e-05 tok/s=40,630 eta=22131.78367962134
step=770 tokens=100925440/1000000000 loss=3.2897 lr=9.85e-05 tok/s=40,685 eta=22098.569468577185
step=771 tokens=101056512/1000000000 loss=3.3145 lr=9.85e-05 tok/s=40,831 eta=22016.193008942835
step=772 tokens=101187584/1000000000 loss=3.2867 lr=9.85e-05 tok/s=40,768 eta=22047.07357996051
step=773 tokens=101318656/1000000000 loss=3.3482 lr=9.85e-05 tok/s=40,564 eta=22154.66658390579
step=774 tokens=101449728/1000000000 loss=3.3846 lr=9.85e-05 tok/s=40,364 eta=22261.05140095947
step=775 tokens=101580800/1000000000 loss=3.3966 lr=9.85e-05 tok/s=40,824 eta=22007.229940135185
step=776 tokens=101711872/1000000000 loss=3.3321 lr=9.85e-05 tok/s=40,562 eta=22145.88240092874
step=777 tokens=101842944/1000000000 loss=3.3599 lr=9.85e-05 tok/s=40,606 eta=22118.73127713762
step=778 tokens=101974016/1000000000 loss=3.2398 lr=9.85e-05 tok/s=40,729 eta=22048.69742558391
step=779 tokens=102105088/1000000000 loss=3.3403 lr=9.85e-05 tok/s=40,554 eta=22140.591506358443
step=780 tokens=102236160/1000000000 loss=3.3504 lr=9.84e-05 tok/s=40,565 eta=22131.531777994634
step=781 tokens=102367232/1000000000 loss=3.1966 lr=9.84e-05 tok/s=40,469 eta=22180.910259237025
step=782 tokens=102498304/1000000000 loss=3.4958 lr=9.84e-05 tok/s=40,425 eta=22201.513997947866
step=783 tokens=102629376/1000000000 loss=3.4265 lr=9.84e-05 tok/s=40,406 eta=22208.683116586206
step=784 tokens=102760448/1000000000 loss=3.3286 lr=9.84e-05 tok/s=40,141 eta=22351.95984979403
step=785 tokens=102891520/1000000000 loss=3.1545 lr=9.84e-05 tok/s=40,297 eta=22262.38176235169
step=786 tokens=103022592/1000000000 loss=3.4849 lr=9.84e-05 tok/s=40,142 eta=22345.170857544992
step=787 tokens=103153664/1000000000 loss=3.3733 lr=9.84e-05 tok/s=40,291 eta=22259.00842221651
step=788 tokens=103284736/1000000000 loss=3.3342 lr=9.84e-05 tok/s=40,446 eta=22170.559892491445
step=789 tokens=103415808/1000000000 loss=3.1527 lr=9.84e-05 tok/s=40,386 eta=22200.297934465343
step=790 tokens=103546880/1000000000 loss=3.3398 lr=9.84e-05 tok/s=40,429 eta=22173.364166340565
step=791 tokens=103677952/1000000000 loss=3.3408 lr=9.84e-05 tok/s=40,472 eta=22146.59276216776
step=792 tokens=103809024/1000000000 loss=3.3398 lr=9.84e-05 tok/s=40,416 eta=22173.938333470385
step=793 tokens=103940096/1000000000 loss=3.4752 lr=9.84e-05 tok/s=40,486 eta=22132.846751257854
step=794 tokens=104071168/1000000000 loss=3.3907 lr=9.84e-05 tok/s=40,203 eta=22285.068567514165
step=795 tokens=104202240/1000000000 loss=3.3688 lr=9.84e-05 tok/s=40,259 eta=22250.656392574947
step=796 tokens=104333312/1000000000 loss=3.3863 lr=9.84e-05 tok/s=40,217 eta=22270.924952144658
step=797 tokens=104464384/1000000000 loss=3.3796 lr=9.84e-05 tok/s=39,962 eta=22409.913139515633
step=798 tokens=104595456/1000000000 loss=3.4572 lr=9.84e-05 tok/s=40,236 eta=22253.64826257906
step=799 tokens=104726528/1000000000 loss=3.2616 lr=9.84e-05 tok/s=40,186 eta=22278.115817782105
step=800 tokens=104857600/1000000000 loss=3.3312 lr=9.83e-05 tok/s=40,347 eta=22185.96082343321
step=801 tokens=104988672/1000000000 loss=3.2419 lr=9.83e-05 tok/s=40,025 eta=22361.409418263676
step=802 tokens=105119744/1000000000 loss=3.3773 lr=9.83e-05 tok/s=40,181 eta=22271.009503681656
step=803 tokens=105250816/1000000000 loss=3.2354 lr=9.83e-05 tok/s=39,952 eta=22395.59600203949
step=804 tokens=105381888/1000000000 loss=3.1773 lr=9.83e-05 tok/s=40,003 eta=22363.807217771053
step=805 tokens=105512960/1000000000 loss=3.4062 lr=9.83e-05 tok/s=40,034 eta=22342.96954010255
step=806 tokens=105644032/1000000000 loss=3.4180 lr=9.83e-05 tok/s=40,202 eta=22246.574178286904
step=807 tokens=105775104/1000000000 loss=3.1938 lr=9.83e-05 tok/s=39,872 eta=22427.496305941364
step=808 tokens=105906176/1000000000 loss=3.2352 lr=9.83e-05 tok/s=40,017 eta=22343.100734358763
step=809 tokens=106037248/1000000000 loss=3.2653 lr=9.83e-05 tok/s=40,123 eta=22280.8180872707
step=810 tokens=106168320/1000000000 loss=3.3440 lr=9.83e-05 tok/s=40,374 eta=22138.76511103218
step=811 tokens=106299392/1000000000 loss=3.3406 lr=9.83e-05 tok/s=40,460 eta=22088.62159531979
step=812 tokens=106430464/1000000000 loss=3.2608 lr=9.83e-05 tok/s=40,561 eta=22030.465539488876
step=813 tokens=106561536/1000000000 loss=3.3058 lr=9.83e-05 tok/s=40,522 eta=22048.39848656422
step=814 tokens=106692608/1000000000 loss=3.4807 lr=9.83e-05 tok/s=40,377 eta=22124.070064766143
step=815 tokens=106823680/1000000000 loss=3.2405 lr=9.83e-05 tok/s=40,162 eta=22239.174145543897
step=816 tokens=106954752/1000000000 loss=3.2914 lr=9.83e-05 tok/s=40,270 eta=22176.4168366714
step=817 tokens=107085824/1000000000 loss=3.4999 lr=9.83e-05 tok/s=39,841 eta=22411.66506686582
step=818 tokens=107216896/1000000000 loss=3.3122 lr=9.83e-05 tok/s=39,929 eta=22359.18290310437
step=819 tokens=107347968/1000000000 loss=3.3386 lr=9.82e-05 tok/s=39,966 eta=22335.226443765532
step=820 tokens=107479040/1000000000 loss=3.3762 lr=9.82e-05 tok/s=40,172 eta=22217.664081387025
step=821 tokens=107610112/1000000000 loss=3.1770 lr=9.82e-05 tok/s=40,470 eta=22050.56303789793
step=822 tokens=107741184/1000000000 loss=3.3689 lr=9.82e-05 tok/s=40,352 eta=22112.012464529224
step=823 tokens=107872256/1000000000 loss=3.3483 lr=9.82e-05 tok/s=40,423 eta=22069.686935787857
step=824 tokens=108003328/1000000000 loss=3.4609 lr=9.82e-05 tok/s=40,191 eta=22194.168808909337
step=825 tokens=108134400/1000000000 loss=3.3868 lr=9.82e-05 tok/s=40,426 eta=22061.90588268036
step=826 tokens=108265472/1000000000 loss=3.2978 lr=9.82e-05 tok/s=40,609 eta=21958.779835920235
step=827 tokens=108396544/1000000000 loss=3.4576 lr=9.82e-05 tok/s=40,347 eta=22098.40539105603
step=828 tokens=108527616/1000000000 loss=2.9509 lr=9.82e-05 tok/s=40,390 eta=22071.81646471231
step=829 tokens=108658688/1000000000 loss=3.2831 lr=9.82e-05 tok/s=40,324 eta=22104.717751872806
step=830 tokens=108789760/1000000000 loss=3.0474 lr=9.82e-05 tok/s=40,369 eta=22076.65757501995
step=831 tokens=108920832/1000000000 loss=3.4329 lr=9.82e-05 tok/s=40,307 eta=22107.49570696465
step=832 tokens=109051904/1000000000 loss=3.3064 lr=9.82e-05 tok/s=40,409 eta=22048.40643571675
step=833 tokens=109182976/1000000000 loss=3.5245 lr=9.82e-05 tok/s=40,432 eta=22032.5956756836
step=834 tokens=109314048/1000000000 loss=3.2450 lr=9.82e-05 tok/s=40,254 eta=22126.43244073284
step=835 tokens=109445120/1000000000 loss=3.1751 lr=9.82e-05 tok/s=40,263 eta=22118.457050145225
step=836 tokens=109576192/1000000000 loss=3.3574 lr=9.82e-05 tok/s=40,524 eta=21972.93189759776
step=837 tokens=109707264/1000000000 loss=3.1350 lr=9.82e-05 tok/s=40,440 eta=22015.032736073306
step=838 tokens=109838336/1000000000 loss=3.2898 lr=9.81e-05 tok/s=40,323 eta=22075.595277400455
step=839 tokens=109969408/1000000000 loss=3.3262 lr=9.81e-05 tok/s=40,526 eta=21961.782740927218
step=840 tokens=110100480/1000000000 loss=3.4637 lr=9.81e-05 tok/s=29,410 eta=30258.42328685854
step=841 tokens=110231552/1000000000 loss=3.4352 lr=9.81e-05 tok/s=40,478 eta=21981.691594646796
step=842 tokens=110362624/1000000000 loss=3.1360 lr=9.81e-05 tok/s=40,466 eta=21984.751204762546
step=843 tokens=110493696/1000000000 loss=3.3053 lr=9.81e-05 tok/s=40,542 eta=21940.186779397307
step=844 tokens=110624768/1000000000 loss=3.3764 lr=9.81e-05 tok/s=40,577 eta=21918.013367756237
step=845 tokens=110755840/1000000000 loss=3.3138 lr=9.81e-05 tok/s=40,540 eta=21935.172170565023
step=846 tokens=110886912/1000000000 loss=3.2885 lr=9.81e-05 tok/s=40,447 eta=21981.955983242886
step=847 tokens=111017984/1000000000 loss=3.2031 lr=9.81e-05 tok/s=40,458 eta=21973.015132070785
step=848 tokens=111149056/1000000000 loss=3.2936 lr=9.81e-05 tok/s=40,412 eta=21994.686783179117
step=849 tokens=111280128/1000000000 loss=3.3892 lr=9.81e-05 tok/s=40,455 eta=21968.25733533639
step=850 tokens=111411200/1000000000 loss=3.3583 lr=9.81e-05 tok/s=40,403 eta=21993.35980640612
step=851 tokens=111542272/1000000000 loss=3.3397 lr=9.81e-05 tok/s=40,566 eta=21901.643700199864
step=852 tokens=111673344/1000000000 loss=3.4929 lr=9.81e-05 tok/s=40,754 eta=21797.385399997867
step=853 tokens=111804416/1000000000 loss=3.3344 lr=9.81e-05 tok/s=40,475 eta=21944.257024838284
step=854 tokens=111935488/1000000000 loss=3.4441 lr=9.81e-05 tok/s=40,551 eta=21899.79192181485
step=855 tokens=112066560/1000000000 loss=3.3546 lr=9.81e-05 tok/s=40,470 eta=21940.326721637706
step=856 tokens=112197632/1000000000 loss=3.3597 lr=9.8e-05 tok/s=40,489 eta=21926.759684871406
step=857 tokens=112328704/1000000000 loss=3.2288 lr=9.8e-05 tok/s=40,121 eta=22124.655420861458
step=858 tokens=112459776/1000000000 loss=3.2597 lr=9.8e-05 tok/s=39,986 eta=22196.331734045263
step=859 tokens=112590848/1000000000 loss=3.3788 lr=9.8e-05 tok/s=40,055 eta=22154.665282381844
step=860 tokens=112721920/1000000000 loss=3.3273 lr=9.8e-05 tok/s=40,278 eta=22028.770992740403
step=861 tokens=112852992/1000000000 loss=3.5360 lr=9.8e-05 tok/s=40,282 eta=22023.534480454156
step=862 tokens=112984064/1000000000 loss=3.4125 lr=9.8e-05 tok/s=40,000 eta=22175.591419484983
step=863 tokens=113115136/1000000000 loss=3.3526 lr=9.8e-05 tok/s=40,280 eta=22018.191706852103
step=864 tokens=113246208/1000000000 loss=3.4035 lr=9.8e-05 tok/s=40,252 eta=22030.1248569023
step=865 tokens=113377280/1000000000 loss=3.2360 lr=9.8e-05 tok/s=40,095 eta=22112.957549625444
step=866 tokens=113508352/1000000000 loss=3.2321 lr=9.8e-05 tok/s=40,176 eta=22065.041553859865
step=867 tokens=113639424/1000000000 loss=3.3729 lr=9.8e-05 tok/s=40,047 eta=22132.82230696043
step=868 tokens=113770496/1000000000 loss=3.1160 lr=9.8e-05 tok/s=39,927 eta=22196.188467685726
step=869 tokens=113901568/1000000000 loss=3.1527 lr=9.8e-05 tok/s=40,096 eta=22099.15508238608
step=870 tokens=114032640/1000000000 loss=3.4554 lr=9.8e-05 tok/s=40,137 eta=22073.70123970501
step=871 tokens=114163712/1000000000 loss=3.1338 lr=9.8e-05 tok/s=40,476 eta=21885.511307296973
step=872 tokens=114294784/1000000000 loss=3.4087 lr=9.8e-05 tok/s=40,372 eta=21938.39406972723
step=873 tokens=114425856/1000000000 loss=3.3866 lr=9.8e-05 tok/s=40,698 eta=21759.74515441392
step=874 tokens=114556928/1000000000 loss=3.3490 lr=9.79e-05 tok/s=40,829 eta=21686.83469372339
step=875 tokens=114688000/1000000000 loss=3.3339 lr=9.79e-05 tok/s=40,845 eta=21674.96185025435
step=876 tokens=114819072/1000000000 loss=3.2317 lr=9.79e-05 tok/s=40,796 eta=21697.909602185027
step=877 tokens=114950144/1000000000 loss=3.1871 lr=9.79e-05 tok/s=40,640 eta=21777.968747790917
step=878 tokens=115081216/1000000000 loss=3.5583 lr=9.79e-05 tok/s=40,718 eta=21732.865314823586
step=879 tokens=115212288/1000000000 loss=3.3628 lr=9.79e-05 tok/s=40,828 eta=21671.272063440727
step=880 tokens=115343360/1000000000 loss=3.2876 lr=9.79e-05 tok/s=40,504 eta=21841.0264955319
step=881 tokens=115474432/1000000000 loss=3.4811 lr=9.79e-05 tok/s=40,559 eta=21808.229601018236
step=882 tokens=115605504/1000000000 loss=3.3729 lr=9.79e-05 tok/s=40,635 eta=21764.29916388467
step=883 tokens=115736576/1000000000 loss=3.3333 lr=9.79e-05 tok/s=40,661 eta=21747.466073201642
step=884 tokens=115867648/1000000000 loss=3.2963 lr=9.79e-05 tok/s=40,512 eta=21824.14953442327
step=885 tokens=115998720/1000000000 loss=3.4341 lr=9.79e-05 tok/s=40,684 eta=21728.413790848877
step=886 tokens=116129792/1000000000 loss=3.4366 lr=9.79e-05 tok/s=40,599 eta=21770.666300199868
step=887 tokens=116260864/1000000000 loss=3.3426 lr=9.79e-05 tok/s=40,316 eta=21920.088548323085
step=888 tokens=116391936/1000000000 loss=3.3161 lr=9.79e-05 tok/s=40,159 eta=22002.560275680116
step=889 tokens=116523008/1000000000 loss=3.2852 lr=9.79e-05 tok/s=40,245 eta=21952.626665028223
step=890 tokens=116654080/1000000000 loss=3.3256 lr=9.79e-05 tok/s=40,210 eta=21968.5626147359
step=891 tokens=116785152/1000000000 loss=3.3979 lr=9.79e-05 tok/s=40,344 eta=21892.304650481623
step=892 tokens=116916224/1000000000 loss=3.2868 lr=9.78e-05 tok/s=40,691 eta=21702.421759037963
step=893 tokens=117047296/1000000000 loss=3.4094 lr=9.78e-05 tok/s=40,295 eta=21912.366836378536
step=894 tokens=117178368/1000000000 loss=3.4351 lr=9.78e-05 tok/s=40,515 eta=21789.788278890737
step=895 tokens=117309440/1000000000 loss=3.5123 lr=9.78e-05 tok/s=40,729 eta=21672.407296083238
step=896 tokens=117440512/1000000000 loss=3.2832 lr=9.78e-05 tok/s=40,438 eta=21825.265537541414
step=897 tokens=117571584/1000000000 loss=3.2757 lr=9.78e-05 tok/s=40,604 eta=21732.60638504855
step=898 tokens=117702656/1000000000 loss=3.3450 lr=9.78e-05 tok/s=40,484 eta=21793.76642440667
step=899 tokens=117833728/1000000000 loss=3.3849 lr=9.78e-05 tok/s=40,716 eta=21666.42790419088
step=900 tokens=117964800/1000000000 loss=3.3672 lr=9.78e-05 tok/s=40,734 eta=21653.330062706365
step=901 tokens=118095872/1000000000 loss=3.4401 lr=9.78e-05 tok/s=40,564 eta=21740.88514337783
step=902 tokens=118226944/1000000000 loss=3.2641 lr=9.78e-05 tok/s=40,451 eta=21798.466265909334
step=903 tokens=118358016/1000000000 loss=3.3564 lr=9.78e-05 tok/s=40,581 eta=21725.57468093395
step=904 tokens=118489088/1000000000 loss=3.1803 lr=9.78e-05 tok/s=40,556 eta=21735.62520318004
step=905 tokens=118620160/1000000000 loss=3.2744 lr=9.78e-05 tok/s=40,289 eta=21876.485249250713
step=906 tokens=118751232/1000000000 loss=3.3386 lr=9.78e-05 tok/s=40,451 eta=21785.443932974737
step=907 tokens=118882304/1000000000 loss=3.4431 lr=9.78e-05 tok/s=40,523 eta=21743.531211185644
step=908 tokens=119013376/1000000000 loss=3.4538 lr=9.78e-05 tok/s=40,360 eta=21828.062437306566
step=909 tokens=119144448/1000000000 loss=3.3119 lr=9.77e-05 tok/s=40,588 eta=21702.183386279896
step=910 tokens=119275520/1000000000 loss=3.2993 lr=9.77e-05 tok/s=40,566 eta=21710.84588746118
step=911 tokens=119406592/1000000000 loss=3.5481 lr=9.77e-05 tok/s=40,923 eta=21518.543136525357
step=912 tokens=119537664/1000000000 loss=3.4156 lr=9.77e-05 tok/s=40,656 eta=21656.222201311124
step=913 tokens=119668736/1000000000 loss=3.3348 lr=9.77e-05 tok/s=40,875 eta=21537.038088851925
step=914 tokens=119799808/1000000000 loss=3.3482 lr=9.77e-05 tok/s=40,900 eta=21520.74094544246
step=915 tokens=119930880/1000000000 loss=3.2482 lr=9.77e-05 tok/s=41,075 eta=21425.80687226023
step=916 tokens=120061952/1000000000 loss=3.4271 lr=9.77e-05 tok/s=29,681 eta=29646.21249793256
step=917 tokens=120193024/1000000000 loss=3.2976 lr=9.77e-05 tok/s=40,684 eta=21625.237381854145
step=918 tokens=120324096/1000000000 loss=3.3038 lr=9.77e-05 tok/s=40,641 eta=21645.150978609585
step=919 tokens=120455168/1000000000 loss=3.2204 lr=9.77e-05 tok/s=40,662 eta=21630.483433670437
step=920 tokens=120586240/1000000000 loss=3.4632 lr=9.77e-05 tok/s=40,360 eta=21789.48453586557
step=921 tokens=120717312/1000000000 loss=3.3926 lr=9.77e-05 tok/s=40,856 eta=21521.31699356594
step=922 tokens=120848384/1000000000 loss=3.3634 lr=9.77e-05 tok/s=40,878 eta=21506.663338065984
step=923 tokens=120979456/1000000000 loss=3.2111 lr=9.77e-05 tok/s=40,868 eta=21508.85853885378
step=924 tokens=121110528/1000000000 loss=3.3625 lr=9.77e-05 tok/s=40,949 eta=21463.05370129011
step=925 tokens=121241600/1000000000 loss=3.2146 lr=9.77e-05 tok/s=41,021 eta=21422.140805964995
step=926 tokens=121372672/1000000000 loss=3.1511 lr=9.76e-05 tok/s=40,877 eta=21494.517337960726
step=927 tokens=121503744/1000000000 loss=3.2281 lr=9.76e-05 tok/s=41,111 eta=21368.673707992948
step=928 tokens=121634816/1000000000 loss=3.1620 lr=9.76e-05 tok/s=41,181 eta=21329.353825588627
step=929 tokens=121765888/1000000000 loss=3.1966 lr=9.76e-05 tok/s=41,050 eta=21394.34101076526
step=930 tokens=121896960/1000000000 loss=3.4376 lr=9.76e-05 tok/s=40,786 eta=21529.456799063635
step=931 tokens=122028032/1000000000 loss=3.4115 lr=9.76e-05 tok/s=41,146 eta=21337.77209140949
step=932 tokens=122159104/1000000000 loss=3.3061 lr=9.76e-05 tok/s=41,004 eta=21408.640715242313
step=933 tokens=122290176/1000000000 loss=3.1994 lr=9.76e-05 tok/s=40,949 eta=21434.347947773946
step=934 tokens=122421248/1000000000 loss=3.2493 lr=9.76e-05 tok/s=41,020 eta=21394.040676786804
step=935 tokens=122552320/1000000000 loss=3.3386 lr=9.76e-05 tok/s=41,004 eta=21399.10513172677
step=936 tokens=122683392/1000000000 loss=3.1786 lr=9.76e-05 tok/s=40,845 eta=21479.185105115594
step=937 tokens=122814464/1000000000 loss=3.3549 lr=9.76e-05 tok/s=40,975 eta=21407.759424504653
step=938 tokens=122945536/1000000000 loss=3.3978 lr=9.76e-05 tok/s=41,005 eta=21388.811404711047
step=939 tokens=123076608/1000000000 loss=3.1871 lr=9.76e-05 tok/s=41,109 eta=21331.737713959148
step=940 tokens=123207680/1000000000 loss=3.3422 lr=9.76e-05 tok/s=40,929 eta=21422.16541789633
step=941 tokens=123338752/1000000000 loss=3.5002 lr=9.76e-05 tok/s=41,244 eta=21255.59581058896
step=942 tokens=123469824/1000000000 loss=3.1446 lr=9.75e-05 tok/s=41,225 eta=21262.19465259476
step=943 tokens=123600896/1000000000 loss=3.2225 lr=9.75e-05 tok/s=41,512 eta=21111.843619786272
step=944 tokens=123731968/1000000000 loss=3.5243 lr=9.75e-05 tok/s=41,473 eta=21128.611911621752
step=945 tokens=123863040/1000000000 loss=3.3839 lr=9.75e-05 tok/s=41,045 eta=21345.77287158011
step=946 tokens=123994112/1000000000 loss=3.2249 lr=9.75e-05 tok/s=41,143 eta=21291.921024459574
step=947 tokens=124125184/1000000000 loss=3.2275 lr=9.75e-05 tok/s=41,042 eta=21340.855922625877
step=948 tokens=124256256/1000000000 loss=3.2934 lr=9.75e-05 tok/s=40,825 eta=21451.128997403306
step=949 tokens=124387328/1000000000 loss=3.4074 lr=9.75e-05 tok/s=40,931 eta=21392.17962726786
step=950 tokens=124518400/1000000000 loss=3.3408 lr=9.75e-05 tok/s=41,025 eta=21340.02293616754
step=951 tokens=124649472/1000000000 loss=3.4552 lr=9.75e-05 tok/s=40,947 eta=21377.490719703837
step=952 tokens=124780544/1000000000 loss=3.3262 lr=9.75e-05 tok/s=40,839 eta=21430.912797755307
step=953 tokens=124911616/1000000000 loss=3.3436 lr=9.75e-05 tok/s=40,996 eta=21345.941119990788
step=954 tokens=125042688/1000000000 loss=3.4380 lr=9.75e-05 tok/s=41,084 eta=21296.665034207646
step=955 tokens=125173760/1000000000 loss=3.3221 lr=9.75e-05 tok/s=41,006 eta=21334.1198248108
step=956 tokens=125304832/1000000000 loss=3.3417 lr=9.75e-05 tok/s=41,086 eta=21289.221149587233
step=957 tokens=125435904/1000000000 loss=3.4481 lr=9.75e-05 tok/s=40,877 eta=21395.047036392094
step=958 tokens=125566976/1000000000 loss=3.4378 lr=9.74e-05 tok/s=40,887 eta=21386.705348662854
step=959 tokens=125698048/1000000000 loss=3.3631 lr=9.74e-05 tok/s=41,000 eta=21324.241572019313
step=960 tokens=125829120/1000000000 loss=3.4329 lr=9.74e-05 tok/s=40,906 eta=21370.425174030675
step=961 tokens=125960192/1000000000 loss=3.3885 lr=9.74e-05 tok/s=40,950 eta=21344.305323564786
step=962 tokens=126091264/1000000000 loss=3.2465 lr=9.74e-05 tok/s=40,750 eta=21445.520259568915
step=963 tokens=126222336/1000000000 loss=3.3168 lr=9.74e-05 tok/s=40,657 eta=21491.552725668535
step=964 tokens=126353408/1000000000 loss=3.2712 lr=9.74e-05 tok/s=40,478 eta=21583.47757465247
step=965 tokens=126484480/1000000000 loss=3.3317 lr=9.74e-05 tok/s=40,606 eta=21511.793084306973
step=966 tokens=126615552/1000000000 loss=3.2871 lr=9.74e-05 tok/s=40,561 eta=21532.870539871292
step=967 tokens=126746624/1000000000 loss=3.3863 lr=9.74e-05 tok/s=40,351 eta=21641.18078575539
step=968 tokens=126877696/1000000000 loss=3.3004 lr=9.74e-05 tok/s=40,347 eta=21640.104148352846
step=969 tokens=127008768/1000000000 loss=3.3282 lr=9.74e-05 tok/s=40,366 eta=21626.850119356153
step=970 tokens=127139840/1000000000 loss=3.3742 lr=9.74e-05 tok/s=40,392 eta=21609.622969736567
step=971 tokens=127270912/1000000000 loss=3.4075 lr=9.74e-05 tok/s=40,604 eta=21493.919893708655
step=972 tokens=127401984/1000000000 loss=3.2734 lr=9.74e-05 tok/s=40,507 eta=21541.721301950023
step=973 tokens=127533056/1000000000 loss=3.3882 lr=9.74e-05 tok/s=40,611 eta=21483.657959773584
step=974 tokens=127664128/1000000000 loss=3.3802 lr=9.73e-05 tok/s=40,686 eta=21440.872383522095
step=975 tokens=127795200/1000000000 loss=3.4326 lr=9.73e-05 tok/s=40,645 eta=21458.92475854295
step=976 tokens=127926272/1000000000 loss=3.1013 lr=9.73e-05 tok/s=40,534 eta=21514.610276503157
step=977 tokens=128057344/1000000000 loss=3.3158 lr=9.73e-05 tok/s=40,550 eta=21502.95300628908
step=978 tokens=128188416/1000000000 loss=3.3802 lr=9.73e-05 tok/s=40,596 eta=21475.354030890725
step=979 tokens=128319488/1000000000 loss=3.2862 lr=9.73e-05 tok/s=40,491 eta=21527.513255497568
step=980 tokens=128450560/1000000000 loss=3.4201 lr=9.73e-05 tok/s=40,512 eta=21513.16715738636
step=981 tokens=128581632/1000000000 loss=3.3358 lr=9.73e-05 tok/s=40,296 eta=21625.620785694715
step=982 tokens=128712704/1000000000 loss=3.3959 lr=9.73e-05 tok/s=40,235 eta=21654.95166742207
step=983 tokens=128843776/1000000000 loss=3.3723 lr=9.73e-05 tok/s=40,282 eta=21626.37482665943
step=984 tokens=128974848/1000000000 loss=3.4455 lr=9.73e-05 tok/s=40,172 eta=21682.645841702695
step=985 tokens=129105920/1000000000 loss=3.3658 lr=9.73e-05 tok/s=40,306 eta=21607.29273505966
step=986 tokens=129236992/1000000000 loss=3.3530 lr=9.73e-05 tok/s=40,262 eta=21627.669185631534
step=987 tokens=129368064/1000000000 loss=3.3044 lr=9.73e-05 tok/s=40,260 eta=21624.97533828696
step=988 tokens=129499136/1000000000 loss=3.4533 lr=9.73e-05 tok/s=40,402 eta=21546.032089007294
step=989 tokens=129630208/1000000000 loss=3.4523 lr=9.72e-05 tok/s=40,440 eta=21522.563966740963
step=990 tokens=129761280/1000000000 loss=3.3875 lr=9.72e-05 tok/s=40,724 eta=21369.043580103367
step=991 tokens=129892352/1000000000 loss=3.4606 lr=9.72e-05 tok/s=40,637 eta=21411.836506417127
step=992 tokens=130023424/1000000000 loss=3.2329 lr=9.72e-05 tok/s=29,314 eta=29678.12615049575
step=993 tokens=130154496/1000000000 loss=3.4041 lr=9.72e-05 tok/s=40,375 eta=21544.26261935665
step=994 tokens=130285568/1000000000 loss=3.2735 lr=9.72e-05 tok/s=40,214 eta=21627.402838375077
step=995 tokens=130416640/1000000000 loss=3.4414 lr=9.72e-05 tok/s=40,377 eta=21536.37519580987
step=996 tokens=130547712/1000000000 loss=3.3565 lr=9.72e-05 tok/s=40,211 eta=21622.192933741073
step=997 tokens=130678784/1000000000 loss=3.3617 lr=9.72e-05 tok/s=40,376 eta=21530.492756573694
step=998 tokens=130809856/1000000000 loss=3.3441 lr=9.72e-05 tok/s=40,471 eta=21476.821662113744
step=999 tokens=130940928/1000000000 loss=3.1559 lr=9.72e-05 tok/s=40,542 eta=21435.87201807034
step=1000 tokens=131072000/1000000000 loss=3.2847 lr=9.72e-05 tok/s=40,492 eta=21459.144321262145
step=1001 tokens=131203072/1000000000 loss=3.2149 lr=9.72e-05 tok/s=40,584 eta=21407.21108966897
step=1002 tokens=131334144/1000000000 loss=3.3009 lr=9.72e-05 tok/s=40,293 eta=21558.62531658776
step=1003 tokens=131465216/1000000000 loss=3.2502 lr=9.72e-05 tok/s=40,602 eta=21391.571565007074
step=1004 tokens=131596288/1000000000 loss=3.4124 lr=9.72e-05 tok/s=40,686 eta=21343.975922960435
step=1005 tokens=131727360/1000000000 loss=3.2824 lr=9.71e-05 tok/s=40,304 eta=21542.87404007888
step=1006 tokens=131858432/1000000000 loss=3.2600 lr=9.71e-05 tok/s=40,492 eta=21439.7304026254
step=1007 tokens=131989504/1000000000 loss=3.3789 lr=9.71e-05 tok/s=40,520 eta=21421.932197478258
step=1008 tokens=132120576/1000000000 loss=3.2318 lr=9.71e-05 tok/s=40,453 eta=21453.76441086993
step=1009 tokens=132251648/1000000000 loss=3.2311 lr=9.71e-05 tok/s=40,480 eta=21436.206502400113
step=1010 tokens=132382720/1000000000 loss=3.2987 lr=9.71e-05 tok/s=40,411 eta=21470.06235406729
step=1011 tokens=132513792/1000000000 loss=3.3633 lr=9.71e-05 tok/s=40,328 eta=21510.90792291875
step=1012 tokens=132644864/1000000000 loss=3.2982 lr=9.71e-05 tok/s=40,375 eta=21482.682799074002
step=1013 tokens=132775936/1000000000 loss=3.2585 lr=9.71e-05 tok/s=40,451 eta=21439.04754255418
step=1014 tokens=132907008/1000000000 loss=3.2842 lr=9.71e-05 tok/s=40,450 eta=21436.23471787337
step=1015 tokens=133038080/1000000000 loss=3.3753 lr=9.71e-05 tok/s=40,379 eta=21470.59077867823
step=1016 tokens=133169152/1000000000 loss=3.5258 lr=9.71e-05 tok/s=40,148 eta=21590.856283032263
step=1017 tokens=133300224/1000000000 loss=3.1196 lr=9.71e-05 tok/s=40,422 eta=21441.420942255892
step=1018 tokens=133431296/1000000000 loss=3.1901 lr=9.71e-05 tok/s=40,332 eta=21486.049707167116
step=1019 tokens=133562368/1000000000 loss=3.2034 lr=9.71e-05 tok/s=40,330 eta=21483.53706024562
step=1020 tokens=133693440/1000000000 loss=3.2934 lr=9.7e-05 tok/s=40,745 eta=21261.685352060173
step=1021 tokens=133824512/1000000000 loss=3.2884 lr=9.7e-05 tok/s=40,746 eta=21257.680379379235
step=1022 tokens=133955584/1000000000 loss=3.4012 lr=9.7e-05 tok/s=40,748 eta=21253.45529538403
step=1023 tokens=134086656/1000000000 loss=3.2875 lr=9.7e-05 tok/s=40,743 eta=21252.88160659719
step=1024 tokens=134217728/1000000000 loss=3.3802 lr=9.7e-05 tok/s=40,750 eta=21246.271180635755
step=1025 tokens=134348800/1000000000 loss=3.4413 lr=9.7e-05 tok/s=40,765 eta=21235.194721534
step=1026 tokens=134479872/1000000000 loss=3.2352 lr=9.7e-05 tok/s=40,449 eta=21397.74261250688
step=1027 tokens=134610944/1000000000 loss=3.3036 lr=9.7e-05 tok/s=40,647 eta=21290.535102291724
step=1028 tokens=134742016/1000000000 loss=3.2826 lr=9.7e-05 tok/s=40,592 eta=21315.9037071677
step=1029 tokens=134873088/1000000000 loss=3.3210 lr=9.7e-05 tok/s=40,505 eta=21358.60705058824
step=1030 tokens=135004160/1000000000 loss=3.2388 lr=9.7e-05 tok/s=40,640 eta=21284.55421612176
step=1031 tokens=135135232/1000000000 loss=3.5315 lr=9.7e-05 tok/s=40,504 eta=21352.62286586688
step=1032 tokens=135266304/1000000000 loss=3.2376 lr=9.7e-05 tok/s=40,336 eta=21438.25389539075
step=1033 tokens=135397376/1000000000 loss=3.3229 lr=9.7e-05 tok/s=40,015 eta=21607.036415835555
step=1034 tokens=135528448/1000000000 loss=3.2405 lr=9.69e-05 tok/s=40,369 eta=21414.114946096215
step=1035 tokens=135659520/1000000000 loss=3.2739 lr=9.69e-05 tok/s=40,054 eta=21579.435151587986
step=1036 tokens=135790592/1000000000 loss=3.1958 lr=9.69e-05 tok/s=40,493 eta=21342.332949034306
step=1037 tokens=135921664/1000000000 loss=3.3243 lr=9.69e-05 tok/s=40,512 eta=21328.87613007035
step=1038 tokens=136052736/1000000000 loss=3.3210 lr=9.69e-05 tok/s=40,489 eta=21337.689440833175
step=1039 tokens=136183808/1000000000 loss=3.3724 lr=9.69e-05 tok/s=40,598 eta=21277.260041597092
step=1040 tokens=136314880/1000000000 loss=3.2981 lr=9.69e-05 tok/s=40,457 eta=21348.108698281598
step=1041 tokens=136445952/1000000000 loss=3.2264 lr=9.69e-05 tok/s=40,386 eta=21382.57268501211
checkpoint saved: runs/20260906-225321/checkpoints/step_000001041 (time)
step=1042 tokens=136577024/1000000000 loss=3.1803 lr=9.69e-05 tok/s=34,999 eta=24670.25983581776
step=1043 tokens=136708096/1000000000 loss=3.2064 lr=9.69e-05 tok/s=40,533 eta=21298.253408204022
step=1044 tokens=136839168/1000000000 loss=3.2478 lr=9.69e-05 tok/s=40,719 eta=21197.988621208482
step=1045 tokens=136970240/1000000000 loss=3.4460 lr=9.69e-05 tok/s=40,159 eta=21490.25091768385
step=1046 tokens=137101312/1000000000 loss=3.3813 lr=9.69e-05 tok/s=40,171 eta=21480.578581990125
step=1047 tokens=137232384/1000000000 loss=3.2928 lr=9.69e-05 tok/s=40,536 eta=21284.1449456376
step=1048 tokens=137363456/1000000000 loss=3.3589 lr=9.69e-05 tok/s=40,469 eta=21316.132322484675
step=1049 tokens=137494528/1000000000 loss=3.2649 lr=9.68e-05 tok/s=40,494 eta=21299.649634898626
step=1050 tokens=137625600/1000000000 loss=3.3239 lr=9.68e-05 tok/s=40,506 eta=21289.80644318535
step=1051 tokens=137756672/1000000000 loss=3.1977 lr=9.68e-05 tok/s=40,507 eta=21286.42351959175
step=1052 tokens=137887744/1000000000 loss=3.1422 lr=9.68e-05 tok/s=40,066 eta=21517.089266553012
step=1053 tokens=138018816/1000000000 loss=3.3529 lr=9.68e-05 tok/s=40,055 eta=21519.975072431458
step=1054 tokens=138149888/1000000000 loss=3.1507 lr=9.68e-05 tok/s=40,663 eta=21194.90955990596
step=1055 tokens=138280960/1000000000 loss=3.2433 lr=9.68e-05 tok/s=40,714 eta=21165.37833247558
step=1056 tokens=138412032/1000000000 loss=3.3569 lr=9.68e-05 tok/s=40,831 eta=21101.27430035669
step=1057 tokens=138543104/1000000000 loss=3.2360 lr=9.68e-05 tok/s=40,266 eta=21394.390975917882
step=1058 tokens=138674176/1000000000 loss=3.3408 lr=9.68e-05 tok/s=40,576 eta=21227.289103495445
step=1059 tokens=138805248/1000000000 loss=3.5358 lr=9.68e-05 tok/s=40,614 eta=21204.555655975237
step=1060 tokens=138936320/1000000000 loss=2.9835 lr=9.68e-05 tok/s=40,458 eta=21283.10857282263
step=1061 tokens=139067392/1000000000 loss=3.3520 lr=9.68e-05 tok/s=40,759 eta=21122.30007290829
step=1062 tokens=139198464/1000000000 loss=3.3569 lr=9.68e-05 tok/s=40,891 eta=21051.2104142868
step=1063 tokens=139329536/1000000000 loss=3.1892 lr=9.67e-05 tok/s=40,896 eta=21045.498418198127
step=1064 tokens=139460608/1000000000 loss=3.4056 lr=9.67e-05 tok/s=40,977 eta=21000.779754291907
step=1065 tokens=139591680/1000000000 loss=3.5803 lr=9.67e-05 tok/s=41,072 eta=20948.527190221645
step=1066 tokens=139722752/1000000000 loss=3.4678 lr=9.67e-05 tok/s=41,166 eta=20897.703740200457
step=1067 tokens=139853824/1000000000 loss=3.3146 lr=9.67e-05 tok/s=41,054 eta=20951.49231266198
step=1068 tokens=139984896/1000000000 loss=3.3829 lr=9.67e-05 tok/s=41,132 eta=20908.5694970444
step=1069 tokens=140115968/1000000000 loss=3.4187 lr=9.67e-05 tok/s=29,648 eta=29003.357355205997
step=1070 tokens=140247040/1000000000 loss=3.3546 lr=9.67e-05 tok/s=40,940 eta=21000.08202746223
step=1071 tokens=140378112/1000000000 loss=3.3197 lr=9.67e-05 tok/s=41,030 eta=20950.884511797496
step=1072 tokens=140509184/1000000000 loss=3.3355 lr=9.67e-05 tok/s=41,191 eta=20866.065694650515
step=1073 tokens=140640256/1000000000 loss=3.4576 lr=9.67e-05 tok/s=41,199 eta=20858.79304772728
step=1074 tokens=140771328/1000000000 loss=3.2821 lr=9.67e-05 tok/s=41,041 eta=20935.71963419908
step=1075 tokens=140902400/1000000000 loss=3.4869 lr=9.67e-05 tok/s=41,210 eta=20846.925788483386
step=1076 tokens=141033472/1000000000 loss=3.3552 lr=9.67e-05 tok/s=40,888 eta=21007.664653178483
step=1077 tokens=141164544/1000000000 loss=3.5328 lr=9.66e-05 tok/s=40,988 eta=20953.578200043794
step=1078 tokens=141295616/1000000000 loss=3.3692 lr=9.66e-05 tok/s=41,062 eta=20912.590824946677
step=1079 tokens=141426688/1000000000 loss=3.3133 lr=9.66e-05 tok/s=41,125 eta=20877.311903488102
step=1080 tokens=141557760/1000000000 loss=3.3139 lr=9.66e-05 tok/s=41,078 eta=20898.02098451279
step=1081 tokens=141688832/1000000000 loss=3.3875 lr=9.66e-05 tok/s=41,035 eta=20916.42337180933
step=1082 tokens=141819904/1000000000 loss=3.1268 lr=9.66e-05 tok/s=41,090 eta=20885.41527465257
step=1083 tokens=141950976/1000000000 loss=3.3673 lr=9.66e-05 tok/s=41,089 eta=20882.85033775299
step=1084 tokens=142082048/1000000000 loss=3.3885 lr=9.66e-05 tok/s=40,988 eta=20930.810753252466
step=1085 tokens=142213120/1000000000 loss=3.2603 lr=9.66e-05 tok/s=40,878 eta=20983.99795924157
step=1086 tokens=142344192/1000000000 loss=3.4815 lr=9.66e-05 tok/s=40,668 eta=21089.43087643188
step=1087 tokens=142475264/1000000000 loss=3.2282 lr=9.66e-05 tok/s=40,480 eta=21183.70945911407
step=1088 tokens=142606336/1000000000 loss=3.3318 lr=9.66e-05 tok/s=40,547 eta=21145.750484010936
step=1089 tokens=142737408/1000000000 loss=3.2698 lr=9.66e-05 tok/s=40,579 eta=21125.750098727498
step=1090 tokens=142868480/1000000000 loss=3.2630 lr=9.66e-05 tok/s=40,641 eta=21090.47784707311
step=1091 tokens=142999552/1000000000 loss=3.4545 lr=9.65e-05 tok/s=40,696 eta=21058.80536645854
step=1092 tokens=143130624/1000000000 loss=3.5124 lr=9.65e-05 tok/s=40,497 eta=21158.86648500112
step=1093 tokens=143261696/1000000000 loss=3.4081 lr=9.65e-05 tok/s=40,504 eta=21152.0333484361
step=1094 tokens=143392768/1000000000 loss=3.3948 lr=9.65e-05 tok/s=40,317 eta=21246.829618540436
step=1095 tokens=143523840/1000000000 loss=3.3467 lr=9.65e-05 tok/s=40,692 eta=21047.810320438148
step=1096 tokens=143654912/1000000000 loss=3.2851 lr=9.65e-05 tok/s=40,845 eta=20965.97051228994
step=1097 tokens=143785984/1000000000 loss=3.3260 lr=9.65e-05 tok/s=40,636 eta=21070.545707106037
step=1098 tokens=143917056/1000000000 loss=3.3483 lr=9.65e-05 tok/s=40,688 eta=21039.95096540999
step=1099 tokens=144048128/1000000000 loss=3.3525 lr=9.65e-05 tok/s=40,861 eta=20947.867173764454
step=1100 tokens=144179200/1000000000 loss=3.3484 lr=9.65e-05 tok/s=40,675 eta=21040.469833714655
step=1101 tokens=144310272/1000000000 loss=3.5610 lr=9.65e-05 tok/s=40,702 eta=21023.08408526928
step=1102 tokens=144441344/1000000000 loss=3.1999 lr=9.65e-05 tok/s=40,958 eta=20888.79448732737
step=1103 tokens=144572416/1000000000 loss=3.2503 lr=9.65e-05 tok/s=40,889 eta=20920.517560089174
step=1104 tokens=144703488/1000000000 loss=3.2400 lr=9.65e-05 tok/s=40,929 eta=20896.86773301148
step=1105 tokens=144834560/1000000000 loss=3.4609 lr=9.64e-05 tok/s=40,744 eta=20988.846875778814
step=1106 tokens=144965632/1000000000 loss=3.1508 lr=9.64e-05 tok/s=40,933 eta=20888.425106806993
step=1107 tokens=145096704/1000000000 loss=3.4267 lr=9.64e-05 tok/s=41,101 eta=20799.825596787006
step=1108 tokens=145227776/1000000000 loss=3.4750 lr=9.64e-05 tok/s=41,251 eta=20721.345036788003
step=1109 tokens=145358848/1000000000 loss=3.4345 lr=9.64e-05 tok/s=41,380 eta=20653.301681185025
step=1110 tokens=145489920/1000000000 loss=3.4234 lr=9.64e-05 tok/s=41,354 eta=20663.374909283073
step=1111 tokens=145620992/1000000000 loss=3.2335 lr=9.64e-05 tok/s=41,309 eta=20682.662930032857
step=1112 tokens=145752064/1000000000 loss=3.4157 lr=9.64e-05 tok/s=41,178 eta=20745.356790136764
step=1113 tokens=145883136/1000000000 loss=3.4734 lr=9.64e-05 tok/s=41,284 eta=20689.003363365497
step=1114 tokens=146014208/1000000000 loss=3.2683 lr=9.64e-05 tok/s=41,433 eta=20611.232210081565
step=1115 tokens=146145280/1000000000 loss=3.3873 lr=9.64e-05 tok/s=41,062 eta=20794.234009692176
step=1116 tokens=146276352/1000000000 loss=3.5005 lr=9.64e-05 tok/s=41,283 eta=20679.65787793596
step=1117 tokens=146407424/1000000000 loss=3.3959 lr=9.64e-05 tok/s=41,388 eta=20624.361701334576
step=1118 tokens=146538496/1000000000 loss=3.4135 lr=9.63e-05 tok/s=41,473 eta=20578.858383928437
step=1119 tokens=146669568/1000000000 loss=3.4355 lr=9.63e-05 tok/s=41,355 eta=20634.47101442819
step=1120 tokens=146800640/1000000000 loss=3.3552 lr=9.63e-05 tok/s=41,054 eta=20782.411401675603
step=1121 tokens=146931712/1000000000 loss=3.2812 lr=9.63e-05 tok/s=41,420 eta=20595.65655497504
step=1122 tokens=147062784/1000000000 loss=3.3433 lr=9.63e-05 tok/s=41,483 eta=20560.976019041624
step=1123 tokens=147193856/1000000000 loss=3.3699 lr=9.63e-05 tok/s=41,291 eta=20653.642714924295
step=1124 tokens=147324928/1000000000 loss=3.2338 lr=9.63e-05 tok/s=41,570 eta=20511.69166736866
step=1125 tokens=147456000/1000000000 loss=3.3138 lr=9.63e-05 tok/s=41,637 eta=20475.616503581063
step=1126 tokens=147587072/1000000000 loss=3.3224 lr=9.63e-05 tok/s=41,569 eta=20505.942945752588
step=1127 tokens=147718144/1000000000 loss=3.3827 lr=9.63e-05 tok/s=41,583 eta=20495.989952961918
step=1128 tokens=147849216/1000000000 loss=3.3397 lr=9.63e-05 tok/s=41,163 eta=20701.919202685513
step=1129 tokens=147980288/1000000000 loss=3.2786 lr=9.63e-05 tok/s=41,525 eta=20518.236537621033
step=1130 tokens=148111360/1000000000 loss=3.2220 lr=9.63e-05 tok/s=41,371 eta=20591.623979919186
step=1131 tokens=148242432/1000000000 loss=3.2683 lr=9.63e-05 tok/s=41,796 eta=20379.065188721674
step=1132 tokens=148373504/1000000000 loss=3.2061 lr=9.62e-05 tok/s=41,621 eta=20461.476280498384
step=1133 tokens=148504576/1000000000 loss=3.4322 lr=9.62e-05 tok/s=41,484 eta=20525.79902241845
step=1134 tokens=148635648/1000000000 loss=3.2890 lr=9.62e-05 tok/s=41,413 eta=20557.769393283626
step=1135 tokens=148766720/1000000000 loss=3.3006 lr=9.62e-05 tok/s=41,139 eta=20691.772556429856
step=1136 tokens=148897792/1000000000 loss=3.1531 lr=9.62e-05 tok/s=41,445 eta=20535.943519730226
step=1137 tokens=149028864/1000000000 loss=3.4429 lr=9.62e-05 tok/s=41,348 eta=20580.474222426186
step=1138 tokens=149159936/1000000000 loss=3.3185 lr=9.62e-05 tok/s=41,122 eta=20690.638874442535
step=1139 tokens=149291008/1000000000 loss=3.4031 lr=9.62e-05 tok/s=41,098 eta=20699.540819049827
step=1140 tokens=149422080/1000000000 loss=3.3835 lr=9.62e-05 tok/s=41,126 eta=20682.396897349827
step=1141 tokens=149553152/1000000000 loss=3.3692 lr=9.62e-05 tok/s=41,174 eta=20654.930276026465
step=1142 tokens=149684224/1000000000 loss=3.5250 lr=9.62e-05 tok/s=41,207 eta=20635.40874478372
step=1143 tokens=149815296/1000000000 loss=3.2234 lr=9.62e-05 tok/s=41,306 eta=20582.55021739769
step=1144 tokens=149946368/1000000000 loss=3.3746 lr=9.62e-05 tok/s=41,220 eta=20622.564730702325
step=1145 tokens=150077440/1000000000 loss=3.3435 lr=9.61e-05 tok/s=29,807 eta=28513.966150986325
checkpoint saved: runs/20260906-225321/checkpoints/tokens_000150m (permanent_tokens)
step=1146 tokens=150208512/1000000000 loss=3.3233 lr=9.61e-05 tok/s=33,140 eta=25642.36013436976
step=1147 tokens=150339584/1000000000 loss=3.2661 lr=9.61e-05 tok/s=41,123 eta=20661.42660966451
step=1148 tokens=150470656/1000000000 loss=3.4095 lr=9.61e-05 tok/s=41,108 eta=20666.001724909955
step=1149 tokens=150601728/1000000000 loss=3.1962 lr=9.61e-05 tok/s=40,570 eta=20936.502858344847
step=1150 tokens=150732800/1000000000 loss=3.2491 lr=9.61e-05 tok/s=40,661 eta=20886.587596281006
step=1151 tokens=150863872/1000000000 loss=3.3495 lr=9.61e-05 tok/s=40,979 eta=20721.47705552202
step=1152 tokens=150994944/1000000000 loss=3.4528 lr=9.61e-05 tok/s=40,852 eta=20782.25248493192
step=1153 tokens=151126016/1000000000 loss=3.1830 lr=9.61e-05 tok/s=41,068 eta=20669.971793773126
step=1154 tokens=151257088/1000000000 loss=3.2598 lr=9.61e-05 tok/s=41,347 eta=20527.543166125717
step=1155 tokens=151388160/1000000000 loss=3.3004 lr=9.61e-05 tok/s=41,230 eta=20582.3043006055
step=1156 tokens=151519232/1000000000 loss=3.4495 lr=9.61e-05 tok/s=41,345 eta=20521.908779910555
step=1157 tokens=151650304/1000000000 loss=3.0962 lr=9.61e-05 tok/s=41,285 eta=20548.525808830967
step=1158 tokens=151781376/1000000000 loss=3.3714 lr=9.6e-05 tok/s=41,373 eta=20501.660396685755
step=1159 tokens=151912448/1000000000 loss=3.3321 lr=9.6e-05 tok/s=41,410 eta=20480.19619941628
step=1160 tokens=152043520/1000000000 loss=3.2019 lr=9.6e-05 tok/s=41,109 eta=20627.05143613925
step=1161 tokens=152174592/1000000000 loss=3.4262 lr=9.6e-05 tok/s=41,086 eta=20635.373959258963
step=1162 tokens=152305664/1000000000 loss=3.2902 lr=9.6e-05 tok/s=41,093 eta=20628.650526908845
step=1163 tokens=152436736/1000000000 loss=3.0537 lr=9.6e-05 tok/s=40,877 eta=20734.40255844119
step=1164 tokens=152567808/1000000000 loss=3.3677 lr=9.6e-05 tok/s=41,192 eta=20572.620259173786
step=1165 tokens=152698880/1000000000 loss=3.4787 lr=9.6e-05 tok/s=41,051 eta=20640.38237955527
step=1166 tokens=152829952/1000000000 loss=3.3784 lr=9.6e-05 tok/s=40,750 eta=20789.690370367065
step=1167 tokens=152961024/1000000000 loss=3.4348 lr=9.6e-05 tok/s=41,098 eta=20610.206499377975
step=1168 tokens=153092096/1000000000 loss=3.3578 lr=9.6e-05 tok/s=41,049 eta=20631.40674367768
step=1169 tokens=153223168/1000000000 loss=3.2718 lr=9.6e-05 tok/s=41,034 eta=20635.743125683694
step=1170 tokens=153354240/1000000000 loss=3.2693 lr=9.6e-05 tok/s=41,002 eta=20648.841967913337
step=1171 tokens=153485312/1000000000 loss=3.3789 lr=9.59e-05 tok/s=40,997 eta=20648.404905717776
step=1172 tokens=153616384/1000000000 loss=3.2898 lr=9.59e-05 tok/s=41,034 eta=20626.636096732964
step=1173 tokens=153747456/1000000000 loss=3.3634 lr=9.59e-05 tok/s=40,943 eta=20669.13612373826
step=1174 tokens=153878528/1000000000 loss=3.2583 lr=9.59e-05 tok/s=41,004 eta=20635.306070097762
step=1175 tokens=154009600/1000000000 loss=3.3149 lr=9.59e-05 tok/s=41,005 eta=20631.449367355897
step=1176 tokens=154140672/1000000000 loss=3.4238 lr=9.59e-05 tok/s=40,839 eta=20712.27012405778
step=1177 tokens=154271744/1000000000 loss=3.3414 lr=9.59e-05 tok/s=41,176 eta=20539.24769603432
step=1178 tokens=154402816/1000000000 loss=3.1526 lr=9.59e-05 tok/s=41,126 eta=20561.02515651485
step=1179 tokens=154533888/1000000000 loss=3.2652 lr=9.59e-05 tok/s=40,903 eta=20669.955344923565
step=1180 tokens=154664960/1000000000 loss=3.4548 lr=9.59e-05 tok/s=41,135 eta=20550.261713320997
step=1181 tokens=154796032/1000000000 loss=3.3251 lr=9.59e-05 tok/s=41,139 eta=20544.98932317117
step=1182 tokens=154927104/1000000000 loss=3.2916 lr=9.59e-05 tok/s=41,167 eta=20527.963218887333
step=1183 tokens=155058176/1000000000 loss=3.3137 lr=9.58e-05 tok/s=40,714 eta=20752.950307470415
step=1184 tokens=155189248/1000000000 loss=3.2629 lr=9.58e-05 tok/s=41,031 eta=20589.692874749482
step=1185 tokens=155320320/1000000000 loss=3.2826 lr=9.58e-05 tok/s=41,039 eta=20582.15353748037
step=1186 tokens=155451392/1000000000 loss=3.2152 lr=9.58e-05 tok/s=40,603 eta=20800.075284215705
step=1187 tokens=155582464/1000000000 loss=3.4556 lr=9.58e-05 tok/s=41,012 eta=20589.670594922805
step=1188 tokens=155713536/1000000000 loss=3.3509 lr=9.58e-05 tok/s=41,020 eta=20582.39415414597
step=1189 tokens=155844608/1000000000 loss=3.3041 lr=9.58e-05 tok/s=40,953 eta=20612.95598893448
step=1190 tokens=155975680/1000000000 loss=3.2693 lr=9.58e-05 tok/s=41,052 eta=20560.10311168382
step=1191 tokens=156106752/1000000000 loss=3.3218 lr=9.58e-05 tok/s=41,115 eta=20525.012291979423
step=1192 tokens=156237824/1000000000 loss=3.4085 lr=9.58e-05 tok/s=41,139 eta=20510.023866796822
step=1193 tokens=156368896/1000000000 loss=3.4000 lr=9.58e-05 tok/s=40,972 eta=20590.59414947903
step=1194 tokens=156499968/1000000000 loss=3.1939 lr=9.58e-05 tok/s=41,107 eta=20519.846907802035
step=1195 tokens=156631040/1000000000 loss=3.4152 lr=9.58e-05 tok/s=40,741 eta=20700.703889459273
step=1196 tokens=156762112/1000000000 loss=3.2685 lr=9.57e-05 tok/s=40,898 eta=20618.174950438548
step=1197 tokens=156893184/1000000000 loss=3.3250 lr=9.57e-05 tok/s=40,948 eta=20589.84211429665
step=1198 tokens=157024256/1000000000 loss=3.3320 lr=9.57e-05 tok/s=41,134 eta=20493.65071338704
step=1199 tokens=157155328/1000000000 loss=3.3533 lr=9.57e-05 tok/s=41,259 eta=20428.281190537222
step=1200 tokens=157286400/1000000000 loss=3.2225 lr=9.57e-05 tok/s=41,004 eta=20552.22634731969
step=1201 tokens=157417472/1000000000 loss=3.2583 lr=9.57e-05 tok/s=40,568 eta=20769.392241122212
step=1202 tokens=157548544/1000000000 loss=3.0776 lr=9.57e-05 tok/s=40,787 eta=20654.6707952551
step=1203 tokens=157679616/1000000000 loss=3.3891 lr=9.57e-05 tok/s=41,047 eta=20520.93471756155
step=1204 tokens=157810688/1000000000 loss=3.4675 lr=9.57e-05 tok/s=40,855 eta=20614.046280861356
step=1205 tokens=157941760/1000000000 loss=3.3517 lr=9.57e-05 tok/s=40,978 eta=20549.138212939382
step=1206 tokens=158072832/1000000000 loss=3.2665 lr=9.57e-05 tok/s=40,965 eta=20552.428739984407
step=1207 tokens=158203904/1000000000 loss=3.0998 lr=9.57e-05 tok/s=40,354 eta=20860.29987896175
step=1208 tokens=158334976/1000000000 loss=3.2225 lr=9.56e-05 tok/s=40,406 eta=20830.064049771296
step=1209 tokens=158466048/1000000000 loss=3.2130 lr=9.56e-05 tok/s=40,499 eta=20779.33919554906
step=1210 tokens=158597120/1000000000 loss=3.3062 lr=9.56e-05 tok/s=40,673 eta=20687.167084612352
step=1211 tokens=158728192/1000000000 loss=3.2983 lr=9.56e-05 tok/s=40,536 eta=20753.88636122125
step=1212 tokens=158859264/1000000000 loss=3.2473 lr=9.56e-05 tok/s=40,568 eta=20734.09328666199
step=1213 tokens=158990336/1000000000 loss=3.2702 lr=9.56e-05 tok/s=40,517 eta=20756.706576516655
step=1214 tokens=159121408/1000000000 loss=3.2437 lr=9.56e-05 tok/s=40,890 eta=20564.59823643594
step=1215 tokens=159252480/1000000000 loss=3.4394 lr=9.56e-05 tok/s=40,660 eta=20677.305808791418
step=1216 tokens=159383552/1000000000 loss=3.3962 lr=9.56e-05 tok/s=40,937 eta=20534.633060766388
step=1217 tokens=159514624/1000000000 loss=3.2665 lr=9.56e-05 tok/s=41,068 eta=20465.618973515637
step=1218 tokens=159645696/1000000000 loss=3.3452 lr=9.56e-05 tok/s=41,215 eta=20389.736472208504
step=1219 tokens=159776768/1000000000 loss=3.4089 lr=9.56e-05 tok/s=41,217 eta=20385.54270321025
step=1220 tokens=159907840/1000000000 loss=3.2847 lr=9.55e-05 tok/s=41,285 eta=20348.844377857757
step=1221 tokens=160038912/1000000000 loss=3.4387 lr=9.55e-05 tok/s=29,618 eta=28359.3571006606
step=1222 tokens=160169984/1000000000 loss=3.3363 lr=9.55e-05 tok/s=41,223 eta=20373.00473676555
step=1223 tokens=160301056/1000000000 loss=3.1178 lr=9.55e-05 tok/s=40,859 eta=20551.204892442936
step=1224 tokens=160432128/1000000000 loss=3.3129 lr=9.55e-05 tok/s=41,021 eta=20466.793562735813
step=1225 tokens=160563200/1000000000 loss=3.3703 lr=9.55e-05 tok/s=41,258 eta=20345.991060322787
step=1226 tokens=160694272/1000000000 loss=3.3278 lr=9.55e-05 tok/s=41,430 eta=20258.386614834377
step=1227 tokens=160825344/1000000000 loss=3.2907 lr=9.55e-05 tok/s=41,301 eta=20318.492746370266
step=1228 tokens=160956416/1000000000 loss=3.3950 lr=9.55e-05 tok/s=41,054 eta=20437.74092973013
step=1229 tokens=161087488/1000000000 loss=3.3533 lr=9.55e-05 tok/s=41,168 eta=20377.93451794864
step=1230 tokens=161218560/1000000000 loss=3.4318 lr=9.55e-05 tok/s=41,198 eta=20359.53422631326
step=1231 tokens=161349632/1000000000 loss=3.3889 lr=9.55e-05 tok/s=41,067 eta=20421.292741571302
step=1232 tokens=161480704/1000000000 loss=3.3347 lr=9.55e-05 tok/s=40,904 eta=20499.748725395293
step=1233 tokens=161611776/1000000000 loss=3.3983 lr=9.54e-05 tok/s=40,912 eta=20492.575071617124
step=1234 tokens=161742848/1000000000 loss=3.2748 lr=9.54e-05 tok/s=40,981 eta=20454.737829432095
step=1235 tokens=161873920/1000000000 loss=3.3221 lr=9.54e-05 tok/s=40,775 eta=20554.802635586282
step=1236 tokens=162004992/1000000000 loss=3.2904 lr=9.54e-05 tok/s=40,842 eta=20517.764664780574
step=1237 tokens=162136064/1000000000 loss=3.3474 lr=9.54e-05 tok/s=40,872 eta=20499.560230253563
step=1238 tokens=162267136/1000000000 loss=3.3538 lr=9.54e-05 tok/s=41,040 eta=20412.578453278926
step=1239 tokens=162398208/1000000000 loss=3.2173 lr=9.54e-05 tok/s=41,060 eta=20399.600047363685
step=1240 tokens=162529280/1000000000 loss=3.3520 lr=9.54e-05 tok/s=40,953 eta=20449.368014908337
step=1241 tokens=162660352/1000000000 loss=3.3368 lr=9.54e-05 tok/s=41,040 eta=20403.218295667717
step=1242 tokens=162791424/1000000000 loss=3.1945 lr=9.54e-05 tok/s=40,985 eta=20427.127263690585
step=1243 tokens=162922496/1000000000 loss=3.3710 lr=9.54e-05 tok/s=40,624 eta=20605.731830593064
step=1244 tokens=163053568/1000000000 loss=3.3277 lr=9.54e-05 tok/s=40,893 eta=20466.59226727645
step=1245 tokens=163184640/1000000000 loss=3.3247 lr=9.53e-05 tok/s=41,127 eta=20347.267041305175
step=1246 tokens=163315712/1000000000 loss=3.4570 lr=9.53e-05 tok/s=40,954 eta=20430.01057308572
step=1247 tokens=163446784/1000000000 loss=3.3773 lr=9.53e-05 tok/s=40,975 eta=20416.161361222097
step=1248 tokens=163577856/1000000000 loss=3.4561 lr=9.53e-05 tok/s=40,761 eta=20520.28205988503
step=1249 tokens=163708928/1000000000 loss=3.3092 lr=9.53e-05 tok/s=40,954 eta=20420.068259452702
step=1250 tokens=163840000/1000000000 loss=3.2711 lr=9.53e-05 tok/s=40,604 eta=20592.918356462633
step=1251 tokens=163971072/1000000000 loss=3.3903 lr=9.53e-05 tok/s=41,170 eta=20306.95504711886
step=1252 tokens=164102144/1000000000 loss=3.3597 lr=9.53e-05 tok/s=41,055 eta=20360.208109547
step=1253 tokens=164233216/1000000000 loss=3.3642 lr=9.53e-05 tok/s=41,106 eta=20331.802655360872
step=1254 tokens=164364288/1000000000 loss=3.3283 lr=9.53e-05 tok/s=41,146 eta=20308.96461912526
step=1255 tokens=164495360/1000000000 loss=3.2296 lr=9.53e-05 tok/s=40,916 eta=20419.99876767343
step=1256 tokens=164626432/1000000000 loss=3.2846 lr=9.52e-05 tok/s=41,064 eta=20343.07358341119
step=1257 tokens=164757504/1000000000 loss=2.9555 lr=9.52e-05 tok/s=41,148 eta=20298.414046428577
step=1258 tokens=164888576/1000000000 loss=3.3720 lr=9.52e-05 tok/s=40,771 eta=20482.75854021984
step=1259 tokens=165019648/1000000000 loss=3.3080 lr=9.52e-05 tok/s=40,970 eta=20380.097505231977
step=1260 tokens=165150720/1000000000 loss=3.4225 lr=9.52e-05 tok/s=41,129 eta=20298.15619833326
step=1261 tokens=165281792/1000000000 loss=3.1238 lr=9.52e-05 tok/s=40,950 eta=20383.642247502627
step=1262 tokens=165412864/1000000000 loss=3.3337 lr=9.52e-05 tok/s=41,025 eta=20343.304598091152
step=1263 tokens=165543936/1000000000 loss=3.4492 lr=9.52e-05 tok/s=40,985 eta=20360.085929754212
step=1264 tokens=165675008/1000000000 loss=3.4853 lr=9.52e-05 tok/s=40,860 eta=20419.16526433554
step=1265 tokens=165806080/1000000000 loss=3.3129 lr=9.52e-05 tok/s=41,150 eta=20271.91877226513
step=1266 tokens=165937152/1000000000 loss=3.3212 lr=9.52e-05 tok/s=41,124 eta=20281.42747392604
step=1267 tokens=166068224/1000000000 loss=3.2579 lr=9.52e-05 tok/s=40,845 eta=20416.809018717326
step=1268 tokens=166199296/1000000000 loss=3.4804 lr=9.51e-05 tok/s=40,916 eta=20378.156623922525
step=1269 tokens=166330368/1000000000 loss=3.2129 lr=9.51e-05 tok/s=40,997 eta=20335.106715598176
step=1270 tokens=166461440/1000000000 loss=3.3930 lr=9.51e-05 tok/s=41,047 eta=20307.073260000147
step=1271 tokens=166592512/1000000000 loss=3.2426 lr=9.51e-05 tok/s=41,032 eta=20311.232613232405
step=1272 tokens=166723584/1000000000 loss=3.2485 lr=9.51e-05 tok/s=40,839 eta=20403.747659679197
step=1273 tokens=166854656/1000000000 loss=3.2747 lr=9.51e-05 tok/s=41,148 eta=20247.725513349626
step=1274 tokens=166985728/1000000000 loss=3.2352 lr=9.51e-05 tok/s=40,881 eta=20376.415003301445
step=1275 tokens=167116800/1000000000 loss=3.3527 lr=9.51e-05 tok/s=40,762 eta=20432.887524413036
step=1276 tokens=167247872/1000000000 loss=3.2838 lr=9.51e-05 tok/s=41,152 eta=20236.10850768349
step=1277 tokens=167378944/1000000000 loss=3.2086 lr=9.51e-05 tok/s=41,232 eta=20193.63990878038
step=1278 tokens=167510016/1000000000 loss=3.2719 lr=9.51e-05 tok/s=40,907 eta=20350.975837592305
step=1279 tokens=167641088/1000000000 loss=3.3936 lr=9.51e-05 tok/s=40,713 eta=20444.661626523393
step=1280 tokens=167772160/1000000000 loss=3.3723 lr=9.5e-05 tok/s=40,836 eta=20379.674687891355
step=1281 tokens=167903232/1000000000 loss=3.3913 lr=9.5e-05 tok/s=41,144 eta=20223.853630161546
step=1282 tokens=168034304/1000000000 loss=3.2355 lr=9.5e-05 tok/s=41,004 eta=20289.666937051337
step=1283 tokens=168165376/1000000000 loss=3.2739 lr=9.5e-05 tok/s=40,832 eta=20372.065672659737
step=1284 tokens=168296448/1000000000 loss=3.1332 lr=9.5e-05 tok/s=41,136 eta=20218.235064989243
step=1285 tokens=168427520/1000000000 loss=3.3088 lr=9.5e-05 tok/s=41,089 eta=20238.20113781743
step=1286 tokens=168558592/1000000000 loss=3.3352 lr=9.5e-05 tok/s=41,190 eta=20185.427806769094
step=1287 tokens=168689664/1000000000 loss=3.2289 lr=9.5e-05 tok/s=41,079 eta=20236.960993836004
step=1288 tokens=168820736/1000000000 loss=3.1684 lr=9.5e-05 tok/s=41,243 eta=20153.442954999537
step=1289 tokens=168951808/1000000000 loss=3.4357 lr=9.5e-05 tok/s=41,185 eta=20178.531351790007
step=1290 tokens=169082880/1000000000 loss=3.4539 lr=9.5e-05 tok/s=41,158 eta=20188.576825025717
step=1291 tokens=169213952/1000000000 loss=3.3431 lr=9.49e-05 tok/s=40,998 eta=20263.84389362943
step=1292 tokens=169345024/1000000000 loss=3.2730 lr=9.49e-05 tok/s=40,664 eta=20427.50680383914
step=1293 tokens=169476096/1000000000 loss=3.3870 lr=9.49e-05 tok/s=41,006 eta=20253.761783680253
step=1294 tokens=169607168/1000000000 loss=3.3789 lr=9.49e-05 tok/s=41,056 eta=20225.629341941596
step=1295 tokens=169738240/1000000000 loss=3.2074 lr=9.49e-05 tok/s=41,117 eta=20192.49681924421
step=1296 tokens=169869312/1000000000 loss=3.2217 lr=9.49e-05 tok/s=40,992 eta=20251.158012282827
step=1297 tokens=170000384/1000000000 loss=3.4510 lr=9.49e-05 tok/s=29,804 eta=27848.84957476594
step=1298 tokens=170131456/1000000000 loss=3.3336 lr=9.49e-05 tok/s=41,188 eta=20148.371320304264
step=1299 tokens=170262528/1000000000 loss=3.0530 lr=9.49e-05 tok/s=41,130 eta=20173.467827238775
step=1300 tokens=170393600/1000000000 loss=3.1795 lr=9.49e-05 tok/s=41,037 eta=20216.137046438635
step=1301 tokens=170524672/1000000000 loss=3.2172 lr=9.49e-05 tok/s=40,892 eta=20284.462699402942
step=1302 tokens=170655744/1000000000 loss=3.2558 lr=9.49e-05 tok/s=41,044 eta=20206.34415810984
step=1303 tokens=170786816/1000000000 loss=3.3475 lr=9.48e-05 tok/s=41,040 eta=20205.053629856335
step=1304 tokens=170917888/1000000000 loss=3.4473 lr=9.48e-05 tok/s=41,182 eta=20132.04095751656
step=1305 tokens=171048960/1000000000 loss=3.2804 lr=9.48e-05 tok/s=41,163 eta=20138.203080374766
step=1306 tokens=171180032/1000000000 loss=3.3041 lr=9.48e-05 tok/s=41,122 eta=20155.32097555493
step=1307 tokens=171311104/1000000000 loss=3.4322 lr=9.48e-05 tok/s=41,089 eta=20168.37833380377
step=1308 tokens=171442176/1000000000 loss=3.2276 lr=9.48e-05 tok/s=40,683 eta=20366.199466646976
step=1309 tokens=171573248/1000000000 loss=3.4038 lr=9.48e-05 tok/s=40,907 eta=20251.308732107354
step=1310 tokens=171704320/1000000000 loss=3.3627 lr=9.48e-05 tok/s=40,714 eta=20344.28278772575
step=1311 tokens=171835392/1000000000 loss=3.3100 lr=9.48e-05 tok/s=40,424 eta=20486.76858853243
step=1312 tokens=171966464/1000000000 loss=3.3158 lr=9.48e-05 tok/s=40,561 eta=20414.65698491347
step=1313 tokens=172097536/1000000000 loss=3.2357 lr=9.48e-05 tok/s=40,703 eta=20340.18116577975
step=1314 tokens=172228608/1000000000 loss=3.2799 lr=9.47e-05 tok/s=40,821 eta=20277.95360644167
step=1315 tokens=172359680/1000000000 loss=3.4548 lr=9.47e-05 tok/s=40,865 eta=20253.26004175331
step=1316 tokens=172490752/1000000000 loss=3.2133 lr=9.47e-05 tok/s=40,510 eta=20427.52009261091
step=1317 tokens=172621824/1000000000 loss=3.4004 lr=9.47e-05 tok/s=40,701 eta=20328.276604228362
step=1318 tokens=172752896/1000000000 loss=3.1167 lr=9.47e-05 tok/s=40,582 eta=20384.819341891514
step=1319 tokens=172883968/1000000000 loss=3.3993 lr=9.47e-05 tok/s=40,770 eta=20287.12746677967
step=1320 tokens=173015040/1000000000 loss=3.4346 lr=9.47e-05 tok/s=40,516 eta=20411.529989726158
step=1321 tokens=173146112/1000000000 loss=3.3600 lr=9.47e-05 tok/s=40,670 eta=20330.62314025573
step=1322 tokens=173277184/1000000000 loss=3.3226 lr=9.47e-05 tok/s=40,552 eta=20386.878892859844
step=1323 tokens=173408256/1000000000 loss=3.2683 lr=9.47e-05 tok/s=40,512 eta=20403.671854080803
step=1324 tokens=173539328/1000000000 loss=3.2767 lr=9.47e-05 tok/s=40,783 eta=20264.585921478123
step=1325 tokens=173670400/1000000000 loss=3.3101 lr=9.46e-05 tok/s=40,620 eta=20342.939747420056
step=1326 tokens=173801472/1000000000 loss=3.3031 lr=9.46e-05 tok/s=40,574 eta=20362.545260917334
step=1327 tokens=173932544/1000000000 loss=3.3686 lr=9.46e-05 tok/s=40,649 eta=20322.0106567683
step=1328 tokens=174063616/1000000000 loss=3.3091 lr=9.46e-05 tok/s=40,756 eta=20265.521467522238
step=1329 tokens=174194688/1000000000 loss=3.2148 lr=9.46e-05 tok/s=40,748 eta=20266.041935815858
step=1330 tokens=174325760/1000000000 loss=3.3427 lr=9.46e-05 tok/s=40,578 eta=20347.62556224238
step=1331 tokens=174456832/1000000000 loss=3.3624 lr=9.46e-05 tok/s=40,553 eta=20357.33572932298
step=1332 tokens=174587904/1000000000 loss=3.3986 lr=9.46e-05 tok/s=40,680 eta=20290.49594288957
step=1333 tokens=174718976/1000000000 loss=3.4612 lr=9.46e-05 tok/s=40,780 eta=20237.36559494896
step=1334 tokens=174850048/1000000000 loss=3.2289 lr=9.46e-05 tok/s=40,431 eta=20408.722167414035
step=1335 tokens=174981120/1000000000 loss=3.5226 lr=9.46e-05 tok/s=39,987 eta=20632.417222362976
step=1336 tokens=175112192/1000000000 loss=3.2128 lr=9.46e-05 tok/s=40,352 eta=20442.285275999486
step=1337 tokens=175243264/1000000000 loss=3.3286 lr=9.45e-05 tok/s=40,374 eta=20427.8934652694
step=1338 tokens=175374336/1000000000 loss=3.2366 lr=9.45e-05 tok/s=40,356 eta=20433.753741245884
step=1339 tokens=175505408/1000000000 loss=3.3817 lr=9.45e-05 tok/s=40,330 eta=20443.61122850096
step=1340 tokens=175636480/1000000000 loss=3.4552 lr=9.45e-05 tok/s=40,321 eta=20445.14322071458
step=1341 tokens=175767552/1000000000 loss=3.2650 lr=9.45e-05 tok/s=40,352 eta=20426.15808174162
step=1342 tokens=175898624/1000000000 loss=3.3367 lr=9.45e-05 tok/s=39,986 eta=20609.778742418228
step=1343 tokens=176029696/1000000000 loss=3.5063 lr=9.45e-05 tok/s=40,199 eta=20497.271101844548
step=1344 tokens=176160768/1000000000 loss=3.3420 lr=9.45e-05 tok/s=40,039 eta=20575.78562616998
step=1345 tokens=176291840/1000000000 loss=3.2994 lr=9.45e-05 tok/s=40,129 eta=20526.26603465691
step=1346 tokens=176422912/1000000000 loss=3.4064 lr=9.45e-05 tok/s=40,067 eta=20555.0089764925
step=1347 tokens=176553984/1000000000 loss=3.3273 lr=9.45e-05 tok/s=39,907 eta=20634.277606834727
step=1348 tokens=176685056/1000000000 loss=3.4243 lr=9.44e-05 tok/s=39,933 eta=20617.503103937535
step=1349 tokens=176816128/1000000000 loss=3.3194 lr=9.44e-05 tok/s=39,905 eta=20628.589058611302
step=1350 tokens=176947200/1000000000 loss=3.2861 lr=9.44e-05 tok/s=40,152 eta=20498.448587907387
step=1351 tokens=177078272/1000000000 loss=3.4386 lr=9.44e-05 tok/s=40,164 eta=20488.95201601395
step=1352 tokens=177209344/1000000000 loss=3.1999 lr=9.44e-05 tok/s=40,292 eta=20420.89325560489
step=1353 tokens=177340416/1000000000 loss=3.4362 lr=9.44e-05 tok/s=40,286 eta=20420.668606839765
step=1354 tokens=177471488/1000000000 loss=3.3400 lr=9.44e-05 tok/s=40,385 eta=20367.12790667802
step=1355 tokens=177602560/1000000000 loss=3.2970 lr=9.44e-05 tok/s=40,393 eta=20359.941104914382
step=1356 tokens=177733632/1000000000 loss=3.3862 lr=9.44e-05 tok/s=40,134 eta=20488.000805190914
step=1357 tokens=177864704/1000000000 loss=3.3824 lr=9.44e-05 tok/s=40,630 eta=20234.618469385285
step=1358 tokens=177995776/1000000000 loss=3.2002 lr=9.44e-05 tok/s=40,666 eta=20213.64791119496
step=1359 tokens=178126848/1000000000 loss=3.3393 lr=9.43e-05 tok/s=40,244 eta=20422.495811748006
step=1360 tokens=178257920/1000000000 loss=3.3091 lr=9.43e-05 tok/s=40,951 eta=20066.62120240386
step=1361 tokens=178388992/1000000000 loss=3.3032 lr=9.43e-05 tok/s=40,981 eta=20048.817159529066
step=1362 tokens=178520064/1000000000 loss=3.2348 lr=9.43e-05 tok/s=40,547 eta=20260.176489570462
step=1363 tokens=178651136/1000000000 loss=3.3431 lr=9.43e-05 tok/s=40,492 eta=20284.010828598683
step=1364 tokens=178782208/1000000000 loss=3.2039 lr=9.43e-05 tok/s=40,575 eta=20239.43583853767
step=1365 tokens=178913280/1000000000 loss=3.4437 lr=9.43e-05 tok/s=40,529 eta=20259.458498403365
step=1366 tokens=179044352/1000000000 loss=3.3389 lr=9.43e-05 tok/s=40,552 eta=20244.528577498328
step=1367 tokens=179175424/1000000000 loss=3.1524 lr=9.43e-05 tok/s=39,968 eta=20537.26249365442
step=1368 tokens=179306496/1000000000 loss=3.2235 lr=9.43e-05 tok/s=40,359 eta=20334.677280933083
step=1369 tokens=179437568/1000000000 loss=3.2544 lr=9.42e-05 tok/s=40,354 eta=20333.996991144748
step=1370 tokens=179568640/1000000000 loss=3.3365 lr=9.42e-05 tok/s=39,914 eta=20555.231390838104
step=1371 tokens=179699712/1000000000 loss=3.2899 lr=9.42e-05 tok/s=40,400 eta=20304.568149359427
step=1372 tokens=179830784/1000000000 loss=3.3601 lr=9.42e-05 tok/s=39,979 eta=20515.086622871957
step=1373 tokens=179961856/1000000000 loss=3.3766 lr=9.42e-05 tok/s=40,159 eta=20419.59754777398
step=1374 tokens=180092928/1000000000 loss=3.2764 lr=9.42e-05 tok/s=29,076 eta=28198.501873787107
step=1375 tokens=180224000/1000000000 loss=3.4469 lr=9.42e-05 tok/s=40,152 eta=20416.584593182375
step=1376 tokens=180355072/1000000000 loss=3.4224 lr=9.42e-05 tok/s=40,196 eta=20391.17411342585
step=1377 tokens=180486144/1000000000 loss=3.2971 lr=9.42e-05 tok/s=40,200 eta=20385.982050604776
step=1378 tokens=180617216/1000000000 loss=3.4524 lr=9.42e-05 tok/s=40,476 eta=20243.70073696599
step=1379 tokens=180748288/1000000000 loss=3.3025 lr=9.42e-05 tok/s=40,409 eta=20274.141430539086
step=1380 tokens=180879360/1000000000 loss=3.2716 lr=9.41e-05 tok/s=40,333 eta=20308.968540664024
step=1381 tokens=181010432/1000000000 loss=3.2831 lr=9.41e-05 tok/s=40,306 eta=20319.084294021
step=1382 tokens=181141504/1000000000 loss=3.2659 lr=9.41e-05 tok/s=40,365 eta=20286.12894318567
step=1383 tokens=181272576/1000000000 loss=3.2236 lr=9.41e-05 tok/s=40,397 eta=20266.854222569033
step=1384 tokens=181403648/1000000000 loss=3.2789 lr=9.41e-05 tok/s=40,169 eta=20378.97913478729
step=1385 tokens=181534720/1000000000 loss=3.4249 lr=9.41e-05 tok/s=40,296 eta=20311.452725422063
step=1386 tokens=181665792/1000000000 loss=3.3698 lr=9.41e-05 tok/s=40,431 eta=20240.501537782486
step=1387 tokens=181796864/1000000000 loss=3.3830 lr=9.41e-05 tok/s=40,206 eta=20350.031316152963
step=1388 tokens=181927936/1000000000 loss=3.3049 lr=9.41e-05 tok/s=40,462 eta=20218.34264942704
step=1389 tokens=182059008/1000000000 loss=3.1895 lr=9.41e-05 tok/s=40,323 eta=20284.596244369375
step=1390 tokens=182190080/1000000000 loss=3.4832 lr=9.41e-05 tok/s=40,612 eta=20137.215106619245
step=1391 tokens=182321152/1000000000 loss=3.1495 lr=9.4e-05 tok/s=40,616 eta=20131.898032151097
step=1392 tokens=182452224/1000000000 loss=3.4259 lr=9.4e-05 tok/s=40,356 eta=20258.328123817075
step=1393 tokens=182583296/1000000000 loss=3.3324 lr=9.4e-05 tok/s=40,525 eta=20170.88358255268
step=1394 tokens=182714368/1000000000 loss=3.3102 lr=9.4e-05 tok/s=40,779 eta=20041.63258141439
step=1395 tokens=182845440/1000000000 loss=3.3742 lr=9.4e-05 tok/s=40,584 eta=20135.034248833297
step=1396 tokens=182976512/1000000000 loss=3.3127 lr=9.4e-05 tok/s=40,787 eta=20031.324833806015
step=1397 tokens=183107584/1000000000 loss=3.1798 lr=9.4e-05 tok/s=40,471 eta=20184.794773102712
step=1398 tokens=183238656/1000000000 loss=3.3288 lr=9.4e-05 tok/s=40,549 eta=20142.622466905952
step=1399 tokens=183369728/1000000000 loss=3.3023 lr=9.4e-05 tok/s=40,596 eta=20116.00921704385
step=1400 tokens=183500800/1000000000 loss=3.2379 lr=9.4e-05 tok/s=40,343 eta=20238.746142259173
step=1401 tokens=183631872/1000000000 loss=3.2988 lr=9.39e-05 tok/s=40,897 eta=19961.42378692067
step=1402 tokens=183762944/1000000000 loss=3.1813 lr=9.39e-05 tok/s=40,502 eta=20153.10068341511
step=1403 tokens=183894016/1000000000 loss=3.3637 lr=9.39e-05 tok/s=40,875 eta=19966.03784227169
step=1404 tokens=184025088/1000000000 loss=3.4910 lr=9.39e-05 tok/s=40,691 eta=20052.941765096082
step=1405 tokens=184156160/1000000000 loss=3.4736 lr=9.39e-05 tok/s=40,696 eta=20047.187452408627
step=1406 tokens=184287232/1000000000 loss=3.2924 lr=9.39e-05 tok/s=40,584 eta=20099.298833611454
step=1407 tokens=184418304/1000000000 loss=3.3344 lr=9.39e-05 tok/s=40,859 eta=19960.987328249656
step=1408 tokens=184549376/1000000000 loss=3.3077 lr=9.39e-05 tok/s=40,891 eta=19941.895508917518
step=1409 tokens=184680448/1000000000 loss=3.1848 lr=9.39e-05 tok/s=40,466 eta=20148.364985623382
step=1410 tokens=184811520/1000000000 loss=3.1110 lr=9.39e-05 tok/s=40,863 eta=19949.51718940062
step=1411 tokens=184942592/1000000000 loss=3.2391 lr=9.39e-05 tok/s=40,805 eta=19974.23006978497
step=1412 tokens=185073664/1000000000 loss=3.4132 lr=9.38e-05 tok/s=40,253 eta=20245.150086755
step=1413 tokens=185204736/1000000000 loss=3.3656 lr=9.38e-05 tok/s=40,775 eta=19982.517940425692
step=1414 tokens=185335808/1000000000 loss=3.4360 lr=9.38e-05 tok/s=40,742 eta=19995.729759435526
step=1415 tokens=185466880/1000000000 loss=3.2754 lr=9.38e-05 tok/s=40,685 eta=20020.645032435925
step=1416 tokens=185597952/1000000000 loss=3.3815 lr=9.38e-05 tok/s=40,723 eta=19998.433061035597
step=1417 tokens=185729024/1000000000 loss=3.4093 lr=9.38e-05 tok/s=40,546 eta=20082.588124774706
step=1418 tokens=185860096/1000000000 loss=3.3967 lr=9.38e-05 tok/s=40,384 eta=20159.839405938925
step=1419 tokens=185991168/1000000000 loss=3.2861 lr=9.38e-05 tok/s=40,559 eta=20069.786211758663
step=1420 tokens=186122240/1000000000 loss=3.2785 lr=9.38e-05 tok/s=40,449 eta=20121.252906771875
step=1421 tokens=186253312/1000000000 loss=3.4136 lr=9.38e-05 tok/s=40,607 eta=20039.506540809936
step=1422 tokens=186384384/1000000000 loss=3.3599 lr=9.37e-05 tok/s=40,500 eta=20089.4349301926
step=1423 tokens=186515456/1000000000 loss=3.3692 lr=9.37e-05 tok/s=40,742 eta=19966.93464425147
step=1424 tokens=186646528/1000000000 loss=3.3241 lr=9.37e-05 tok/s=40,751 eta=19959.09243473743
checkpoint saved: runs/20260906-225321/checkpoints/step_000001424 (time)
step=1425 tokens=186777600/1000000000 loss=3.4069 lr=9.37e-05 tok/s=35,467 eta=22928.94378950814
step=1426 tokens=186908672/1000000000 loss=3.3168 lr=9.37e-05 tok/s=40,917 eta=19871.510411900013
step=1427 tokens=187039744/1000000000 loss=3.3149 lr=9.37e-05 tok/s=40,125 eta=20260.58369692117
step=1428 tokens=187170816/1000000000 loss=3.5113 lr=9.37e-05 tok/s=40,195 eta=20222.360388514324
step=1429 tokens=187301888/1000000000 loss=3.3109 lr=9.37e-05 tok/s=40,328 eta=20152.012155521305
step=1430 tokens=187432960/1000000000 loss=3.4103 lr=9.37e-05 tok/s=40,255 eta=20185.382636307662
step=1431 tokens=187564032/1000000000 loss=3.3256 lr=9.37e-05 tok/s=40,446 eta=20087.127928097714
step=1432 tokens=187695104/1000000000 loss=3.2841 lr=9.37e-05 tok/s=40,623 eta=19996.1203726478
step=1433 tokens=187826176/1000000000 loss=3.2688 lr=9.36e-05 tok/s=40,223 eta=20191.96112756667
step=1434 tokens=187957248/1000000000 loss=3.2814 lr=9.36e-05 tok/s=40,304 eta=20147.986480637803
step=1435 tokens=188088320/1000000000 loss=3.3245 lr=9.36e-05 tok/s=40,061 eta=20266.880639410887
step=1436 tokens=188219392/1000000000 loss=3.2785 lr=9.36e-05 tok/s=40,014 eta=20287.268067630477
step=1437 tokens=188350464/1000000000 loss=3.4455 lr=9.36e-05 tok/s=40,194 eta=20193.26065553091
step=1438 tokens=188481536/1000000000 loss=3.2836 lr=9.36e-05 tok/s=40,345 eta=20114.435447455104
step=1439 tokens=188612608/1000000000 loss=3.3403 lr=9.36e-05 tok/s=40,357 eta=20105.326555897576
step=1440 tokens=188743680/1000000000 loss=3.2023 lr=9.36e-05 tok/s=40,633 eta=19965.416137063505
step=1441 tokens=188874752/1000000000 loss=3.4037 lr=9.36e-05 tok/s=40,185 eta=20184.984927381596
step=1442 tokens=189005824/1000000000 loss=3.3682 lr=9.36e-05 tok/s=40,312 eta=20118.049846694325
step=1443 tokens=189136896/1000000000 loss=3.4512 lr=9.35e-05 tok/s=40,237 eta=20152.10216278591
step=1444 tokens=189267968/1000000000 loss=3.1487 lr=9.35e-05 tok/s=40,170 eta=20182.572035853536
step=1445 tokens=189399040/1000000000 loss=3.3428 lr=9.35e-05 tok/s=40,192 eta=20168.32146143799
step=1446 tokens=189530112/1000000000 loss=3.2434 lr=9.35e-05 tok/s=40,186 eta=20167.9786994013
step=1447 tokens=189661184/1000000000 loss=3.2508 lr=9.35e-05 tok/s=40,051 eta=20232.66104193236
step=1448 tokens=189792256/1000000000 loss=3.2425 lr=9.35e-05 tok/s=40,307 eta=20100.962527396896
step=1449 tokens=189923328/1000000000 loss=3.2405 lr=9.35e-05 tok/s=40,352 eta=20075.251235907082
step=1450 tokens=190054400/1000000000 loss=3.4106 lr=9.35e-05 tok/s=29,075 eta=27857.574994831204
step=1451 tokens=190185472/1000000000 loss=3.4118 lr=9.35e-05 tok/s=40,467 eta=20011.52960714299
step=1452 tokens=190316544/1000000000 loss=3.3603 lr=9.35e-05 tok/s=40,443 eta=20020.24356056966
step=1453 tokens=190447616/1000000000 loss=3.3169 lr=9.34e-05 tok/s=40,397 eta=20040.06710235866
step=1454 tokens=190578688/1000000000 loss=3.2615 lr=9.34e-05 tok/s=40,368 eta=20051.270315815353
step=1455 tokens=190709760/1000000000 loss=3.3676 lr=9.34e-05 tok/s=40,345 eta=20059.18036141092
step=1456 tokens=190840832/1000000000 loss=3.3299 lr=9.34e-05 tok/s=40,064 eta=20196.7344306439
step=1457 tokens=190971904/1000000000 loss=3.2440 lr=9.34e-05 tok/s=40,383 eta=20033.96670383051
step=1458 tokens=191102976/1000000000 loss=3.2674 lr=9.34e-05 tok/s=40,516 eta=19964.723642189638
step=1459 tokens=191234048/1000000000 loss=3.3699 lr=9.34e-05 tok/s=40,669 eta=19886.73124655
step=1460 tokens=191365120/1000000000 loss=3.4139 lr=9.34e-05 tok/s=40,309 eta=20061.021036276346
step=1461 tokens=191496192/1000000000 loss=3.4075 lr=9.34e-05 tok/s=40,324 eta=20050.02489840894
step=1462 tokens=191627264/1000000000 loss=3.2472 lr=9.34e-05 tok/s=40,399 eta=20009.845729505894
step=1463 tokens=191758336/1000000000 loss=3.3162 lr=9.33e-05 tok/s=40,521 eta=19946.23071644469
step=1464 tokens=191889408/1000000000 loss=3.2645 lr=9.33e-05 tok/s=40,335 eta=20035.12324036257
step=1465 tokens=192020480/1000000000 loss=3.4270 lr=9.33e-05 tok/s=40,146 eta=20125.89975743961
step=1466 tokens=192151552/1000000000 loss=3.3555 lr=9.33e-05 tok/s=40,419 eta=19986.848841973948
step=1467 tokens=192282624/1000000000 loss=3.2583 lr=9.33e-05 tok/s=40,639 eta=19875.37641766381
step=1468 tokens=192413696/1000000000 loss=3.4538 lr=9.33e-05 tok/s=40,602 eta=19890.27275333786
step=1469 tokens=192544768/1000000000 loss=3.1888 lr=9.33e-05 tok/s=40,379 eta=19997.076453317582
step=1470 tokens=192675840/1000000000 loss=3.2966 lr=9.33e-05 tok/s=40,394 eta=19986.272602197616
step=1471 tokens=192806912/1000000000 loss=3.1204 lr=9.33e-05 tok/s=40,166 eta=20096.6684955357
step=1472 tokens=192937984/1000000000 loss=3.4815 lr=9.33e-05 tok/s=39,846 eta=20254.487787642152
step=1473 tokens=193069056/1000000000 loss=3.3575 lr=9.33e-05 tok/s=39,997 eta=20174.85655667448
step=1474 tokens=193200128/1000000000 loss=3.3253 lr=9.32e-05 tok/s=40,218 eta=20060.50605174364
step=1475 tokens=193331200/1000000000 loss=3.2566 lr=9.32e-05 tok/s=40,136 eta=20098.361915284764
step=1476 tokens=193462272/1000000000 loss=3.3039 lr=9.32e-05 tok/s=40,231 eta=20047.81034517279
step=1477 tokens=193593344/1000000000 loss=3.2101 lr=9.32e-05 tok/s=40,065 eta=20127.65407721325
step=1478 tokens=193724416/1000000000 loss=3.4703 lr=9.32e-05 tok/s=40,106 eta=20103.459860393006
step=1479 tokens=193855488/1000000000 loss=3.3165 lr=9.32e-05 tok/s=40,120 eta=20093.406581779924
step=1480 tokens=193986560/1000000000 loss=3.3707 lr=9.32e-05 tok/s=39,854 eta=20223.9101849691
step=1481 tokens=194117632/1000000000 loss=3.3858 lr=9.32e-05 tok/s=40,302 eta=19995.93091226605
step=1482 tokens=194248704/1000000000 loss=3.2609 lr=9.32e-05 tok/s=40,407 eta=19941.025418923284
step=1483 tokens=194379776/1000000000 loss=3.3509 lr=9.32e-05 tok/s=40,382 eta=19950.160040636998
step=1484 tokens=194510848/1000000000 loss=3.4588 lr=9.31e-05 tok/s=40,367 eta=19954.12146036097
step=1485 tokens=194641920/1000000000 loss=3.5043 lr=9.31e-05 tok/s=40,460 eta=19905.110974884665
step=1486 tokens=194772992/1000000000 loss=3.1397 lr=9.31e-05 tok/s=40,300 eta=19981.021249098005
step=1487 tokens=194904064/1000000000 loss=3.3994 lr=9.31e-05 tok/s=40,374 eta=19941.178687910335
step=1488 tokens=195035136/1000000000 loss=3.2173 lr=9.31e-05 tok/s=40,303 eta=19973.035114329916
step=1489 tokens=195166208/1000000000 loss=3.3379 lr=9.31e-05 tok/s=40,433 eta=19905.15006820758
step=1490 tokens=195297280/1000000000 loss=3.2359 lr=9.31e-05 tok/s=40,411 eta=19912.828597969405
step=1491 tokens=195428352/1000000000 loss=3.1797 lr=9.31e-05 tok/s=40,175 eta=20026.889270448526
step=1492 tokens=195559424/1000000000 loss=3.2455 lr=9.31e-05 tok/s=40,366 eta=19928.785569720287
step=1493 tokens=195690496/1000000000 loss=3.4098 lr=9.3e-05 tok/s=40,326 eta=19945.39928272276
step=1494 tokens=195821568/1000000000 loss=3.3414 lr=9.3e-05 tok/s=40,266 eta=19971.505929327326
step=1495 tokens=195952640/1000000000 loss=3.4676 lr=9.3e-05 tok/s=40,223 eta=19989.787088206936
step=1496 tokens=196083712/1000000000 loss=3.3974 lr=9.3e-05 tok/s=40,579 eta=19811.26047347903
step=1497 tokens=196214784/1000000000 loss=3.1749 lr=9.3e-05 tok/s=40,620 eta=19788.069985912447
step=1498 tokens=196345856/1000000000 loss=3.2208 lr=9.3e-05 tok/s=40,457 eta=19864.425574772406
step=1499 tokens=196476928/1000000000 loss=3.2172 lr=9.3e-05 tok/s=40,530 eta=19825.243104774607
step=1500 tokens=196608000/1000000000 loss=3.3787 lr=9.3e-05 tok/s=39,975 eta=20097.308531325056
step=1501 tokens=196739072/1000000000 loss=3.3176 lr=9.3e-05 tok/s=40,564 eta=19802.146417746215
step=1502 tokens=196870144/1000000000 loss=3.3426 lr=9.3e-05 tok/s=40,534 eta=19813.748714019403
step=1503 tokens=197001216/1000000000 loss=3.3360 lr=9.29e-05 tok/s=40,568 eta=19793.684386075398
step=1504 tokens=197132288/1000000000 loss=3.2923 lr=9.29e-05 tok/s=40,479 eta=19834.02531163313
step=1505 tokens=197263360/1000000000 loss=3.4141 lr=9.29e-05 tok/s=40,376 eta=19881.363505034737
step=1506 tokens=197394432/1000000000 loss=3.3197 lr=9.29e-05 tok/s=40,376 eta=19878.27670674142
step=1507 tokens=197525504/1000000000 loss=3.3808 lr=9.29e-05 tok/s=40,229 eta=19947.553724709134
step=1508 tokens=197656576/1000000000 loss=3.5020 lr=9.29e-05 tok/s=40,114 eta=20001.545105107085
step=1509 tokens=197787648/1000000000 loss=3.3549 lr=9.29e-05 tok/s=40,417 eta=19848.471370506733
step=1510 tokens=197918720/1000000000 loss=3.3042 lr=9.29e-05 tok/s=40,153 eta=19975.667371950098
step=1511 tokens=198049792/1000000000 loss=3.2918 lr=9.29e-05 tok/s=40,401 eta=19849.55960805147
step=1512 tokens=198180864/1000000000 loss=3.3544 lr=9.29e-05 tok/s=40,491 eta=19802.35495431135
step=1513 tokens=198311936/1000000000 loss=3.4387 lr=9.28e-05 tok/s=40,237 eta=19923.992238685485
step=1514 tokens=198443008/1000000000 loss=3.3309 lr=9.28e-05 tok/s=40,287 eta=19895.975599883564
step=1515 tokens=198574080/1000000000 loss=3.3435 lr=9.28e-05 tok/s=40,082 eta=19994.505376530793
step=1516 tokens=198705152/1000000000 loss=3.3492 lr=9.28e-05 tok/s=40,069 eta=19997.689448177658
step=1517 tokens=198836224/1000000000 loss=3.3645 lr=9.28e-05 tok/s=40,064 eta=19996.942795351846
step=1518 tokens=198967296/1000000000 loss=3.4522 lr=9.28e-05 tok/s=39,863 eta=20094.59226996026
step=1519 tokens=199098368/1000000000 loss=3.3419 lr=9.28e-05 tok/s=40,093 eta=19976.31741909818
step=1520 tokens=199229440/1000000000 loss=3.3794 lr=9.28e-05 tok/s=40,096 eta=19971.290394848424
step=1521 tokens=199360512/1000000000 loss=3.3076 lr=9.28e-05 tok/s=40,166 eta=19933.26351569852
step=1522 tokens=199491584/1000000000 loss=3.2848 lr=9.28e-05 tok/s=39,999 eta=20013.093022246834
step=1523 tokens=199622656/1000000000 loss=3.1952 lr=9.27e-05 tok/s=40,254 eta=19883.270219143622
step=1524 tokens=199753728/1000000000 loss=3.2156 lr=9.27e-05 tok/s=40,283 eta=19865.811967724825
step=1525 tokens=199884800/1000000000 loss=3.4612 lr=9.27e-05 tok/s=40,269 eta=19869.284410003456
step=1526 tokens=200015872/1000000000 loss=3.3346 lr=9.27e-05 tok/s=29,375 eta=27233.240931649085
checkpoint saved: runs/20260906-225321/checkpoints/tokens_000200m (permanent_tokens)
step=1527 tokens=200146944/1000000000 loss=3.2562 lr=9.27e-05 tok/s=35,484 eta=22541.410194245454
step=1528 tokens=200278016/1000000000 loss=3.3359 lr=9.27e-05 tok/s=40,796 eta=19602.89345570074
step=1529 tokens=200409088/1000000000 loss=3.3934 lr=9.27e-05 tok/s=40,575 eta=19706.466610251442
step=1530 tokens=200540160/1000000000 loss=3.2925 lr=9.27e-05 tok/s=40,894 eta=19549.484817951896
step=1531 tokens=200671232/1000000000 loss=3.2246 lr=9.27e-05 tok/s=40,717 eta=19631.19793178747
step=1532 tokens=200802304/1000000000 loss=3.3764 lr=9.27e-05 tok/s=40,993 eta=19495.947325207737
step=1533 tokens=200933376/1000000000 loss=3.2509 lr=9.26e-05 tok/s=40,895 eta=19539.41280379807
step=1534 tokens=201064448/1000000000 loss=3.2606 lr=9.26e-05 tok/s=40,923 eta=19522.98138525061
step=1535 tokens=201195520/1000000000 loss=3.2256 lr=9.26e-05 tok/s=40,540 eta=19703.970893933307
step=1536 tokens=201326592/1000000000 loss=3.3258 lr=9.26e-05 tok/s=40,620 eta=19662.11764633489
step=1537 tokens=201457664/1000000000 loss=3.3715 lr=9.26e-05 tok/s=40,685 eta=19627.6659859052
step=1538 tokens=201588736/1000000000 loss=3.3115 lr=9.26e-05 tok/s=40,309 eta=19807.130662162526
step=1539 tokens=201719808/1000000000 loss=3.3750 lr=9.26e-05 tok/s=40,492 eta=19714.724075915266
step=1540 tokens=201850880/1000000000 loss=3.2525 lr=9.26e-05 tok/s=40,445 eta=19734.238824904784
step=1541 tokens=201981952/1000000000 loss=3.3226 lr=9.26e-05 tok/s=40,120 eta=19890.92429700353
step=1542 tokens=202113024/1000000000 loss=3.4339 lr=9.25e-05 tok/s=40,556 eta=19673.800706193542
step=1543 tokens=202244096/1000000000 loss=3.2879 lr=9.25e-05 tok/s=40,826 eta=19540.510408800656
step=1544 tokens=202375168/1000000000 loss=3.3215 lr=9.25e-05 tok/s=40,229 eta=19827.155357092197
step=1545 tokens=202506240/1000000000 loss=3.2841 lr=9.25e-05 tok/s=40,487 eta=19697.451133046387
step=1546 tokens=202637312/1000000000 loss=3.4057 lr=9.25e-05 tok/s=40,328 eta=19771.867488834298
step=1547 tokens=202768384/1000000000 loss=3.2920 lr=9.25e-05 tok/s=40,257 eta=19803.672770196514
step=1548 tokens=202899456/1000000000 loss=3.0996 lr=9.25e-05 tok/s=40,338 eta=19760.365449672918
step=1549 tokens=203030528/1000000000 loss=3.3067 lr=9.25e-05 tok/s=40,301 eta=19775.494826453076
step=1550 tokens=203161600/1000000000 loss=3.2163 lr=9.25e-05 tok/s=40,166 eta=19838.759278483773
step=1551 tokens=203292672/1000000000 loss=3.3937 lr=9.25e-05 tok/s=40,468 eta=19687.187622481662
step=1552 tokens=203423744/1000000000 loss=3.2115 lr=9.24e-05 tok/s=40,323 eta=19755.102319053374
step=1553 tokens=203554816/1000000000 loss=3.3169 lr=9.24e-05 tok/s=40,443 eta=19693.238842221985
step=1554 tokens=203685888/1000000000 loss=3.3618 lr=9.24e-05 tok/s=40,004 eta=19905.905447721943
step=1555 tokens=203816960/1000000000 loss=3.3916 lr=9.24e-05 tok/s=40,472 eta=19672.665214206092
step=1556 tokens=203948032/1000000000 loss=3.1955 lr=9.24e-05 tok/s=40,476 eta=19667.04251223457
step=1557 tokens=204079104/1000000000 loss=3.3323 lr=9.24e-05 tok/s=40,506 eta=19649.43046968429
step=1558 tokens=204210176/1000000000 loss=3.1381 lr=9.24e-05 tok/s=40,543 eta=19628.09726828425
step=1559 tokens=204341248/1000000000 loss=3.3943 lr=9.24e-05 tok/s=40,614 eta=19590.942136076595
step=1560 tokens=204472320/1000000000 loss=3.3288 lr=9.24e-05 tok/s=40,370 eta=19705.6911148901
step=1561 tokens=204603392/1000000000 loss=3.4988 lr=9.23e-05 tok/s=40,464 eta=19656.793927214556
step=1562 tokens=204734464/1000000000 loss=3.3710 lr=9.23e-05 tok/s=40,477 eta=19647.210184028572
step=1563 tokens=204865536/1000000000 loss=3.2509 lr=9.23e-05 tok/s=40,534 eta=19616.574691364305
step=1564 tokens=204996608/1000000000 loss=3.3395 lr=9.23e-05 tok/s=40,245 eta=19754.13559247706
step=1565 tokens=205127680/1000000000 loss=3.2925 lr=9.23e-05 tok/s=40,260 eta=19743.56320575074
step=1566 tokens=205258752/1000000000 loss=3.4071 lr=9.23e-05 tok/s=40,504 eta=19621.497319934057
step=1567 tokens=205389824/1000000000 loss=3.2308 lr=9.23e-05 tok/s=40,450 eta=19644.332540789736
step=1568 tokens=205520896/1000000000 loss=3.3813 lr=9.23e-05 tok/s=40,577 eta=19579.464905195393
step=1569 tokens=205651968/1000000000 loss=3.3942 lr=9.23e-05 tok/s=40,183 eta=19768.414157342322
step=1570 tokens=205783040/1000000000 loss=3.2946 lr=9.23e-05 tok/s=40,395 eta=19661.357589957748
step=1571 tokens=205914112/1000000000 loss=3.2931 lr=9.22e-05 tok/s=40,696 eta=19512.587363502105
step=1572 tokens=206045184/1000000000 loss=3.2659 lr=9.22e-05 tok/s=40,684 eta=19515.219720194025
step=1573 tokens=206176256/1000000000 loss=3.3073 lr=9.22e-05 tok/s=40,743 eta=19483.823097369786
step=1574 tokens=206307328/1000000000 loss=3.4529 lr=9.22e-05 tok/s=40,666 eta=19517.28220514541
step=1575 tokens=206438400/1000000000 loss=3.2029 lr=9.22e-05 tok/s=40,615 eta=19538.643423299698
step=1576 tokens=206569472/1000000000 loss=3.4922 lr=9.22e-05 tok/s=40,458 eta=19611.117509784242
step=1577 tokens=206700544/1000000000 loss=3.2659 lr=9.22e-05 tok/s=40,518 eta=19578.892152512843
step=1578 tokens=206831616/1000000000 loss=3.3486 lr=9.22e-05 tok/s=40,595 eta=19538.382822355146
step=1579 tokens=206962688/1000000000 loss=3.4319 lr=9.22e-05 tok/s=40,516 eta=19573.292919343017
step=1580 tokens=207093760/1000000000 loss=3.3037 lr=9.21e-05 tok/s=40,559 eta=19549.41980304695
step=1581 tokens=207224832/1000000000 loss=3.3980 lr=9.21e-05 tok/s=40,511 eta=19569.582526055427
step=1582 tokens=207355904/1000000000 loss=3.2782 lr=9.21e-05 tok/s=40,589 eta=19528.76748793704
step=1583 tokens=207486976/1000000000 loss=3.2956 lr=9.21e-05 tok/s=40,910 eta=19371.967514095657
step=1584 tokens=207618048/1000000000 loss=3.3082 lr=9.21e-05 tok/s=40,574 eta=19529.43655671669
step=1585 tokens=207749120/1000000000 loss=3.1786 lr=9.21e-05 tok/s=40,860 eta=19389.241356654864
step=1586 tokens=207880192/1000000000 loss=3.2377 lr=9.21e-05 tok/s=40,643 eta=19489.66652079982
step=1587 tokens=208011264/1000000000 loss=3.1623 lr=9.21e-05 tok/s=40,615 eta=19499.69722115101
step=1588 tokens=208142336/1000000000 loss=3.2724 lr=9.21e-05 tok/s=40,453 eta=19574.781094738097
step=1589 tokens=208273408/1000000000 loss=3.3467 lr=9.2e-05 tok/s=40,512 eta=19543.114839975184
step=1590 tokens=208404480/1000000000 loss=3.1401 lr=9.2e-05 tok/s=40,782 eta=19410.40555573958
step=1591 tokens=208535552/1000000000 loss=3.3498 lr=9.2e-05 tok/s=40,605 eta=19491.919322962767
step=1592 tokens=208666624/1000000000 loss=3.2678 lr=9.2e-05 tok/s=40,443 eta=19566.76880788287
step=1593 tokens=208797696/1000000000 loss=3.4053 lr=9.2e-05 tok/s=40,426 eta=19571.39165871878
step=1594 tokens=208928768/1000000000 loss=3.2650 lr=9.2e-05 tok/s=40,505 eta=19530.41240416825
step=1595 tokens=209059840/1000000000 loss=3.1352 lr=9.2e-05 tok/s=40,223 eta=19663.846186011066
step=1596 tokens=209190912/1000000000 loss=3.3322 lr=9.2e-05 tok/s=40,253 eta=19645.95674524672
step=1597 tokens=209321984/1000000000 loss=3.4186 lr=9.2e-05 tok/s=40,421 eta=19560.932448122458
step=1598 tokens=209453056/1000000000 loss=3.2924 lr=9.2e-05 tok/s=40,444 eta=19546.914026079987
step=1599 tokens=209584128/1000000000 loss=3.2705 lr=9.19e-05 tok/s=40,259 eta=19633.48729182957
step=1600 tokens=209715200/1000000000 loss=3.5016 lr=9.19e-05 tok/s=40,299 eta=19610.40920894841
step=1601 tokens=209846272/1000000000 loss=3.2519 lr=9.19e-05 tok/s=40,417 eta=19550.196256082818
step=1602 tokens=209977344/1000000000 loss=3.2855 lr=9.19e-05 tok/s=40,574 eta=19471.209887550063
step=1603 tokens=210108416/1000000000 loss=3.4504 lr=9.19e-05 tok/s=29,359 eta=26904.86328576207
step=1604 tokens=210239488/1000000000 loss=3.1398 lr=9.19e-05 tok/s=40,454 eta=19522.205458415505
step=1605 tokens=210370560/1000000000 loss=3.2634 lr=9.19e-05 tok/s=40,315 eta=19586.49902347482
step=1606 tokens=210501632/1000000000 loss=3.3147 lr=9.19e-05 tok/s=40,365 eta=19559.04692858827
step=1607 tokens=210632704/1000000000 loss=3.3238 lr=9.19e-05 tok/s=40,284 eta=19595.291028457137
step=1608 tokens=210763776/1000000000 loss=3.4031 lr=9.18e-05 tok/s=40,333 eta=19567.946028630104
step=1609 tokens=210894848/1000000000 loss=3.3873 lr=9.18e-05 tok/s=40,289 eta=19585.899423265022
step=1610 tokens=211025920/1000000000 loss=3.1599 lr=9.18e-05 tok/s=40,249 eta=19602.12530472908
step=1611 tokens=211156992/1000000000 loss=3.2910 lr=9.18e-05 tok/s=40,265 eta=19591.504636602673
step=1612 tokens=211288064/1000000000 loss=3.4505 lr=9.18e-05 tok/s=40,256 eta=19592.6374662074
step=1613 tokens=211419136/1000000000 loss=3.3726 lr=9.18e-05 tok/s=40,740 eta=19356.447733238543
step=1614 tokens=211550208/1000000000 loss=3.3559 lr=9.18e-05 tok/s=40,514 eta=19461.22500217177
step=1615 tokens=211681280/1000000000 loss=3.3414 lr=9.18e-05 tok/s=40,451 eta=19488.43850978463
step=1616 tokens=211812352/1000000000 loss=3.3325 lr=9.18e-05 tok/s=40,374 eta=19522.056217831632
step=1617 tokens=211943424/1000000000 loss=3.3361 lr=9.17e-05 tok/s=40,444 eta=19485.267656121352
step=1618 tokens=212074496/1000000000 loss=3.2989 lr=9.17e-05 tok/s=40,476 eta=19466.434878134743
step=1619 tokens=212205568/1000000000 loss=3.3947 lr=9.17e-05 tok/s=40,346 eta=19526.149602539354
step=1620 tokens=212336640/1000000000 loss=3.3612 lr=9.17e-05 tok/s=40,695 eta=19355.313617963868
step=1621 tokens=212467712/1000000000 loss=3.3949 lr=9.17e-05 tok/s=40,517 eta=19436.970396945395
step=1622 tokens=212598784/1000000000 loss=3.2827 lr=9.17e-05 tok/s=40,025 eta=19672.905080763103
step=1623 tokens=212729856/1000000000 loss=3.2956 lr=9.17e-05 tok/s=40,333 eta=19519.07925757819
step=1624 tokens=212860928/1000000000 loss=3.3129 lr=9.17e-05 tok/s=40,406 eta=19480.53887623678
step=1625 tokens=212992000/1000000000 loss=3.2725 lr=9.17e-05 tok/s=40,200 eta=19577.44941770126
step=1626 tokens=213123072/1000000000 loss=3.2628 lr=9.16e-05 tok/s=40,102 eta=19621.960963501646
step=1627 tokens=213254144/1000000000 loss=3.2847 lr=9.16e-05 tok/s=39,981 eta=19677.961288057933
step=1628 tokens=213385216/1000000000 loss=3.3646 lr=9.16e-05 tok/s=39,962 eta=19683.851608559344
step=1629 tokens=213516288/1000000000 loss=3.3622 lr=9.16e-05 tok/s=39,512 eta=19904.703703890576
step=1630 tokens=213647360/1000000000 loss=3.2461 lr=9.16e-05 tok/s=39,704 eta=19805.3442581338
step=1631 tokens=213778432/1000000000 loss=3.4396 lr=9.16e-05 tok/s=40,096 eta=19608.53732799994
step=1632 tokens=213909504/1000000000 loss=3.2434 lr=9.16e-05 tok/s=39,995 eta=19654.648619429372
step=1633 tokens=214040576/1000000000 loss=3.2920 lr=9.16e-05 tok/s=39,966 eta=19665.775055008096
step=1634 tokens=214171648/1000000000 loss=3.3212 lr=9.16e-05 tok/s=39,982 eta=19654.77969400742
step=1635 tokens=214302720/1000000000 loss=3.1197 lr=9.15e-05 tok/s=40,043 eta=19621.378199814048
step=1636 tokens=214433792/1000000000 loss=3.4070 lr=9.15e-05 tok/s=39,893 eta=19691.695202326715
step=1637 tokens=214564864/1000000000 loss=3.4018 lr=9.15e-05 tok/s=39,622 eta=19823.06653127563
step=1638 tokens=214695936/1000000000 loss=3.3885 lr=9.15e-05 tok/s=39,643 eta=19809.1514785318
step=1639 tokens=214827008/1000000000 loss=3.2718 lr=9.15e-05 tok/s=39,986 eta=19636.004071850348
step=1640 tokens=214958080/1000000000 loss=3.4538 lr=9.15e-05 tok/s=40,062 eta=19595.582783118083
step=1641 tokens=215089152/1000000000 loss=3.3707 lr=9.15e-05 tok/s=40,069 eta=19588.825231062532
step=1642 tokens=215220224/1000000000 loss=3.3476 lr=9.15e-05 tok/s=40,020 eta=19609.902761526162
step=1643 tokens=215351296/1000000000 loss=3.4630 lr=9.15e-05 tok/s=40,176 eta=19530.43384755441
step=1644 tokens=215482368/1000000000 loss=3.3144 lr=9.14e-05 tok/s=39,946 eta=19639.477315909055
step=1645 tokens=215613440/1000000000 loss=3.2375 lr=9.14e-05 tok/s=40,036 eta=19592.194529127446
step=1646 tokens=215744512/1000000000 loss=3.3775 lr=9.14e-05 tok/s=39,958 eta=19627.22600486301
step=1647 tokens=215875584/1000000000 loss=3.2782 lr=9.14e-05 tok/s=39,955 eta=19625.24881924365
step=1648 tokens=216006656/1000000000 loss=3.3280 lr=9.14e-05 tok/s=40,095 eta=19553.567800537694
step=1649 tokens=216137728/1000000000 loss=3.3272 lr=9.14e-05 tok/s=40,264 eta=19468.30438656555
step=1650 tokens=216268800/1000000000 loss=3.1911 lr=9.14e-05 tok/s=40,013 eta=19586.888535403305
step=1651 tokens=216399872/1000000000 loss=3.2641 lr=9.14e-05 tok/s=40,376 eta=19407.604355831656
step=1652 tokens=216530944/1000000000 loss=3.3937 lr=9.14e-05 tok/s=39,865 eta=19652.88860198435
step=1653 tokens=216662016/1000000000 loss=3.3997 lr=9.13e-05 tok/s=40,207 eta=19482.51270699613
step=1654 tokens=216793088/1000000000 loss=3.3411 lr=9.13e-05 tok/s=40,194 eta=19485.442707283415
step=1655 tokens=216924160/1000000000 loss=3.4126 lr=9.13e-05 tok/s=40,247 eta=19456.519376489083
step=1656 tokens=217055232/1000000000 loss=3.2547 lr=9.13e-05 tok/s=40,219 eta=19467.074240655485
step=1657 tokens=217186304/1000000000 loss=3.3898 lr=9.13e-05 tok/s=40,250 eta=19448.864062473596
step=1658 tokens=217317376/1000000000 loss=3.3733 lr=9.13e-05 tok/s=40,267 eta=19437.433641117623
step=1659 tokens=217448448/1000000000 loss=3.1839 lr=9.13e-05 tok/s=40,346 eta=19395.896266814303
step=1660 tokens=217579520/1000000000 loss=3.2728 lr=9.13e-05 tok/s=40,310 eta=19409.87545712627
step=1661 tokens=217710592/1000000000 loss=3.2539 lr=9.13e-05 tok/s=40,195 eta=19462.32675704188
step=1662 tokens=217841664/1000000000 loss=3.2998 lr=9.12e-05 tok/s=40,038 eta=19535.63340866825
step=1663 tokens=217972736/1000000000 loss=3.4300 lr=9.12e-05 tok/s=40,033 eta=19534.679145211736
step=1664 tokens=218103808/1000000000 loss=3.2234 lr=9.12e-05 tok/s=40,311 eta=19396.418099210936
step=1665 tokens=218234880/1000000000 loss=3.1799 lr=9.12e-05 tok/s=40,000 eta=19544.311363433313
step=1666 tokens=218365952/1000000000 loss=3.3509 lr=9.12e-05 tok/s=40,181 eta=19452.64674481077
step=1667 tokens=218497024/1000000000 loss=3.2914 lr=9.12e-05 tok/s=40,103 eta=19487.553719813404
step=1668 tokens=218628096/1000000000 loss=3.2966 lr=9.12e-05 tok/s=39,882 eta=19591.975284382548
step=1669 tokens=218759168/1000000000 loss=3.2937 lr=9.12e-05 tok/s=40,191 eta=19438.341367708195
step=1670 tokens=218890240/1000000000 loss=3.3138 lr=9.12e-05 tok/s=40,062 eta=19497.747030132177
step=1671 tokens=219021312/1000000000 loss=3.3027 lr=9.11e-05 tok/s=40,301 eta=19378.63871138689
step=1672 tokens=219152384/1000000000 loss=3.4871 lr=9.11e-05 tok/s=40,571 eta=19246.594063286237
step=1673 tokens=219283456/1000000000 loss=3.2877 lr=9.11e-05 tok/s=40,333 eta=19356.540475476006
step=1674 tokens=219414528/1000000000 loss=3.3586 lr=9.11e-05 tok/s=40,532 eta=19258.276223968845
step=1675 tokens=219545600/1000000000 loss=3.5476 lr=9.11e-05 tok/s=40,299 eta=19366.601279524195
step=1676 tokens=219676672/1000000000 loss=3.4096 lr=9.11e-05 tok/s=40,200 eta=19411.24022413626
step=1677 tokens=219807744/1000000000 loss=3.3977 lr=9.11e-05 tok/s=40,403 eta=19310.461641122718
step=1678 tokens=219938816/1000000000 loss=3.3095 lr=9.11e-05 tok/s=40,191 eta=19408.99845457449
step=1679 tokens=220069888/1000000000 loss=3.2652 lr=9.11e-05 tok/s=29,041 eta=26855.942807416337
step=1680 tokens=220200960/1000000000 loss=3.4160 lr=9.1e-05 tok/s=40,167 eta=19413.898299813034
step=1681 tokens=220332032/1000000000 loss=3.3557 lr=9.1e-05 tok/s=40,173 eta=19407.810538579255
step=1682 tokens=220463104/1000000000 loss=3.1937 lr=9.1e-05 tok/s=40,184 eta=19399.21458059505
step=1683 tokens=220594176/1000000000 loss=3.4168 lr=9.1e-05 tok/s=40,192 eta=19392.274596057596
step=1684 tokens=220725248/1000000000 loss=3.4226 lr=9.1e-05 tok/s=40,164 eta=19402.12698066123
step=1685 tokens=220856320/1000000000 loss=3.3351 lr=9.1e-05 tok/s=40,128 eta=19416.436019843477
step=1686 tokens=220987392/1000000000 loss=3.2030 lr=9.1e-05 tok/s=40,072 eta=19440.477856162837
step=1687 tokens=221118464/1000000000 loss=3.2532 lr=9.1e-05 tok/s=40,027 eta=19459.13547686631
step=1688 tokens=221249536/1000000000 loss=3.1700 lr=9.1e-05 tok/s=40,044 eta=19447.511281503095
step=1689 tokens=221380608/1000000000 loss=3.4343 lr=9.09e-05 tok/s=40,169 eta=19383.51608186688
step=1690 tokens=221511680/1000000000 loss=3.4471 lr=9.09e-05 tok/s=39,976 eta=19473.765111529294
step=1691 tokens=221642752/1000000000 loss=3.3214 lr=9.09e-05 tok/s=40,166 eta=19378.678394114082
step=1692 tokens=221773824/1000000000 loss=3.1343 lr=9.09e-05 tok/s=40,562 eta=19185.946163581568
step=1693 tokens=221904896/1000000000 loss=3.3955 lr=9.09e-05 tok/s=40,059 eta=19423.700308534506
step=1694 tokens=222035968/1000000000 loss=3.3109 lr=9.09e-05 tok/s=40,176 eta=19364.074314758607
step=1695 tokens=222167040/1000000000 loss=3.3382 lr=9.09e-05 tok/s=40,231 eta=19334.271020116288
step=1696 tokens=222298112/1000000000 loss=3.3536 lr=9.09e-05 tok/s=40,283 eta=19306.01050600025
step=1697 tokens=222429184/1000000000 loss=3.3294 lr=9.09e-05 tok/s=40,252 eta=19317.332023698127
step=1698 tokens=222560256/1000000000 loss=3.3335 lr=9.08e-05 tok/s=40,264 eta=19308.433201160507
step=1699 tokens=222691328/1000000000 loss=3.4265 lr=9.08e-05 tok/s=40,296 eta=19290.03779975939
step=1700 tokens=222822400/1000000000 loss=3.4069 lr=9.08e-05 tok/s=40,240 eta=19313.479667244857
step=1701 tokens=222953472/1000000000 loss=3.4324 lr=9.08e-05 tok/s=40,194 eta=19332.434766627277
step=1702 tokens=223084544/1000000000 loss=3.2901 lr=9.08e-05 tok/s=40,357 eta=19251.16263787499
step=1703 tokens=223215616/1000000000 loss=3.4556 lr=9.08e-05 tok/s=40,189 eta=19328.231785046333
step=1704 tokens=223346688/1000000000 loss=3.1794 lr=9.08e-05 tok/s=40,233 eta=19303.648570820933
step=1705 tokens=223477760/1000000000 loss=3.2670 lr=9.08e-05 tok/s=40,304 eta=19266.626336585177
step=1706 tokens=223608832/1000000000 loss=3.2266 lr=9.07e-05 tok/s=40,186 eta=19319.875013656034
step=1707 tokens=223739904/1000000000 loss=3.2951 lr=9.07e-05 tok/s=40,116 eta=19350.212598371905
step=1708 tokens=223870976/1000000000 loss=3.3953 lr=9.07e-05 tok/s=40,209 eta=19302.280970117914
step=1709 tokens=224002048/1000000000 loss=3.2069 lr=9.07e-05 tok/s=40,151 eta=19326.837486925317
step=1710 tokens=224133120/1000000000 loss=3.2757 lr=9.07e-05 tok/s=40,317 eta=19243.939213981415
step=1711 tokens=224264192/1000000000 loss=3.2873 lr=9.07e-05 tok/s=40,461 eta=19172.658289090745
step=1712 tokens=224395264/1000000000 loss=3.1563 lr=9.07e-05 tok/s=40,495 eta=19152.96569536109
step=1713 tokens=224526336/1000000000 loss=3.1754 lr=9.07e-05 tok/s=40,683 eta=19061.496047375767
step=1714 tokens=224657408/1000000000 loss=3.4347 lr=9.07e-05 tok/s=40,797 eta=19004.865749629047
step=1715 tokens=224788480/1000000000 loss=3.3835 lr=9.06e-05 tok/s=40,355 eta=19209.749030051004
step=1716 tokens=224919552/1000000000 loss=3.3820 lr=9.06e-05 tok/s=40,322 eta=19222.47285955898
step=1717 tokens=225050624/1000000000 loss=3.3120 lr=9.06e-05 tok/s=40,413 eta=19175.74099509262
step=1718 tokens=225181696/1000000000 loss=3.2729 lr=9.06e-05 tok/s=40,487 eta=19137.433495677902
step=1719 tokens=225312768/1000000000 loss=3.3213 lr=9.06e-05 tok/s=40,317 eta=19214.820025577486
step=1720 tokens=225443840/1000000000 loss=3.1739 lr=9.06e-05 tok/s=40,611 eta=19072.74999871967
step=1721 tokens=225574912/1000000000 loss=3.3156 lr=9.06e-05 tok/s=40,369 eta=19183.68687824405
step=1722 tokens=225705984/1000000000 loss=3.1691 lr=9.06e-05 tok/s=40,281 eta=19222.443591424333
step=1723 tokens=225837056/1000000000 loss=3.3380 lr=9.06e-05 tok/s=40,484 eta=19122.743367880583
step=1724 tokens=225968128/1000000000 loss=3.1768 lr=9.05e-05 tok/s=40,290 eta=19211.494542947872
step=1725 tokens=226099200/1000000000 loss=3.4070 lr=9.05e-05 tok/s=40,359 eta=19175.277173957773
step=1726 tokens=226230272/1000000000 loss=3.3899 lr=9.05e-05 tok/s=40,363 eta=19170.4180136449
step=1727 tokens=226361344/1000000000 loss=3.0307 lr=9.05e-05 tok/s=40,364 eta=19166.59986762246
step=1728 tokens=226492416/1000000000 loss=3.2436 lr=9.05e-05 tok/s=40,476 eta=19110.158507050564
step=1729 tokens=226623488/1000000000 loss=3.3600 lr=9.05e-05 tok/s=40,379 eta=19152.742224996455
step=1730 tokens=226754560/1000000000 loss=3.1714 lr=9.05e-05 tok/s=40,306 eta=19184.2525327083
step=1731 tokens=226885632/1000000000 loss=3.2849 lr=9.05e-05 tok/s=40,435 eta=19119.989596044186
step=1732 tokens=227016704/1000000000 loss=3.3611 lr=9.04e-05 tok/s=39,881 eta=19382.375657522338
step=1733 tokens=227147776/1000000000 loss=3.4018 lr=9.04e-05 tok/s=39,854 eta=19392.126605105146
step=1734 tokens=227278848/1000000000 loss=3.2872 lr=9.04e-05 tok/s=39,839 eta=19395.991419228674
step=1735 tokens=227409920/1000000000 loss=3.3318 lr=9.04e-05 tok/s=40,029 eta=19300.77785223781
step=1736 tokens=227540992/1000000000 loss=3.4529 lr=9.04e-05 tok/s=40,041 eta=19291.486167155406
step=1737 tokens=227672064/1000000000 loss=3.1777 lr=9.04e-05 tok/s=40,047 eta=19285.60858572857
step=1738 tokens=227803136/1000000000 loss=3.2172 lr=9.04e-05 tok/s=40,027 eta=19292.056885724716
step=1739 tokens=227934208/1000000000 loss=3.2399 lr=9.04e-05 tok/s=40,051 eta=19277.060337168852
step=1740 tokens=228065280/1000000000 loss=3.3261 lr=9.04e-05 tok/s=40,029 eta=19284.403527111044
step=1741 tokens=228196352/1000000000 loss=3.4494 lr=9.03e-05 tok/s=40,011 eta=19289.887454983436
step=1742 tokens=228327424/1000000000 loss=3.2742 lr=9.03e-05 tok/s=40,036 eta=19274.571969901353
step=1743 tokens=228458496/1000000000 loss=3.2528 lr=9.03e-05 tok/s=40,033 eta=19272.506540232564
step=1744 tokens=228589568/1000000000 loss=3.2322 lr=9.03e-05 tok/s=40,100 eta=19237.00797463162
step=1745 tokens=228720640/1000000000 loss=3.2020 lr=9.03e-05 tok/s=40,612 eta=18991.584963713187
step=1746 tokens=228851712/1000000000 loss=3.2159 lr=9.03e-05 tok/s=40,408 eta=19084.04521947495
step=1747 tokens=228982784/1000000000 loss=3.2549 lr=9.03e-05 tok/s=40,512 eta=19031.84588381258
step=1748 tokens=229113856/1000000000 loss=3.3072 lr=9.03e-05 tok/s=40,348 eta=19105.888405633497
step=1749 tokens=229244928/1000000000 loss=3.2425 lr=9.03e-05 tok/s=40,098 eta=19221.575923687764
step=1750 tokens=229376000/1000000000 loss=3.2519 lr=9.02e-05 tok/s=40,349 eta=19099.02223668698
step=1751 tokens=229507072/1000000000 loss=3.2994 lr=9.02e-05 tok/s=40,243 eta=19145.931340957497
step=1752 tokens=229638144/1000000000 loss=3.1760 lr=9.02e-05 tok/s=40,382 eta=19076.72591897583
step=1753 tokens=229769216/1000000000 loss=3.3261 lr=9.02e-05 tok/s=40,382 eta=19073.763469833815
step=1754 tokens=229900288/1000000000 loss=3.4487 lr=9.02e-05 tok/s=40,554 eta=18989.497596836274
step=1755 tokens=230031360/1000000000 loss=3.2471 lr=9.02e-05 tok/s=29,300 eta=26278.854091636225
step=1756 tokens=230162432/1000000000 loss=3.3718 lr=9.02e-05 tok/s=40,817 eta=18860.670849172777
step=1757 tokens=230293504/1000000000 loss=3.2662 lr=9.02e-05 tok/s=40,475 eta=19016.984839488203
step=1758 tokens=230424576/1000000000 loss=3.3569 lr=9.01e-05 tok/s=40,437 eta=19031.295345680122
step=1759 tokens=230555648/1000000000 loss=3.2919 lr=9.01e-05 tok/s=40,678 eta=18915.36550625793
step=1760 tokens=230686720/1000000000 loss=3.2436 lr=9.01e-05 tok/s=40,335 eta=19073.10574845757
step=1761 tokens=230817792/1000000000 loss=3.2712 lr=9.01e-05 tok/s=40,484 eta=18999.562519240146
step=1762 tokens=230948864/1000000000 loss=3.1927 lr=9.01e-05 tok/s=40,496 eta=18990.702973229978
step=1763 tokens=231079936/1000000000 loss=3.3005 lr=9.01e-05 tok/s=40,460 eta=19004.658214502255
step=1764 tokens=231211008/1000000000 loss=3.2058 lr=9.01e-05 tok/s=40,742 eta=18869.891472637413
step=1765 tokens=231342080/1000000000 loss=3.4212 lr=9.01e-05 tok/s=40,616 eta=18925.07299493302
step=1766 tokens=231473152/1000000000 loss=3.2911 lr=9e-05 tok/s=40,281 eta=19079.045545818954
step=1767 tokens=231604224/1000000000 loss=3.0515 lr=9e-05 tok/s=40,485 eta=18979.875389456945
step=1768 tokens=231735296/1000000000 loss=3.4516 lr=9e-05 tok/s=40,486 eta=18976.182969947637
step=1769 tokens=231866368/1000000000 loss=3.4593 lr=9e-05 tok/s=40,580 eta=18928.95575659621
step=1770 tokens=231997440/1000000000 loss=3.2940 lr=9e-05 tok/s=40,393 eta=19013.17821306321
step=1771 tokens=232128512/1000000000 loss=3.1206 lr=9e-05 tok/s=40,202 eta=19100.452644969653
step=1772 tokens=232259584/1000000000 loss=3.3381 lr=9e-05 tok/s=40,408 eta=18999.77998691351
step=1773 tokens=232390656/1000000000 loss=3.2991 lr=9e-05 tok/s=40,383 eta=19008.451898587893
step=1774 tokens=232521728/1000000000 loss=3.3239 lr=9e-05 tok/s=40,349 eta=19020.934091103805
step=1775 tokens=232652800/1000000000 loss=3.1969 lr=8.99e-05 tok/s=40,498 eta=18947.789940744384
step=1776 tokens=232783872/1000000000 loss=3.4994 lr=8.99e-05 tok/s=40,436 eta=18973.707418177328
step=1777 tokens=232914944/1000000000 loss=3.2587 lr=8.99e-05 tok/s=40,457 eta=18960.559324564794
step=1778 tokens=233046016/1000000000 loss=3.4438 lr=8.99e-05 tok/s=39,940 eta=19202.741451525002
step=1779 tokens=233177088/1000000000 loss=3.2309 lr=8.99e-05 tok/s=40,322 eta=19017.387935939205
step=1780 tokens=233308160/1000000000 loss=3.4082 lr=8.99e-05 tok/s=40,233 eta=19056.244946505223
step=1781 tokens=233439232/1000000000 loss=3.4209 lr=8.99e-05 tok/s=40,696 eta=18836.49704092457
step=1782 tokens=233570304/1000000000 loss=3.2727 lr=8.99e-05 tok/s=40,612 eta=18871.87824499906
step=1783 tokens=233701376/1000000000 loss=3.1645 lr=8.98e-05 tok/s=40,440 eta=18949.015098075644
step=1784 tokens=233832448/1000000000 loss=3.2695 lr=8.98e-05 tok/s=40,788 eta=18784.02422862122
step=1785 tokens=233963520/1000000000 loss=3.3958 lr=8.98e-05 tok/s=40,922 eta=18719.445576133352
step=1786 tokens=234094592/1000000000 loss=3.2782 lr=8.98e-05 tok/s=40,904 eta=18724.557541916136
step=1787 tokens=234225664/1000000000 loss=3.3566 lr=8.98e-05 tok/s=40,524 eta=18896.886994402652
step=1788 tokens=234356736/1000000000 loss=3.2827 lr=8.98e-05 tok/s=40,552 eta=18880.502977492717
step=1789 tokens=234487808/1000000000 loss=3.2951 lr=8.98e-05 tok/s=40,651 eta=18831.35699199002
step=1790 tokens=234618880/1000000000 loss=3.3511 lr=8.98e-05 tok/s=41,072 eta=18635.140316925233
step=1791 tokens=234749952/1000000000 loss=3.3886 lr=8.98e-05 tok/s=40,579 eta=18858.37666670158
step=1792 tokens=234881024/1000000000 loss=3.3147 lr=8.97e-05 tok/s=41,048 eta=18639.84146394511
step=1793 tokens=235012096/1000000000 loss=3.3826 lr=8.97e-05 tok/s=41,136 eta=18596.40043895231
step=1794 tokens=235143168/1000000000 loss=3.2589 lr=8.97e-05 tok/s=40,964 eta=18671.321367790126
step=1795 tokens=235274240/1000000000 loss=3.2985 lr=8.97e-05 tok/s=40,887 eta=18703.42867296389
step=1796 tokens=235405312/1000000000 loss=3.2076 lr=8.97e-05 tok/s=41,047 eta=18627.12256970823
step=1797 tokens=235536384/1000000000 loss=3.2492 lr=8.97e-05 tok/s=41,136 eta=18583.691173414754
step=1798 tokens=235667456/1000000000 loss=3.3499 lr=8.97e-05 tok/s=41,042 eta=18623.0237924849
step=1799 tokens=235798528/1000000000 loss=3.3789 lr=8.97e-05 tok/s=41,014 eta=18632.885725418957
step=1800 tokens=235929600/1000000000 loss=3.3506 lr=8.96e-05 tok/s=41,088 eta=18596.08127831111
step=1801 tokens=236060672/1000000000 loss=3.2964 lr=8.96e-05 tok/s=41,076 eta=18598.313415108256
step=1802 tokens=236191744/1000000000 loss=3.2263 lr=8.96e-05 tok/s=41,145 eta=18563.697734176425
step=1803 tokens=236322816/1000000000 loss=3.2696 lr=8.96e-05 tok/s=41,229 eta=18522.98622342777
checkpoint saved: runs/20260906-225321/checkpoints/step_000001803 (time)
step=1804 tokens=236453888/1000000000 loss=3.2559 lr=8.96e-05 tok/s=36,275 eta=21049.02334652793
step=1805 tokens=236584960/1000000000 loss=3.2307 lr=8.96e-05 tok/s=41,420 eta=18431.227411051466
step=1806 tokens=236716032/1000000000 loss=3.2659 lr=8.96e-05 tok/s=41,402 eta=18435.9053814315
step=1807 tokens=236847104/1000000000 loss=3.2966 lr=8.96e-05 tok/s=41,284 eta=18485.536373800096
step=1808 tokens=236978176/1000000000 loss=3.3410 lr=8.95e-05 tok/s=41,091 eta=18569.067126044927
step=1809 tokens=237109248/1000000000 loss=3.4935 lr=8.95e-05 tok/s=41,041 eta=18588.535845318995
step=1810 tokens=237240320/1000000000 loss=3.1873 lr=8.95e-05 tok/s=41,135 eta=18542.99357178349
step=1811 tokens=237371392/1000000000 loss=3.0205 lr=8.95e-05 tok/s=41,258 eta=18484.249927956538
step=1812 tokens=237502464/1000000000 loss=3.3862 lr=8.95e-05 tok/s=41,192 eta=18510.738878434862
step=1813 tokens=237633536/1000000000 loss=3.2931 lr=8.95e-05 tok/s=41,146 eta=18528.191062955626
step=1814 tokens=237764608/1000000000 loss=3.4659 lr=8.95e-05 tok/s=41,216 eta=18493.867731054594
step=1815 tokens=237895680/1000000000 loss=3.3295 lr=8.95e-05 tok/s=41,224 eta=18486.98180458376
step=1816 tokens=238026752/1000000000 loss=3.3375 lr=8.94e-05 tok/s=41,076 eta=18550.397457130028
step=1817 tokens=238157824/1000000000 loss=3.3033 lr=8.94e-05 tok/s=41,147 eta=18515.132596560547
step=1818 tokens=238288896/1000000000 loss=3.2130 lr=8.94e-05 tok/s=41,231 eta=18474.174615011183
step=1819 tokens=238419968/1000000000 loss=3.3915 lr=8.94e-05 tok/s=41,264 eta=18456.342214501332
step=1820 tokens=238551040/1000000000 loss=3.3615 lr=8.94e-05 tok/s=41,452 eta=18369.209199691377
step=1821 tokens=238682112/1000000000 loss=3.3406 lr=8.94e-05 tok/s=41,200 eta=18478.605044488268
step=1822 tokens=238813184/1000000000 loss=3.3044 lr=8.94e-05 tok/s=41,257 eta=18449.66550092397
step=1823 tokens=238944256/1000000000 loss=3.0656 lr=8.94e-05 tok/s=41,261 eta=18444.935927310205
step=1824 tokens=239075328/1000000000 loss=3.2715 lr=8.94e-05 tok/s=41,179 eta=18478.32039467346
step=1825 tokens=239206400/1000000000 loss=3.1240 lr=8.93e-05 tok/s=41,306 eta=18418.366901155223
step=1826 tokens=239337472/1000000000 loss=3.3266 lr=8.93e-05 tok/s=41,481 eta=18337.720804818226
step=1827 tokens=239468544/1000000000 loss=3.2885 lr=8.93e-05 tok/s=41,391 eta=18374.247563757115
step=1828 tokens=239599616/1000000000 loss=3.4148 lr=8.93e-05 tok/s=41,212 eta=18450.841196042107
step=1829 tokens=239730688/1000000000 loss=3.3728 lr=8.93e-05 tok/s=41,200 eta=18453.0253631982
step=1830 tokens=239861760/1000000000 loss=3.3872 lr=8.93e-05 tok/s=41,030 eta=18526.25863770963
step=1831 tokens=239992832/1000000000 loss=3.3878 lr=8.93e-05 tok/s=40,987 eta=18542.568656953084
step=1832 tokens=240123904/1000000000 loss=3.1717 lr=8.93e-05 tok/s=29,858 eta=25449.536682337086
step=1833 tokens=240254976/1000000000 loss=3.3732 lr=8.92e-05 tok/s=41,008 eta=18526.62734276592
step=1834 tokens=240386048/1000000000 loss=3.2587 lr=8.92e-05 tok/s=41,092 eta=18485.68073269971
step=1835 tokens=240517120/1000000000 loss=3.4199 lr=8.92e-05 tok/s=41,175 eta=18445.20132067715
step=1836 tokens=240648192/1000000000 loss=3.1664 lr=8.92e-05 tok/s=41,125 eta=18464.307763461995
step=1837 tokens=240779264/1000000000 loss=3.2361 lr=8.92e-05 tok/s=41,203 eta=18426.49655936076
step=1838 tokens=240910336/1000000000 loss=3.2356 lr=8.92e-05 tok/s=41,229 eta=18411.44464531682
step=1839 tokens=241041408/1000000000 loss=3.3716 lr=8.92e-05 tok/s=41,132 eta=18451.775231960823
step=1840 tokens=241172480/1000000000 loss=3.2521 lr=8.92e-05 tok/s=41,417 eta=18321.74559090161
step=1841 tokens=241303552/1000000000 loss=3.2231 lr=8.91e-05 tok/s=41,265 eta=18385.902920633915
step=1842 tokens=241434624/1000000000 loss=3.3374 lr=8.91e-05 tok/s=41,233 eta=18397.057218192633
step=1843 tokens=241565696/1000000000 loss=3.1780 lr=8.91e-05 tok/s=41,157 eta=18427.65137764815
step=1844 tokens=241696768/1000000000 loss=3.3981 lr=8.91e-05 tok/s=41,068 eta=18464.389847333143
step=1845 tokens=241827840/1000000000 loss=3.3498 lr=8.91e-05 tok/s=41,332 eta=18343.475755363866
step=1846 tokens=241958912/1000000000 loss=3.2015 lr=8.91e-05 tok/s=41,343 eta=18335.385551852134
step=1847 tokens=242089984/1000000000 loss=3.2492 lr=8.91e-05 tok/s=41,320 eta=18342.345054980233
step=1848 tokens=242221056/1000000000 loss=3.3441 lr=8.91e-05 tok/s=41,568 eta=18229.976025434662
step=1849 tokens=242352128/1000000000 loss=3.2237 lr=8.9e-05 tok/s=41,445 eta=18280.850234140067
step=1850 tokens=242483200/1000000000 loss=3.4233 lr=8.9e-05 tok/s=41,648 eta=18188.75531508516
step=1851 tokens=242614272/1000000000 loss=3.5254 lr=8.9e-05 tok/s=41,275 eta=18349.939129659717
step=1852 tokens=242745344/1000000000 loss=3.3808 lr=8.9e-05 tok/s=41,370 eta=18304.269093987652
step=1853 tokens=242876416/1000000000 loss=3.5069 lr=8.9e-05 tok/s=41,588 eta=18205.307172470482
step=1854 tokens=243007488/1000000000 loss=3.4804 lr=8.9e-05 tok/s=41,458 eta=18259.136887572062
step=1855 tokens=243138560/1000000000 loss=3.1158 lr=8.9e-05 tok/s=41,218 eta=18362.536867934017
step=1856 tokens=243269632/1000000000 loss=3.2505 lr=8.9e-05 tok/s=41,339 eta=18305.40220480224
step=1857 tokens=243400704/1000000000 loss=3.3792 lr=8.89e-05 tok/s=41,255 eta=18339.45017857505
step=1858 tokens=243531776/1000000000 loss=3.3102 lr=8.89e-05 tok/s=41,214 eta=18354.62663124401
step=1859 tokens=243662848/1000000000 loss=3.2105 lr=8.89e-05 tok/s=41,492 eta=18228.32355704264
step=1860 tokens=243793920/1000000000 loss=3.3138 lr=8.89e-05 tok/s=41,413 eta=18260.04851785116
step=1861 tokens=243924992/1000000000 loss=3.3617 lr=8.89e-05 tok/s=41,468 eta=18232.548539274736
step=1862 tokens=244056064/1000000000 loss=3.3479 lr=8.89e-05 tok/s=41,131 eta=18378.785230213376
step=1863 tokens=244187136/1000000000 loss=3.4121 lr=8.89e-05 tok/s=41,143 eta=18370.265913489253
step=1864 tokens=244318208/1000000000 loss=3.3817 lr=8.89e-05 tok/s=41,312 eta=18292.03803491511
step=1865 tokens=244449280/1000000000 loss=3.3157 lr=8.88e-05 tok/s=41,545 eta=18186.124535833605
step=1866 tokens=244580352/1000000000 loss=3.1742 lr=8.88e-05 tok/s=41,550 eta=18180.827560270183
step=1867 tokens=244711424/1000000000 loss=3.2719 lr=8.88e-05 tok/s=41,572 eta=18167.990249289913
step=1868 tokens=244842496/1000000000 loss=3.4101 lr=8.88e-05 tok/s=41,332 eta=18270.492192879647
step=1869 tokens=244973568/1000000000 loss=3.2614 lr=8.88e-05 tok/s=41,577 eta=18159.653304872398
step=1870 tokens=245104640/1000000000 loss=3.1676 lr=8.88e-05 tok/s=41,359 eta=18252.208653274214
step=1871 tokens=245235712/1000000000 loss=3.2502 lr=8.88e-05 tok/s=41,581 eta=18151.84084009661
step=1872 tokens=245366784/1000000000 loss=3.3089 lr=8.88e-05 tok/s=41,438 eta=18211.2327603313
step=1873 tokens=245497856/1000000000 loss=3.2079 lr=8.87e-05 tok/s=41,472 eta=18192.882590264016
step=1874 tokens=245628928/1000000000 loss=3.3814 lr=8.87e-05 tok/s=41,664 eta=18105.912593884772
step=1875 tokens=245760000/1000000000 loss=3.2104 lr=8.87e-05 tok/s=41,633 eta=18116.61133854422
step=1876 tokens=245891072/1000000000 loss=3.3157 lr=8.87e-05 tok/s=41,610 eta=18123.084028396002
step=1877 tokens=246022144/1000000000 loss=3.2825 lr=8.87e-05 tok/s=41,467 eta=18182.384487328356
step=1878 tokens=246153216/1000000000 loss=3.1222 lr=8.87e-05 tok/s=41,348 eta=18231.872329289505
step=1879 tokens=246284288/1000000000 loss=3.3603 lr=8.87e-05 tok/s=41,405 eta=18203.455420339604
step=1880 tokens=246415360/1000000000 loss=3.2559 lr=8.87e-05 tok/s=41,335 eta=18231.288651438896
step=1881 tokens=246546432/1000000000 loss=3.3968 lr=8.86e-05 tok/s=41,317 eta=18236.13485262873
step=1882 tokens=246677504/1000000000 loss=3.3116 lr=8.86e-05 tok/s=41,359 eta=18214.423985335354
step=1883 tokens=246808576/1000000000 loss=3.2512 lr=8.86e-05 tok/s=41,407 eta=18189.95066908311
step=1884 tokens=246939648/1000000000 loss=3.2486 lr=8.86e-05 tok/s=41,326 eta=18222.389355448064
step=1885 tokens=247070720/1000000000 loss=3.3523 lr=8.86e-05 tok/s=41,339 eta=18213.669566610377
step=1886 tokens=247201792/1000000000 loss=3.3578 lr=8.86e-05 tok/s=41,230 eta=18258.56930138643
step=1887 tokens=247332864/1000000000 loss=3.2965 lr=8.86e-05 tok/s=41,321 eta=18215.038870066488
step=1888 tokens=247463936/1000000000 loss=3.2322 lr=8.86e-05 tok/s=41,271 eta=18233.951500557778
step=1889 tokens=247595008/1000000000 loss=3.2372 lr=8.85e-05 tok/s=41,204 eta=18260.663621038926
step=1890 tokens=247726080/1000000000 loss=3.1838 lr=8.85e-05 tok/s=41,344 eta=18195.35029339836
step=1891 tokens=247857152/1000000000 loss=3.4480 lr=8.85e-05 tok/s=41,178 eta=18265.74330002052
step=1892 tokens=247988224/1000000000 loss=3.3337 lr=8.85e-05 tok/s=41,284 eta=18215.464196023822
step=1893 tokens=248119296/1000000000 loss=3.2927 lr=8.85e-05 tok/s=41,368 eta=18175.365878400735
step=1894 tokens=248250368/1000000000 loss=3.2421 lr=8.85e-05 tok/s=41,387 eta=18163.96895802647
step=1895 tokens=248381440/1000000000 loss=3.3592 lr=8.85e-05 tok/s=41,346 eta=18178.92167416667
step=1896 tokens=248512512/1000000000 loss=3.4509 lr=8.85e-05 tok/s=41,285 eta=18202.59474468607
step=1897 tokens=248643584/1000000000 loss=3.3086 lr=8.84e-05 tok/s=41,361 eta=18165.826051880325
step=1898 tokens=248774656/1000000000 loss=3.2445 lr=8.84e-05 tok/s=41,294 eta=18192.161348185055
step=1899 tokens=248905728/1000000000 loss=3.2616 lr=8.84e-05 tok/s=41,233 eta=18215.87676181524
step=1900 tokens=249036800/1000000000 loss=3.3185 lr=8.84e-05 tok/s=41,105 eta=18269.24079481082
step=1901 tokens=249167872/1000000000 loss=3.4466 lr=8.84e-05 tok/s=41,046 eta=18292.653713240095
step=1902 tokens=249298944/1000000000 loss=3.3654 lr=8.84e-05 tok/s=41,009 eta=18305.903309142133
step=1903 tokens=249430016/1000000000 loss=3.3161 lr=8.84e-05 tok/s=40,986 eta=18312.933567165594
step=1904 tokens=249561088/1000000000 loss=3.4714 lr=8.84e-05 tok/s=41,380 eta=18135.361109472866
step=1905 tokens=249692160/1000000000 loss=3.2311 lr=8.83e-05 tok/s=41,296 eta=18169.043928103056
step=1906 tokens=249823232/1000000000 loss=3.2559 lr=8.83e-05 tok/s=41,210 eta=18203.782681478628
step=1907 tokens=249954304/1000000000 loss=3.2999 lr=8.83e-05 tok/s=40,930 eta=18324.880035379276
step=1908 tokens=250085376/1000000000 loss=3.2832 lr=8.83e-05 tok/s=29,782 eta=25179.73665072191
checkpoint saved: runs/20260906-225321/checkpoints/tokens_000250m (permanent_tokens)
step=1909 tokens=250216448/1000000000 loss=3.2053 lr=8.83e-05 tok/s=36,187 eta=20719.96167482539
step=1910 tokens=250347520/1000000000 loss=3.3652 lr=8.83e-05 tok/s=41,314 eta=18145.30989868426
step=1911 tokens=250478592/1000000000 loss=3.4058 lr=8.83e-05 tok/s=41,110 eta=18232.023331495708
step=1912 tokens=250609664/1000000000 loss=3.3459 lr=8.83e-05 tok/s=41,213 eta=18183.31370207026
step=1913 tokens=250740736/1000000000 loss=3.3571 lr=8.82e-05 tok/s=41,236 eta=18170.03731941181
step=1914 tokens=250871808/1000000000 loss=3.3821 lr=8.82e-05 tok/s=41,164 eta=18198.701296319658
step=1915 tokens=251002880/1000000000 loss=3.0751 lr=8.82e-05 tok/s=41,267 eta=18149.941085029386
step=1916 tokens=251133952/1000000000 loss=3.3317 lr=8.82e-05 tok/s=41,399 eta=18089.04471482377
step=1917 tokens=251265024/1000000000 loss=3.3372 lr=8.82e-05 tok/s=41,321 eta=18119.75431444589
step=1918 tokens=251396096/1000000000 loss=3.2768 lr=8.82e-05 tok/s=41,305 eta=18123.92989130665
step=1919 tokens=251527168/1000000000 loss=3.1761 lr=8.82e-05 tok/s=41,244 eta=18147.522798743805
step=1920 tokens=251658240/1000000000 loss=3.1791 lr=8.82e-05 tok/s=41,224 eta=18152.84572987478
step=1921 tokens=251789312/1000000000 loss=3.2727 lr=8.81e-05 tok/s=41,147 eta=18183.780636460644
step=1922 tokens=251920384/1000000000 loss=3.3508 lr=8.81e-05 tok/s=41,057 eta=18220.327697430315
step=1923 tokens=252051456/1000000000 loss=3.2155 lr=8.81e-05 tok/s=41,150 eta=18176.123666460942
step=1924 tokens=252182528/1000000000 loss=3.3604 lr=8.81e-05 tok/s=41,137 eta=18178.750520205664
step=1925 tokens=252313600/1000000000 loss=3.3073 lr=8.81e-05 tok/s=41,153 eta=18168.61538175321
step=1926 tokens=252444672/1000000000 loss=3.0903 lr=8.81e-05 tok/s=41,165 eta=18159.773888189644
step=1927 tokens=252575744/1000000000 loss=3.4857 lr=8.81e-05 tok/s=41,083 eta=18192.811606098567
step=1928 tokens=252706816/1000000000 loss=3.2403 lr=8.8e-05 tok/s=41,263 eta=18110.409532970512
step=1929 tokens=252837888/1000000000 loss=3.3447 lr=8.8e-05 tok/s=41,134 eta=18164.001005623875
step=1930 tokens=252968960/1000000000 loss=3.3089 lr=8.8e-05 tok/s=41,177 eta=18142.04514231252
step=1931 tokens=253100032/1000000000 loss=3.3576 lr=8.8e-05 tok/s=41,343 eta=18066.084003248918
step=1932 tokens=253231104/1000000000 loss=3.2359 lr=8.8e-05 tok/s=41,373 eta=18049.77574340348
step=1933 tokens=253362176/1000000000 loss=3.2691 lr=8.8e-05 tok/s=41,263 eta=18094.77230711687
step=1934 tokens=253493248/1000000000 loss=3.2788 lr=8.8e-05 tok/s=41,366 eta=18046.452598663316
step=1935 tokens=253624320/1000000000 loss=3.1239 lr=8.8e-05 tok/s=40,960 eta=18222.00515744133
step=1936 tokens=253755392/1000000000 loss=3.4743 lr=8.79e-05 tok/s=41,129 eta=18144.096603852886
step=1937 tokens=253886464/1000000000 loss=3.3259 lr=8.79e-05 tok/s=41,092 eta=18157.102765580556
step=1938 tokens=254017536/1000000000 loss=3.1805 lr=8.79e-05 tok/s=41,137 eta=18134.271355900753
step=1939 tokens=254148608/1000000000 loss=3.0757 lr=8.79e-05 tok/s=41,100 eta=18147.32806951123
step=1940 tokens=254279680/1000000000 loss=3.2421 lr=8.79e-05 tok/s=41,116 eta=18136.912176429018
step=1941 tokens=254410752/1000000000 loss=3.2822 lr=8.79e-05 tok/s=41,188 eta=18101.884691486404
step=1942 tokens=254541824/1000000000 loss=3.0788 lr=8.79e-05 tok/s=41,177 eta=18103.96021166164
step=1943 tokens=254672896/1000000000 loss=3.3133 lr=8.79e-05 tok/s=41,122 eta=18124.695521223613
step=1944 tokens=254803968/1000000000 loss=3.3315 lr=8.78e-05 tok/s=40,969 eta=18189.140736679798
step=1945 tokens=254935040/1000000000 loss=3.2389 lr=8.78e-05 tok/s=41,027 eta=18160.47220236468
step=1946 tokens=255066112/1000000000 loss=3.2360 lr=8.78e-05 tok/s=41,163 eta=18097.162660674585
step=1947 tokens=255197184/1000000000 loss=3.3701 lr=8.78e-05 tok/s=41,263 eta=18050.138457010635
step=1948 tokens=255328256/1000000000 loss=3.4090 lr=8.78e-05 tok/s=41,226 eta=18063.140174546726
step=1949 tokens=255459328/1000000000 loss=3.4617 lr=8.78e-05 tok/s=41,243 eta=18052.398930315918
step=1950 tokens=255590400/1000000000 loss=3.3095 lr=8.78e-05 tok/s=40,993 eta=18159.379970251564
step=1951 tokens=255721472/1000000000 loss=3.3288 lr=8.78e-05 tok/s=40,851 eta=18219.28996667229
step=1952 tokens=255852544/1000000000 loss=3.3603 lr=8.77e-05 tok/s=41,083 eta=18113.326802554722
step=1953 tokens=255983616/1000000000 loss=3.3113 lr=8.77e-05 tok/s=41,193 eta=18061.751121114765
step=1954 tokens=256114688/1000000000 loss=3.2842 lr=8.77e-05 tok/s=41,178 eta=18064.929857227216
step=1955 tokens=256245760/1000000000 loss=3.3778 lr=8.77e-05 tok/s=41,233 eta=18037.7664821874
step=1956 tokens=256376832/1000000000 loss=3.3772 lr=8.77e-05 tok/s=41,179 eta=18058.280049756537
step=1957 tokens=256507904/1000000000 loss=3.2724 lr=8.77e-05 tok/s=41,174 eta=18057.17341964369
step=1958 tokens=256638976/1000000000 loss=3.3829 lr=8.77e-05 tok/s=41,095 eta=18089.03085076979
step=1959 tokens=256770048/1000000000 loss=3.3488 lr=8.76e-05 tok/s=41,082 eta=18091.28535102324
step=1960 tokens=256901120/1000000000 loss=3.2164 lr=8.76e-05 tok/s=41,156 eta=18055.63068117879
step=1961 tokens=257032192/1000000000 loss=3.3732 lr=8.76e-05 tok/s=41,126 eta=18065.855052227977
step=1962 tokens=257163264/1000000000 loss=3.1245 lr=8.76e-05 tok/s=41,050 eta=18096.074791359442
step=1963 tokens=257294336/1000000000 loss=3.3703 lr=8.76e-05 tok/s=41,031 eta=18101.08188232569
step=1964 tokens=257425408/1000000000 loss=3.3450 lr=8.76e-05 tok/s=41,074 eta=18078.857592634005
step=1965 tokens=257556480/1000000000 loss=3.3825 lr=8.76e-05 tok/s=41,134 eta=18049.586229182707
step=1966 tokens=257687552/1000000000 loss=3.4465 lr=8.76e-05 tok/s=40,980 eta=18113.907529310774
step=1967 tokens=257818624/1000000000 loss=3.2881 lr=8.75e-05 tok/s=41,078 eta=18067.439945236452
step=1968 tokens=257949696/1000000000 loss=3.2694 lr=8.75e-05 tok/s=41,102 eta=18053.94357868806
step=1969 tokens=258080768/1000000000 loss=3.3347 lr=8.75e-05 tok/s=40,809 eta=18180.108719692158
step=1970 tokens=258211840/1000000000 loss=3.3069 lr=8.75e-05 tok/s=40,895 eta=18138.63811308459
step=1971 tokens=258342912/1000000000 loss=3.3718 lr=8.75e-05 tok/s=41,081 eta=18053.697373486768
step=1972 tokens=258473984/1000000000 loss=3.3871 lr=8.75e-05 tok/s=41,163 eta=18014.459299918046
step=1973 tokens=258605056/1000000000 loss=3.2835 lr=8.75e-05 tok/s=41,303 eta=17949.973591712045
step=1974 tokens=258736128/1000000000 loss=3.4683 lr=8.75e-05 tok/s=41,111 eta=18030.636065133564
step=1975 tokens=258867200/1000000000 loss=3.2520 lr=8.74e-05 tok/s=41,165 eta=18004.145238279692
step=1976 tokens=258998272/1000000000 loss=3.2044 lr=8.74e-05 tok/s=41,196 eta=17987.201190702835
step=1977 tokens=259129344/1000000000 loss=3.3879 lr=8.74e-05 tok/s=41,179 eta=17991.475583522406
step=1978 tokens=259260416/1000000000 loss=3.4784 lr=8.74e-05 tok/s=41,200 eta=17979.12298700733
step=1979 tokens=259391488/1000000000 loss=3.3736 lr=8.74e-05 tok/s=41,160 eta=17993.61444452919
step=1980 tokens=259522560/1000000000 loss=3.1586 lr=8.74e-05 tok/s=41,230 eta=17959.7706357152
step=1981 tokens=259653632/1000000000 loss=3.2542 lr=8.74e-05 tok/s=40,919 eta=18093.039502496144
step=1982 tokens=259784704/1000000000 loss=3.4702 lr=8.73e-05 tok/s=41,208 eta=17962.950313385907
step=1983 tokens=259915776/1000000000 loss=3.3300 lr=8.73e-05 tok/s=41,277 eta=17929.67571471158
step=1984 tokens=260046848/1000000000 loss=3.3454 lr=8.73e-05 tok/s=29,823 eta=24811.339230335172
step=1985 tokens=260177920/1000000000 loss=3.2308 lr=8.73e-05 tok/s=41,023 eta=18034.422424865206
step=1986 tokens=260308992/1000000000 loss=3.2794 lr=8.73e-05 tok/s=41,043 eta=18022.505568466455
step=1987 tokens=260440064/1000000000 loss=3.2261 lr=8.73e-05 tok/s=40,946 eta=18061.616919030977
step=1988 tokens=260571136/1000000000 loss=3.3083 lr=8.73e-05 tok/s=40,937 eta=18062.405638388376
step=1989 tokens=260702208/1000000000 loss=3.3327 lr=8.73e-05 tok/s=41,058 eta=18005.987870132954
step=1990 tokens=260833280/1000000000 loss=3.2937 lr=8.72e-05 tok/s=41,083 eta=17991.831059532175
step=1991 tokens=260964352/1000000000 loss=3.2385 lr=8.72e-05 tok/s=41,179 eta=17946.924252925815
step=1992 tokens=261095424/1000000000 loss=3.2302 lr=8.72e-05 tok/s=41,088 eta=17983.619717727746
step=1993 tokens=261226496/1000000000 loss=3.3130 lr=8.72e-05 tok/s=40,977 eta=18029.187312554564
step=1994 tokens=261357568/1000000000 loss=3.3527 lr=8.72e-05 tok/s=41,010 eta=18011.306591414635
step=1995 tokens=261488640/1000000000 loss=3.3329 lr=8.72e-05 tok/s=40,907 eta=18053.455452456583
step=1996 tokens=261619712/1000000000 loss=3.3559 lr=8.72e-05 tok/s=41,102 eta=17964.372364284187
step=1997 tokens=261750784/1000000000 loss=3.2883 lr=8.71e-05 tok/s=41,136 eta=17946.577728713546
step=1998 tokens=261881856/1000000000 loss=3.1995 lr=8.71e-05 tok/s=41,106 eta=17956.48234586952
step=1999 tokens=262012928/1000000000 loss=3.4658 lr=8.71e-05 tok/s=41,035 eta=17984.37927296288
step=2000 tokens=262144000/1000000000 loss=3.3779 lr=8.71e-05 tok/s=40,841 eta=18066.481597995804
step=2001 tokens=262275072/1000000000 loss=3.2292 lr=8.71e-05 tok/s=41,094 eta=17952.289036434337
step=2002 tokens=262406144/1000000000 loss=3.3497 lr=8.71e-05 tok/s=41,044 eta=17970.960132037726
step=2003 tokens=262537216/1000000000 loss=3.4228 lr=8.71e-05 tok/s=40,931 eta=18017.004594172828
step=2004 tokens=262668288/1000000000 loss=3.3122 lr=8.71e-05 tok/s=41,070 eta=17953.171429742564
step=2005 tokens=262799360/1000000000 loss=3.2365 lr=8.7e-05 tok/s=41,067 eta=17951.022071997642
step=2006 tokens=262930432/1000000000 loss=3.2391 lr=8.7e-05 tok/s=40,963 eta=17993.62795115278
step=2007 tokens=263061504/1000000000 loss=3.3004 lr=8.7e-05 tok/s=40,966 eta=17988.983103004695
step=2008 tokens=263192576/1000000000 loss=3.3513 lr=8.7e-05 tok/s=41,090 eta=17931.58941794124
step=2009 tokens=263323648/1000000000 loss=3.3496 lr=8.7e-05 tok/s=41,142 eta=17905.902377610262
step=2010 tokens=263454720/1000000000 loss=3.1174 lr=8.7e-05 tok/s=41,086 eta=17927.049740145576
step=2011 tokens=263585792/1000000000 loss=3.3821 lr=8.7e-05 tok/s=41,097 eta=17918.873907073317
step=2012 tokens=263716864/1000000000 loss=3.3781 lr=8.7e-05 tok/s=41,117 eta=17907.16223294894
step=2013 tokens=263847936/1000000000 loss=3.3180 lr=8.69e-05 tok/s=41,028 eta=17942.547886508222
step=2014 tokens=263979008/1000000000 loss=3.3901 lr=8.69e-05 tok/s=40,892 eta=17998.952601408033
step=2015 tokens=264110080/1000000000 loss=3.2049 lr=8.69e-05 tok/s=41,023 eta=17938.467880043438
step=2016 tokens=264241152/1000000000 loss=3.3649 lr=8.69e-05 tok/s=41,004 eta=17943.425677964067
step=2017 tokens=264372224/1000000000 loss=3.2787 lr=8.69e-05 tok/s=41,162 eta=17871.663251862778
step=2018 tokens=264503296/1000000000 loss=3.4990 lr=8.69e-05 tok/s=41,072 eta=17907.486158688793
step=2019 tokens=264634368/1000000000 loss=3.4478 lr=8.69e-05 tok/s=41,149 eta=17871.003226416837
step=2020 tokens=264765440/1000000000 loss=3.3165 lr=8.68e-05 tok/s=41,134 eta=17874.055613591525
step=2021 tokens=264896512/1000000000 loss=3.2969 lr=8.68e-05 tok/s=41,195 eta=17844.64956568
step=2022 tokens=265027584/1000000000 loss=3.3356 lr=8.68e-05 tok/s=41,148 eta=17861.787906319405
step=2023 tokens=265158656/1000000000 loss=3.3418 lr=8.68e-05 tok/s=41,018 eta=17915.254423401988
step=2024 tokens=265289728/1000000000 loss=3.3014 lr=8.68e-05 tok/s=40,926 eta=17952.071599259874
step=2025 tokens=265420800/1000000000 loss=3.3133 lr=8.68e-05 tok/s=41,055 eta=17892.735733893296
step=2026 tokens=265551872/1000000000 loss=3.1792 lr=8.68e-05 tok/s=40,982 eta=17921.201777235034
step=2027 tokens=265682944/1000000000 loss=3.2703 lr=8.68e-05 tok/s=41,218 eta=17815.246313495783
step=2028 tokens=265814016/1000000000 loss=3.3175 lr=8.67e-05 tok/s=41,279 eta=17785.944085408875
step=2029 tokens=265945088/1000000000 loss=3.3549 lr=8.67e-05 tok/s=41,007 eta=17900.928554035436
step=2030 tokens=266076160/1000000000 loss=3.3166 lr=8.67e-05 tok/s=41,106 eta=17854.60559762833
step=2031 tokens=266207232/1000000000 loss=3.0853 lr=8.67e-05 tok/s=40,965 eta=17912.681841336303
step=2032 tokens=266338304/1000000000 loss=3.2128 lr=8.67e-05 tok/s=41,161 eta=17824.05247817841
step=2033 tokens=266469376/1000000000 loss=3.2998 lr=8.67e-05 tok/s=41,190 eta=17808.581313114784
step=2034 tokens=266600448/1000000000 loss=3.3897 lr=8.67e-05 tok/s=41,043 eta=17868.87270622313
step=2035 tokens=266731520/1000000000 loss=3.3517 lr=8.66e-05 tok/s=41,044 eta=17865.603344069146
step=2036 tokens=266862592/1000000000 loss=3.3118 lr=8.66e-05 tok/s=40,876 eta=17935.648102481427
step=2037 tokens=266993664/1000000000 loss=3.1740 lr=8.66e-05 tok/s=40,993 eta=17881.099446000604
step=2038 tokens=267124736/1000000000 loss=3.2667 lr=8.66e-05 tok/s=40,938 eta=17902.176496753455
step=2039 tokens=267255808/1000000000 loss=3.1596 lr=8.66e-05 tok/s=40,943 eta=17896.767241286456
step=2040 tokens=267386880/1000000000 loss=3.2995 lr=8.66e-05 tok/s=41,037 eta=17852.55919420406
step=2041 tokens=267517952/1000000000 loss=3.2527 lr=8.66e-05 tok/s=40,933 eta=17894.6798587293
step=2042 tokens=267649024/1000000000 loss=3.4838 lr=8.65e-05 tok/s=40,986 eta=17868.228042301762
step=2043 tokens=267780096/1000000000 loss=3.2754 lr=8.65e-05 tok/s=41,122 eta=17806.06847104776
step=2044 tokens=267911168/1000000000 loss=3.1871 lr=8.65e-05 tok/s=40,986 eta=17861.882839509304
step=2045 tokens=268042240/1000000000 loss=3.2814 lr=8.65e-05 tok/s=40,956 eta=17871.817278737173
step=2046 tokens=268173312/1000000000 loss=3.1191 lr=8.65e-05 tok/s=41,103 eta=17804.889941851714
step=2047 tokens=268304384/1000000000 loss=3.1367 lr=8.65e-05 tok/s=41,144 eta=17783.922990367617
step=2048 tokens=268435456/1000000000 loss=3.3567 lr=8.65e-05 tok/s=41,224 eta=17746.01272330305
step=2049 tokens=268566528/1000000000 loss=3.4552 lr=8.65e-05 tok/s=41,055 eta=17815.874410122884
step=2050 tokens=268697600/1000000000 loss=3.2082 lr=8.64e-05 tok/s=41,062 eta=17809.844911242875
step=2051 tokens=268828672/1000000000 loss=3.3566 lr=8.64e-05 tok/s=40,932 eta=17862.935278105808
step=2052 tokens=268959744/1000000000 loss=3.3987 lr=8.64e-05 tok/s=41,098 eta=17787.718939253464
step=2053 tokens=269090816/1000000000 loss=3.3277 lr=8.64e-05 tok/s=41,110 eta=17779.337411019165
step=2054 tokens=269221888/1000000000 loss=3.3132 lr=8.64e-05 tok/s=41,187 eta=17743.05605672959
step=2055 tokens=269352960/1000000000 loss=3.3890 lr=8.64e-05 tok/s=41,185 eta=17740.584696103328
step=2056 tokens=269484032/1000000000 loss=3.3152 lr=8.64e-05 tok/s=41,063 eta=17790.25757563683
step=2057 tokens=269615104/1000000000 loss=3.4711 lr=8.63e-05 tok/s=41,126 eta=17759.48024228302
step=2058 tokens=269746176/1000000000 loss=3.3064 lr=8.63e-05 tok/s=41,007 eta=17807.91531395939
step=2059 tokens=269877248/1000000000 loss=3.3522 lr=8.63e-05 tok/s=41,128 eta=17752.47431623763
step=2060 tokens=270008320/1000000000 loss=3.3481 lr=8.63e-05 tok/s=29,784 eta=24509.591495119468
step=2061 tokens=270139392/1000000000 loss=3.4425 lr=8.63e-05 tok/s=41,583 eta=17552.09329149479
step=2062 tokens=270270464/1000000000 loss=3.2992 lr=8.63e-05 tok/s=41,338 eta=17652.56589431286
step=2063 tokens=270401536/1000000000 loss=3.2448 lr=8.63e-05 tok/s=41,235 eta=17693.71289098357
step=2064 tokens=270532608/1000000000 loss=3.1707 lr=8.63e-05 tok/s=41,255 eta=17681.837716634724
step=2065 tokens=270663680/1000000000 loss=3.3080 lr=8.62e-05 tok/s=41,358 eta=17634.4996244372
step=2066 tokens=270794752/1000000000 loss=3.2781 lr=8.62e-05 tok/s=41,140 eta=17724.896198806444
step=2067 tokens=270925824/1000000000 loss=3.0558 lr=8.62e-05 tok/s=41,307 eta=17650.047136576464
step=2068 tokens=271056896/1000000000 loss=3.2554 lr=8.62e-05 tok/s=41,234 eta=17678.288549967056
step=2069 tokens=271187968/1000000000 loss=3.2289 lr=8.62e-05 tok/s=41,106 eta=17730.26856223694
step=2070 tokens=271319040/1000000000 loss=3.2099 lr=8.62e-05 tok/s=41,131 eta=17715.91014498283
step=2071 tokens=271450112/1000000000 loss=3.2635 lr=8.62e-05 tok/s=41,188 eta=17688.291621176428
step=2072 tokens=271581184/1000000000 loss=3.2776 lr=8.61e-05 tok/s=41,021 eta=17757.33552151986
step=2073 tokens=271712256/1000000000 loss=3.5013 lr=8.61e-05 tok/s=41,336 eta=17618.63671547545
step=2074 tokens=271843328/1000000000 loss=3.2123 lr=8.61e-05 tok/s=41,141 eta=17699.26338309221
step=2075 tokens=271974400/1000000000 loss=3.3732 lr=8.61e-05 tok/s=40,958 eta=17775.002492313095
step=2076 tokens=272105472/1000000000 loss=3.2456 lr=8.61e-05 tok/s=41,122 eta=17700.893183130505
step=2077 tokens=272236544/1000000000 loss=3.1637 lr=8.61e-05 tok/s=41,049 eta=17729.119476208216
step=2078 tokens=272367616/1000000000 loss=3.3534 lr=8.61e-05 tok/s=40,819 eta=17825.69241091978
step=2079 tokens=272498688/1000000000 loss=3.3397 lr=8.6e-05 tok/s=41,124 eta=17690.536125923336
step=2080 tokens=272629760/1000000000 loss=3.1949 lr=8.6e-05 tok/s=41,153 eta=17674.65237555607
step=2081 tokens=272760832/1000000000 loss=3.4415 lr=8.6e-05 tok/s=41,094 eta=17696.830116025892
step=2082 tokens=272891904/1000000000 loss=3.3792 lr=8.6e-05 tok/s=41,124 eta=17680.72083210449
step=2083 tokens=273022976/1000000000 loss=3.4513 lr=8.6e-05 tok/s=40,942 eta=17756.201034885748
step=2084 tokens=273154048/1000000000 loss=3.4761 lr=8.6e-05 tok/s=41,152 eta=17662.637202825692
step=2085 tokens=273285120/1000000000 loss=3.1939 lr=8.6e-05 tok/s=40,976 eta=17735.198012800345
step=2086 tokens=273416192/1000000000 loss=3.2368 lr=8.59e-05 tok/s=41,008 eta=17718.026576372144
step=2087 tokens=273547264/1000000000 loss=3.2897 lr=8.59e-05 tok/s=40,789 eta=17809.85475006484
step=2088 tokens=273678336/1000000000 loss=3.1433 lr=8.59e-05 tok/s=40,949 eta=17737.23192837216
step=2089 tokens=273809408/1000000000 loss=3.3137 lr=8.59e-05 tok/s=41,090 eta=17673.074417143114
step=2090 tokens=273940480/1000000000 loss=3.2708 lr=8.59e-05 tok/s=40,693 eta=17842.427054259446
step=2091 tokens=274071552/1000000000 loss=3.3138 lr=8.59e-05 tok/s=40,813 eta=17786.565108368264
step=2092 tokens=274202624/1000000000 loss=3.2314 lr=8.59e-05 tok/s=41,060 eta=17676.667377915397
step=2093 tokens=274333696/1000000000 loss=3.3481 lr=8.59e-05 tok/s=41,092 eta=17659.67669785811
step=2094 tokens=274464768/1000000000 loss=3.2631 lr=8.58e-05 tok/s=41,105 eta=17650.773846268105
step=2095 tokens=274595840/1000000000 loss=3.2662 lr=8.58e-05 tok/s=41,032 eta=17678.865937172362
step=2096 tokens=274726912/1000000000 loss=3.1793 lr=8.58e-05 tok/s=41,110 eta=17642.45619460514
step=2097 tokens=274857984/1000000000 loss=3.3601 lr=8.58e-05 tok/s=41,086 eta=17649.18914928598
step=2098 tokens=274989056/1000000000 loss=3.4936 lr=8.58e-05 tok/s=41,062 eta=17656.47865949664
step=2099 tokens=275120128/1000000000 loss=3.4567 lr=8.58e-05 tok/s=41,045 eta=17660.525709530524
step=2100 tokens=275251200/1000000000 loss=3.2879 lr=8.58e-05 tok/s=41,086 eta=17639.74798191256
step=2101 tokens=275382272/1000000000 loss=3.3831 lr=8.57e-05 tok/s=41,281 eta=17553.158794310944
step=2102 tokens=275513344/1000000000 loss=3.3742 lr=8.57e-05 tok/s=41,250 eta=17563.4415047132
step=2103 tokens=275644416/1000000000 loss=3.3966 lr=8.57e-05 tok/s=41,231 eta=17568.086993148856
step=2104 tokens=275775488/1000000000 loss=3.4212 lr=8.57e-05 tok/s=41,122 eta=17611.725260554016
step=2105 tokens=275906560/1000000000 loss=3.2153 lr=8.57e-05 tok/s=40,928 eta=17691.889540231543
step=2106 tokens=276037632/1000000000 loss=3.1451 lr=8.57e-05 tok/s=41,011 eta=17652.988388437752
step=2107 tokens=276168704/1000000000 loss=3.1972 lr=8.57e-05 tok/s=41,162 eta=17585.009127495563
step=2108 tokens=276299776/1000000000 loss=3.3915 lr=8.56e-05 tok/s=41,292 eta=17526.406885403783
step=2109 tokens=276430848/1000000000 loss=3.3280 lr=8.56e-05 tok/s=41,027 eta=17636.42949043244
step=2110 tokens=276561920/1000000000 loss=3.0976 lr=8.56e-05 tok/s=40,990 eta=17649.204181792218
step=2111 tokens=276692992/1000000000 loss=3.2763 lr=8.56e-05 tok/s=41,219 eta=17547.97285063633
step=2112 tokens=276824064/1000000000 loss=3.2319 lr=8.56e-05 tok/s=41,076 eta=17605.763757634268
step=2113 tokens=276955136/1000000000 loss=3.1931 lr=8.56e-05 tok/s=41,224 eta=17539.612364829343
step=2114 tokens=277086208/1000000000 loss=3.3631 lr=8.56e-05 tok/s=40,967 eta=17646.312238328268
step=2115 tokens=277217280/1000000000 loss=3.2754 lr=8.55e-05 tok/s=41,041 eta=17611.066542121855
step=2116 tokens=277348352/1000000000 loss=3.3613 lr=8.55e-05 tok/s=40,958 eta=17643.51238034706
step=2117 tokens=277479424/1000000000 loss=3.2939 lr=8.55e-05 tok/s=40,862 eta=17682.096141335285
step=2118 tokens=277610496/1000000000 loss=3.3222 lr=8.55e-05 tok/s=40,933 eta=17648.145036027854
step=2119 tokens=277741568/1000000000 loss=3.2726 lr=8.55e-05 tok/s=40,869 eta=17672.538790311293
step=2120 tokens=277872640/1000000000 loss=3.2099 lr=8.55e-05 tok/s=40,666 eta=17757.681343639833
step=2121 tokens=278003712/1000000000 loss=3.3561 lr=8.55e-05 tok/s=41,030 eta=17596.8896287154
step=2122 tokens=278134784/1000000000 loss=3.3990 lr=8.55e-05 tok/s=40,907 eta=17646.578642026507
step=2123 tokens=278265856/1000000000 loss=3.2337 lr=8.54e-05 tok/s=40,902 eta=17645.432099494847
step=2124 tokens=278396928/1000000000 loss=3.4158 lr=8.54e-05 tok/s=41,121 eta=17548.475436064844
step=2125 tokens=278528000/1000000000 loss=3.3464 lr=8.54e-05 tok/s=40,816 eta=17676.388214418097
step=2126 tokens=278659072/1000000000 loss=3.3940 lr=8.54e-05 tok/s=40,825 eta=17669.039780719155
step=2127 tokens=278790144/1000000000 loss=3.2586 lr=8.54e-05 tok/s=40,786 eta=17682.712129470972
step=2128 tokens=278921216/1000000000 loss=3.3871 lr=8.54e-05 tok/s=40,734 eta=17702.07263191889
step=2129 tokens=279052288/1000000000 loss=3.3332 lr=8.54e-05 tok/s=40,843 eta=17651.769834337112
step=2130 tokens=279183360/1000000000 loss=3.3183 lr=8.53e-05 tok/s=40,832 eta=17653.114034898375
step=2131 tokens=279314432/1000000000 loss=3.2911 lr=8.53e-05 tok/s=40,742 eta=17689.040557549208
step=2132 tokens=279445504/1000000000 loss=3.3765 lr=8.53e-05 tok/s=40,740 eta=17686.59322955623
step=2133 tokens=279576576/1000000000 loss=3.3916 lr=8.53e-05 tok/s=40,728 eta=17688.46166506037
step=2134 tokens=279707648/1000000000 loss=3.2857 lr=8.53e-05 tok/s=40,797 eta=17655.350509031825
step=2135 tokens=279838720/1000000000 loss=3.3341 lr=8.53e-05 tok/s=40,761 eta=17667.90328291267
step=2136 tokens=279969792/1000000000 loss=3.4064 lr=8.53e-05 tok/s=40,725 eta=17680.433376146244
step=2137 tokens=280100864/1000000000 loss=3.2600 lr=8.52e-05 tok/s=29,653 eta=24277.610735693237
step=2138 tokens=280231936/1000000000 loss=3.3694 lr=8.52e-05 tok/s=40,963 eta=17571.314551575193
step=2139 tokens=280363008/1000000000 loss=3.1968 lr=8.52e-05 tok/s=40,800 eta=17638.189752957805
step=2140 tokens=280494080/1000000000 loss=3.1702 lr=8.52e-05 tok/s=40,960 eta=17566.151570801474
step=2141 tokens=280625152/1000000000 loss=3.1941 lr=8.52e-05 tok/s=40,846 eta=17611.715336449382
step=2142 tokens=280756224/1000000000 loss=3.1764 lr=8.52e-05 tok/s=40,948 eta=17565.015886901772
step=2143 tokens=280887296/1000000000 loss=3.2670 lr=8.52e-05 tok/s=40,854 eta=17602.210197229906
step=2144 tokens=281018368/1000000000 loss=3.3537 lr=8.51e-05 tok/s=40,627 eta=17696.998925934644
step=2145 tokens=281149440/1000000000 loss=3.2794 lr=8.51e-05 tok/s=40,883 eta=17583.291700515794
step=2146 tokens=281280512/1000000000 loss=3.2912 lr=8.51e-05 tok/s=41,067 eta=17501.19651067074
step=2147 tokens=281411584/1000000000 loss=3.2603 lr=8.51e-05 tok/s=41,017 eta=17519.40287686337
step=2148 tokens=281542656/1000000000 loss=3.2549 lr=8.51e-05 tok/s=40,865 eta=17581.21763311633
step=2149 tokens=281673728/1000000000 loss=3.2382 lr=8.51e-05 tok/s=40,828 eta=17594.088398474927
step=2150 tokens=281804800/1000000000 loss=3.2274 lr=8.51e-05 tok/s=41,024 eta=17506.503271482998
step=2151 tokens=281935872/1000000000 loss=3.2398 lr=8.5e-05 tok/s=40,945 eta=17537.229150427484
step=2152 tokens=282066944/1000000000 loss=3.0587 lr=8.5e-05 tok/s=41,288 eta=17388.33707177968
step=2153 tokens=282198016/1000000000 loss=3.1696 lr=8.5e-05 tok/s=41,170 eta=17435.197269108496
step=2154 tokens=282329088/1000000000 loss=3.2754 lr=8.5e-05 tok/s=41,277 eta=17386.645386410957
step=2155 tokens=282460160/1000000000 loss=3.2683 lr=8.5e-05 tok/s=41,320 eta=17365.400933669483
step=2156 tokens=282591232/1000000000 loss=3.4362 lr=8.5e-05 tok/s=40,850 eta=17561.946659474645
step=2157 tokens=282722304/1000000000 loss=3.4062 lr=8.5e-05 tok/s=40,783 eta=17587.83506329581
step=2158 tokens=282853376/1000000000 loss=3.2069 lr=8.49e-05 tok/s=40,984 eta=17498.012289741528
step=2159 tokens=282984448/1000000000 loss=3.4960 lr=8.49e-05 tok/s=40,904 eta=17529.328751253855
step=2160 tokens=283115520/1000000000 loss=3.2750 lr=8.49e-05 tok/s=41,005 eta=17482.966880208816
step=2161 tokens=283246592/1000000000 loss=3.2973 lr=8.49e-05 tok/s=41,033 eta=17467.638863961172
step=2162 tokens=283377664/1000000000 loss=3.1339 lr=8.49e-05 tok/s=41,055 eta=17455.228104882706
step=2163 tokens=283508736/1000000000 loss=3.3328 lr=8.49e-05 tok/s=40,904 eta=17516.555464548812
step=2164 tokens=283639808/1000000000 loss=3.2853 lr=8.49e-05 tok/s=41,064 eta=17445.01068708637
step=2165 tokens=283770880/1000000000 loss=3.4437 lr=8.48e-05 tok/s=41,066 eta=17440.9227815246
step=2166 tokens=283901952/1000000000 loss=3.2765 lr=8.48e-05 tok/s=41,078 eta=17432.794542898915
step=2167 tokens=284033024/1000000000 loss=3.3137 lr=8.48e-05 tok/s=40,949 eta=17484.313078916584
step=2168 tokens=284164096/1000000000 loss=3.3360 lr=8.48e-05 tok/s=41,098 eta=17417.766042192157
step=2169 tokens=284295168/1000000000 loss=3.4338 lr=8.48e-05 tok/s=40,803 eta=17540.706093440553
step=2170 tokens=284426240/1000000000 loss=3.3940 lr=8.48e-05 tok/s=40,800 eta=17538.6950709207
step=2171 tokens=284557312/1000000000 loss=3.2669 lr=8.48e-05 tok/s=40,896 eta=17494.25531639889
step=2172 tokens=284688384/1000000000 loss=3.2661 lr=8.47e-05 tok/s=41,003 eta=17445.418904949525
step=2173 tokens=284819456/1000000000 loss=3.2415 lr=8.47e-05 tok/s=41,007 eta=17440.310654561123
step=2174 tokens=284950528/1000000000 loss=3.3696 lr=8.47e-05 tok/s=41,099 eta=17398.225267810423
step=2175 tokens=285081600/1000000000 loss=3.3375 lr=8.47e-05 tok/s=41,061 eta=17411.133655017606
step=2176 tokens=285212672/1000000000 loss=3.1656 lr=8.47e-05 tok/s=41,079 eta=17400.172745262
step=2177 tokens=285343744/1000000000 loss=3.2973 lr=8.47e-05 tok/s=41,026 eta=17419.4016977485
step=2178 tokens=285474816/1000000000 loss=3.3577 lr=8.47e-05 tok/s=40,990 eta=17431.614353474037
step=2179 tokens=285605888/1000000000 loss=3.3814 lr=8.47e-05 tok/s=40,974 eta=17435.447664945328
step=2180 tokens=285736960/1000000000 loss=3.4788 lr=8.46e-05 tok/s=40,950 eta=17442.484013380585
step=2181 tokens=285868032/1000000000 loss=3.3626 lr=8.46e-05 tok/s=40,820 eta=17494.55734422266
step=2182 tokens=285999104/1000000000 loss=3.2159 lr=8.46e-05 tok/s=40,976 eta=17424.79362427394
step=2183 tokens=286130176/1000000000 loss=3.3260 lr=8.46e-05 tok/s=40,839 eta=17480.245806159222
step=2184 tokens=286261248/1000000000 loss=3.3462 lr=8.46e-05 tok/s=40,914 eta=17445.036709736472
step=2185 tokens=286392320/1000000000 loss=3.3833 lr=8.46e-05 tok/s=40,930 eta=17435.012368035164
step=2186 tokens=286523392/1000000000 loss=3.1158 lr=8.46e-05 tok/s=41,005 eta=17399.64144388147
step=2187 tokens=286654464/1000000000 loss=3.1865 lr=8.45e-05 tok/s=40,880 eta=17449.933704544303
step=2188 tokens=286785536/1000000000 loss=3.3708 lr=8.45e-05 tok/s=41,085 eta=17359.65126853452
step=2189 tokens=286916608/1000000000 loss=3.2289 lr=8.45e-05 tok/s=41,107 eta=17346.892086960816
checkpoint saved: runs/20260906-225321/checkpoints/step_000002189 (time)
step=2190 tokens=287047680/1000000000 loss=3.3147 lr=8.45e-05 tok/s=36,334 eta=19622.30722730685
step=2191 tokens=287178752/1000000000 loss=3.1724 lr=8.45e-05 tok/s=41,203 eta=17300.023949592818
step=2192 tokens=287309824/1000000000 loss=3.1671 lr=8.45e-05 tok/s=40,967 eta=17396.774210371048
step=2193 tokens=287440896/1000000000 loss=3.2072 lr=8.45e-05 tok/s=40,935 eta=17407.137040101585
step=2194 tokens=287571968/1000000000 loss=3.3813 lr=8.44e-05 tok/s=41,223 eta=17282.193175026947
step=2195 tokens=287703040/1000000000 loss=3.2109 lr=8.44e-05 tok/s=41,159 eta=17306.01914829335
step=2196 tokens=287834112/1000000000 loss=3.2981 lr=8.44e-05 tok/s=41,163 eta=17301.04554881234
step=2197 tokens=287965184/1000000000 loss=3.3345 lr=8.44e-05 tok/s=41,077 eta=17333.957736128355
step=2198 tokens=288096256/1000000000 loss=3.2820 lr=8.44e-05 tok/s=41,154 eta=17298.691817973657
step=2199 tokens=288227328/1000000000 loss=3.2239 lr=8.44e-05 tok/s=40,927 eta=17391.35821309753
step=2200 tokens=288358400/1000000000 loss=3.1936 lr=8.44e-05 tok/s=40,781 eta=17450.164868083488
step=2201 tokens=288489472/1000000000 loss=3.3301 lr=8.43e-05 tok/s=40,923 eta=17386.50512982986
step=2202 tokens=288620544/1000000000 loss=3.1309 lr=8.43e-05 tok/s=40,808 eta=17432.475322064987
step=2203 tokens=288751616/1000000000 loss=3.1949 lr=8.43e-05 tok/s=40,704 eta=17473.57792265393
step=2204 tokens=288882688/1000000000 loss=3.4056 lr=8.43e-05 tok/s=40,996 eta=17346.158158205173
step=2205 tokens=289013760/1000000000 loss=3.3177 lr=8.43e-05 tok/s=40,854 eta=17403.306382200622
step=2206 tokens=289144832/1000000000 loss=3.1975 lr=8.43e-05 tok/s=41,044 eta=17319.338620360482
step=2207 tokens=289275904/1000000000 loss=3.2346 lr=8.42e-05 tok/s=41,020 eta=17326.382152503218
step=2208 tokens=289406976/1000000000 loss=3.2621 lr=8.42e-05 tok/s=41,040 eta=17314.66667584701
step=2209 tokens=289538048/1000000000 loss=3.3935 lr=8.42e-05 tok/s=41,120 eta=17277.755952573436
step=2210 tokens=289669120/1000000000 loss=3.2679 lr=8.42e-05 tok/s=40,893 eta=17370.57907218558
step=2211 tokens=289800192/1000000000 loss=3.2929 lr=8.42e-05 tok/s=41,104 eta=17278.123250972298
step=2212 tokens=289931264/1000000000 loss=3.3142 lr=8.42e-05 tok/s=41,050 eta=17297.82830507247
step=2213 tokens=290062336/1000000000 loss=3.3772 lr=8.42e-05 tok/s=29,722 eta=23886.22464907448
step=2214 tokens=290193408/1000000000 loss=3.2085 lr=8.41e-05 tok/s=41,057 eta=17288.29956218965
step=2215 tokens=290324480/1000000000 loss=3.4090 lr=8.41e-05 tok/s=41,161 eta=17241.64876488835
step=2216 tokens=290455552/1000000000 loss=3.1174 lr=8.41e-05 tok/s=41,145 eta=17244.976961339195
step=2217 tokens=290586624/1000000000 loss=3.2033 lr=8.41e-05 tok/s=40,884 eta=17351.68544093524
step=2218 tokens=290717696/1000000000 loss=3.2761 lr=8.41e-05 tok/s=40,892 eta=17345.15802682179
step=2219 tokens=290848768/1000000000 loss=3.2068 lr=8.41e-05 tok/s=41,028 eta=17284.472778880994
step=2220 tokens=290979840/1000000000 loss=3.3591 lr=8.41e-05 tok/s=40,652 eta=17441.093847145974
step=2221 tokens=291110912/1000000000 loss=3.3117 lr=8.4e-05 tok/s=40,718 eta=17409.547668573734
step=2222 tokens=291241984/1000000000 loss=3.1456 lr=8.4e-05 tok/s=41,077 eta=17254.456004600255
step=2223 tokens=291373056/1000000000 loss=3.3118 lr=8.4e-05 tok/s=40,928 eta=17314.164287944288
step=2224 tokens=291504128/1000000000 loss=3.4319 lr=8.4e-05 tok/s=41,124 eta=17228.435281701975
step=2225 tokens=291635200/1000000000 loss=3.3700 lr=8.4e-05 tok/s=41,035 eta=17262.393018305855
step=2226 tokens=291766272/1000000000 loss=3.1705 lr=8.4e-05 tok/s=40,756 eta=17377.446375047744
step=2227 tokens=291897344/1000000000 loss=3.2839 lr=8.4e-05 tok/s=40,742 eta=17380.320394944465
step=2228 tokens=292028416/1000000000 loss=3.2428 lr=8.39e-05 tok/s=40,959 eta=17284.82962193675
step=2229 tokens=292159488/1000000000 loss=3.3036 lr=8.39e-05 tok/s=41,042 eta=17246.714637112887
step=2230 tokens=292290560/1000000000 loss=3.2397 lr=8.39e-05 tok/s=41,087 eta=17224.508383833407
step=2231 tokens=292421632/1000000000 loss=3.3825 lr=8.39e-05 tok/s=40,931 eta=17286.9990086951
step=2232 tokens=292552704/1000000000 loss=3.1764 lr=8.39e-05 tok/s=40,803 eta=17338.24014957968
step=2233 tokens=292683776/1000000000 loss=3.3211 lr=8.39e-05 tok/s=40,988 eta=17256.560109718568
step=2234 tokens=292814848/1000000000 loss=3.3811 lr=8.39e-05 tok/s=41,158 eta=17182.406710271734
step=2235 tokens=292945920/1000000000 loss=3.3331 lr=8.38e-05 tok/s=41,021 eta=17236.285741675918
step=2236 tokens=293076992/1000000000 loss=3.2514 lr=8.38e-05 tok/s=40,811 eta=17321.75937709909
step=2237 tokens=293208064/1000000000 loss=3.3734 lr=8.38e-05 tok/s=40,860 eta=17297.70909786542
step=2238 tokens=293339136/1000000000 loss=3.1471 lr=8.38e-05 tok/s=41,065 eta=17208.249980932804
step=2239 tokens=293470208/1000000000 loss=3.2967 lr=8.38e-05 tok/s=41,138 eta=17174.56352843493
step=2240 tokens=293601280/1000000000 loss=3.4165 lr=8.38e-05 tok/s=41,242 eta=17128.06149121848
step=2241 tokens=293732352/1000000000 loss=3.2065 lr=8.38e-05 tok/s=41,194 eta=17144.80927584711
step=2242 tokens=293863424/1000000000 loss=3.3799 lr=8.37e-05 tok/s=41,192 eta=17142.712973646005
step=2243 tokens=293994496/1000000000 loss=3.3238 lr=8.37e-05 tok/s=41,067 eta=17191.479841310505
step=2244 tokens=294125568/1000000000 loss=3.2469 lr=8.37e-05 tok/s=41,053 eta=17194.395698306194
step=2245 tokens=294256640/1000000000 loss=3.1351 lr=8.37e-05 tok/s=41,000 eta=17213.37174390692
step=2246 tokens=294387712/1000000000 loss=3.4061 lr=8.37e-05 tok/s=40,903 eta=17250.807122881073
step=2247 tokens=294518784/1000000000 loss=3.3046 lr=8.37e-05 tok/s=40,772 eta=17302.94062319948
step=2248 tokens=294649856/1000000000 loss=3.2264 lr=8.37e-05 tok/s=40,895 eta=17247.8299854853
step=2249 tokens=294780928/1000000000 loss=3.4920 lr=8.36e-05 tok/s=40,943 eta=17224.43194571252
step=2250 tokens=294912000/1000000000 loss=3.3374 lr=8.36e-05 tok/s=40,956 eta=17215.895033726967
step=2251 tokens=295043072/1000000000 loss=3.5427 lr=8.36e-05 tok/s=41,153 eta=17130.04854563034
step=2252 tokens=295174144/1000000000 loss=3.2067 lr=8.36e-05 tok/s=40,853 eta=17252.860071083534
step=2253 tokens=295305216/1000000000 loss=3.2806 lr=8.36e-05 tok/s=40,864 eta=17245.023531120834
step=2254 tokens=295436288/1000000000 loss=3.2772 lr=8.36e-05 tok/s=40,837 eta=17253.098176537325
step=2255 tokens=295567360/1000000000 loss=3.1371 lr=8.36e-05 tok/s=40,883 eta=17230.308754285565
step=2256 tokens=295698432/1000000000 loss=3.3283 lr=8.35e-05 tok/s=41,181 eta=17102.565437766865
step=2257 tokens=295829504/1000000000 loss=3.1560 lr=8.35e-05 tok/s=40,969 eta=17187.692671172907
step=2258 tokens=295960576/1000000000 loss=3.2941 lr=8.35e-05 tok/s=41,052 eta=17149.961842565113
step=2259 tokens=296091648/1000000000 loss=3.2831 lr=8.35e-05 tok/s=41,066 eta=17141.082176190448
step=2260 tokens=296222720/1000000000 loss=3.3290 lr=8.35e-05 tok/s=41,255 eta=17059.28395407231
step=2261 tokens=296353792/1000000000 loss=3.1697 lr=8.35e-05 tok/s=41,226 eta=17067.91790565164
step=2262 tokens=296484864/1000000000 loss=3.2958 lr=8.35e-05 tok/s=41,193 eta=17078.386670132466
step=2263 tokens=296615936/1000000000 loss=3.2631 lr=8.34e-05 tok/s=41,214 eta=17066.698967111704
step=2264 tokens=296747008/1000000000 loss=3.2343 lr=8.34e-05 tok/s=41,423 eta=16977.43842650984
step=2265 tokens=296878080/1000000000 loss=3.1896 lr=8.34e-05 tok/s=41,407 eta=16980.941402082746
step=2266 tokens=297009152/1000000000 loss=3.2784 lr=8.34e-05 tok/s=41,468 eta=16952.60955022266
step=2267 tokens=297140224/1000000000 loss=3.3974 lr=8.34e-05 tok/s=41,304 eta=17016.838328326536
step=2268 tokens=297271296/1000000000 loss=3.3303 lr=8.34e-05 tok/s=41,105 eta=17096.097583223458
step=2269 tokens=297402368/1000000000 loss=3.3151 lr=8.33e-05 tok/s=41,191 eta=17057.04681135483
step=2270 tokens=297533440/1000000000 loss=3.4696 lr=8.33e-05 tok/s=41,406 eta=16965.33153956684
step=2271 tokens=297664512/1000000000 loss=3.2947 lr=8.33e-05 tok/s=41,247 eta=17027.746600570557
step=2272 tokens=297795584/1000000000 loss=3.3355 lr=8.33e-05 tok/s=41,120 eta=17077.045024111503
step=2273 tokens=297926656/1000000000 loss=3.3705 lr=8.33e-05 tok/s=41,348 eta=16979.818309124388
step=2274 tokens=298057728/1000000000 loss=3.3229 lr=8.33e-05 tok/s=41,015 eta=17114.34202731483
step=2275 tokens=298188800/1000000000 loss=3.4130 lr=8.33e-05 tok/s=41,124 eta=17065.812260451374
step=2276 tokens=298319872/1000000000 loss=3.4156 lr=8.32e-05 tok/s=41,163 eta=17046.183367199203
step=2277 tokens=298450944/1000000000 loss=3.3913 lr=8.32e-05 tok/s=41,442 eta=16928.3987766416
step=2278 tokens=298582016/1000000000 loss=3.3570 lr=8.32e-05 tok/s=41,483 eta=16908.449751217693
step=2279 tokens=298713088/1000000000 loss=3.2368 lr=8.32e-05 tok/s=41,485 eta=16904.66289547424
step=2280 tokens=298844160/1000000000 loss=3.2289 lr=8.32e-05 tok/s=41,138 eta=17044.030169592228
step=2281 tokens=298975232/1000000000 loss=3.4106 lr=8.32e-05 tok/s=41,343 eta=16956.414488243863
step=2282 tokens=299106304/1000000000 loss=3.4746 lr=8.32e-05 tok/s=41,129 eta=17041.37732480416
step=2283 tokens=299237376/1000000000 loss=3.3709 lr=8.31e-05 tok/s=41,289 eta=16972.240719338402
step=2284 tokens=299368448/1000000000 loss=3.2065 lr=8.31e-05 tok/s=41,177 eta=17015.172161288236
step=2285 tokens=299499520/1000000000 loss=3.3582 lr=8.31e-05 tok/s=41,403 eta=16918.921012774335
step=2286 tokens=299630592/1000000000 loss=3.3144 lr=8.31e-05 tok/s=41,393 eta=16920.172616827476
step=2287 tokens=299761664/1000000000 loss=3.3542 lr=8.31e-05 tok/s=41,230 eta=16983.556699350436
step=2288 tokens=299892736/1000000000 loss=3.5024 lr=8.31e-05 tok/s=41,261 eta=16967.651720382884
step=2289 tokens=300023808/1000000000 loss=3.3404 lr=8.31e-05 tok/s=29,911 eta=23401.947550463443
checkpoint saved: runs/20260906-225321/checkpoints/tokens_000300m (permanent_tokens)
step=2290 tokens=300154880/1000000000 loss=3.3753 lr=8.3e-05 tok/s=36,099 eta=19386.99726948855
step=2291 tokens=300285952/1000000000 loss=3.3869 lr=8.3e-05 tok/s=41,077 eta=17034.255985441963
step=2292 tokens=300417024/1000000000 loss=3.4539 lr=8.3e-05 tok/s=41,210 eta=16975.852893031224
step=2293 tokens=300548096/1000000000 loss=3.3410 lr=8.3e-05 tok/s=41,216 eta=16970.48107504491
step=2294 tokens=300679168/1000000000 loss=3.3025 lr=8.3e-05 tok/s=41,133 eta=17001.2658111805
step=2295 tokens=300810240/1000000000 loss=3.2397 lr=8.3e-05 tok/s=41,153 eta=16989.85306079014
step=2296 tokens=300941312/1000000000 loss=3.2568 lr=8.3e-05 tok/s=41,129 eta=16996.72350857178
step=2297 tokens=301072384/1000000000 loss=3.3266 lr=8.29e-05 tok/s=41,064 eta=17020.632560934257
step=2298 tokens=301203456/1000000000 loss=3.3618 lr=8.29e-05 tok/s=41,099 eta=17002.622094125727
step=2299 tokens=301334528/1000000000 loss=3.2436 lr=8.29e-05 tok/s=41,198 eta=16958.546359798078
step=2300 tokens=301465600/1000000000 loss=3.3983 lr=8.29e-05 tok/s=41,131 eta=16983.01647467523
step=2301 tokens=301596672/1000000000 loss=3.4007 lr=8.29e-05 tok/s=41,129 eta=16980.72447518175
step=2302 tokens=301727744/1000000000 loss=3.3501 lr=8.29e-05 tok/s=41,028 eta=17019.478217580556
step=2303 tokens=301858816/1000000000 loss=3.3658 lr=8.28e-05 tok/s=41,248 eta=16925.41822135611
step=2304 tokens=301989888/1000000000 loss=3.1385 lr=8.28e-05 tok/s=41,163 eta=16957.040922176966
step=2305 tokens=302120960/1000000000 loss=3.2428 lr=8.28e-05 tok/s=41,242 eta=16921.677395856965
step=2306 tokens=302252032/1000000000 loss=3.3287 lr=8.28e-05 tok/s=41,158 eta=16952.90673313209
step=2307 tokens=302383104/1000000000 loss=3.3835 lr=8.28e-05 tok/s=41,354 eta=16869.401862078965
step=2308 tokens=302514176/1000000000 loss=3.2609 lr=8.28e-05 tok/s=41,038 eta=16996.001019587064
step=2309 tokens=302645248/1000000000 loss=3.3737 lr=8.28e-05 tok/s=41,347 eta=16865.923706658272
step=2310 tokens=302776320/1000000000 loss=3.2973 lr=8.27e-05 tok/s=41,302 eta=16881.041372010623
step=2311 tokens=302907392/1000000000 loss=3.3256 lr=8.27e-05 tok/s=41,269 eta=16891.330999681613
step=2312 tokens=303038464/1000000000 loss=3.2912 lr=8.27e-05 tok/s=41,337 eta=16860.59360987909
step=2313 tokens=303169536/1000000000 loss=3.1974 lr=8.27e-05 tok/s=41,431 eta=16819.054432616285
step=2314 tokens=303300608/1000000000 loss=3.2516 lr=8.27e-05 tok/s=41,389 eta=16833.077359159484
step=2315 tokens=303431680/1000000000 loss=3.3147 lr=8.27e-05 tok/s=41,102 eta=16947.131301411508
step=2316 tokens=303562752/1000000000 loss=3.3442 lr=8.27e-05 tok/s=41,540 eta=16765.352483793067
step=2317 tokens=303693824/1000000000 loss=3.3221 lr=8.26e-05 tok/s=41,373 eta=16830.06928241539
step=2318 tokens=303824896/1000000000 loss=3.2612 lr=8.26e-05 tok/s=40,992 eta=16983.10240404853
step=2319 tokens=303955968/1000000000 loss=3.4969 lr=8.26e-05 tok/s=41,352 eta=16832.13434452816
step=2320 tokens=304087040/1000000000 loss=3.2226 lr=8.26e-05 tok/s=41,146 eta=16913.19059590285
step=2321 tokens=304218112/1000000000 loss=3.4265 lr=8.26e-05 tok/s=41,413 eta=16801.061440090285
step=2322 tokens=304349184/1000000000 loss=3.3575 lr=8.26e-05 tok/s=41,202 eta=16883.772993434803
step=2323 tokens=304480256/1000000000 loss=3.2943 lr=8.25e-05 tok/s=41,192 eta=16884.900537647864
step=2324 tokens=304611328/1000000000 loss=3.0617 lr=8.25e-05 tok/s=41,336 eta=16822.909187175726
step=2325 tokens=304742400/1000000000 loss=3.3979 lr=8.25e-05 tok/s=41,464 eta=16767.56415550211
step=2326 tokens=304873472/1000000000 loss=3.0471 lr=8.25e-05 tok/s=41,297 eta=16832.30996550507
step=2327 tokens=305004544/1000000000 loss=3.0360 lr=8.25e-05 tok/s=41,143 eta=16892.094570601355
step=2328 tokens=305135616/1000000000 loss=3.3306 lr=8.25e-05 tok/s=41,193 eta=16868.417872234357
step=2329 tokens=305266688/1000000000 loss=3.2127 lr=8.25e-05 tok/s=41,370 eta=16793.04803426337
step=2330 tokens=305397760/1000000000 loss=3.1917 lr=8.24e-05 tok/s=41,161 eta=16875.197934472922
step=2331 tokens=305528832/1000000000 loss=3.2411 lr=8.24e-05 tok/s=41,033 eta=16924.667468825242
step=2332 tokens=305659904/1000000000 loss=3.3870 lr=8.24e-05 tok/s=41,220 eta=16844.909416043043
step=2333 tokens=305790976/1000000000 loss=3.2662 lr=8.24e-05 tok/s=41,173 eta=16860.740939081665
step=2334 tokens=305922048/1000000000 loss=3.2739 lr=8.24e-05 tok/s=41,283 eta=16812.793577639346
step=2335 tokens=306053120/1000000000 loss=3.1720 lr=8.24e-05 tok/s=41,338 eta=16787.295896077845
step=2336 tokens=306184192/1000000000 loss=3.1770 lr=8.24e-05 tok/s=41,342 eta=16782.173882349303
step=2337 tokens=306315264/1000000000 loss=3.3210 lr=8.23e-05 tok/s=41,304 eta=16794.694273962417
step=2338 tokens=306446336/1000000000 loss=3.2175 lr=8.23e-05 tok/s=41,475 eta=16722.192461002585
step=2339 tokens=306577408/1000000000 loss=3.3293 lr=8.23e-05 tok/s=41,281 eta=16797.67326285987
step=2340 tokens=306708480/1000000000 loss=3.2127 lr=8.23e-05 tok/s=41,307 eta=16783.980259854063
step=2341 tokens=306839552/1000000000 loss=3.2431 lr=8.23e-05 tok/s=41,335 eta=16769.251482438198
step=2342 tokens=306970624/1000000000 loss=3.4023 lr=8.23e-05 tok/s=41,116 eta=16855.512562029216
step=2343 tokens=307101696/1000000000 loss=3.3338 lr=8.22e-05 tok/s=41,076 eta=16868.636081487264
step=2344 tokens=307232768/1000000000 loss=3.3582 lr=8.22e-05 tok/s=41,111 eta=16851.33514434385
step=2345 tokens=307363840/1000000000 loss=3.2815 lr=8.22e-05 tok/s=41,032 eta=16880.32222362568
step=2346 tokens=307494912/1000000000 loss=3.2715 lr=8.22e-05 tok/s=41,368 eta=16740.12863345918
step=2347 tokens=307625984/1000000000 loss=3.1954 lr=8.22e-05 tok/s=41,297 eta=16765.779826815247
step=2348 tokens=307757056/1000000000 loss=3.2918 lr=8.22e-05 tok/s=41,354 eta=16739.62307459279
step=2349 tokens=307888128/1000000000 loss=3.1987 lr=8.22e-05 tok/s=41,051 eta=16859.93549662478
step=2350 tokens=308019200/1000000000 loss=3.1832 lr=8.21e-05 tok/s=41,106 eta=16834.056764500296
step=2351 tokens=308150272/1000000000 loss=3.3188 lr=8.21e-05 tok/s=41,004 eta=16872.934221862863
step=2352 tokens=308281344/1000000000 loss=3.4242 lr=8.21e-05 tok/s=41,181 eta=16797.12288613607
step=2353 tokens=308412416/1000000000 loss=3.3512 lr=8.21e-05 tok/s=41,084 eta=16833.493520852346
step=2354 tokens=308543488/1000000000 loss=3.3481 lr=8.21e-05 tok/s=40,846 eta=16928.38901317623
step=2355 tokens=308674560/1000000000 loss=3.3883 lr=8.21e-05 tok/s=41,007 eta=16858.866430626196
step=2356 tokens=308805632/1000000000 loss=3.2411 lr=8.21e-05 tok/s=40,860 eta=16916.10173203259
step=2357 tokens=308936704/1000000000 loss=3.3613 lr=8.2e-05 tok/s=41,132 eta=16801.16146383284
step=2358 tokens=309067776/1000000000 loss=3.4363 lr=8.2e-05 tok/s=41,025 eta=16841.90269466378
step=2359 tokens=309198848/1000000000 loss=3.3821 lr=8.2e-05 tok/s=40,866 eta=16904.146179582935
step=2360 tokens=309329920/1000000000 loss=3.1954 lr=8.2e-05 tok/s=40,971 eta=16857.62306148144
step=2361 tokens=309460992/1000000000 loss=3.2508 lr=8.2e-05 tok/s=40,889 eta=16888.156691309163
step=2362 tokens=309592064/1000000000 loss=3.2997 lr=8.2e-05 tok/s=40,925 eta=16870.20463324998
step=2363 tokens=309723136/1000000000 loss=3.2115 lr=8.19e-05 tok/s=40,979 eta=16844.756848482906
step=2364 tokens=309854208/1000000000 loss=3.2930 lr=8.19e-05 tok/s=40,989 eta=16837.38610768599
step=2365 tokens=309985280/1000000000 loss=3.2777 lr=8.19e-05 tok/s=41,176 eta=16757.802962113758
step=2366 tokens=310116352/1000000000 loss=3.2037 lr=8.19e-05 tok/s=29,671 eta=23250.742186094347
step=2367 tokens=310247424/1000000000 loss=3.2577 lr=8.19e-05 tok/s=40,836 eta=16890.88291199664
step=2368 tokens=310378496/1000000000 loss=3.2796 lr=8.19e-05 tok/s=41,026 eta=16809.444728698327
step=2369 tokens=310509568/1000000000 loss=3.3240 lr=8.19e-05 tok/s=40,884 eta=16864.691710858897
step=2370 tokens=310640640/1000000000 loss=3.2819 lr=8.18e-05 tok/s=41,045 eta=16795.20375367933
step=2371 tokens=310771712/1000000000 loss=3.3830 lr=8.18e-05 tok/s=41,029 eta=16798.38481788333
step=2372 tokens=310902784/1000000000 loss=3.2752 lr=8.18e-05 tok/s=41,004 eta=16805.71931733025
step=2373 tokens=311033856/1000000000 loss=3.2011 lr=8.18e-05 tok/s=41,123 eta=16753.62181929538
step=2374 tokens=311164928/1000000000 loss=3.1414 lr=8.18e-05 tok/s=40,862 eta=16857.57069283557
step=2375 tokens=311296000/1000000000 loss=3.2578 lr=8.18e-05 tok/s=40,844 eta=16861.61549554173
step=2376 tokens=311427072/1000000000 loss=3.2494 lr=8.17e-05 tok/s=41,162 eta=16728.43045149155
step=2377 tokens=311558144/1000000000 loss=3.1655 lr=8.17e-05 tok/s=41,037 eta=16776.30511649454
step=2378 tokens=311689216/1000000000 loss=3.3272 lr=8.17e-05 tok/s=41,115 eta=16740.90791248143
step=2379 tokens=311820288/1000000000 loss=3.1461 lr=8.17e-05 tok/s=41,092 eta=16747.226321588463
step=2380 tokens=311951360/1000000000 loss=3.0350 lr=8.17e-05 tok/s=41,161 eta=16716.027576382425
step=2381 tokens=312082432/1000000000 loss=3.3228 lr=8.17e-05 tok/s=41,151 eta=16716.975516931114
step=2382 tokens=312213504/1000000000 loss=3.2747 lr=8.17e-05 tok/s=41,018 eta=16768.0544457847
step=2383 tokens=312344576/1000000000 loss=3.1829 lr=8.16e-05 tok/s=41,139 eta=16715.22423312607
step=2384 tokens=312475648/1000000000 loss=3.2632 lr=8.16e-05 tok/s=41,155 eta=16705.928782203166
step=2385 tokens=312606720/1000000000 loss=3.3918 lr=8.16e-05 tok/s=40,958 eta=16782.757251174637
step=2386 tokens=312737792/1000000000 loss=3.4168 lr=8.16e-05 tok/s=40,759 eta=16861.605268608557
step=2387 tokens=312868864/1000000000 loss=3.1079 lr=8.16e-05 tok/s=41,051 eta=16738.615258038284
step=2388 tokens=312999936/1000000000 loss=3.2657 lr=8.16e-05 tok/s=41,000 eta=16756.12791406894
step=2389 tokens=313131008/1000000000 loss=3.3310 lr=8.16e-05 tok/s=41,099 eta=16712.51382215169
step=2390 tokens=313262080/1000000000 loss=3.3507 lr=8.15e-05 tok/s=41,023 eta=16740.275368567072
step=2391 tokens=313393152/1000000000 loss=3.3978 lr=8.15e-05 tok/s=41,119 eta=16698.21029755925
step=2392 tokens=313524224/1000000000 loss=3.2487 lr=8.15e-05 tok/s=41,044 eta=16725.399732000886
step=2393 tokens=313655296/1000000000 loss=3.2428 lr=8.15e-05 tok/s=41,077 eta=16708.76970137923
step=2394 tokens=313786368/1000000000 loss=3.2491 lr=8.15e-05 tok/s=41,017 eta=16729.791922719683
step=2395 tokens=313917440/1000000000 loss=3.2835 lr=8.15e-05 tok/s=41,060 eta=16709.40118933278
step=2396 tokens=314048512/1000000000 loss=3.3406 lr=8.14e-05 tok/s=40,997 eta=16731.70041924178
step=2397 tokens=314179584/1000000000 loss=3.2026 lr=8.14e-05 tok/s=40,950 eta=16747.749350795602
step=2398 tokens=314310656/1000000000 loss=3.2306 lr=8.14e-05 tok/s=41,088 eta=16688.153090335007
step=2399 tokens=314441728/1000000000 loss=3.3232 lr=8.14e-05 tok/s=40,859 eta=16778.788417079842
step=2400 tokens=314572800/1000000000 loss=3.1652 lr=8.14e-05 tok/s=41,005 eta=16715.49978104117
step=2401 tokens=314703872/1000000000 loss=3.2324 lr=8.14e-05 tok/s=40,853 eta=16774.788386080178
step=2402 tokens=314834944/1000000000 loss=3.1974 lr=8.14e-05 tok/s=40,962 eta=16726.75162647412
step=2403 tokens=314966016/1000000000 loss=3.2032 lr=8.13e-05 tok/s=41,085 eta=16673.635834026783
step=2404 tokens=315097088/1000000000 loss=3.3085 lr=8.13e-05 tok/s=40,975 eta=16715.09683232634
step=2405 tokens=315228160/1000000000 loss=3.1656 lr=8.13e-05 tok/s=40,957 eta=16719.121411701293
step=2406 tokens=315359232/1000000000 loss=3.3716 lr=8.13e-05 tok/s=41,121 eta=16649.415053673114
step=2407 tokens=315490304/1000000000 loss=3.3731 lr=8.13e-05 tok/s=40,927 eta=16725.172009526264
step=2408 tokens=315621376/1000000000 loss=3.2000 lr=8.13e-05 tok/s=40,972 eta=16703.621692830784
step=2409 tokens=315752448/1000000000 loss=3.2983 lr=8.12e-05 tok/s=41,103 eta=16647.22106782043
step=2410 tokens=315883520/1000000000 loss=3.3471 lr=8.12e-05 tok/s=41,147 eta=16626.204722778184
step=2411 tokens=316014592/1000000000 loss=3.1546 lr=8.12e-05 tok/s=41,054 eta=16660.568397247785
step=2412 tokens=316145664/1000000000 loss=3.2603 lr=8.12e-05 tok/s=41,045 eta=16660.937812444135
step=2413 tokens=316276736/1000000000 loss=3.0956 lr=8.12e-05 tok/s=41,045 eta=16658.05331507166
step=2414 tokens=316407808/1000000000 loss=3.1761 lr=8.12e-05 tok/s=41,050 eta=16652.72757642964
step=2415 tokens=316538880/1000000000 loss=3.2271 lr=8.12e-05 tok/s=41,082 eta=16636.464263802314
step=2416 tokens=316669952/1000000000 loss=3.2843 lr=8.11e-05 tok/s=41,059 eta=16642.55529655314
step=2417 tokens=316801024/1000000000 loss=3.3680 lr=8.11e-05 tok/s=40,770 eta=16757.53181202603
step=2418 tokens=316932096/1000000000 loss=3.2769 lr=8.11e-05 tok/s=41,055 eta=16637.733317949132
step=2419 tokens=317063168/1000000000 loss=3.2860 lr=8.11e-05 tok/s=40,825 eta=16728.39419507403
step=2420 tokens=317194240/1000000000 loss=3.0844 lr=8.11e-05 tok/s=40,833 eta=16721.81823579348
step=2421 tokens=317325312/1000000000 loss=3.2933 lr=8.11e-05 tok/s=40,852 eta=16710.91527803866
step=2422 tokens=317456384/1000000000 loss=3.2731 lr=8.1e-05 tok/s=40,761 eta=16745.21448515421
step=2423 tokens=317587456/1000000000 loss=3.2715 lr=8.1e-05 tok/s=40,766 eta=16739.54588880304
step=2424 tokens=317718528/1000000000 loss=3.3695 lr=8.1e-05 tok/s=40,829 eta=16710.909119057236
step=2425 tokens=317849600/1000000000 loss=3.3242 lr=8.1e-05 tok/s=40,777 eta=16728.674630783935
step=2426 tokens=317980672/1000000000 loss=3.0687 lr=8.1e-05 tok/s=40,784 eta=16722.78573925353
step=2427 tokens=318111744/1000000000 loss=3.2117 lr=8.1e-05 tok/s=40,812 eta=16707.92478559981
step=2428 tokens=318242816/1000000000 loss=3.2671 lr=8.1e-05 tok/s=40,865 eta=16683.01244838418
step=2429 tokens=318373888/1000000000 loss=3.3544 lr=8.09e-05 tok/s=40,603 eta=16787.463614844262
step=2430 tokens=318504960/1000000000 loss=3.1679 lr=8.09e-05 tok/s=40,880 eta=16670.743668680578
step=2431 tokens=318636032/1000000000 loss=3.2116 lr=8.09e-05 tok/s=40,989 eta=16623.064738410805
step=2432 tokens=318767104/1000000000 loss=3.3540 lr=8.09e-05 tok/s=40,833 eta=16683.19610643048
step=2433 tokens=318898176/1000000000 loss=3.1016 lr=8.09e-05 tok/s=40,944 eta=16635.14071397888
step=2434 tokens=319029248/1000000000 loss=3.1845 lr=8.09e-05 tok/s=41,093 eta=16571.523370431652
step=2435 tokens=319160320/1000000000 loss=3.2009 lr=8.08e-05 tok/s=41,202 eta=16524.48349232356
step=2436 tokens=319291392/1000000000 loss=3.2300 lr=8.08e-05 tok/s=40,844 eta=16666.106327053298
step=2437 tokens=319422464/1000000000 loss=3.4127 lr=8.08e-05 tok/s=40,858 eta=16657.324586288778
step=2438 tokens=319553536/1000000000 loss=3.3521 lr=8.08e-05 tok/s=40,817 eta=16670.531829823918
step=2439 tokens=319684608/1000000000 loss=3.4453 lr=8.08e-05 tok/s=41,181 eta=16520.027498426767
step=2440 tokens=319815680/1000000000 loss=3.1944 lr=8.08e-05 tok/s=41,150 eta=16529.32645088947
step=2441 tokens=319946752/1000000000 loss=3.2438 lr=8.08e-05 tok/s=40,927 eta=16616.4353349339
step=2442 tokens=320077824/1000000000 loss=3.3770 lr=8.07e-05 tok/s=29,744 eta=22859.160307129096
step=2443 tokens=320208896/1000000000 loss=3.2421 lr=8.07e-05 tok/s=40,876 eta=16630.576036034596
step=2444 tokens=320339968/1000000000 loss=3.1829 lr=8.07e-05 tok/s=40,921 eta=16608.96762361007
step=2445 tokens=320471040/1000000000 loss=3.3468 lr=8.07e-05 tok/s=40,907 eta=16611.644092352402
step=2446 tokens=320602112/1000000000 loss=3.3938 lr=8.07e-05 tok/s=41,026 eta=16560.12596536759
step=2447 tokens=320733184/1000000000 loss=3.3128 lr=8.07e-05 tok/s=40,926 eta=16597.305583785692
step=2448 tokens=320864256/1000000000 loss=3.3248 lr=8.06e-05 tok/s=40,972 eta=16575.434329605247
step=2449 tokens=320995328/1000000000 loss=3.1257 lr=8.06e-05 tok/s=41,213 eta=16475.449486631875
step=2450 tokens=321126400/1000000000 loss=3.2551 lr=8.06e-05 tok/s=41,013 eta=16552.767113789123
step=2451 tokens=321257472/1000000000 loss=3.4443 lr=8.06e-05 tok/s=41,083 eta=16521.080578865574
step=2452 tokens=321388544/1000000000 loss=3.2442 lr=8.06e-05 tok/s=41,086 eta=16517.02032804994
step=2453 tokens=321519616/1000000000 loss=3.3123 lr=8.06e-05 tok/s=41,234 eta=16454.314673605408
step=2454 tokens=321650688/1000000000 loss=3.3426 lr=8.05e-05 tok/s=41,140 eta=16488.635458908928
step=2455 tokens=321781760/1000000000 loss=3.2857 lr=8.05e-05 tok/s=40,883 eta=16589.100106972055
step=2456 tokens=321912832/1000000000 loss=3.2399 lr=8.05e-05 tok/s=40,962 eta=16553.8577180121
step=2457 tokens=322043904/1000000000 loss=3.3093 lr=8.05e-05 tok/s=41,024 eta=16525.8852149961
step=2458 tokens=322174976/1000000000 loss=3.2629 lr=8.05e-05 tok/s=41,043 eta=16515.022706366475
step=2459 tokens=322306048/1000000000 loss=3.4360 lr=8.05e-05 tok/s=41,035 eta=16514.937536407462
step=2460 tokens=322437120/1000000000 loss=3.3406 lr=8.05e-05 tok/s=41,206 eta=16443.287239385478
step=2461 tokens=322568192/1000000000 loss=3.2393 lr=8.04e-05 tok/s=40,945 eta=16544.72039971727
step=2462 tokens=322699264/1000000000 loss=3.3601 lr=8.04e-05 tok/s=40,991 eta=16522.981905020642
step=2463 tokens=322830336/1000000000 loss=3.3030 lr=8.04e-05 tok/s=40,932 eta=16543.867067973886
step=2464 tokens=322961408/1000000000 loss=3.2739 lr=8.04e-05 tok/s=41,181 eta=16440.399025644492
step=2465 tokens=323092480/1000000000 loss=3.2133 lr=8.04e-05 tok/s=41,010 eta=16505.74362860483
step=2466 tokens=323223552/1000000000 loss=3.3514 lr=8.04e-05 tok/s=40,961 eta=16522.577527200665
step=2467 tokens=323354624/1000000000 loss=3.1730 lr=8.03e-05 tok/s=41,100 eta=16463.40012757619
step=2468 tokens=323485696/1000000000 loss=3.4552 lr=8.03e-05 tok/s=41,106 eta=16457.70702225007
step=2469 tokens=323616768/1000000000 loss=3.2913 lr=8.03e-05 tok/s=40,797 eta=16579.34345738727
step=2470 tokens=323747840/1000000000 loss=3.3316 lr=8.03e-05 tok/s=40,840 eta=16558.686300520578
step=2471 tokens=323878912/1000000000 loss=3.3676 lr=8.03e-05 tok/s=40,939 eta=16515.467620237632
step=2472 tokens=324009984/1000000000 loss=3.3037 lr=8.03e-05 tok/s=41,114 eta=16441.79781971253
step=2473 tokens=324141056/1000000000 loss=3.3220 lr=8.03e-05 tok/s=40,804 eta=16563.572334585813
step=2474 tokens=324272128/1000000000 loss=3.3169 lr=8.02e-05 tok/s=40,927 eta=16510.74665086146
step=2475 tokens=324403200/1000000000 loss=3.2221 lr=8.02e-05 tok/s=40,923 eta=16508.867493197118
step=2476 tokens=324534272/1000000000 loss=3.2432 lr=8.02e-05 tok/s=41,031 eta=16462.224694909528
step=2477 tokens=324665344/1000000000 loss=3.3300 lr=8.02e-05 tok/s=41,052 eta=16450.656492939277
step=2478 tokens=324796416/1000000000 loss=3.1709 lr=8.02e-05 tok/s=40,980 eta=16476.570630531736
step=2479 tokens=324927488/1000000000 loss=3.3182 lr=8.02e-05 tok/s=41,016 eta=16458.949080015274
step=2480 tokens=325058560/1000000000 loss=3.2907 lr=8.01e-05 tok/s=41,020 eta=16453.77358879423
step=2481 tokens=325189632/1000000000 loss=3.3800 lr=8.01e-05 tok/s=41,051 eta=16438.384688359645
step=2482 tokens=325320704/1000000000 loss=3.2850 lr=8.01e-05 tok/s=40,850 eta=16515.83258586802
step=2483 tokens=325451776/1000000000 loss=3.2903 lr=8.01e-05 tok/s=41,012 eta=16447.392146821585
step=2484 tokens=325582848/1000000000 loss=3.3386 lr=8.01e-05 tok/s=40,997 eta=16450.27885902385
step=2485 tokens=325713920/1000000000 loss=3.2895 lr=8.01e-05 tok/s=40,807 eta=16523.68574117993
step=2486 tokens=325844992/1000000000 loss=3.5543 lr=8e-05 tok/s=40,636 eta=16590.12536930612
step=2487 tokens=325976064/1000000000 loss=3.2984 lr=8e-05 tok/s=40,963 eta=16454.602374783364
step=2488 tokens=326107136/1000000000 loss=3.2089 lr=8e-05 tok/s=41,005 eta=16434.41069357716
step=2489 tokens=326238208/1000000000 loss=3.1077 lr=8e-05 tok/s=41,037 eta=16418.239453092887
step=2490 tokens=326369280/1000000000 loss=3.2870 lr=8e-05 tok/s=40,821 eta=16502.13962616086
step=2491 tokens=326500352/1000000000 loss=3.2943 lr=8e-05 tok/s=40,838 eta=16492.16200929942
step=2492 tokens=326631424/1000000000 loss=3.2192 lr=8e-05 tok/s=40,828 eta=16492.644896800994
step=2493 tokens=326762496/1000000000 loss=3.4418 lr=7.99e-05 tok/s=40,920 eta=16452.579375964047
step=2494 tokens=326893568/1000000000 loss=3.3152 lr=7.99e-05 tok/s=40,811 eta=16493.162984580813
step=2495 tokens=327024640/1000000000 loss=3.3641 lr=7.99e-05 tok/s=40,919 eta=16446.426544475788
step=2496 tokens=327155712/1000000000 loss=3.3919 lr=7.99e-05 tok/s=40,909 eta=16447.419891957426
step=2497 tokens=327286784/1000000000 loss=3.2615 lr=7.99e-05 tok/s=40,938 eta=16432.45754061704
step=2498 tokens=327417856/1000000000 loss=3.2518 lr=7.99e-05 tok/s=40,836 eta=16470.137672964593
step=2499 tokens=327548928/1000000000 loss=3.1035 lr=7.98e-05 tok/s=40,840 eta=16465.345973405463
step=2500 tokens=327680000/1000000000 loss=3.3477 lr=7.98e-05 tok/s=40,840 eta=16462.273684346444
step=2501 tokens=327811072/1000000000 loss=3.3970 lr=7.98e-05 tok/s=40,797 eta=16476.309127449036
step=2502 tokens=327942144/1000000000 loss=3.3595 lr=7.98e-05 tok/s=40,756 eta=16489.622317179317
step=2503 tokens=328073216/1000000000 loss=3.2039 lr=7.98e-05 tok/s=40,934 eta=16414.81417203747
step=2504 tokens=328204288/1000000000 loss=3.2991 lr=7.98e-05 tok/s=41,079 eta=16353.71260051748
step=2505 tokens=328335360/1000000000 loss=3.3095 lr=7.97e-05 tok/s=41,023 eta=16372.895363361948
step=2506 tokens=328466432/1000000000 loss=3.4106 lr=7.97e-05 tok/s=40,842 eta=16442.42404221478
step=2507 tokens=328597504/1000000000 loss=3.3813 lr=7.97e-05 tok/s=40,839 eta=16440.315730682247
step=2508 tokens=328728576/1000000000 loss=3.4630 lr=7.97e-05 tok/s=40,981 eta=16380.01836526923
step=2509 tokens=328859648/1000000000 loss=3.2838 lr=7.97e-05 tok/s=40,894 eta=16411.51488045826
step=2510 tokens=328990720/1000000000 loss=3.2138 lr=7.97e-05 tok/s=40,955 eta=16384.258955759786
step=2511 tokens=329121792/1000000000 loss=3.3038 lr=7.97e-05 tok/s=40,853 eta=16421.661644991254
step=2512 tokens=329252864/1000000000 loss=3.0831 lr=7.96e-05 tok/s=40,970 eta=16371.498184380689
step=2513 tokens=329383936/1000000000 loss=3.3137 lr=7.96e-05 tok/s=40,903 eta=16395.119317327048
step=2514 tokens=329515008/1000000000 loss=3.3177 lr=7.96e-05 tok/s=40,958 eta=16370.17744967819
step=2515 tokens=329646080/1000000000 loss=3.3067 lr=7.96e-05 tok/s=40,911 eta=16385.67136482072
step=2516 tokens=329777152/1000000000 loss=3.3111 lr=7.96e-05 tok/s=40,764 eta=16441.489475112227
step=2517 tokens=329908224/1000000000 loss=3.2443 lr=7.96e-05 tok/s=40,758 eta=16440.77555232131
step=2518 tokens=330039296/1000000000 loss=3.1850 lr=7.95e-05 tok/s=29,589 eta=22642.29714860563
step=2519 tokens=330170368/1000000000 loss=3.3244 lr=7.95e-05 tok/s=40,839 eta=16401.5507558838
step=2520 tokens=330301440/1000000000 loss=3.4078 lr=7.95e-05 tok/s=41,166 eta=16268.422764991203
step=2521 tokens=330432512/1000000000 loss=3.2698 lr=7.95e-05 tok/s=41,003 eta=16329.898579207458
step=2522 tokens=330563584/1000000000 loss=3.0943 lr=7.95e-05 tok/s=40,759 eta=16424.270168774052
step=2523 tokens=330694656/1000000000 loss=3.3269 lr=7.95e-05 tok/s=41,012 eta=16319.866414239728
step=2524 tokens=330825728/1000000000 loss=3.2350 lr=7.94e-05 tok/s=41,098 eta=16282.297807123097
step=2525 tokens=330956800/1000000000 loss=3.3031 lr=7.94e-05 tok/s=41,163 eta=16253.581225638161
step=2526 tokens=331087872/1000000000 loss=3.4813 lr=7.94e-05 tok/s=41,154 eta=16254.03430428447
step=2527 tokens=331218944/1000000000 loss=3.3967 lr=7.94e-05 tok/s=41,080 eta=16279.798712660568
step=2528 tokens=331350016/1000000000 loss=3.4204 lr=7.94e-05 tok/s=40,813 eta=16383.121415468
step=2529 tokens=331481088/1000000000 loss=3.1472 lr=7.94e-05 tok/s=41,112 eta=16260.733164954612
step=2530 tokens=331612160/1000000000 loss=3.3007 lr=7.94e-05 tok/s=40,977 eta=16311.121887492069
step=2531 tokens=331743232/1000000000 loss=3.2457 lr=7.93e-05 tok/s=41,011 eta=16294.40509513865
step=2532 tokens=331874304/1000000000 loss=3.2812 lr=7.93e-05 tok/s=41,137 eta=16241.365647061364
step=2533 tokens=332005376/1000000000 loss=3.2901 lr=7.93e-05 tok/s=40,879 eta=16340.925355911075
step=2534 tokens=332136448/1000000000 loss=3.2642 lr=7.93e-05 tok/s=40,933 eta=16315.85064324194
step=2535 tokens=332267520/1000000000 loss=3.4401 lr=7.93e-05 tok/s=40,820 eta=16357.80176329997
step=2536 tokens=332398592/1000000000 loss=3.2711 lr=7.93e-05 tok/s=40,624 eta=16433.52274948095
step=2537 tokens=332529664/1000000000 loss=3.3372 lr=7.92e-05 tok/s=40,773 eta=16370.529723322703
step=2538 tokens=332660736/1000000000 loss=3.3393 lr=7.92e-05 tok/s=40,831 eta=16344.060178827634
step=2539 tokens=332791808/1000000000 loss=3.2931 lr=7.92e-05 tok/s=40,982 eta=16280.447418061058
step=2540 tokens=332922880/1000000000 loss=3.2991 lr=7.92e-05 tok/s=41,062 eta=16245.742682713342
step=2541 tokens=333053952/1000000000 loss=3.2777 lr=7.92e-05 tok/s=41,183 eta=16194.876149423311
step=2542 tokens=333185024/1000000000 loss=3.2488 lr=7.92e-05 tok/s=41,219 eta=16177.496501834392
step=2543 tokens=333316096/1000000000 loss=3.2666 lr=7.91e-05 tok/s=40,797 eta=16341.39258461107
step=2544 tokens=333447168/1000000000 loss=3.2249 lr=7.91e-05 tok/s=41,116 eta=16211.3481622928
step=2545 tokens=333578240/1000000000 loss=3.1612 lr=7.91e-05 tok/s=40,995 eta=16256.301769290045
step=2546 tokens=333709312/1000000000 loss=3.1980 lr=7.91e-05 tok/s=40,873 eta=16301.306412156831
step=2547 tokens=333840384/1000000000 loss=3.1923 lr=7.91e-05 tok/s=40,881 eta=16294.939571104354
step=2548 tokens=333971456/1000000000 loss=3.3462 lr=7.91e-05 tok/s=41,079 eta=16213.178904389219
step=2549 tokens=334102528/1000000000 loss=3.1460 lr=7.91e-05 tok/s=41,014 eta=16235.848591306349
step=2550 tokens=334233600/1000000000 loss=3.3178 lr=7.9e-05 tok/s=41,022 eta=16229.601492184644
step=2551 tokens=334364672/1000000000 loss=3.2495 lr=7.9e-05 tok/s=41,007 eta=16232.428049739257
step=2552 tokens=334495744/1000000000 loss=3.4168 lr=7.9e-05 tok/s=40,991 eta=16235.238054579908
step=2553 tokens=334626816/1000000000 loss=3.3823 lr=7.9e-05 tok/s=40,926 eta=16257.861775443753
step=2554 tokens=334757888/1000000000 loss=3.2485 lr=7.9e-05 tok/s=40,920 eta=16257.14337389622
step=2555 tokens=334888960/1000000000 loss=3.3957 lr=7.9e-05 tok/s=40,969 eta=16234.554545737677
step=2556 tokens=335020032/1000000000 loss=3.2692 lr=7.89e-05 tok/s=40,946 eta=16240.54662972465
step=2557 tokens=335151104/1000000000 loss=3.4282 lr=7.89e-05 tok/s=40,978 eta=16224.661428909076
step=2558 tokens=335282176/1000000000 loss=3.2916 lr=7.89e-05 tok/s=40,971 eta=16223.934616946866
step=2559 tokens=335413248/1000000000 loss=3.2513 lr=7.89e-05 tok/s=41,131 eta=16157.63986513128
step=2560 tokens=335544320/1000000000 loss=3.0317 lr=7.89e-05 tok/s=41,123 eta=16157.936098827171
step=2561 tokens=335675392/1000000000 loss=3.3690 lr=7.89e-05 tok/s=41,029 eta=16191.662813732784
step=2562 tokens=335806464/1000000000 loss=3.2207 lr=7.88e-05 tok/s=40,775 eta=16289.168386957537
step=2563 tokens=335937536/1000000000 loss=3.1800 lr=7.88e-05 tok/s=40,858 eta=16253.053870343916
step=2564 tokens=336068608/1000000000 loss=3.1694 lr=7.88e-05 tok/s=41,013 eta=16188.452329554326
step=2565 tokens=336199680/1000000000 loss=3.4822 lr=7.88e-05 tok/s=41,020 eta=16182.539283865866
step=2566 tokens=336330752/1000000000 loss=3.0380 lr=7.88e-05 tok/s=41,138 eta=16132.633167094058
step=2567 tokens=336461824/1000000000 loss=3.2995 lr=7.88e-05 tok/s=40,769 eta=16275.63559117911
step=2568 tokens=336592896/1000000000 loss=3.1732 lr=7.87e-05 tok/s=40,998 eta=16181.332498709062
step=2569 tokens=336723968/1000000000 loss=3.3266 lr=7.87e-05 tok/s=40,888 eta=16221.808362616764
step=2570 tokens=336855040/1000000000 loss=3.3424 lr=7.87e-05 tok/s=40,859 eta=16230.032759059639
checkpoint saved: runs/20260906-225321/checkpoints/step_000002570 (time)
step=2571 tokens=336986112/1000000000 loss=3.1514 lr=7.87e-05 tok/s=36,298 eta=18265.73572205962
step=2572 tokens=337117184/1000000000 loss=3.1659 lr=7.87e-05 tok/s=40,948 eta=16188.580340735412
step=2573 tokens=337248256/1000000000 loss=3.3307 lr=7.87e-05 tok/s=40,960 eta=16180.524799846373
step=2574 tokens=337379328/1000000000 loss=3.3327 lr=7.87e-05 tok/s=40,932 eta=16188.233909246632
step=2575 tokens=337510400/1000000000 loss=3.2702 lr=7.86e-05 tok/s=40,770 eta=16249.277864959557
step=2576 tokens=337641472/1000000000 loss=3.2457 lr=7.86e-05 tok/s=40,988 eta=16159.953646277567
step=2577 tokens=337772544/1000000000 loss=3.3376 lr=7.86e-05 tok/s=40,844 eta=16213.692315085134
step=2578 tokens=337903616/1000000000 loss=3.2268 lr=7.86e-05 tok/s=40,960 eta=16164.34344869162
step=2579 tokens=338034688/1000000000 loss=3.2569 lr=7.86e-05 tok/s=40,941 eta=16168.782396052266
step=2580 tokens=338165760/1000000000 loss=3.2823 lr=7.86e-05 tok/s=40,965 eta=16156.107364458565
step=2581 tokens=338296832/1000000000 loss=3.3678 lr=7.85e-05 tok/s=41,123 eta=16091.021174187897
step=2582 tokens=338427904/1000000000 loss=3.3299 lr=7.85e-05 tok/s=41,025 eta=16125.959541786659
step=2583 tokens=338558976/1000000000 loss=3.2825 lr=7.85e-05 tok/s=40,909 eta=16168.502832785514
step=2584 tokens=338690048/1000000000 loss=3.2649 lr=7.85e-05 tok/s=40,926 eta=16158.504657622923
step=2585 tokens=338821120/1000000000 loss=3.2433 lr=7.85e-05 tok/s=41,017 eta=16119.475098610481
step=2586 tokens=338952192/1000000000 loss=3.2878 lr=7.85e-05 tok/s=40,947 eta=16144.178081389722
step=2587 tokens=339083264/1000000000 loss=3.1738 lr=7.84e-05 tok/s=40,993 eta=16122.649284869198
step=2588 tokens=339214336/1000000000 loss=3.5107 lr=7.84e-05 tok/s=41,134 eta=16064.210043976202
step=2589 tokens=339345408/1000000000 loss=3.3325 lr=7.84e-05 tok/s=40,950 eta=16133.170378354022
step=2590 tokens=339476480/1000000000 loss=3.2945 lr=7.84e-05 tok/s=40,891 eta=16153.141101945255
step=2591 tokens=339607552/1000000000 loss=3.2921 lr=7.84e-05 tok/s=40,750 eta=16205.829032393649
step=2592 tokens=339738624/1000000000 loss=3.3683 lr=7.84e-05 tok/s=40,771 eta=16194.570490999356
step=2593 tokens=339869696/1000000000 loss=3.1883 lr=7.83e-05 tok/s=40,911 eta=16135.5963420052
step=2594 tokens=340000768/1000000000 loss=3.3554 lr=7.83e-05 tok/s=29,722 eta=22206.081367877927
step=2595 tokens=340131840/1000000000 loss=3.3875 lr=7.83e-05 tok/s=40,965 eta=16108.068597830606
step=2596 tokens=340262912/1000000000 loss=3.3086 lr=7.83e-05 tok/s=41,142 eta=16035.75090847765
step=2597 tokens=340393984/1000000000 loss=3.3432 lr=7.83e-05 tok/s=40,866 eta=16140.547888728279
step=2598 tokens=340525056/1000000000 loss=3.3010 lr=7.83e-05 tok/s=40,732 eta=16190.737008314352
step=2599 tokens=340656128/1000000000 loss=3.4119 lr=7.82e-05 tok/s=40,776 eta=16169.763795567913
step=2600 tokens=340787200/1000000000 loss=3.2053 lr=7.82e-05 tok/s=40,710 eta=16192.915420444657
step=2601 tokens=340918272/1000000000 loss=3.3094 lr=7.82e-05 tok/s=40,750 eta=16173.891154465402
step=2602 tokens=341049344/1000000000 loss=3.2041 lr=7.82e-05 tok/s=40,830 eta=16138.736097673134
step=2603 tokens=341180416/1000000000 loss=3.3354 lr=7.82e-05 tok/s=40,842 eta=16131.00450563257
step=2604 tokens=341311488/1000000000 loss=3.2049 lr=7.82e-05 tok/s=40,789 eta=16148.65241261442
step=2605 tokens=341442560/1000000000 loss=3.3857 lr=7.81e-05 tok/s=40,863 eta=16116.051082778087
step=2606 tokens=341573632/1000000000 loss=3.3852 lr=7.81e-05 tok/s=41,018 eta=16052.251101175807
step=2607 tokens=341704704/1000000000 loss=3.3696 lr=7.81e-05 tok/s=41,000 eta=16055.892251461892
step=2608 tokens=341835776/1000000000 loss=3.2367 lr=7.81e-05 tok/s=40,941 eta=16076.091866251198
step=2609 tokens=341966848/1000000000 loss=3.2505 lr=7.81e-05 tok/s=40,906 eta=16086.614127497862
step=2610 tokens=342097920/1000000000 loss=3.3994 lr=7.81e-05 tok/s=40,903 eta=16084.41151474251
step=2611 tokens=342228992/1000000000 loss=3.3291 lr=7.81e-05 tok/s=41,102 eta=16003.492641110066
step=2612 tokens=342360064/1000000000 loss=3.3422 lr=7.8e-05 tok/s=41,094 eta=16003.127840476707
step=2613 tokens=342491136/1000000000 loss=3.2925 lr=7.8e-05 tok/s=41,084 eta=16003.961755306273
step=2614 tokens=342622208/1000000000 loss=3.2395 lr=7.8e-05 tok/s=40,942 eta=16056.232102866003
step=2615 tokens=342753280/1000000000 loss=3.2035 lr=7.8e-05 tok/s=40,770 eta=16120.776772993466
step=2616 tokens=342884352/1000000000 loss=3.3019 lr=7.8e-05 tok/s=40,936 eta=16052.240736271677
step=2617 tokens=343015424/1000000000 loss=3.3019 lr=7.8e-05 tok/s=40,965 eta=16037.626826266476
step=2618 tokens=343146496/1000000000 loss=3.2283 lr=7.79e-05 tok/s=41,114 eta=15976.36592181743
step=2619 tokens=343277568/1000000000 loss=3.3665 lr=7.79e-05 tok/s=40,990 eta=16021.45959891913
step=2620 tokens=343408640/1000000000 loss=3.3426 lr=7.79e-05 tok/s=41,003 eta=16013.347332584068
step=2621 tokens=343539712/1000000000 loss=3.4515 lr=7.79e-05 tok/s=40,882 eta=16057.51512162338
step=2622 tokens=343670784/1000000000 loss=3.2649 lr=7.79e-05 tok/s=40,902 eta=16046.291006054757
step=2623 tokens=343801856/1000000000 loss=3.2593 lr=7.79e-05 tok/s=40,972 eta=16015.857197768484
step=2624 tokens=343932928/1000000000 loss=3.4206 lr=7.78e-05 tok/s=41,113 eta=15957.754160225988
step=2625 tokens=344064000/1000000000 loss=3.3169 lr=7.78e-05 tok/s=41,000 eta=15998.38497309507
step=2626 tokens=344195072/1000000000 loss=3.2914 lr=7.78e-05 tok/s=41,067 eta=15969.289980336283
step=2627 tokens=344326144/1000000000 loss=3.2789 lr=7.78e-05 tok/s=40,823 eta=16061.544006837883
step=2628 tokens=344457216/1000000000 loss=3.2980 lr=7.78e-05 tok/s=40,866 eta=16041.091903302095
step=2629 tokens=344588288/1000000000 loss=3.1805 lr=7.78e-05 tok/s=40,984 eta=15992.039727335175
step=2630 tokens=344719360/1000000000 loss=3.3386 lr=7.77e-05 tok/s=40,592 eta=16143.07121312308
step=2631 tokens=344850432/1000000000 loss=3.2283 lr=7.77e-05 tok/s=40,956 eta=15996.500329017255
step=2632 tokens=344981504/1000000000 loss=3.5194 lr=7.77e-05 tok/s=41,164 eta=15912.444461477482
step=2633 tokens=345112576/1000000000 loss=3.3785 lr=7.77e-05 tok/s=41,059 eta=15949.822073527055
step=2634 tokens=345243648/1000000000 loss=3.3627 lr=7.77e-05 tok/s=41,059 eta=15946.559471905559
step=2635 tokens=345374720/1000000000 loss=3.4601 lr=7.77e-05 tok/s=40,766 eta=16058.118528439843
step=2636 tokens=345505792/1000000000 loss=3.2418 lr=7.76e-05 tok/s=40,880 eta=16010.178828448188
step=2637 tokens=345636864/1000000000 loss=3.2956 lr=7.76e-05 tok/s=40,880 eta=16007.082963758332
step=2638 tokens=345767936/1000000000 loss=3.2637 lr=7.76e-05 tok/s=41,052 eta=15936.496452680853
step=2639 tokens=345899008/1000000000 loss=3.3754 lr=7.76e-05 tok/s=41,148 eta=15896.253252508119
step=2640 tokens=346030080/1000000000 loss=3.3040 lr=7.76e-05 tok/s=40,960 eta=15966.078760438615
step=2641 tokens=346161152/1000000000 loss=3.3953 lr=7.76e-05 tok/s=41,109 eta=15904.84594510925
step=2642 tokens=346292224/1000000000 loss=3.2787 lr=7.75e-05 tok/s=41,080 eta=15913.20604709214
step=2643 tokens=346423296/1000000000 loss=3.2992 lr=7.75e-05 tok/s=41,055 eta=15919.72561732755
step=2644 tokens=346554368/1000000000 loss=3.2997 lr=7.75e-05 tok/s=41,074 eta=15909.171845245111
step=2645 tokens=346685440/1000000000 loss=3.0642 lr=7.75e-05 tok/s=41,086 eta=15901.244387896064
step=2646 tokens=346816512/1000000000 loss=3.2559 lr=7.75e-05 tok/s=40,818 eta=16002.184234184044
step=2647 tokens=346947584/1000000000 loss=3.3682 lr=7.75e-05 tok/s=40,996 eta=15929.527999792403
step=2648 tokens=347078656/1000000000 loss=3.3518 lr=7.74e-05 tok/s=41,046 eta=15906.959637836204
step=2649 tokens=347209728/1000000000 loss=3.3715 lr=7.74e-05 tok/s=41,101 eta=15882.704001090711
step=2650 tokens=347340800/1000000000 loss=3.3188 lr=7.74e-05 tok/s=40,968 eta=15930.809556254091
step=2651 tokens=347471872/1000000000 loss=3.2922 lr=7.74e-05 tok/s=40,819 eta=15985.883731276832
step=2652 tokens=347602944/1000000000 loss=3.3309 lr=7.74e-05 tok/s=40,846 eta=15972.279640574723
step=2653 tokens=347734016/1000000000 loss=3.2290 lr=7.74e-05 tok/s=40,856 eta=15964.863319239648
step=2654 tokens=347865088/1000000000 loss=3.4335 lr=7.74e-05 tok/s=40,702 eta=16022.297364016451
step=2655 tokens=347996160/1000000000 loss=3.3397 lr=7.73e-05 tok/s=40,890 eta=15945.254863619939
step=2656 tokens=348127232/1000000000 loss=3.3745 lr=7.73e-05 tok/s=41,075 eta=15870.157412501494
step=2657 tokens=348258304/1000000000 loss=3.1828 lr=7.73e-05 tok/s=40,706 eta=16010.972381753774
step=2658 tokens=348389376/1000000000 loss=3.2215 lr=7.73e-05 tok/s=40,830 eta=15959.023943841761
step=2659 tokens=348520448/1000000000 loss=3.2273 lr=7.73e-05 tok/s=40,877 eta=15937.564432937039
step=2660 tokens=348651520/1000000000 loss=3.1483 lr=7.73e-05 tok/s=40,801 eta=15963.911837822094
step=2661 tokens=348782592/1000000000 loss=3.2248 lr=7.72e-05 tok/s=40,874 eta=15932.455420231452
step=2662 tokens=348913664/1000000000 loss=3.3852 lr=7.72e-05 tok/s=40,992 eta=15883.388346252965
step=2663 tokens=349044736/1000000000 loss=3.2047 lr=7.72e-05 tok/s=40,887 eta=15920.949654636757
step=2664 tokens=349175808/1000000000 loss=3.1998 lr=7.72e-05 tok/s=40,935 eta=15899.088226188302
step=2665 tokens=349306880/1000000000 loss=3.1439 lr=7.72e-05 tok/s=40,836 eta=15934.466309847756
step=2666 tokens=349437952/1000000000 loss=3.2227 lr=7.72e-05 tok/s=40,847 eta=15926.880959937644
step=2667 tokens=349569024/1000000000 loss=3.2489 lr=7.71e-05 tok/s=40,846 eta=15923.94808993144
step=2668 tokens=349700096/1000000000 loss=3.3531 lr=7.71e-05 tok/s=40,687 eta=15982.957394759052
step=2669 tokens=349831168/1000000000 loss=3.3617 lr=7.71e-05 tok/s=40,699 eta=15975.19527923895
step=2670 tokens=349962240/1000000000 loss=3.2773 lr=7.71e-05 tok/s=41,007 eta=15851.960848733128
step=2671 tokens=350093312/1000000000 loss=3.2778 lr=7.71e-05 tok/s=29,799 eta=21809.944452558822
checkpoint saved: runs/20260906-225321/checkpoints/tokens_000350m (permanent_tokens)
step=2672 tokens=350224384/1000000000 loss=3.3758 lr=7.71e-05 tok/s=36,157 eta=17970.78582839768
step=2673 tokens=350355456/1000000000 loss=3.3398 lr=7.7e-05 tok/s=41,192 eta=15771.066832122453
step=2674 tokens=350486528/1000000000 loss=3.2905 lr=7.7e-05 tok/s=41,016 eta=15835.783619792563
step=2675 tokens=350617600/1000000000 loss=3.2366 lr=7.7e-05 tok/s=41,118 eta=15793.24652443635
step=2676 tokens=350748672/1000000000 loss=3.2218 lr=7.7e-05 tok/s=41,049 eta=15816.66010824572
step=2677 tokens=350879744/1000000000 loss=3.3072 lr=7.7e-05 tok/s=41,038 eta=15817.551728318105
step=2678 tokens=351010816/1000000000 loss=3.0667 lr=7.7e-05 tok/s=41,076 eta=15799.782932826605
step=2679 tokens=351141888/1000000000 loss=3.2430 lr=7.69e-05 tok/s=40,887 eta=15869.421017439383
step=2680 tokens=351272960/1000000000 loss=3.2545 lr=7.69e-05 tok/s=41,017 eta=15815.970466632789
step=2681 tokens=351404032/1000000000 loss=3.4495 lr=7.69e-05 tok/s=40,808 eta=15893.668354725143
step=2682 tokens=351535104/1000000000 loss=3.1602 lr=7.69e-05 tok/s=40,927 eta=15844.257012918788
step=2683 tokens=351666176/1000000000 loss=3.2569 lr=7.69e-05 tok/s=41,067 eta=15787.157469309679
step=2684 tokens=351797248/1000000000 loss=3.2058 lr=7.69e-05 tok/s=40,972 eta=15820.777848006874
step=2685 tokens=351928320/1000000000 loss=3.2576 lr=7.68e-05 tok/s=40,580 eta=15970.076975105938
step=2686 tokens=352059392/1000000000 loss=3.1984 lr=7.68e-05 tok/s=41,038 eta=15788.876358130103
step=2687 tokens=352190464/1000000000 loss=3.1965 lr=7.68e-05 tok/s=40,930 eta=15827.181778517413
step=2688 tokens=352321536/1000000000 loss=3.2926 lr=7.68e-05 tok/s=40,960 eta=15812.600488400014
step=2689 tokens=352452608/1000000000 loss=3.3017 lr=7.68e-05 tok/s=41,027 eta=15783.352037716308
step=2690 tokens=352583680/1000000000 loss=3.3226 lr=7.68e-05 tok/s=41,084 eta=15758.379042242213
step=2691 tokens=352714752/1000000000 loss=3.3313 lr=7.67e-05 tok/s=41,110 eta=15745.22100591985
step=2692 tokens=352845824/1000000000 loss=3.3465 lr=7.67e-05 tok/s=41,139 eta=15730.77885005603
step=2693 tokens=352976896/1000000000 loss=3.3272 lr=7.67e-05 tok/s=41,175 eta=15713.997980770251
step=2694 tokens=353107968/1000000000 loss=3.2477 lr=7.67e-05 tok/s=40,830 eta=15843.711796919215
step=2695 tokens=353239040/1000000000 loss=3.3659 lr=7.67e-05 tok/s=41,077 eta=15745.233496024337
step=2696 tokens=353370112/1000000000 loss=3.3633 lr=7.67e-05 tok/s=40,898 eta=15810.874954329121
step=2697 tokens=353501184/1000000000 loss=3.2722 lr=7.66e-05 tok/s=41,168 eta=15703.920191456922
step=2698 tokens=353632256/1000000000 loss=3.3406 lr=7.66e-05 tok/s=41,089 eta=15731.053294960302
step=2699 tokens=353763328/1000000000 loss=3.3612 lr=7.66e-05 tok/s=41,088 eta=15727.92579717231
step=2700 tokens=353894400/1000000000 loss=3.2680 lr=7.66e-05 tok/s=41,140 eta=15705.212320568513
step=2701 tokens=354025472/1000000000 loss=3.2626 lr=7.66e-05 tok/s=41,084 eta=15723.276495070937
step=2702 tokens=354156544/1000000000 loss=3.2785 lr=7.66e-05 tok/s=40,909 eta=15787.492552824477
step=2703 tokens=354287616/1000000000 loss=3.2207 lr=7.65e-05 tok/s=40,995 eta=15751.158540138287
step=2704 tokens=354418688/1000000000 loss=3.3495 lr=7.65e-05 tok/s=40,943 eta=15767.71577158077
step=2705 tokens=354549760/1000000000 loss=3.2823 lr=7.65e-05 tok/s=41,096 eta=15705.949518685744
step=2706 tokens=354680832/1000000000 loss=3.1686 lr=7.65e-05 tok/s=40,786 eta=15822.0875087046
step=2707 tokens=354811904/1000000000 loss=3.3557 lr=7.65e-05 tok/s=40,940 eta=15759.182491277394
step=2708 tokens=354942976/1000000000 loss=3.2335 lr=7.65e-05 tok/s=40,943 eta=15755.161482546411
step=2709 tokens=355074048/1000000000 loss=3.2338 lr=7.64e-05 tok/s=40,941 eta=15752.617481184327
step=2710 tokens=355205120/1000000000 loss=3.2744 lr=7.64e-05 tok/s=40,849 eta=15784.86429727359
step=2711 tokens=355336192/1000000000 loss=3.2147 lr=7.64e-05 tok/s=40,952 eta=15742.079341519924
step=2712 tokens=355467264/1000000000 loss=3.3509 lr=7.64e-05 tok/s=40,934 eta=15745.608372886785
step=2713 tokens=355598336/1000000000 loss=3.2022 lr=7.64e-05 tok/s=40,948 eta=15736.963365890484
step=2714 tokens=355729408/1000000000 loss=3.3182 lr=7.64e-05 tok/s=41,082 eta=15682.491046401494
step=2715 tokens=355860480/1000000000 loss=3.3857 lr=7.63e-05 tok/s=41,013 eta=15705.886689143232
step=2716 tokens=355991552/1000000000 loss=3.3708 lr=7.63e-05 tok/s=41,087 eta=15674.101545100913
step=2717 tokens=356122624/1000000000 loss=3.2232 lr=7.63e-05 tok/s=41,208 eta=15625.149999138315
step=2718 tokens=356253696/1000000000 loss=3.1803 lr=7.63e-05 tok/s=41,171 eta=15635.933458018904
step=2719 tokens=356384768/1000000000 loss=3.3973 lr=7.63e-05 tok/s=41,114 eta=15654.426452343709
step=2720 tokens=356515840/1000000000 loss=3.3317 lr=7.63e-05 tok/s=41,110 eta=15652.70509120351
step=2721 tokens=356646912/1000000000 loss=3.3267 lr=7.62e-05 tok/s=41,035 eta=15678.241705461576
step=2722 tokens=356777984/1000000000 loss=3.3225 lr=7.62e-05 tok/s=41,060 eta=15665.55334262085
step=2723 tokens=356909056/1000000000 loss=3.4357 lr=7.62e-05 tok/s=41,099 eta=15647.477398589363
step=2724 tokens=357040128/1000000000 loss=3.3136 lr=7.62e-05 tok/s=41,154 eta=15623.310219125862
step=2725 tokens=357171200/1000000000 loss=3.2376 lr=7.62e-05 tok/s=41,089 eta=15644.772064747109
step=2726 tokens=357302272/1000000000 loss=3.4559 lr=7.62e-05 tok/s=41,046 eta=15658.06852867632
step=2727 tokens=357433344/1000000000 loss=3.4029 lr=7.61e-05 tok/s=41,169 eta=15608.094376747089
step=2728 tokens=357564416/1000000000 loss=3.3386 lr=7.61e-05 tok/s=41,048 eta=15650.844800484545
step=2729 tokens=357695488/1000000000 loss=3.3556 lr=7.61e-05 tok/s=41,018 eta=15658.942232010291
step=2730 tokens=357826560/1000000000 loss=3.1846 lr=7.61e-05 tok/s=40,981 eta=15669.837719739624
step=2731 tokens=357957632/1000000000 loss=3.3612 lr=7.61e-05 tok/s=41,185 eta=15589.247361107837
step=2732 tokens=358088704/1000000000 loss=3.1869 lr=7.61e-05 tok/s=41,172 eta=15590.838844022106
step=2733 tokens=358219776/1000000000 loss=3.3266 lr=7.6e-05 tok/s=41,081 eta=15622.398204519171
step=2734 tokens=358350848/1000000000 loss=3.4091 lr=7.6e-05 tok/s=41,059 eta=15627.501100688372
step=2735 tokens=358481920/1000000000 loss=3.3894 lr=7.6e-05 tok/s=41,050 eta=15627.614708876794
step=2736 tokens=358612992/1000000000 loss=3.3054 lr=7.6e-05 tok/s=41,046 eta=15626.042096654879
step=2737 tokens=358744064/1000000000 loss=3.2051 lr=7.6e-05 tok/s=41,052 eta=15620.744335454458
step=2738 tokens=358875136/1000000000 loss=3.1573 lr=7.6e-05 tok/s=41,133 eta=15586.59150346601
step=2739 tokens=359006208/1000000000 loss=3.2742 lr=7.59e-05 tok/s=41,223 eta=15549.247178176081
step=2740 tokens=359137280/1000000000 loss=3.2173 lr=7.59e-05 tok/s=41,130 eta=15581.513828225072
step=2741 tokens=359268352/1000000000 loss=3.3268 lr=7.59e-05 tok/s=40,891 eta=15669.44452373086
step=2742 tokens=359399424/1000000000 loss=3.2647 lr=7.59e-05 tok/s=41,143 eta=15570.099656559361
step=2743 tokens=359530496/1000000000 loss=3.2287 lr=7.59e-05 tok/s=41,132 eta=15571.179516471871
step=2744 tokens=359661568/1000000000 loss=3.0593 lr=7.59e-05 tok/s=41,043 eta=15601.728577797958
step=2745 tokens=359792640/1000000000 loss=3.1519 lr=7.58e-05 tok/s=41,156 eta=15555.729083069764
step=2746 tokens=359923712/1000000000 loss=3.4137 lr=7.58e-05 tok/s=40,782 eta=15695.117505141227
step=2747 tokens=360054784/1000000000 loss=3.3659 lr=7.58e-05 tok/s=29,762 eta=21502.08974196808
step=2748 tokens=360185856/1000000000 loss=3.2541 lr=7.58e-05 tok/s=40,884 eta=15649.316755072203
step=2749 tokens=360316928/1000000000 loss=3.3935 lr=7.58e-05 tok/s=40,733 eta=15704.42951848764
step=2750 tokens=360448000/1000000000 loss=3.2716 lr=7.58e-05 tok/s=41,013 eta=15593.837195083082
step=2751 tokens=360579072/1000000000 loss=3.3513 lr=7.57e-05 tok/s=41,131 eta=15545.875045208795
step=2752 tokens=360710144/1000000000 loss=3.1453 lr=7.57e-05 tok/s=41,078 eta=15562.989507054406
step=2753 tokens=360841216/1000000000 loss=3.2812 lr=7.57e-05 tok/s=40,830 eta=15653.979565437685
step=2754 tokens=360972288/1000000000 loss=3.1949 lr=7.57e-05 tok/s=40,939 eta=15609.324652328549
step=2755 tokens=361103360/1000000000 loss=3.0859 lr=7.57e-05 tok/s=40,933 eta=15608.261341912477
step=2756 tokens=361234432/1000000000 loss=3.3193 lr=7.57e-05 tok/s=40,986 eta=15585.110018856716
step=2757 tokens=361365504/1000000000 loss=3.4294 lr=7.56e-05 tok/s=40,991 eta=15579.880820975734
step=2758 tokens=361496576/1000000000 loss=3.3233 lr=7.56e-05 tok/s=40,983 eta=15579.89890506434
step=2759 tokens=361627648/1000000000 loss=3.2762 lr=7.56e-05 tok/s=41,190 eta=15498.185967899593
step=2760 tokens=361758720/1000000000 loss=3.0947 lr=7.56e-05 tok/s=40,948 eta=15586.745523276537
step=2761 tokens=361889792/1000000000 loss=3.1336 lr=7.56e-05 tok/s=40,895 eta=15603.533561567505
step=2762 tokens=362020864/1000000000 loss=3.1703 lr=7.56e-05 tok/s=41,053 eta=15540.224153877063
step=2763 tokens=362151936/1000000000 loss=3.1842 lr=7.55e-05 tok/s=41,068 eta=15531.355880480682
step=2764 tokens=362283008/1000000000 loss=3.3855 lr=7.55e-05 tok/s=41,069 eta=15527.978435464
step=2765 tokens=362414080/1000000000 loss=3.3567 lr=7.55e-05 tok/s=40,969 eta=15562.537025219179
step=2766 tokens=362545152/1000000000 loss=3.3086 lr=7.55e-05 tok/s=41,079 eta=15517.899303840148
step=2767 tokens=362676224/1000000000 loss=3.2159 lr=7.55e-05 tok/s=41,056 eta=15523.33603171143
step=2768 tokens=362807296/1000000000 loss=3.2842 lr=7.55e-05 tok/s=40,913 eta=15574.146722041078
step=2769 tokens=362938368/1000000000 loss=3.2128 lr=7.54e-05 tok/s=41,177 eta=15471.468431947891
step=2770 tokens=363069440/1000000000 loss=3.2354 lr=7.54e-05 tok/s=41,190 eta=15463.152330934678
step=2771 tokens=363200512/1000000000 loss=3.2000 lr=7.54e-05 tok/s=41,054 eta=15511.100484605417
step=2772 tokens=363331584/1000000000 loss=3.2640 lr=7.54e-05 tok/s=41,319 eta=15408.427963384638
step=2773 tokens=363462656/1000000000 loss=3.2457 lr=7.54e-05 tok/s=41,205 eta=15448.214033001577
step=2774 tokens=363593728/1000000000 loss=3.3451 lr=7.54e-05 tok/s=41,364 eta=15385.55986380704
step=2775 tokens=363724800/1000000000 loss=3.3751 lr=7.53e-05 tok/s=41,335 eta=15393.077135080408
step=2776 tokens=363855872/1000000000 loss=3.4341 lr=7.53e-05 tok/s=41,235 eta=15427.420961776072
step=2777 tokens=363986944/1000000000 loss=3.2898 lr=7.53e-05 tok/s=41,131 eta=15463.267920163806
step=2778 tokens=364118016/1000000000 loss=3.3370 lr=7.53e-05 tok/s=41,168 eta=15446.00980828415
step=2779 tokens=364249088/1000000000 loss=3.2441 lr=7.53e-05 tok/s=41,243 eta=15414.712117798957
step=2780 tokens=364380160/1000000000 loss=3.2171 lr=7.53e-05 tok/s=41,134 eta=15452.325329790623
step=2781 tokens=364511232/1000000000 loss=3.4056 lr=7.52e-05 tok/s=41,004 eta=15498.350894842886
step=2782 tokens=364642304/1000000000 loss=3.3187 lr=7.52e-05 tok/s=41,197 eta=15422.302681881725
step=2783 tokens=364773376/1000000000 loss=3.3254 lr=7.52e-05 tok/s=41,198 eta=15419.016870680522
step=2784 tokens=364904448/1000000000 loss=3.2211 lr=7.52e-05 tok/s=41,215 eta=15409.421826894399
step=2785 tokens=365035520/1000000000 loss=3.0839 lr=7.52e-05 tok/s=41,230 eta=15400.366756199324
step=2786 tokens=365166592/1000000000 loss=3.2683 lr=7.52e-05 tok/s=41,322 eta=15363.010058974221
step=2787 tokens=365297664/1000000000 loss=3.2631 lr=7.51e-05 tok/s=41,036 eta=15466.888642998347
step=2788 tokens=365428736/1000000000 loss=3.3280 lr=7.51e-05 tok/s=41,338 eta=15350.61831121298
step=2789 tokens=365559808/1000000000 loss=3.2819 lr=7.51e-05 tok/s=41,228 eta=15388.514315195676
step=2790 tokens=365690880/1000000000 loss=3.2457 lr=7.51e-05 tok/s=41,216 eta=15389.978175058424
step=2791 tokens=365821952/1000000000 loss=3.3650 lr=7.51e-05 tok/s=41,196 eta=15394.252273213675
step=2792 tokens=365953024/1000000000 loss=3.1411 lr=7.5e-05 tok/s=41,299 eta=15352.693228942724
step=2793 tokens=366084096/1000000000 loss=3.1717 lr=7.5e-05 tok/s=41,468 eta=15287.04385073716
step=2794 tokens=366215168/1000000000 loss=3.3372 lr=7.5e-05 tok/s=41,201 eta=15382.616400088638
step=2795 tokens=366346240/1000000000 loss=3.3155 lr=7.5e-05 tok/s=41,216 eta=15373.880610950813
step=2796 tokens=366477312/1000000000 loss=3.2746 lr=7.5e-05 tok/s=41,100 eta=15414.166256737572
step=2797 tokens=366608384/1000000000 loss=3.3431 lr=7.5e-05 tok/s=41,101 eta=15410.594433522234
step=2798 tokens=366739456/1000000000 loss=3.3750 lr=7.49e-05 tok/s=41,327 eta=15323.120606971843
step=2799 tokens=366870528/1000000000 loss=3.3003 lr=7.49e-05 tok/s=41,082 eta=15411.439856025498
step=2800 tokens=367001600/1000000000 loss=3.2788 lr=7.49e-05 tok/s=41,128 eta=15390.95249855459
step=2801 tokens=367132672/1000000000 loss=3.1775 lr=7.49e-05 tok/s=41,180 eta=15368.426745640414
step=2802 tokens=367263744/1000000000 loss=3.3224 lr=7.49e-05 tok/s=41,474 eta=15256.094516753548
step=2803 tokens=367394816/1000000000 loss=3.2260 lr=7.49e-05 tok/s=41,366 eta=15292.875998152598
step=2804 tokens=367525888/1000000000 loss=3.3797 lr=7.48e-05 tok/s=41,179 eta=15359.186592475542
step=2805 tokens=367656960/1000000000 loss=3.2672 lr=7.48e-05 tok/s=41,120 eta=15377.861427861999
step=2806 tokens=367788032/1000000000 loss=3.0225 lr=7.48e-05 tok/s=41,189 eta=15349.083174522973
step=2807 tokens=367919104/1000000000 loss=3.2243 lr=7.48e-05 tok/s=41,063 eta=15392.965489248645
step=2808 tokens=368050176/1000000000 loss=3.3619 lr=7.48e-05 tok/s=41,078 eta=15384.234449728687
step=2809 tokens=368181248/1000000000 loss=3.2398 lr=7.48e-05 tok/s=41,173 eta=15345.437118523296
step=2810 tokens=368312320/1000000000 loss=3.4078 lr=7.47e-05 tok/s=41,210 eta=15328.578786116235
step=2811 tokens=368443392/1000000000 loss=3.1782 lr=7.47e-05 tok/s=41,241 eta=15313.987574783803
step=2812 tokens=368574464/1000000000 loss=3.2015 lr=7.47e-05 tok/s=41,428 eta=15241.378111833938
step=2813 tokens=368705536/1000000000 loss=3.1728 lr=7.47e-05 tok/s=41,351 eta=15266.656029179056
step=2814 tokens=368836608/1000000000 loss=3.3422 lr=7.47e-05 tok/s=41,303 eta=15281.42310741554
step=2815 tokens=368967680/1000000000 loss=3.2009 lr=7.47e-05 tok/s=41,334 eta=15266.693149073451
step=2816 tokens=369098752/1000000000 loss=3.3400 lr=7.46e-05 tok/s=41,207 eta=15310.681860043418
step=2817 tokens=369229824/1000000000 loss=3.2144 lr=7.46e-05 tok/s=41,173 eta=15320.14874405109
step=2818 tokens=369360896/1000000000 loss=3.1563 lr=7.46e-05 tok/s=41,399 eta=15233.368388687946
step=2819 tokens=369491968/1000000000 loss=3.1554 lr=7.46e-05 tok/s=41,304 eta=15265.057856379777
step=2820 tokens=369623040/1000000000 loss=3.2999 lr=7.46e-05 tok/s=41,264 eta=15276.618997160498
step=2821 tokens=369754112/1000000000 loss=3.1812 lr=7.46e-05 tok/s=41,146 eta=15317.39135911776
step=2822 tokens=369885184/1000000000 loss=3.3385 lr=7.45e-05 tok/s=41,293 eta=15259.575537151755
step=2823 tokens=370016256/1000000000 loss=3.3024 lr=7.45e-05 tok/s=29,809 eta=21134.104596235236
step=2824 tokens=370147328/1000000000 loss=3.3018 lr=7.45e-05 tok/s=41,026 eta=15352.66562198688
step=2825 tokens=370278400/1000000000 loss=3.2455 lr=7.45e-05 tok/s=41,014 eta=15353.862769175077
step=2826 tokens=370409472/1000000000 loss=3.1083 lr=7.45e-05 tok/s=41,112 eta=15314.146745663664
step=2827 tokens=370540544/1000000000 loss=3.3170 lr=7.45e-05 tok/s=41,110 eta=15311.710622471406
step=2828 tokens=370671616/1000000000 loss=3.2864 lr=7.44e-05 tok/s=40,936 eta=15373.303946377478
step=2829 tokens=370802688/1000000000 loss=3.3459 lr=7.44e-05 tok/s=41,187 eta=15276.57980102396
step=2830 tokens=370933760/1000000000 loss=3.0611 lr=7.44e-05 tok/s=41,332 eta=15219.799161807128
step=2831 tokens=371064832/1000000000 loss=3.2308 lr=7.44e-05 tok/s=41,132 eta=15290.578773139472
step=2832 tokens=371195904/1000000000 loss=3.1830 lr=7.44e-05 tok/s=41,154 eta=15279.378760566251
step=2833 tokens=371326976/1000000000 loss=3.1489 lr=7.44e-05 tok/s=41,091 eta=15299.393446235277
step=2834 tokens=371458048/1000000000 loss=3.1663 lr=7.43e-05 tok/s=41,206 eta=15253.608968245777
step=2835 tokens=371589120/1000000000 loss=3.2679 lr=7.43e-05 tok/s=41,121 eta=15282.004821749018
step=2836 tokens=371720192/1000000000 loss=3.2918 lr=7.43e-05 tok/s=41,274 eta=15222.309544456246
step=2837 tokens=371851264/1000000000 loss=3.4544 lr=7.43e-05 tok/s=41,141 eta=15268.179330936295
step=2838 tokens=371982336/1000000000 loss=3.1820 lr=7.43e-05 tok/s=41,078 eta=15288.340881287759
step=2839 tokens=372113408/1000000000 loss=3.2491 lr=7.42e-05 tok/s=41,106 eta=15274.753252034037
step=2840 tokens=372244480/1000000000 loss=3.1412 lr=7.42e-05 tok/s=41,122 eta=15265.560737077089
step=2841 tokens=372375552/1000000000 loss=3.2736 lr=7.42e-05 tok/s=41,022 eta=15299.529687709519
step=2842 tokens=372506624/1000000000 loss=3.1665 lr=7.42e-05 tok/s=41,207 eta=15227.960982236136
step=2843 tokens=372637696/1000000000 loss=3.2060 lr=7.42e-05 tok/s=41,076 eta=15273.032110509745
step=2844 tokens=372768768/1000000000 loss=3.3337 lr=7.42e-05 tok/s=40,950 eta=15317.050398190568
step=2845 tokens=372899840/1000000000 loss=3.3636 lr=7.41e-05 tok/s=40,940 eta=15317.52194048337
step=2846 tokens=373030912/1000000000 loss=3.1420 lr=7.41e-05 tok/s=41,025 eta=15282.54821860914
step=2847 tokens=373161984/1000000000 loss=3.4134 lr=7.41e-05 tok/s=41,037 eta=15274.850849345596
step=2848 tokens=373293056/1000000000 loss=3.2859 lr=7.41e-05 tok/s=41,141 eta=15233.181231099099
step=2849 tokens=373424128/1000000000 loss=3.2159 lr=7.41e-05 tok/s=41,181 eta=15215.123705695487
step=2850 tokens=373555200/1000000000 loss=3.3438 lr=7.41e-05 tok/s=41,167 eta=15217.10821646692
step=2851 tokens=373686272/1000000000 loss=3.0365 lr=7.4e-05 tok/s=41,252 eta=15182.507859751486
step=2852 tokens=373817344/1000000000 loss=3.3727 lr=7.4e-05 tok/s=41,257 eta=15177.542911015642
step=2853 tokens=373948416/1000000000 loss=3.3775 lr=7.4e-05 tok/s=41,020 eta=15262.072735129761
step=2854 tokens=374079488/1000000000 loss=3.2318 lr=7.4e-05 tok/s=41,210 eta=15188.408171886558
step=2855 tokens=374210560/1000000000 loss=3.2523 lr=7.4e-05 tok/s=40,963 eta=15277.117513735888
step=2856 tokens=374341632/1000000000 loss=3.1007 lr=7.4e-05 tok/s=41,021 eta=15252.203568397867
step=2857 tokens=374472704/1000000000 loss=3.3499 lr=7.39e-05 tok/s=40,857 eta=15309.98130616876
step=2858 tokens=374603776/1000000000 loss=3.4375 lr=7.39e-05 tok/s=41,199 eta=15180.015684421562
step=2859 tokens=374734848/1000000000 loss=3.3690 lr=7.39e-05 tok/s=40,965 eta=15263.54282040383
step=2860 tokens=374865920/1000000000 loss=3.1828 lr=7.39e-05 tok/s=41,216 eta=15167.409205797981
step=2861 tokens=374996992/1000000000 loss=3.1552 lr=7.39e-05 tok/s=41,046 eta=15226.757548248666
step=2862 tokens=375128064/1000000000 loss=3.0612 lr=7.39e-05 tok/s=41,078 eta=15212.002638774973
step=2863 tokens=375259136/1000000000 loss=3.1615 lr=7.38e-05 tok/s=41,158 eta=15179.122497376344
step=2864 tokens=375390208/1000000000 loss=3.3049 lr=7.38e-05 tok/s=40,912 eta=15267.227470378739
step=2865 tokens=375521280/1000000000 loss=3.2600 lr=7.38e-05 tok/s=41,064 eta=15207.271142664671
step=2866 tokens=375652352/1000000000 loss=3.2320 lr=7.38e-05 tok/s=40,879 eta=15272.909321133502
step=2867 tokens=375783424/1000000000 loss=3.3470 lr=7.38e-05 tok/s=40,996 eta=15226.195567423654
step=2868 tokens=375914496/1000000000 loss=3.3340 lr=7.38e-05 tok/s=41,140 eta=15169.953241352763
step=2869 tokens=376045568/1000000000 loss=3.2463 lr=7.37e-05 tok/s=41,073 eta=15191.347597556034
step=2870 tokens=376176640/1000000000 loss=3.3795 lr=7.37e-05 tok/s=40,886 eta=15257.604578356664
step=2871 tokens=376307712/1000000000 loss=3.1105 lr=7.37e-05 tok/s=41,149 eta=15156.812599075316
step=2872 tokens=376438784/1000000000 loss=3.0707 lr=7.37e-05 tok/s=41,056 eta=15188.201432947812
step=2873 tokens=376569856/1000000000 loss=3.2473 lr=7.37e-05 tok/s=40,874 eta=15252.384704176497
step=2874 tokens=376700928/1000000000 loss=3.4207 lr=7.36e-05 tok/s=40,979 eta=15210.211334192618
step=2875 tokens=376832000/1000000000 loss=3.3311 lr=7.36e-05 tok/s=41,056 eta=15178.668357563638
step=2876 tokens=376963072/1000000000 loss=3.3298 lr=7.36e-05 tok/s=41,099 eta=15159.55020022542
step=2877 tokens=377094144/1000000000 loss=3.0575 lr=7.36e-05 tok/s=41,202 eta=15118.333859572353
step=2878 tokens=377225216/1000000000 loss=3.2373 lr=7.36e-05 tok/s=41,130 eta=15141.74977964143
step=2879 tokens=377356288/1000000000 loss=3.4132 lr=7.36e-05 tok/s=41,196 eta=15114.241191188454
step=2880 tokens=377487360/1000000000 loss=3.2500 lr=7.35e-05 tok/s=41,047 eta=15165.920753948241
step=2881 tokens=377618432/1000000000 loss=3.1835 lr=7.35e-05 tok/s=41,030 eta=15168.80144952214
step=2882 tokens=377749504/1000000000 loss=3.3221 lr=7.35e-05 tok/s=41,106 eta=15137.648130951431
step=2883 tokens=377880576/1000000000 loss=3.3454 lr=7.35e-05 tok/s=40,850 eta=15229.283652544313
step=2884 tokens=378011648/1000000000 loss=3.2576 lr=7.35e-05 tok/s=40,914 eta=15202.34940815918
step=2885 tokens=378142720/1000000000 loss=3.3567 lr=7.35e-05 tok/s=40,935 eta=15191.193969732696
step=2886 tokens=378273792/1000000000 loss=3.2683 lr=7.34e-05 tok/s=40,955 eta=15180.58677616484
step=2887 tokens=378404864/1000000000 loss=3.4115 lr=7.34e-05 tok/s=40,953 eta=15178.327872642149
step=2888 tokens=378535936/1000000000 loss=3.2452 lr=7.34e-05 tok/s=40,867 eta=15207.01874586714
step=2889 tokens=378667008/1000000000 loss=3.4345 lr=7.34e-05 tok/s=40,899 eta=15191.88469134731
step=2890 tokens=378798080/1000000000 loss=3.2620 lr=7.34e-05 tok/s=41,031 eta=15139.639773652538
step=2891 tokens=378929152/1000000000 loss=3.4264 lr=7.34e-05 tok/s=40,901 eta=15184.614735070463
step=2892 tokens=379060224/1000000000 loss=3.2822 lr=7.33e-05 tok/s=40,872 eta=15192.434719982872
step=2893 tokens=379191296/1000000000 loss=3.2078 lr=7.33e-05 tok/s=40,931 eta=15167.242652346582
step=2894 tokens=379322368/1000000000 loss=3.1231 lr=7.33e-05 tok/s=40,860 eta=15190.529505679082
step=2895 tokens=379453440/1000000000 loss=3.3398 lr=7.33e-05 tok/s=41,050 eta=15116.776946273254
step=2896 tokens=379584512/1000000000 loss=3.4719 lr=7.33e-05 tok/s=40,973 eta=15141.891110310873
step=2897 tokens=379715584/1000000000 loss=3.3083 lr=7.33e-05 tok/s=41,080 eta=15099.410692710717
step=2898 tokens=379846656/1000000000 loss=3.0983 lr=7.32e-05 tok/s=41,142 eta=15073.380636999218
step=2899 tokens=379977728/1000000000 loss=3.2291 lr=7.32e-05 tok/s=40,879 eta=15167.207548288006
step=2900 tokens=380108800/1000000000 loss=3.3605 lr=7.32e-05 tok/s=29,754 eta=20834.05416525953
step=2901 tokens=380239872/1000000000 loss=3.2620 lr=7.32e-05 tok/s=41,313 eta=15001.558343217293
step=2902 tokens=380370944/1000000000 loss=3.4306 lr=7.32e-05 tok/s=41,304 eta=15001.538332186816
step=2903 tokens=380502016/1000000000 loss=3.2481 lr=7.31e-05 tok/s=41,192 eta=15039.259029495739
step=2904 tokens=380633088/1000000000 loss=3.3593 lr=7.31e-05 tok/s=41,274 eta=15006.098430798049
step=2905 tokens=380764160/1000000000 loss=3.3209 lr=7.31e-05 tok/s=41,040 eta=15088.62282295334
step=2906 tokens=380895232/1000000000 loss=3.3176 lr=7.31e-05 tok/s=41,010 eta=15096.418050538468
step=2907 tokens=381026304/1000000000 loss=3.4499 lr=7.31e-05 tok/s=41,086 eta=15065.179271769148
step=2908 tokens=381157376/1000000000 loss=3.3263 lr=7.31e-05 tok/s=41,087 eta=15061.909422364719
step=2909 tokens=381288448/1000000000 loss=3.4237 lr=7.3e-05 tok/s=40,968 eta=15102.132736776872
step=2910 tokens=381419520/1000000000 loss=3.1278 lr=7.3e-05 tok/s=41,067 eta=15062.615124700584
step=2911 tokens=381550592/1000000000 loss=3.3700 lr=7.3e-05 tok/s=40,929 eta=15110.48034326049
step=2912 tokens=381681664/1000000000 loss=3.4010 lr=7.3e-05 tok/s=40,934 eta=15105.101397958702
step=2913 tokens=381812736/1000000000 loss=3.2791 lr=7.3e-05 tok/s=40,973 eta=15087.792170522052
step=2914 tokens=381943808/1000000000 loss=3.4705 lr=7.3e-05 tok/s=40,839 eta=15133.85049261296
step=2915 tokens=382074880/1000000000 loss=3.2975 lr=7.29e-05 tok/s=40,731 eta=15170.844049837246
step=2916 tokens=382205952/1000000000 loss=3.1711 lr=7.29e-05 tok/s=40,715 eta=15173.518949953303
step=2917 tokens=382337024/1000000000 loss=3.2216 lr=7.29e-05 tok/s=40,957 eta=15080.899470659511
step=2918 tokens=382468096/1000000000 loss=3.1176 lr=7.29e-05 tok/s=40,872 eta=15108.912352335343
step=2919 tokens=382599168/1000000000 loss=3.3320 lr=7.29e-05 tok/s=41,046 eta=15041.647547121347
step=2920 tokens=382730240/1000000000 loss=3.4758 lr=7.29e-05 tok/s=41,041 eta=15040.310221942915
step=2921 tokens=382861312/1000000000 loss=3.2683 lr=7.28e-05 tok/s=40,988 eta=15056.452423305343
step=2922 tokens=382992384/1000000000 loss=3.1979 lr=7.28e-05 tok/s=41,055 eta=15028.934191045051
step=2923 tokens=383123456/1000000000 loss=3.3479 lr=7.28e-05 tok/s=40,949 eta=15064.670346174624
step=2924 tokens=383254528/1000000000 loss=3.3790 lr=7.28e-05 tok/s=40,879 eta=15087.231454219069
step=2925 tokens=383385600/1000000000 loss=3.2939 lr=7.28e-05 tok/s=40,976 eta=15048.026489042435
step=2926 tokens=383516672/1000000000 loss=3.4239 lr=7.28e-05 tok/s=40,794 eta=15112.06897709378
step=2927 tokens=383647744/1000000000 loss=3.3923 lr=7.27e-05 tok/s=40,742 eta=15128.294294333331
step=2928 tokens=383778816/1000000000 loss=3.3570 lr=7.27e-05 tok/s=40,846 eta=15086.284352138142
step=2929 tokens=383909888/1000000000 loss=3.3325 lr=7.27e-05 tok/s=41,036 eta=15013.497617376759
step=2930 tokens=384040960/1000000000 loss=3.1800 lr=7.27e-05 tok/s=40,916 eta=15054.358458796582
step=2931 tokens=384172032/1000000000 loss=3.3314 lr=7.27e-05 tok/s=40,987 eta=15024.781549628584
step=2932 tokens=384303104/1000000000 loss=3.2069 lr=7.26e-05 tok/s=40,682 eta=15134.48901115878
step=2933 tokens=384434176/1000000000 loss=3.4988 lr=7.26e-05 tok/s=41,089 eta=14981.303898460796
step=2934 tokens=384565248/1000000000 loss=3.3595 lr=7.26e-05 tok/s=41,051 eta=14991.783693757026
step=2935 tokens=384696320/1000000000 loss=3.2556 lr=7.26e-05 tok/s=41,113 eta=14966.299665063456
step=2936 tokens=384827392/1000000000 loss=3.2569 lr=7.26e-05 tok/s=41,065 eta=14980.28841497071
step=2937 tokens=384958464/1000000000 loss=3.3829 lr=7.26e-05 tok/s=41,062 eta=14978.48888602628
step=2938 tokens=385089536/1000000000 loss=3.1852 lr=7.25e-05 tok/s=41,049 eta=14979.95348629547
step=2939 tokens=385220608/1000000000 loss=3.1871 lr=7.25e-05 tok/s=41,049 eta=14976.638850107922
step=2940 tokens=385351680/1000000000 loss=3.2738 lr=7.25e-05 tok/s=41,152 eta=14936.086182491797
step=2941 tokens=385482752/1000000000 loss=3.1432 lr=7.25e-05 tok/s=41,206 eta=14913.161018057031
step=2942 tokens=385613824/1000000000 loss=3.3395 lr=7.25e-05 tok/s=41,145 eta=14932.050644723617
step=2943 tokens=385744896/1000000000 loss=3.3417 lr=7.25e-05 tok/s=41,118 eta=14939.007471735404
step=2944 tokens=385875968/1000000000 loss=3.2660 lr=7.24e-05 tok/s=41,176 eta=14914.56685713762
step=2945 tokens=386007040/1000000000 loss=3.4411 lr=7.24e-05 tok/s=41,201 eta=14902.22342719876
step=2946 tokens=386138112/1000000000 loss=3.4038 lr=7.24e-05 tok/s=41,139 eta=14921.511105900461
step=2947 tokens=386269184/1000000000 loss=3.3244 lr=7.24e-05 tok/s=41,121 eta=14924.976359026994
step=2948 tokens=386400256/1000000000 loss=3.2380 lr=7.24e-05 tok/s=41,150 eta=14911.18140937525
step=2949 tokens=386531328/1000000000 loss=3.3023 lr=7.23e-05 tok/s=41,244 eta=14874.254083718624
step=2950 tokens=386662400/1000000000 loss=3.2533 lr=7.23e-05 tok/s=41,089 eta=14927.00167478442
step=2951 tokens=386793472/1000000000 loss=3.1215 lr=7.23e-05 tok/s=40,977 eta=14964.532585416537
step=2952 tokens=386924544/1000000000 loss=3.2218 lr=7.23e-05 tok/s=41,071 eta=14927.119630024163
checkpoint saved: runs/20260906-225321/checkpoints/step_000002952 (time)
step=2953 tokens=387055616/1000000000 loss=3.2431 lr=7.23e-05 tok/s=36,126 eta=16966.700703514423
step=2954 tokens=387186688/1000000000 loss=3.2907 lr=7.23e-05 tok/s=41,030 eta=14935.58939438312
step=2955 tokens=387317760/1000000000 loss=3.3527 lr=7.22e-05 tok/s=41,189 eta=14874.926696437446
step=2956 tokens=387448832/1000000000 loss=3.2096 lr=7.22e-05 tok/s=41,302 eta=14831.015857828837
step=2957 tokens=387579904/1000000000 loss=3.2290 lr=7.22e-05 tok/s=41,215 eta=14859.258819416613
step=2958 tokens=387710976/1000000000 loss=3.4084 lr=7.22e-05 tok/s=41,555 eta=14734.470461792038
step=2959 tokens=387842048/1000000000 loss=3.3563 lr=7.22e-05 tok/s=41,325 eta=14813.353628252418
step=2960 tokens=387973120/1000000000 loss=3.3142 lr=7.22e-05 tok/s=41,010 eta=14923.671762800632
step=2961 tokens=388104192/1000000000 loss=3.2803 lr=7.21e-05 tok/s=41,275 eta=14824.68515210278
step=2962 tokens=388235264/1000000000 loss=3.0830 lr=7.21e-05 tok/s=41,100 eta=14884.95051167919
step=2963 tokens=388366336/1000000000 loss=3.3081 lr=7.21e-05 tok/s=41,222 eta=14837.65581018574
step=2964 tokens=388497408/1000000000 loss=3.2293 lr=7.21e-05 tok/s=41,166 eta=14854.628979996241
step=2965 tokens=388628480/1000000000 loss=3.2453 lr=7.21e-05 tok/s=41,181 eta=14846.024526446748
step=2966 tokens=388759552/1000000000 loss=3.2529 lr=7.21e-05 tok/s=41,097 eta=14873.193048551437
step=2967 tokens=388890624/1000000000 loss=3.1636 lr=7.2e-05 tok/s=40,661 eta=15029.316060798188
step=2968 tokens=389021696/1000000000 loss=3.2600 lr=7.2e-05 tok/s=41,003 eta=14900.762643644659
step=2969 tokens=389152768/1000000000 loss=3.2498 lr=7.2e-05 tok/s=40,949 eta=14917.294673316428
step=2970 tokens=389283840/1000000000 loss=3.1355 lr=7.2e-05 tok/s=40,944 eta=14915.836230581657
step=2971 tokens=389414912/1000000000 loss=3.4048 lr=7.2e-05 tok/s=40,953 eta=14909.48677399225
step=2972 tokens=389545984/1000000000 loss=3.2558 lr=7.19e-05 tok/s=40,916 eta=14919.729775246728
step=2973 tokens=389677056/1000000000 loss=3.4375 lr=7.19e-05 tok/s=40,899 eta=14922.75602255167
step=2974 tokens=389808128/1000000000 loss=3.3823 lr=7.19e-05 tok/s=41,009 eta=14879.475345491699
step=2975 tokens=389939200/1000000000 loss=3.2569 lr=7.19e-05 tok/s=40,926 eta=14906.28880790906
step=2976 tokens=390070272/1000000000 loss=3.1336 lr=7.19e-05 tok/s=29,767 eta=20490.061205432103
step=2977 tokens=390201344/1000000000 loss=3.0424 lr=7.19e-05 tok/s=40,911 eta=14905.65120673382
step=2978 tokens=390332416/1000000000 loss=3.2421 lr=7.18e-05 tok/s=40,775 eta=14951.998562488905
step=2979 tokens=390463488/1000000000 loss=3.2606 lr=7.18e-05 tok/s=40,983 eta=14873.001329863268
step=2980 tokens=390594560/1000000000 loss=3.2338 lr=7.18e-05 tok/s=40,898 eta=14900.525087245062
step=2981 tokens=390725632/1000000000 loss=3.2700 lr=7.18e-05 tok/s=40,950 eta=14878.581717631838
step=2982 tokens=390856704/1000000000 loss=3.2075 lr=7.18e-05 tok/s=40,983 eta=14863.428743687873
step=2983 tokens=390987776/1000000000 loss=3.3384 lr=7.18e-05 tok/s=40,769 eta=14938.28539922947
step=2984 tokens=391118848/1000000000 loss=3.4400 lr=7.17e-05 tok/s=41,027 eta=14841.070739319812
step=2985 tokens=391249920/1000000000 loss=3.3434 lr=7.17e-05 tok/s=40,839 eta=14906.08408703734
step=2986 tokens=391380992/1000000000 loss=3.3626 lr=7.17e-05 tok/s=40,997 eta=14845.516859429832
step=2987 tokens=391512064/1000000000 loss=3.4100 lr=7.17e-05 tok/s=41,012 eta=14836.71395852307
step=2988 tokens=391643136/1000000000 loss=3.1975 lr=7.17e-05 tok/s=40,940 eta=14859.664449822449
step=2989 tokens=391774208/1000000000 loss=3.2578 lr=7.16e-05 tok/s=40,943 eta=14855.484118176122
step=2990 tokens=391905280/1000000000 loss=3.1719 lr=7.16e-05 tok/s=41,033 eta=14819.77466993744
step=2991 tokens=392036352/1000000000 loss=3.2348 lr=7.16e-05 tok/s=40,986 eta=14833.449680765803
step=2992 tokens=392167424/1000000000 loss=3.3075 lr=7.16e-05 tok/s=41,055 eta=14805.297273347129
step=2993 tokens=392298496/1000000000 loss=3.1991 lr=7.16e-05 tok/s=40,975 eta=14830.97193324321
step=2994 tokens=392429568/1000000000 loss=3.2994 lr=7.16e-05 tok/s=40,935 eta=14842.493137236992
step=2995 tokens=392560640/1000000000 loss=3.2907 lr=7.15e-05 tok/s=40,866 eta=14864.327489132838
step=2996 tokens=392691712/1000000000 loss=3.3014 lr=7.15e-05 tok/s=40,949 eta=14830.80034322776
step=2997 tokens=392822784/1000000000 loss=3.2645 lr=7.15e-05 tok/s=40,876 eta=14854.028948767407
step=2998 tokens=392953856/1000000000 loss=3.3300 lr=7.15e-05 tok/s=41,045 eta=14789.852177782763
step=2999 tokens=393084928/1000000000 loss=3.2489 lr=7.15e-05 tok/s=40,805 eta=14873.672415563984
step=3000 tokens=393216000/1000000000 loss=3.2622 lr=7.15e-05 tok/s=40,979 eta=14807.299190797963
step=3001 tokens=393347072/1000000000 loss=3.3406 lr=7.14e-05 tok/s=40,913 eta=14827.86968371337
step=3002 tokens=393478144/1000000000 loss=3.2019 lr=7.14e-05 tok/s=41,072 eta=14767.287122317937
step=3003 tokens=393609216/1000000000 loss=3.1596 lr=7.14e-05 tok/s=41,122 eta=14746.061370571715
step=3004 tokens=393740288/1000000000 loss=3.4713 lr=7.14e-05 tok/s=41,054 eta=14767.352391286599
step=3005 tokens=393871360/1000000000 loss=3.3223 lr=7.14e-05 tok/s=41,119 eta=14740.970159874327
step=3006 tokens=394002432/1000000000 loss=3.1581 lr=7.14e-05 tok/s=41,200 eta=14708.79107109738
step=3007 tokens=394133504/1000000000 loss=3.0855 lr=7.13e-05 tok/s=41,216 eta=14699.735987667147
step=3008 tokens=394264576/1000000000 loss=3.2460 lr=7.13e-05 tok/s=41,104 eta=14736.713787759796
step=3009 tokens=394395648/1000000000 loss=3.3179 lr=7.13e-05 tok/s=41,166 eta=14711.267694778135
step=3010 tokens=394526720/1000000000 loss=3.1040 lr=7.13e-05 tok/s=41,222 eta=14688.180937451507
step=3011 tokens=394657792/1000000000 loss=3.2499 lr=7.13e-05 tok/s=41,209 eta=14689.676757003039
step=3012 tokens=394788864/1000000000 loss=3.2222 lr=7.12e-05 tok/s=40,993 eta=14763.871036507855
step=3013 tokens=394919936/1000000000 loss=3.2687 lr=7.12e-05 tok/s=41,035 eta=14745.48464121644
step=3014 tokens=395051008/1000000000 loss=3.2207 lr=7.12e-05 tok/s=41,218 eta=14676.735295031844
step=3015 tokens=395182080/1000000000 loss=3.2341 lr=7.12e-05 tok/s=41,095 eta=14717.618486724305
step=3016 tokens=395313152/1000000000 loss=3.2933 lr=7.12e-05 tok/s=41,014 eta=14743.276891753487
step=3017 tokens=395444224/1000000000 loss=3.3088 lr=7.12e-05 tok/s=41,071 eta=14719.634650474918
step=3018 tokens=395575296/1000000000 loss=3.3343 lr=7.11e-05 tok/s=41,421 eta=14592.363480088961
step=3019 tokens=395706368/1000000000 loss=3.3719 lr=7.11e-05 tok/s=41,429 eta=14586.375286576718
step=3020 tokens=395837440/1000000000 loss=3.2738 lr=7.11e-05 tok/s=41,381 eta=14600.04143970713
step=3021 tokens=395968512/1000000000 loss=3.2486 lr=7.11e-05 tok/s=41,233 eta=14649.396706744355
step=3022 tokens=396099584/1000000000 loss=3.1351 lr=7.11e-05 tok/s=41,233 eta=14645.899563836014
step=3023 tokens=396230656/1000000000 loss=3.1572 lr=7.11e-05 tok/s=41,054 eta=14706.63897033115
step=3024 tokens=396361728/1000000000 loss=3.3161 lr=7.1e-05 tok/s=40,898 eta=14759.717081900702
step=3025 tokens=396492800/1000000000 loss=3.3246 lr=7.1e-05 tok/s=41,187 eta=14652.787095270323
step=3026 tokens=396623872/1000000000 loss=3.3236 lr=7.1e-05 tok/s=41,103 eta=14679.740132773504
step=3027 tokens=396754944/1000000000 loss=3.3490 lr=7.1e-05 tok/s=41,070 eta=14688.346254775608
step=3028 tokens=396886016/1000000000 loss=3.1565 lr=7.1e-05 tok/s=41,101 eta=14673.98050846666
step=3029 tokens=397017088/1000000000 loss=3.2787 lr=7.09e-05 tok/s=41,166 eta=14647.59619839231
step=3030 tokens=397148160/1000000000 loss=3.1250 lr=7.09e-05 tok/s=41,153 eta=14648.908593283035
step=3031 tokens=397279232/1000000000 loss=3.0588 lr=7.09e-05 tok/s=41,288 eta=14597.901424617983
step=3032 tokens=397410304/1000000000 loss=3.3514 lr=7.09e-05 tok/s=41,305 eta=14588.95972257759
step=3033 tokens=397541376/1000000000 loss=3.2416 lr=7.09e-05 tok/s=41,194 eta=14624.929294268906
step=3034 tokens=397672448/1000000000 loss=3.1935 lr=7.09e-05 tok/s=41,273 eta=14593.768426766172
step=3035 tokens=397803520/1000000000 loss=3.2566 lr=7.08e-05 tok/s=41,099 eta=14652.467067791727
step=3036 tokens=397934592/1000000000 loss=3.3522 lr=7.08e-05 tok/s=41,088 eta=14653.143057027686
step=3037 tokens=398065664/1000000000 loss=3.3490 lr=7.08e-05 tok/s=41,168 eta=14621.3246564844
step=3038 tokens=398196736/1000000000 loss=3.1793 lr=7.08e-05 tok/s=41,319 eta=14564.777627052243
step=3039 tokens=398327808/1000000000 loss=3.2810 lr=7.08e-05 tok/s=41,187 eta=14608.193185669204
step=3040 tokens=398458880/1000000000 loss=3.0907 lr=7.07e-05 tok/s=40,914 eta=14702.719257590024
step=3041 tokens=398589952/1000000000 loss=3.4342 lr=7.07e-05 tok/s=40,950 eta=14686.53677629242
step=3042 tokens=398721024/1000000000 loss=3.3079 lr=7.07e-05 tok/s=41,150 eta=14611.787396669617
step=3043 tokens=398852096/1000000000 loss=3.3531 lr=7.07e-05 tok/s=41,144 eta=14610.969616255506
step=3044 tokens=398983168/1000000000 loss=3.3454 lr=7.07e-05 tok/s=41,109 eta=14620.000313398217
step=3045 tokens=399114240/1000000000 loss=3.3876 lr=7.07e-05 tok/s=41,097 eta=14621.018418011283
step=3046 tokens=399245312/1000000000 loss=3.2762 lr=7.06e-05 tok/s=41,226 eta=14572.286005577647
step=3047 tokens=399376384/1000000000 loss=3.3511 lr=7.06e-05 tok/s=40,978 eta=14657.197401239224
step=3048 tokens=399507456/1000000000 loss=3.3592 lr=7.06e-05 tok/s=40,932 eta=14670.41628507334
step=3049 tokens=399638528/1000000000 loss=3.3394 lr=7.06e-05 tok/s=41,078 eta=14614.997729326524
step=3050 tokens=399769600/1000000000 loss=3.3417 lr=7.06e-05 tok/s=41,103 eta=14603.217294797565
step=3051 tokens=399900672/1000000000 loss=3.0570 lr=7.06e-05 tok/s=41,030 eta=14625.699172151379
step=3052 tokens=400031744/1000000000 loss=3.2960 lr=7.05e-05 tok/s=29,793 eta=20137.567034758395
checkpoint saved: runs/20260906-225321/checkpoints/tokens_000400m (permanent_tokens)
step=3053 tokens=400162816/1000000000 loss=3.2706 lr=7.05e-05 tok/s=36,200 eta=16569.96739227674
step=3054 tokens=400293888/1000000000 loss=3.1795 lr=7.05e-05 tok/s=40,964 eta=14639.741231574491
step=3055 tokens=400424960/1000000000 loss=3.3498 lr=7.05e-05 tok/s=41,098 eta=14588.835235640572
step=3056 tokens=400556032/1000000000 loss=3.2188 lr=7.05e-05 tok/s=41,229 eta=14539.388882861598
step=3057 tokens=400687104/1000000000 loss=3.1725 lr=7.04e-05 tok/s=41,069 eta=14592.683682572051
step=3058 tokens=400818176/1000000000 loss=3.2815 lr=7.04e-05 tok/s=41,032 eta=14602.945323103328
step=3059 tokens=400949248/1000000000 loss=3.2754 lr=7.04e-05 tok/s=40,954 eta=14627.291892253443
step=3060 tokens=401080320/1000000000 loss=3.3179 lr=7.04e-05 tok/s=41,081 eta=14578.993027575796
step=3061 tokens=401211392/1000000000 loss=3.2938 lr=7.04e-05 tok/s=40,998 eta=14605.404763532639
step=3062 tokens=401342464/1000000000 loss=3.2828 lr=7.04e-05 tok/s=41,046 eta=14585.018868027528
step=3063 tokens=401473536/1000000000 loss=3.2939 lr=7.03e-05 tok/s=41,046 eta=14581.972090116664
step=3064 tokens=401604608/1000000000 loss=3.2563 lr=7.03e-05 tok/s=41,058 eta=14574.372449275192
step=3065 tokens=401735680/1000000000 loss=3.1628 lr=7.03e-05 tok/s=41,120 eta=14549.336291489451
step=3066 tokens=401866752/1000000000 loss=3.2086 lr=7.03e-05 tok/s=41,134 eta=14540.984093180541
step=3067 tokens=401997824/1000000000 loss=3.2281 lr=7.03e-05 tok/s=41,100 eta=14550.098032736552
step=3068 tokens=402128896/1000000000 loss=3.4661 lr=7.03e-05 tok/s=41,070 eta=14557.374601104357
step=3069 tokens=402259968/1000000000 loss=3.3508 lr=7.02e-05 tok/s=41,094 eta=14545.58987775769
step=3070 tokens=402391040/1000000000 loss=3.2887 lr=7.02e-05 tok/s=41,056 eta=14555.876228101019
step=3071 tokens=402522112/1000000000 loss=3.3265 lr=7.02e-05 tok/s=41,081 eta=14543.92601557731
step=3072 tokens=402653184/1000000000 loss=3.3353 lr=7.02e-05 tok/s=41,183 eta=14504.71097186211
step=3073 tokens=402784256/1000000000 loss=3.2867 lr=7.02e-05 tok/s=41,225 eta=14486.708804821521
step=3074 tokens=402915328/1000000000 loss=3.2604 lr=7.01e-05 tok/s=41,205 eta=14490.760801103968
step=3075 tokens=403046400/1000000000 loss=3.1548 lr=7.01e-05 tok/s=41,003 eta=14558.72159133741
step=3076 tokens=403177472/1000000000 loss=3.3696 lr=7.01e-05 tok/s=41,093 eta=14523.696827512256
step=3077 tokens=403308544/1000000000 loss=3.4161 lr=7.01e-05 tok/s=41,083 eta=14524.065829175272
step=3078 tokens=403439616/1000000000 loss=3.3139 lr=7.01e-05 tok/s=41,144 eta=14499.180710356111
step=3079 tokens=403570688/1000000000 loss=3.3657 lr=7.01e-05 tok/s=40,966 eta=14559.29856329209
step=3080 tokens=403701760/1000000000 loss=3.1920 lr=7e-05 tok/s=40,877 eta=14587.794344670705
step=3081 tokens=403832832/1000000000 loss=3.1985 lr=7e-05 tok/s=40,895 eta=14578.127315192396
step=3082 tokens=403963904/1000000000 loss=3.3059 lr=7e-05 tok/s=40,928 eta=14562.923153955771
step=3083 tokens=404094976/1000000000 loss=3.1790 lr=7e-05 tok/s=40,917 eta=14563.646807559397
step=3084 tokens=404226048/1000000000 loss=3.2817 lr=7e-05 tok/s=40,862 eta=14579.979941621708
step=3085 tokens=404357120/1000000000 loss=3.3658 lr=7e-05 tok/s=40,892 eta=14566.084119549329
step=3086 tokens=404488192/1000000000 loss=3.3161 lr=6.99e-05 tok/s=40,919 eta=14553.379713195402
step=3087 tokens=404619264/1000000000 loss=3.3134 lr=6.99e-05 tok/s=40,909 eta=14553.779113735674
step=3088 tokens=404750336/1000000000 loss=3.2838 lr=6.99e-05 tok/s=41,116 eta=14477.400934210438
step=3089 tokens=404881408/1000000000 loss=3.2456 lr=6.99e-05 tok/s=41,053 eta=14496.462685462344
step=3090 tokens=405012480/1000000000 loss=3.2020 lr=6.99e-05 tok/s=41,083 eta=14482.437502178362
step=3091 tokens=405143552/1000000000 loss=3.3028 lr=6.98e-05 tok/s=40,810 eta=14576.39589514948
step=3092 tokens=405274624/1000000000 loss=3.3859 lr=6.98e-05 tok/s=40,970 eta=14516.293484578802
step=3093 tokens=405405696/1000000000 loss=3.1366 lr=6.98e-05 tok/s=40,873 eta=14547.385563668142
step=3094 tokens=405536768/1000000000 loss=3.2269 lr=6.98e-05 tok/s=41,174 eta=14437.829967832877
step=3095 tokens=405667840/1000000000 loss=3.2281 lr=6.98e-05 tok/s=41,085 eta=14466.046932846579
step=3096 tokens=405798912/1000000000 loss=3.3279 lr=6.98e-05 tok/s=41,196 eta=14423.865471062949
step=3097 tokens=405929984/1000000000 loss=3.3642 lr=6.97e-05 tok/s=41,013 eta=14485.060347141416
step=3098 tokens=406061056/1000000000 loss=3.1581 lr=6.97e-05 tok/s=40,923 eta=14513.636636910074
step=3099 tokens=406192128/1000000000 loss=3.2529 lr=6.97e-05 tok/s=40,842 eta=14539.060631314549
step=3100 tokens=406323200/1000000000 loss=3.2259 lr=6.97e-05 tok/s=41,108 eta=14441.894102255546
step=3101 tokens=406454272/1000000000 loss=3.0524 lr=6.97e-05 tok/s=40,693 eta=14585.906138040147
step=3102 tokens=406585344/1000000000 loss=3.2927 lr=6.96e-05 tok/s=40,862 eta=14522.273860858768
step=3103 tokens=406716416/1000000000 loss=3.1726 lr=6.96e-05 tok/s=41,138 eta=14421.695213270854
step=3104 tokens=406847488/1000000000 loss=3.3905 lr=6.96e-05 tok/s=41,004 eta=14465.711008864588
step=3105 tokens=406978560/1000000000 loss=3.3550 lr=6.96e-05 tok/s=40,980 eta=14471.112428305361
step=3106 tokens=407109632/1000000000 loss=3.3103 lr=6.96e-05 tok/s=40,917 eta=14489.95661513758
step=3107 tokens=407240704/1000000000 loss=3.2502 lr=6.96e-05 tok/s=40,935 eta=14480.604630802058
step=3108 tokens=407371776/1000000000 loss=3.2988 lr=6.95e-05 tok/s=41,161 eta=14397.736441272535
step=3109 tokens=407502848/1000000000 loss=3.2465 lr=6.95e-05 tok/s=41,109 eta=14412.724865468383
step=3110 tokens=407633920/1000000000 loss=3.3267 lr=6.95e-05 tok/s=41,144 eta=14397.533220086076
step=3111 tokens=407764992/1000000000 loss=3.3192 lr=6.95e-05 tok/s=41,081 eta=14416.320649735551
step=3112 tokens=407896064/1000000000 loss=3.2025 lr=6.95e-05 tok/s=41,189 eta=14375.451696852084
step=3113 tokens=408027136/1000000000 loss=3.2879 lr=6.94e-05 tok/s=41,231 eta=14357.349990771734
step=3114 tokens=408158208/1000000000 loss=3.1190 lr=6.94e-05 tok/s=41,106 eta=14397.851726049099
step=3115 tokens=408289280/1000000000 loss=3.2732 lr=6.94e-05 tok/s=41,108 eta=14393.973294102396
step=3116 tokens=408420352/1000000000 loss=3.1711 lr=6.94e-05 tok/s=40,972 eta=14438.591921607873
step=3117 tokens=408551424/1000000000 loss=3.3763 lr=6.94e-05 tok/s=41,012 eta=14421.499466709593
step=3118 tokens=408682496/1000000000 loss=3.3500 lr=6.94e-05 tok/s=41,132 eta=14376.24241624309
step=3119 tokens=408813568/1000000000 loss=3.3129 lr=6.93e-05 tok/s=41,272 eta=14324.056525395677
step=3120 tokens=408944640/1000000000 loss=3.3488 lr=6.93e-05 tok/s=41,177 eta=14353.850593909148
step=3121 tokens=409075712/1000000000 loss=3.2424 lr=6.93e-05 tok/s=41,080 eta=14384.670040533649
step=3122 tokens=409206784/1000000000 loss=3.2686 lr=6.93e-05 tok/s=40,989 eta=14413.47967373572
step=3123 tokens=409337856/1000000000 loss=3.0469 lr=6.93e-05 tok/s=41,032 eta=14395.103891391249
step=3124 tokens=409468928/1000000000 loss=3.3857 lr=6.93e-05 tok/s=40,980 eta=14410.069975499277
step=3125 tokens=409600000/1000000000 loss=3.2000 lr=6.92e-05 tok/s=40,961 eta=14413.804173025468
step=3126 tokens=409731072/1000000000 loss=3.2516 lr=6.92e-05 tok/s=41,011 eta=14392.832822231248
step=3127 tokens=409862144/1000000000 loss=3.3112 lr=6.92e-05 tok/s=41,027 eta=14384.12121698161
step=3128 tokens=409993216/1000000000 loss=3.1618 lr=6.92e-05 tok/s=41,183 eta=14326.553686772757
step=3129 tokens=410124288/1000000000 loss=3.2659 lr=6.92e-05 tok/s=29,808 eta=19789.359447593728
step=3130 tokens=410255360/1000000000 loss=3.1383 lr=6.91e-05 tok/s=41,047 eta=14367.539349786392
step=3131 tokens=410386432/1000000000 loss=3.2268 lr=6.91e-05 tok/s=41,033 eta=14369.089969762874
step=3132 tokens=410517504/1000000000 loss=3.3173 lr=6.91e-05 tok/s=40,835 eta=14435.74178313069
step=3133 tokens=410648576/1000000000 loss=3.3380 lr=6.91e-05 tok/s=40,804 eta=14443.374237108204
step=3134 tokens=410779648/1000000000 loss=3.2019 lr=6.91e-05 tok/s=40,809 eta=14438.583516266406
step=3135 tokens=410910720/1000000000 loss=3.2873 lr=6.91e-05 tok/s=41,163 eta=14311.13558803881
step=3136 tokens=411041792/1000000000 loss=3.2865 lr=6.9e-05 tok/s=40,994 eta=14367.04886249887
step=3137 tokens=411172864/1000000000 loss=3.4023 lr=6.9e-05 tok/s=41,197 eta=14292.896954759717
step=3138 tokens=411303936/1000000000 loss=3.2982 lr=6.9e-05 tok/s=41,233 eta=14277.244738267787
step=3139 tokens=411435008/1000000000 loss=3.3066 lr=6.9e-05 tok/s=41,296 eta=14252.205835636105
step=3140 tokens=411566080/1000000000 loss=3.4243 lr=6.9e-05 tok/s=41,220 eta=14275.61657642532
step=3141 tokens=411697152/1000000000 loss=3.3235 lr=6.89e-05 tok/s=41,322 eta=14237.0779271962
step=3142 tokens=411828224/1000000000 loss=3.2744 lr=6.89e-05 tok/s=41,240 eta=14262.239571711483
step=3143 tokens=411959296/1000000000 loss=3.3315 lr=6.89e-05 tok/s=41,299 eta=14238.646414911074
step=3144 tokens=412090368/1000000000 loss=3.2956 lr=6.89e-05 tok/s=41,211 eta=14265.79793906205
step=3145 tokens=412221440/1000000000 loss=3.2271 lr=6.89e-05 tok/s=41,107 eta=14298.6318446501
step=3146 tokens=412352512/1000000000 loss=3.2579 lr=6.89e-05 tok/s=40,988 eta=14336.923603277422
step=3147 tokens=412483584/1000000000 loss=3.2775 lr=6.88e-05 tok/s=41,138 eta=14281.53060860798
step=3148 tokens=412614656/1000000000 loss=3.1831 lr=6.88e-05 tok/s=41,218 eta=14250.653238257004
step=3149 tokens=412745728/1000000000 loss=3.3690 lr=6.88e-05 tok/s=41,111 eta=14284.464012026492
step=3150 tokens=412876800/1000000000 loss=3.3301 lr=6.88e-05 tok/s=41,216 eta=14245.183065921561
step=3151 tokens=413007872/1000000000 loss=3.2723 lr=6.88e-05 tok/s=41,208 eta=14244.5774293031
step=3152 tokens=413138944/1000000000 loss=3.4461 lr=6.87e-05 tok/s=41,076 eta=14287.163517283669
step=3153 tokens=413270016/1000000000 loss=3.2318 lr=6.87e-05 tok/s=41,055 eta=14291.23527531691
step=3154 tokens=413401088/1000000000 loss=3.2617 lr=6.87e-05 tok/s=41,295 eta=14204.990962475715
step=3155 tokens=413532160/1000000000 loss=3.3119 lr=6.87e-05 tok/s=40,906 eta=14337.0203037394
step=3156 tokens=413663232/1000000000 loss=3.2794 lr=6.87e-05 tok/s=41,217 eta=14225.72967565508
step=3157 tokens=413794304/1000000000 loss=3.2677 lr=6.87e-05 tok/s=41,118 eta=14256.618544574658
step=3158 tokens=413925376/1000000000 loss=3.3496 lr=6.86e-05 tok/s=41,184 eta=14230.564068860569
step=3159 tokens=414056448/1000000000 loss=3.0443 lr=6.86e-05 tok/s=41,089 eta=14260.216766103904
step=3160 tokens=414187520/1000000000 loss=3.2406 lr=6.86e-05 tok/s=41,021 eta=14280.727277616223
step=3161 tokens=414318592/1000000000 loss=3.1649 lr=6.86e-05 tok/s=41,054 eta=14265.964159729308
step=3162 tokens=414449664/1000000000 loss=3.2776 lr=6.86e-05 tok/s=41,195 eta=14214.08826006339
step=3163 tokens=414580736/1000000000 loss=3.3559 lr=6.86e-05 tok/s=41,218 eta=14203.05784994765
step=3164 tokens=414711808/1000000000 loss=3.3514 lr=6.85e-05 tok/s=40,918 eta=14303.9746398326
step=3165 tokens=414842880/1000000000 loss=3.2917 lr=6.85e-05 tok/s=41,270 eta=14178.626943862646
step=3166 tokens=414973952/1000000000 loss=3.2950 lr=6.85e-05 tok/s=41,375 eta=14139.629527109917
step=3167 tokens=415105024/1000000000 loss=3.2335 lr=6.85e-05 tok/s=41,294 eta=14164.298650652403
step=3168 tokens=415236096/1000000000 loss=3.2257 lr=6.85e-05 tok/s=41,179 eta=14200.436049774278
step=3169 tokens=415367168/1000000000 loss=3.2644 lr=6.84e-05 tok/s=41,091 eta=14227.735792778394
step=3170 tokens=415498240/1000000000 loss=3.2137 lr=6.84e-05 tok/s=41,375 eta=14126.829472343716
step=3171 tokens=415629312/1000000000 loss=3.3860 lr=6.84e-05 tok/s=41,204 eta=14182.408670565985
step=3172 tokens=415760384/1000000000 loss=3.2852 lr=6.84e-05 tok/s=41,306 eta=14144.230415707445
step=3173 tokens=415891456/1000000000 loss=3.2702 lr=6.84e-05 tok/s=41,244 eta=14162.31467063857
step=3174 tokens=416022528/1000000000 loss=3.1222 lr=6.84e-05 tok/s=41,419 eta=14099.13592344979
step=3175 tokens=416153600/1000000000 loss=3.0492 lr=6.83e-05 tok/s=41,431 eta=14091.924966699453
step=3176 tokens=416284672/1000000000 loss=3.2240 lr=6.83e-05 tok/s=41,256 eta=14148.566019130418
step=3177 tokens=416415744/1000000000 loss=3.2602 lr=6.83e-05 tok/s=41,412 eta=14092.075416362863
step=3178 tokens=416546816/1000000000 loss=3.3959 lr=6.83e-05 tok/s=41,417 eta=14087.314001890465
step=3179 tokens=416677888/1000000000 loss=3.2155 lr=6.83e-05 tok/s=41,370 eta=14099.969376276304
step=3180 tokens=416808960/1000000000 loss=3.1705 lr=6.82e-05 tok/s=41,137 eta=14176.649447123737
step=3181 tokens=416940032/1000000000 loss=3.3578 lr=6.82e-05 tok/s=41,312 eta=14113.563508997937
step=3182 tokens=417071104/1000000000 loss=3.1938 lr=6.82e-05 tok/s=41,349 eta=14097.924085138266
step=3183 tokens=417202176/1000000000 loss=3.2509 lr=6.82e-05 tok/s=41,235 eta=14133.439091510227
step=3184 tokens=417333248/1000000000 loss=3.2186 lr=6.82e-05 tok/s=41,263 eta=14120.746549094392
step=3185 tokens=417464320/1000000000 loss=3.2161 lr=6.82e-05 tok/s=41,365 eta=14082.796695148936
step=3186 tokens=417595392/1000000000 loss=3.1487 lr=6.81e-05 tok/s=41,377 eta=14075.730973445583
step=3187 tokens=417726464/1000000000 loss=3.3827 lr=6.81e-05 tok/s=41,292 eta=14101.431189001736
step=3188 tokens=417857536/1000000000 loss=3.3004 lr=6.81e-05 tok/s=41,345 eta=14080.055286451123
step=3189 tokens=417988608/1000000000 loss=3.2658 lr=6.81e-05 tok/s=41,440 eta=14044.574536740029
step=3190 tokens=418119680/1000000000 loss=3.2698 lr=6.81e-05 tok/s=41,341 eta=14075.21049820333
step=3191 tokens=418250752/1000000000 loss=3.3337 lr=6.8e-05 tok/s=41,268 eta=14096.917636468672
step=3192 tokens=418381824/1000000000 loss=3.4168 lr=6.8e-05 tok/s=41,078 eta=14158.911886942295
step=3193 tokens=418512896/1000000000 loss=3.2385 lr=6.8e-05 tok/s=41,085 eta=14153.435018526694
step=3194 tokens=418643968/1000000000 loss=3.3742 lr=6.8e-05 tok/s=40,975 eta=14188.164262434084
step=3195 tokens=418775040/1000000000 loss=3.3393 lr=6.8e-05 tok/s=40,976 eta=14184.44542586015
step=3196 tokens=418906112/1000000000 loss=3.2315 lr=6.8e-05 tok/s=41,035 eta=14161.026782499823
step=3197 tokens=419037184/1000000000 loss=3.2362 lr=6.79e-05 tok/s=41,004 eta=14168.549080736972
step=3198 tokens=419168256/1000000000 loss=3.2335 lr=6.79e-05 tok/s=41,104 eta=14130.674355506602
step=3199 tokens=419299328/1000000000 loss=3.2265 lr=6.79e-05 tok/s=41,189 eta=14098.549425970617
step=3200 tokens=419430400/1000000000 loss=3.1873 lr=6.79e-05 tok/s=40,911 eta=14191.010147444633
step=3201 tokens=419561472/1000000000 loss=3.1876 lr=6.79e-05 tok/s=41,075 eta=14131.239085689302
step=3202 tokens=419692544/1000000000 loss=3.3057 lr=6.78e-05 tok/s=41,191 eta=14088.049600607414
step=3203 tokens=419823616/1000000000 loss=3.1793 lr=6.78e-05 tok/s=41,153 eta=14098.151183740918
step=3204 tokens=419954688/1000000000 loss=3.1378 lr=6.78e-05 tok/s=41,071 eta=14122.871012076224
step=3205 tokens=420085760/1000000000 loss=3.2839 lr=6.78e-05 tok/s=29,849 eta=19428.486846690885
step=3206 tokens=420216832/1000000000 loss=3.1307 lr=6.78e-05 tok/s=41,050 eta=14123.88659161638
step=3207 tokens=420347904/1000000000 loss=3.2092 lr=6.78e-05 tok/s=40,927 eta=14163.046004395319
step=3208 tokens=420478976/1000000000 loss=3.1936 lr=6.77e-05 tok/s=41,128 eta=14090.68370306221
step=3209 tokens=420610048/1000000000 loss=3.3314 lr=6.77e-05 tok/s=41,150 eta=14079.894881457656
step=3210 tokens=420741120/1000000000 loss=3.4334 lr=6.77e-05 tok/s=41,071 eta=14103.901602672135
step=3211 tokens=420872192/1000000000 loss=3.1371 lr=6.77e-05 tok/s=41,226 eta=14047.549219283417
step=3212 tokens=421003264/1000000000 loss=3.3929 lr=6.77e-05 tok/s=41,116 eta=14082.085189499629
step=3213 tokens=421134336/1000000000 loss=3.3407 lr=6.76e-05 tok/s=41,164 eta=14062.548792932623
step=3214 tokens=421265408/1000000000 loss=3.2441 lr=6.76e-05 tok/s=41,080 eta=14087.965712332087
step=3215 tokens=421396480/1000000000 loss=3.3502 lr=6.76e-05 tok/s=41,010 eta=14108.863952623242
step=3216 tokens=421527552/1000000000 loss=3.3289 lr=6.76e-05 tok/s=41,010 eta=14105.759669394103
step=3217 tokens=421658624/1000000000 loss=3.2298 lr=6.76e-05 tok/s=41,224 eta=14029.113095564282
step=3218 tokens=421789696/1000000000 loss=3.3588 lr=6.76e-05 tok/s=41,129 eta=14058.429369796873
step=3219 tokens=421920768/1000000000 loss=3.3450 lr=6.75e-05 tok/s=41,163 eta=14043.639301752855
step=3220 tokens=422051840/1000000000 loss=3.2396 lr=6.75e-05 tok/s=41,352 eta=13976.36799987751
step=3221 tokens=422182912/1000000000 loss=3.1880 lr=6.75e-05 tok/s=41,347 eta=13974.877394033922
step=3222 tokens=422313984/1000000000 loss=3.3588 lr=6.75e-05 tok/s=41,257 eta=14002.005826082019
step=3223 tokens=422445056/1000000000 loss=3.2654 lr=6.75e-05 tok/s=41,308 eta=13981.677004961262
step=3224 tokens=422576128/1000000000 loss=3.3778 lr=6.74e-05 tok/s=41,197 eta=14016.081131848006
step=3225 tokens=422707200/1000000000 loss=3.0694 lr=6.74e-05 tok/s=41,093 eta=14048.541563073024
step=3226 tokens=422838272/1000000000 loss=3.3186 lr=6.74e-05 tok/s=41,022 eta=14069.562919495122
step=3227 tokens=422969344/1000000000 loss=3.2498 lr=6.74e-05 tok/s=41,005 eta=14072.05979303072
step=3228 tokens=423100416/1000000000 loss=3.2231 lr=6.74e-05 tok/s=41,020 eta=14063.989677400356
step=3229 tokens=423231488/1000000000 loss=3.1329 lr=6.74e-05 tok/s=41,154 eta=14014.746761184126
step=3230 tokens=423362560/1000000000 loss=3.1151 lr=6.73e-05 tok/s=41,126 eta=14021.30392706735
step=3231 tokens=423493632/1000000000 loss=3.1446 lr=6.73e-05 tok/s=41,118 eta=14020.723202682027
step=3232 tokens=423624704/1000000000 loss=3.3174 lr=6.73e-05 tok/s=41,260 eta=13969.34190127435
step=3233 tokens=423755776/1000000000 loss=3.2084 lr=6.73e-05 tok/s=41,325 eta=13944.234815037758
step=3234 tokens=423886848/1000000000 loss=3.3373 lr=6.73e-05 tok/s=41,257 eta=13964.1451566034
step=3235 tokens=424017920/1000000000 loss=3.1776 lr=6.72e-05 tok/s=41,170 eta=13990.497350566317
step=3236 tokens=424148992/1000000000 loss=3.3974 lr=6.72e-05 tok/s=41,189 eta=13980.806131378155
step=3237 tokens=424280064/1000000000 loss=3.3492 lr=6.72e-05 tok/s=41,328 eta=13930.3722306813
step=3238 tokens=424411136/1000000000 loss=3.2837 lr=6.72e-05 tok/s=41,302 eta=13936.241771482937
step=3239 tokens=424542208/1000000000 loss=3.1934 lr=6.72e-05 tok/s=41,243 eta=13952.913145082959
step=3240 tokens=424673280/1000000000 loss=3.2856 lr=6.72e-05 tok/s=41,297 eta=13931.392943267607
step=3241 tokens=424804352/1000000000 loss=3.1193 lr=6.71e-05 tok/s=41,107 eta=13992.75454734503
step=3242 tokens=424935424/1000000000 loss=3.1539 lr=6.71e-05 tok/s=41,007 eta=14023.50280029235
step=3243 tokens=425066496/1000000000 loss=3.2849 lr=6.71e-05 tok/s=41,143 eta=13973.907210763347
step=3244 tokens=425197568/1000000000 loss=3.4054 lr=6.71e-05 tok/s=41,054 eta=14000.974392579821
step=3245 tokens=425328640/1000000000 loss=3.2245 lr=6.71e-05 tok/s=40,983 eta=14022.294115672377
step=3246 tokens=425459712/1000000000 loss=3.2567 lr=6.7e-05 tok/s=41,030 eta=14002.775948710429
step=3247 tokens=425590784/1000000000 loss=3.2856 lr=6.7e-05 tok/s=41,120 eta=13969.148202798351
step=3248 tokens=425721856/1000000000 loss=3.3041 lr=6.7e-05 tok/s=41,198 eta=13939.628802868167
step=3249 tokens=425852928/1000000000 loss=3.0038 lr=6.7e-05 tok/s=40,685 eta=14112.181339177338
step=3250 tokens=425984000/1000000000 loss=3.3028 lr=6.7e-05 tok/s=40,934 eta=14022.953546849394
step=3251 tokens=426115072/1000000000 loss=3.3292 lr=6.7e-05 tok/s=40,944 eta=14016.457392041633
step=3252 tokens=426246144/1000000000 loss=3.2765 lr=6.69e-05 tok/s=40,876 eta=14036.480446507923
step=3253 tokens=426377216/1000000000 loss=3.2132 lr=6.69e-05 tok/s=40,891 eta=14027.950688237523
step=3254 tokens=426508288/1000000000 loss=3.4058 lr=6.69e-05 tok/s=40,748 eta=14074.123101146353
step=3255 tokens=426639360/1000000000 loss=3.1500 lr=6.69e-05 tok/s=40,854 eta=14034.30204900638
step=3256 tokens=426770432/1000000000 loss=3.1117 lr=6.69e-05 tok/s=40,843 eta=14034.909752404164
step=3257 tokens=426901504/1000000000 loss=3.2851 lr=6.68e-05 tok/s=40,752 eta=14063.168863128578
step=3258 tokens=427032576/1000000000 loss=3.1586 lr=6.68e-05 tok/s=41,101 eta=13940.6382111702
step=3259 tokens=427163648/1000000000 loss=3.2141 lr=6.68e-05 tok/s=41,023 eta=13963.917064790827
step=3260 tokens=427294720/1000000000 loss=3.4266 lr=6.68e-05 tok/s=40,711 eta=14067.486539986705
step=3261 tokens=427425792/1000000000 loss=3.2317 lr=6.68e-05 tok/s=41,009 eta=13962.276369999343
step=3262 tokens=427556864/1000000000 loss=3.2609 lr=6.68e-05 tok/s=41,013 eta=13957.684631435717
step=3263 tokens=427687936/1000000000 loss=3.2801 lr=6.67e-05 tok/s=40,938 eta=13980.059009045664
step=3264 tokens=427819008/1000000000 loss=3.0692 lr=6.67e-05 tok/s=40,968 eta=13966.483372046649
step=3265 tokens=427950080/1000000000 loss=3.2579 lr=6.67e-05 tok/s=40,944 eta=13971.595836396506
step=3266 tokens=428081152/1000000000 loss=3.3004 lr=6.67e-05 tok/s=40,764 eta=14029.912226902132
step=3267 tokens=428212224/1000000000 loss=3.2869 lr=6.67e-05 tok/s=40,714 eta=14044.074969391992
step=3268 tokens=428343296/1000000000 loss=3.2619 lr=6.66e-05 tok/s=41,034 eta=13931.186958274657
step=3269 tokens=428474368/1000000000 loss=3.2579 lr=6.66e-05 tok/s=40,934 eta=13962.166809346969
step=3270 tokens=428605440/1000000000 loss=3.3092 lr=6.66e-05 tok/s=40,837 eta=13992.083471134687
step=3271 tokens=428736512/1000000000 loss=3.1873 lr=6.66e-05 tok/s=40,870 eta=13977.521220911352
step=3272 tokens=428867584/1000000000 loss=3.3387 lr=6.66e-05 tok/s=40,921 eta=13957.113532929661
step=3273 tokens=428998656/1000000000 loss=3.2076 lr=6.66e-05 tok/s=40,961 eta=13940.067418589166
step=3274 tokens=429129728/1000000000 loss=3.2039 lr=6.65e-05 tok/s=41,044 eta=13908.688503066862
step=3275 tokens=429260800/1000000000 loss=3.4026 lr=6.65e-05 tok/s=41,120 eta=13880.000357946474
step=3276 tokens=429391872/1000000000 loss=3.2528 lr=6.65e-05 tok/s=41,151 eta=13866.063049503897
step=3277 tokens=429522944/1000000000 loss=3.3555 lr=6.65e-05 tok/s=41,092 eta=13883.027492777012
step=3278 tokens=429654016/1000000000 loss=3.3010 lr=6.65e-05 tok/s=41,137 eta=13864.660214550331
step=3279 tokens=429785088/1000000000 loss=3.3377 lr=6.64e-05 tok/s=40,926 eta=13932.806450241078
step=3280 tokens=429916160/1000000000 loss=3.3047 lr=6.64e-05 tok/s=41,000 eta=13904.442510153833
step=3281 tokens=430047232/1000000000 loss=3.3477 lr=6.64e-05 tok/s=29,709 eta=19184.25660735462
step=3282 tokens=430178304/1000000000 loss=3.4959 lr=6.64e-05 tok/s=41,205 eta=13829.061595277406
step=3283 tokens=430309376/1000000000 loss=3.3349 lr=6.64e-05 tok/s=41,072 eta=13870.54512776223
step=3284 tokens=430440448/1000000000 loss=3.1414 lr=6.64e-05 tok/s=40,708 eta=13991.466858183981
step=3285 tokens=430571520/1000000000 loss=3.1222 lr=6.63e-05 tok/s=40,779 eta=13963.602838350935
step=3286 tokens=430702592/1000000000 loss=3.1521 lr=6.63e-05 tok/s=41,124 eta=13843.459097446474
step=3287 tokens=430833664/1000000000 loss=3.2744 lr=6.63e-05 tok/s=41,127 eta=13839.20823587417
step=3288 tokens=430964736/1000000000 loss=3.2304 lr=6.63e-05 tok/s=41,166 eta=13823.088100813306
step=3289 tokens=431095808/1000000000 loss=3.2945 lr=6.63e-05 tok/s=41,117 eta=13836.368308070008
step=3290 tokens=431226880/1000000000 loss=3.3012 lr=6.62e-05 tok/s=41,064 eta=13850.737346443315
step=3291 tokens=431357952/1000000000 loss=3.2214 lr=6.62e-05 tok/s=41,143 eta=13821.077618601
step=3292 tokens=431489024/1000000000 loss=3.3485 lr=6.62e-05 tok/s=41,207 eta=13796.618011283686
step=3293 tokens=431620096/1000000000 loss=3.2001 lr=6.62e-05 tok/s=40,996 eta=13864.158336167638
step=3294 tokens=431751168/1000000000 loss=3.4447 lr=6.62e-05 tok/s=40,951 eta=13876.360269396866
step=3295 tokens=431882240/1000000000 loss=3.3101 lr=6.62e-05 tok/s=40,953 eta=13872.35120343208
step=3296 tokens=432013312/1000000000 loss=3.2844 lr=6.61e-05 tok/s=40,789 eta=13925.023232628948
step=3297 tokens=432144384/1000000000 loss=3.4531 lr=6.61e-05 tok/s=40,820 eta=13911.15773108109
step=3298 tokens=432275456/1000000000 loss=3.3370 lr=6.61e-05 tok/s=40,837 eta=13902.128639905182
step=3299 tokens=432406528/1000000000 loss=3.4042 lr=6.61e-05 tok/s=41,006 eta=13841.738628890329
step=3300 tokens=432537600/1000000000 loss=3.2655 lr=6.61e-05 tok/s=40,743 eta=13927.989240863973
step=3301 tokens=432668672/1000000000 loss=3.2974 lr=6.6e-05 tok/s=40,840 eta=13891.555671805754
step=3302 tokens=432799744/1000000000 loss=3.2176 lr=6.6e-05 tok/s=40,912 eta=13863.800245640181
step=3303 tokens=432930816/1000000000 loss=3.4143 lr=6.6e-05 tok/s=40,941 eta=13850.90986176595
step=3304 tokens=433061888/1000000000 loss=3.2131 lr=6.6e-05 tok/s=40,980 eta=13834.641039003864
step=3305 tokens=433192960/1000000000 loss=3.1688 lr=6.6e-05 tok/s=41,003 eta=13823.66646958532
step=3306 tokens=433324032/1000000000 loss=3.3287 lr=6.59e-05 tok/s=41,017 eta=13815.576878879152
step=3307 tokens=433455104/1000000000 loss=3.2062 lr=6.59e-05 tok/s=41,178 eta=13758.45838739747
step=3308 tokens=433586176/1000000000 loss=3.2424 lr=6.59e-05 tok/s=41,144 eta=13766.67764249627
step=3309 tokens=433717248/1000000000 loss=3.0842 lr=6.59e-05 tok/s=41,110 eta=13774.893884647867
step=3310 tokens=433848320/1000000000 loss=3.2520 lr=6.59e-05 tok/s=41,164 eta=13753.474756416364
step=3311 tokens=433979392/1000000000 loss=3.3647 lr=6.59e-05 tok/s=41,170 eta=13748.350553640394
step=3312 tokens=434110464/1000000000 loss=3.3455 lr=6.58e-05 tok/s=41,262 eta=13714.696438212557
step=3313 tokens=434241536/1000000000 loss=3.3649 lr=6.58e-05 tok/s=41,145 eta=13750.370193449655
step=3314 tokens=434372608/1000000000 loss=3.3403 lr=6.58e-05 tok/s=41,077 eta=13769.95708826231
step=3315 tokens=434503680/1000000000 loss=3.1680 lr=6.58e-05 tok/s=41,114 eta=13754.329328624755
step=3316 tokens=434634752/1000000000 loss=3.2054 lr=6.58e-05 tok/s=40,903 eta=13822.11902878839
step=3317 tokens=434765824/1000000000 loss=3.2833 lr=6.57e-05 tok/s=41,174 eta=13728.040418870445
step=3318 tokens=434896896/1000000000 loss=3.1334 lr=6.57e-05 tok/s=41,208 eta=13713.269688826433
step=3319 tokens=435027968/1000000000 loss=3.3357 lr=6.57e-05 tok/s=41,001 eta=13779.482802321745
step=3320 tokens=435159040/1000000000 loss=3.3432 lr=6.57e-05 tok/s=41,098 eta=13743.611385501228
step=3321 tokens=435290112/1000000000 loss=3.3128 lr=6.57e-05 tok/s=40,881 eta=13813.458947517267
step=3322 tokens=435421184/1000000000 loss=3.2010 lr=6.57e-05 tok/s=40,906 eta=13801.79686789393
step=3323 tokens=435552256/1000000000 loss=3.1036 lr=6.56e-05 tok/s=40,865 eta=13812.583057069438
step=3324 tokens=435683328/1000000000 loss=3.3818 lr=6.56e-05 tok/s=41,038 eta=13750.945715678617
step=3325 tokens=435814400/1000000000 loss=3.3033 lr=6.56e-05 tok/s=40,957 eta=13775.1430450972
step=3326 tokens=435945472/1000000000 loss=3.1691 lr=6.56e-05 tok/s=41,172 eta=13699.935625386863
step=3327 tokens=436076544/1000000000 loss=3.2987 lr=6.56e-05 tok/s=41,022 eta=13746.72164429448
step=3328 tokens=436207616/1000000000 loss=3.2661 lr=6.55e-05 tok/s=41,218 eta=13678.267418524872
step=3329 tokens=436338688/1000000000 loss=3.3664 lr=6.55e-05 tok/s=41,343 eta=13633.73301439096
step=3330 tokens=436469760/1000000000 loss=3.2600 lr=6.55e-05 tok/s=41,038 eta=13732.025044256276
step=3331 tokens=436600832/1000000000 loss=3.2321 lr=6.55e-05 tok/s=40,860 eta=13788.681627651242
step=3332 tokens=436731904/1000000000 loss=3.2078 lr=6.55e-05 tok/s=41,213 eta=13667.189217351512
step=3333 tokens=436862976/1000000000 loss=3.1932 lr=6.55e-05 tok/s=41,154 eta=13683.692685424834
checkpoint saved: runs/20260906-225321/checkpoints/step_000003333 (time)
step=3334 tokens=436994048/1000000000 loss=3.1678 lr=6.54e-05 tok/s=35,940 eta=15665.366473809992
step=3335 tokens=437125120/1000000000 loss=3.2269 lr=6.54e-05 tok/s=40,981 eta=13734.863905162385
step=3336 tokens=437256192/1000000000 loss=3.3762 lr=6.54e-05 tok/s=40,951 eta=13741.860564543085
step=3337 tokens=437387264/1000000000 loss=3.2864 lr=6.54e-05 tok/s=41,273 eta=13631.379431600968
step=3338 tokens=437518336/1000000000 loss=3.1616 lr=6.54e-05 tok/s=41,178 eta=13659.719770777932
step=3339 tokens=437649408/1000000000 loss=3.3324 lr=6.53e-05 tok/s=40,907 eta=13746.979980252445
step=3340 tokens=437780480/1000000000 loss=3.1949 lr=6.53e-05 tok/s=41,217 eta=13640.501874333246
step=3341 tokens=437911552/1000000000 loss=3.1758 lr=6.53e-05 tok/s=41,111 eta=13672.497300365603
step=3342 tokens=438042624/1000000000 loss=3.2382 lr=6.53e-05 tok/s=41,145 eta=13657.854687321527
step=3343 tokens=438173696/1000000000 loss=3.2131 lr=6.53e-05 tok/s=41,410 eta=13567.370493592163
step=3344 tokens=438304768/1000000000 loss=3.2365 lr=6.53e-05 tok/s=41,168 eta=13644.082343248516
step=3345 tokens=438435840/1000000000 loss=3.0964 lr=6.52e-05 tok/s=41,362 eta=13576.93153356826
step=3346 tokens=438566912/1000000000 loss=3.1668 lr=6.52e-05 tok/s=41,445 eta=13546.298389518037
step=3347 tokens=438697984/1000000000 loss=3.2553 lr=6.52e-05 tok/s=41,230 eta=13613.827827897541
step=3348 tokens=438829056/1000000000 loss=3.1708 lr=6.52e-05 tok/s=41,211 eta=13617.017529733084
step=3349 tokens=438960128/1000000000 loss=3.1881 lr=6.52e-05 tok/s=41,260 eta=13597.52391408051
step=3350 tokens=439091200/1000000000 loss=3.2651 lr=6.51e-05 tok/s=41,278 eta=13588.481509210986
step=3351 tokens=439222272/1000000000 loss=3.2957 lr=6.51e-05 tok/s=41,500 eta=13512.585637666116
step=3352 tokens=439353344/1000000000 loss=3.2964 lr=6.51e-05 tok/s=41,384 eta=13547.264924846077
step=3353 tokens=439484416/1000000000 loss=3.3614 lr=6.51e-05 tok/s=41,329 eta=13562.32956595455
step=3354 tokens=439615488/1000000000 loss=3.3363 lr=6.51e-05 tok/s=41,263 eta=13580.911538329055
step=3355 tokens=439746560/1000000000 loss=3.3788 lr=6.5e-05 tok/s=41,136 eta=13619.619229307062
step=3356 tokens=439877632/1000000000 loss=3.2993 lr=6.5e-05 tok/s=41,323 eta=13554.67350951893
step=3357 tokens=440008704/1000000000 loss=3.2797 lr=6.5e-05 tok/s=29,705 eta=18851.744035740005
step=3358 tokens=440139776/1000000000 loss=3.2271 lr=6.5e-05 tok/s=40,700 eta=13755.621462897392
step=3359 tokens=440270848/1000000000 loss=3.0926 lr=6.5e-05 tok/s=40,893 eta=13687.709209625264
step=3360 tokens=440401920/1000000000 loss=3.2017 lr=6.5e-05 tok/s=40,774 eta=13724.302762372607
step=3361 tokens=440532992/1000000000 loss=3.1198 lr=6.49e-05 tok/s=40,829 eta=13702.740848927884
step=3362 tokens=440664064/1000000000 loss=3.2725 lr=6.49e-05 tok/s=41,065 eta=13620.769120156125
step=3363 tokens=440795136/1000000000 loss=3.3512 lr=6.49e-05 tok/s=41,192 eta=13575.616342495765
step=3364 tokens=440926208/1000000000 loss=3.1930 lr=6.49e-05 tok/s=41,101 eta=13602.575423636823
step=3365 tokens=441057280/1000000000 loss=3.3117 lr=6.49e-05 tok/s=40,873 eta=13675.036011847693
step=3366 tokens=441188352/1000000000 loss=3.3353 lr=6.48e-05 tok/s=40,695 eta=13731.557098238789
step=3367 tokens=441319424/1000000000 loss=3.3099 lr=6.48e-05 tok/s=40,930 eta=13649.62294017768
step=3368 tokens=441450496/1000000000 loss=3.2639 lr=6.48e-05 tok/s=41,015 eta=13618.130888432726
step=3369 tokens=441581568/1000000000 loss=3.1287 lr=6.48e-05 tok/s=41,030 eta=13609.925371006506
step=3370 tokens=441712640/1000000000 loss=3.2702 lr=6.48e-05 tok/s=41,027 eta=13607.820661516387
step=3371 tokens=441843712/1000000000 loss=3.3716 lr=6.48e-05 tok/s=41,059 eta=13593.87419097927
step=3372 tokens=441974784/1000000000 loss=3.3249 lr=6.47e-05 tok/s=41,062 eta=13589.787718754109
step=3373 tokens=442105856/1000000000 loss=3.1768 lr=6.47e-05 tok/s=41,194 eta=13543.141424321462
step=3374 tokens=442236928/1000000000 loss=3.2204 lr=6.47e-05 tok/s=41,057 eta=13585.189063759844
step=3375 tokens=442368000/1000000000 loss=3.2649 lr=6.47e-05 tok/s=41,005 eta=13599.036246623244
step=3376 tokens=442499072/1000000000 loss=3.3069 lr=6.47e-05 tok/s=40,941 eta=13617.307906886856
step=3377 tokens=442630144/1000000000 loss=3.3384 lr=6.46e-05 tok/s=41,019 eta=13588.051425934767
step=3378 tokens=442761216/1000000000 loss=3.3888 lr=6.46e-05 tok/s=41,018 eta=13585.113514934214
step=3379 tokens=442892288/1000000000 loss=3.3102 lr=6.46e-05 tok/s=41,082 eta=13560.782894357093
step=3380 tokens=443023360/1000000000 loss=3.1762 lr=6.46e-05 tok/s=41,026 eta=13576.28607834116
step=3381 tokens=443154432/1000000000 loss=3.5107 lr=6.46e-05 tok/s=40,898 eta=13615.350059682254
step=3382 tokens=443285504/1000000000 loss=3.2992 lr=6.46e-05 tok/s=41,022 eta=13571.22015542517
step=3383 tokens=443416576/1000000000 loss=3.2177 lr=6.45e-05 tok/s=40,924 eta=13600.54274075749
step=3384 tokens=443547648/1000000000 loss=3.2706 lr=6.45e-05 tok/s=40,782 eta=13644.521555183901
step=3385 tokens=443678720/1000000000 loss=3.2621 lr=6.45e-05 tok/s=40,803 eta=13634.432619778669
step=3386 tokens=443809792/1000000000 loss=3.3483 lr=6.45e-05 tok/s=40,935 eta=13587.16631816121
step=3387 tokens=443940864/1000000000 loss=3.2275 lr=6.45e-05 tok/s=40,826 eta=13620.243834397468
step=3388 tokens=444071936/1000000000 loss=3.1703 lr=6.44e-05 tok/s=41,059 eta=13539.813118656666
step=3389 tokens=444203008/1000000000 loss=3.0836 lr=6.44e-05 tok/s=41,073 eta=13531.845122997052
step=3390 tokens=444334080/1000000000 loss=3.4249 lr=6.44e-05 tok/s=41,098 eta=13520.65719408783
step=3391 tokens=444465152/1000000000 loss=3.2381 lr=6.44e-05 tok/s=40,935 eta=13571.285931841006
step=3392 tokens=444596224/1000000000 loss=3.4278 lr=6.44e-05 tok/s=40,941 eta=13565.98609517894
step=3393 tokens=444727296/1000000000 loss=3.2969 lr=6.43e-05 tok/s=41,055 eta=13525.189613489458
step=3394 tokens=444858368/1000000000 loss=3.2107 lr=6.43e-05 tok/s=40,973 eta=13549.075245084003
step=3395 tokens=444989440/1000000000 loss=3.3239 lr=6.43e-05 tok/s=40,911 eta=13566.137591190873
step=3396 tokens=445120512/1000000000 loss=3.1855 lr=6.43e-05 tok/s=41,034 eta=13522.270313277566
step=3397 tokens=445251584/1000000000 loss=3.3162 lr=6.43e-05 tok/s=40,957 eta=13544.728826343311
step=3398 tokens=445382656/1000000000 loss=3.3023 lr=6.43e-05 tok/s=41,039 eta=13514.23528418345
step=3399 tokens=445513728/1000000000 loss=3.2069 lr=6.42e-05 tok/s=41,096 eta=13492.44501931487
step=3400 tokens=445644800/1000000000 loss=3.2548 lr=6.42e-05 tok/s=41,138 eta=13475.572274464274
step=3401 tokens=445775872/1000000000 loss=3.1890 lr=6.42e-05 tok/s=41,038 eta=13505.033935472255
step=3402 tokens=445906944/1000000000 loss=3.1554 lr=6.42e-05 tok/s=41,082 eta=13487.633529411314
step=3403 tokens=446038016/1000000000 loss=3.4282 lr=6.42e-05 tok/s=41,226 eta=13437.11497028958
step=3404 tokens=446169088/1000000000 loss=3.2695 lr=6.41e-05 tok/s=41,299 eta=13410.371465694458
step=3405 tokens=446300160/1000000000 loss=3.2343 lr=6.41e-05 tok/s=41,205 eta=13437.547969242114
step=3406 tokens=446431232/1000000000 loss=3.4699 lr=6.41e-05 tok/s=40,954 eta=13516.913329674799
step=3407 tokens=446562304/1000000000 loss=3.2882 lr=6.41e-05 tok/s=41,162 eta=13445.269581109325
step=3408 tokens=446693376/1000000000 loss=3.3336 lr=6.41e-05 tok/s=40,882 eta=13534.130930035828
step=3409 tokens=446824448/1000000000 loss=3.2913 lr=6.41e-05 tok/s=40,856 eta=13539.617174037867
step=3410 tokens=446955520/1000000000 loss=3.4518 lr=6.4e-05 tok/s=40,902 eta=13521.335601482413
step=3411 tokens=447086592/1000000000 loss=3.4525 lr=6.4e-05 tok/s=40,900 eta=13518.75733861103
step=3412 tokens=447217664/1000000000 loss=3.1010 lr=6.4e-05 tok/s=41,080 eta=13456.341820325852
step=3413 tokens=447348736/1000000000 loss=3.3685 lr=6.4e-05 tok/s=41,003 eta=13478.33739276966
step=3414 tokens=447479808/1000000000 loss=3.3282 lr=6.4e-05 tok/s=40,766 eta=13553.31265458962
step=3415 tokens=447610880/1000000000 loss=3.4127 lr=6.39e-05 tok/s=40,928 eta=13496.527836234638
step=3416 tokens=447741952/1000000000 loss=3.1316 lr=6.39e-05 tok/s=40,969 eta=13479.765971038849
step=3417 tokens=447873024/1000000000 loss=3.0033 lr=6.39e-05 tok/s=40,855 eta=13514.434620576843
step=3418 tokens=448004096/1000000000 loss=3.4710 lr=6.39e-05 tok/s=41,081 eta=13436.684653132812
step=3419 tokens=448135168/1000000000 loss=3.3532 lr=6.39e-05 tok/s=41,131 eta=13417.384627886386
step=3420 tokens=448266240/1000000000 loss=3.3394 lr=6.38e-05 tok/s=41,149 eta=13408.28475655182
step=3421 tokens=448397312/1000000000 loss=3.4789 lr=6.38e-05 tok/s=41,202 eta=13387.676216478849
step=3422 tokens=448528384/1000000000 loss=3.2332 lr=6.38e-05 tok/s=40,791 eta=13519.538752622795
step=3423 tokens=448659456/1000000000 loss=3.2261 lr=6.38e-05 tok/s=40,938 eta=13467.853391676605
step=3424 tokens=448790528/1000000000 loss=3.1859 lr=6.38e-05 tok/s=40,865 eta=13488.432619360026
step=3425 tokens=448921600/1000000000 loss=3.2617 lr=6.38e-05 tok/s=40,954 eta=13455.911264836355
step=3426 tokens=449052672/1000000000 loss=3.2571 lr=6.37e-05 tok/s=41,102 eta=13404.258476939449
step=3427 tokens=449183744/1000000000 loss=3.1419 lr=6.37e-05 tok/s=40,979 eta=13441.46553987823
step=3428 tokens=449314816/1000000000 loss=3.3485 lr=6.37e-05 tok/s=41,098 eta=13399.192994862955
step=3429 tokens=449445888/1000000000 loss=3.0306 lr=6.37e-05 tok/s=40,976 eta=13435.953419731884
step=3430 tokens=449576960/1000000000 loss=3.2802 lr=6.37e-05 tok/s=40,998 eta=13425.457929086353
step=3431 tokens=449708032/1000000000 loss=3.1962 lr=6.36e-05 tok/s=41,105 eta=13387.437044980588
step=3432 tokens=449839104/1000000000 loss=3.2912 lr=6.36e-05 tok/s=41,201 eta=13353.038437592497
step=3433 tokens=449970176/1000000000 loss=3.3193 lr=6.36e-05 tok/s=41,225 eta=13341.9867391129
step=3434 tokens=450101248/1000000000 loss=3.2883 lr=6.36e-05 tok/s=29,714 eta=18506.34238661084
checkpoint saved: runs/20260906-225321/checkpoints/tokens_000450m (permanent_tokens)
step=3435 tokens=450232320/1000000000 loss=3.3338 lr=6.36e-05 tok/s=36,358 eta=15121.160540340949
step=3436 tokens=450363392/1000000000 loss=3.2592 lr=6.36e-05 tok/s=40,980 eta=13412.369569498751
step=3437 tokens=450494464/1000000000 loss=3.3374 lr=6.35e-05 tok/s=41,078 eta=13377.2398456188
step=3438 tokens=450625536/1000000000 loss=3.2994 lr=6.35e-05 tok/s=41,085 eta=13371.623756340945
step=3439 tokens=450756608/1000000000 loss=3.0626 lr=6.35e-05 tok/s=41,071 eta=13373.048121561307
step=3440 tokens=450887680/1000000000 loss=3.1891 lr=6.35e-05 tok/s=41,082 eta=13366.100477238802
step=3441 tokens=451018752/1000000000 loss=3.2727 lr=6.35e-05 tok/s=41,083 eta=13362.87833081756
step=3442 tokens=451149824/1000000000 loss=3.0857 lr=6.34e-05 tok/s=41,093 eta=13356.159101309695
step=3443 tokens=451280896/1000000000 loss=3.1680 lr=6.34e-05 tok/s=41,141 eta=13337.624905942977
step=3444 tokens=451411968/1000000000 loss=3.3237 lr=6.34e-05 tok/s=41,191 eta=13318.017799402316
step=3445 tokens=451543040/1000000000 loss=3.2405 lr=6.34e-05 tok/s=41,252 eta=13295.204284428473
step=3446 tokens=451674112/1000000000 loss=3.2482 lr=6.34e-05 tok/s=41,196 eta=13310.115851613433
step=3447 tokens=451805184/1000000000 loss=3.1922 lr=6.33e-05 tok/s=41,163 eta=13317.739329674025
step=3448 tokens=451936256/1000000000 loss=3.2018 lr=6.33e-05 tok/s=41,170 eta=13312.109950339238
step=3449 tokens=452067328/1000000000 loss=3.3443 lr=6.33e-05 tok/s=41,213 eta=13295.13249165575
step=3450 tokens=452198400/1000000000 loss=3.2618 lr=6.33e-05 tok/s=40,875 eta=13402.030318675788
step=3451 tokens=452329472/1000000000 loss=3.2460 lr=6.33e-05 tok/s=41,117 eta=13319.87940543078
step=3452 tokens=452460544/1000000000 loss=3.1835 lr=6.33e-05 tok/s=41,110 eta=13318.841582473164
step=3453 tokens=452591616/1000000000 loss=3.3801 lr=6.32e-05 tok/s=41,165 eta=13297.85007641718
step=3454 tokens=452722688/1000000000 loss=3.2490 lr=6.32e-05 tok/s=41,317 eta=13245.776840951927
step=3455 tokens=452853760/1000000000 loss=3.2909 lr=6.32e-05 tok/s=41,247 eta=13265.093081651712
step=3456 tokens=452984832/1000000000 loss=3.3540 lr=6.32e-05 tok/s=41,212 eta=13273.15379112932
step=3457 tokens=453115904/1000000000 loss=3.1188 lr=6.32e-05 tok/s=41,108 eta=13303.585341422006
step=3458 tokens=453246976/1000000000 loss=3.3069 lr=6.31e-05 tok/s=41,188 eta=13274.41059857489
step=3459 tokens=453378048/1000000000 loss=3.2923 lr=6.31e-05 tok/s=41,134 eta=13288.86395268715
step=3460 tokens=453509120/1000000000 loss=3.3929 lr=6.31e-05 tok/s=41,227 eta=13255.498773245346
step=3461 tokens=453640192/1000000000 loss=3.2582 lr=6.31e-05 tok/s=41,233 eta=13250.408096772117
step=3462 tokens=453771264/1000000000 loss=3.2045 lr=6.31e-05 tok/s=41,259 eta=13238.946887109461
step=3463 tokens=453902336/1000000000 loss=3.1785 lr=6.3e-05 tok/s=41,195 eta=13256.381698572732
step=3464 tokens=454033408/1000000000 loss=3.4163 lr=6.3e-05 tok/s=41,065 eta=13295.07543669109
step=3465 tokens=454164480/1000000000 loss=3.1830 lr=6.3e-05 tok/s=41,106 eta=13278.829579077405
step=3466 tokens=454295552/1000000000 loss=3.2566 lr=6.3e-05 tok/s=41,239 eta=13232.76429837883
step=3467 tokens=454426624/1000000000 loss=3.1073 lr=6.3e-05 tok/s=41,291 eta=13212.990051568931
step=3468 tokens=454557696/1000000000 loss=3.4924 lr=6.3e-05 tok/s=41,207 eta=13236.530941423
step=3469 tokens=454688768/1000000000 loss=3.2077 lr=6.29e-05 tok/s=41,187 eta=13239.905391910082
step=3470 tokens=454819840/1000000000 loss=3.1527 lr=6.29e-05 tok/s=41,127 eta=13255.889514109676
step=3471 tokens=454950912/1000000000 loss=3.4085 lr=6.29e-05 tok/s=41,188 eta=13233.064603260736
step=3472 tokens=455081984/1000000000 loss=3.1378 lr=6.29e-05 tok/s=40,863 eta=13335.403716723082
step=3473 tokens=455213056/1000000000 loss=3.3072 lr=6.29e-05 tok/s=41,091 eta=13258.220260178248
step=3474 tokens=455344128/1000000000 loss=3.3240 lr=6.28e-05 tok/s=41,058 eta=13265.519736239235
step=3475 tokens=455475200/1000000000 loss=3.3021 lr=6.28e-05 tok/s=41,054 eta=13263.477502661122
step=3476 tokens=455606272/1000000000 loss=3.3445 lr=6.28e-05 tok/s=41,145 eta=13231.078613877527
step=3477 tokens=455737344/1000000000 loss=3.2704 lr=6.28e-05 tok/s=41,125 eta=13234.447824266947
step=3478 tokens=455868416/1000000000 loss=3.3975 lr=6.28e-05 tok/s=41,138 eta=13226.851464229348
step=3479 tokens=455999488/1000000000 loss=3.2387 lr=6.28e-05 tok/s=41,181 eta=13210.092584618358
step=3480 tokens=456130560/1000000000 loss=3.2069 lr=6.27e-05 tok/s=41,161 eta=13213.264837153469
step=3481 tokens=456261632/1000000000 loss=3.1837 lr=6.27e-05 tok/s=41,116 eta=13224.436661194419
step=3482 tokens=456392704/1000000000 loss=3.3300 lr=6.27e-05 tok/s=41,162 eta=13206.669675678815
step=3483 tokens=456523776/1000000000 loss=3.2485 lr=6.27e-05 tok/s=41,002 eta=13254.889580271627
step=3484 tokens=456654848/1000000000 loss=3.2119 lr=6.27e-05 tok/s=40,879 eta=13291.576320298507
step=3485 tokens=456785920/1000000000 loss=3.2204 lr=6.26e-05 tok/s=41,277 eta=13160.144026289969
step=3486 tokens=456916992/1000000000 loss=3.2042 lr=6.26e-05 tok/s=40,963 eta=13257.74929422835
step=3487 tokens=457048064/1000000000 loss=3.2329 lr=6.26e-05 tok/s=41,040 eta=13229.91106821607
step=3488 tokens=457179136/1000000000 loss=3.0990 lr=6.26e-05 tok/s=41,030 eta=13229.868782608533
step=3489 tokens=457310208/1000000000 loss=3.3824 lr=6.26e-05 tok/s=41,179 eta=13178.897086960173
step=3490 tokens=457441280/1000000000 loss=3.3978 lr=6.25e-05 tok/s=41,184 eta=13174.129323033978
step=3491 tokens=457572352/1000000000 loss=3.3679 lr=6.25e-05 tok/s=41,251 eta=13149.51495682677
step=3492 tokens=457703424/1000000000 loss=3.4772 lr=6.25e-05 tok/s=41,143 eta=13180.86573806454
step=3493 tokens=457834496/1000000000 loss=3.2102 lr=6.25e-05 tok/s=41,070 eta=13201.110783476059
step=3494 tokens=457965568/1000000000 loss=3.3107 lr=6.25e-05 tok/s=41,162 eta=13168.376629648186
step=3495 tokens=458096640/1000000000 loss=3.3678 lr=6.25e-05 tok/s=41,141 eta=13171.710474255948
step=3496 tokens=458227712/1000000000 loss=3.2560 lr=6.24e-05 tok/s=41,121 eta=13174.951036830746
step=3497 tokens=458358784/1000000000 loss=3.3417 lr=6.24e-05 tok/s=41,215 eta=13141.927976036022
step=3498 tokens=458489856/1000000000 loss=3.1496 lr=6.24e-05 tok/s=41,124 eta=13167.838734086692
step=3499 tokens=458620928/1000000000 loss=3.2669 lr=6.24e-05 tok/s=41,330 eta=13098.849016378912
step=3500 tokens=458752000/1000000000 loss=3.2632 lr=6.24e-05 tok/s=41,138 eta=13156.817294111052
step=3501 tokens=458883072/1000000000 loss=3.3219 lr=6.23e-05 tok/s=41,330 eta=13092.700471116006
step=3502 tokens=459014144/1000000000 loss=3.0988 lr=6.23e-05 tok/s=41,237 eta=13118.814418071546
step=3503 tokens=459145216/1000000000 loss=3.3264 lr=6.23e-05 tok/s=41,230 eta=13118.006166333354
step=3504 tokens=459276288/1000000000 loss=3.2751 lr=6.23e-05 tok/s=41,451 eta=13044.732506696242
step=3505 tokens=459407360/1000000000 loss=3.2338 lr=6.23e-05 tok/s=41,335 eta=13078.195007305245
step=3506 tokens=459538432/1000000000 loss=3.3273 lr=6.22e-05 tok/s=41,205 eta=13116.504586378123
step=3507 tokens=459669504/1000000000 loss=3.3791 lr=6.22e-05 tok/s=41,393 eta=13053.714531462427
step=3508 tokens=459800576/1000000000 loss=3.2681 lr=6.22e-05 tok/s=41,171 eta=13120.971973290365
step=3509 tokens=459931648/1000000000 loss=3.1868 lr=6.22e-05 tok/s=41,413 eta=13040.969279104514
step=3510 tokens=460062720/1000000000 loss=3.1403 lr=6.22e-05 tok/s=29,949 eta=18028.3224660782
step=3511 tokens=460193792/1000000000 loss=3.2076 lr=6.22e-05 tok/s=41,248 eta=13086.833275914254
step=3512 tokens=460324864/1000000000 loss=3.2686 lr=6.21e-05 tok/s=41,230 eta=13089.43469794211
step=3513 tokens=460455936/1000000000 loss=3.3045 lr=6.21e-05 tok/s=41,099 eta=13127.800335600366
step=3514 tokens=460587008/1000000000 loss=3.1791 lr=6.21e-05 tok/s=41,063 eta=13136.188761364794
step=3515 tokens=460718080/1000000000 loss=3.2667 lr=6.21e-05 tok/s=41,217 eta=13083.814696020196
step=3516 tokens=460849152/1000000000 loss=3.1084 lr=6.21e-05 tok/s=41,082 eta=13123.838915268161
step=3517 tokens=460980224/1000000000 loss=3.1774 lr=6.2e-05 tok/s=41,386 eta=13024.125263359596
step=3518 tokens=461111296/1000000000 loss=3.2887 lr=6.2e-05 tok/s=41,348 eta=13032.958839542898
step=3519 tokens=461242368/1000000000 loss=3.1523 lr=6.2e-05 tok/s=41,197 eta=13077.58040333905
step=3520 tokens=461373440/1000000000 loss=3.1125 lr=6.2e-05 tok/s=41,270 eta=13051.376845052928
step=3521 tokens=461504512/1000000000 loss=3.1530 lr=6.2e-05 tok/s=41,253 eta=13053.365165057134
step=3522 tokens=461635584/1000000000 loss=3.2941 lr=6.19e-05 tok/s=41,372 eta=13012.851952746812
step=3523 tokens=461766656/1000000000 loss=3.2762 lr=6.19e-05 tok/s=41,357 eta=13014.379733659673
step=3524 tokens=461897728/1000000000 loss=3.2716 lr=6.19e-05 tok/s=41,401 eta=12997.311435488718
step=3525 tokens=462028800/1000000000 loss=3.2169 lr=6.19e-05 tok/s=41,331 eta=13016.033029783013
step=3526 tokens=462159872/1000000000 loss=3.2463 lr=6.19e-05 tok/s=41,243 eta=13040.792239166794
step=3527 tokens=462290944/1000000000 loss=3.1722 lr=6.19e-05 tok/s=41,227 eta=13042.613166242794
step=3528 tokens=462422016/1000000000 loss=3.2808 lr=6.18e-05 tok/s=41,367 eta=12995.413097269546
step=3529 tokens=462553088/1000000000 loss=3.3182 lr=6.18e-05 tok/s=41,345 eta=12999.038612238568
step=3530 tokens=462684160/1000000000 loss=3.2599 lr=6.18e-05 tok/s=40,919 eta=13131.272286390169
step=3531 tokens=462815232/1000000000 loss=3.3968 lr=6.18e-05 tok/s=41,155 eta=13052.775634372612
step=3532 tokens=462946304/1000000000 loss=3.1728 lr=6.18e-05 tok/s=40,950 eta=13114.985413218757
step=3533 tokens=463077376/1000000000 loss=3.3010 lr=6.17e-05 tok/s=41,084 eta=13069.05451691346
step=3534 tokens=463208448/1000000000 loss=3.3766 lr=6.17e-05 tok/s=41,109 eta=13057.723451034513
step=3535 tokens=463339520/1000000000 loss=3.1258 lr=6.17e-05 tok/s=41,128 eta=13048.572961326317
step=3536 tokens=463470592/1000000000 loss=3.3198 lr=6.17e-05 tok/s=41,205 eta=13020.876461407333
step=3537 tokens=463601664/1000000000 loss=3.3279 lr=6.17e-05 tok/s=41,211 eta=13015.99750087363
step=3538 tokens=463732736/1000000000 loss=3.3093 lr=6.16e-05 tok/s=41,274 eta=12992.750366937355
step=3539 tokens=463863808/1000000000 loss=3.3279 lr=6.16e-05 tok/s=41,007 eta=13074.328919463418
step=3540 tokens=463994880/1000000000 loss=3.3296 lr=6.16e-05 tok/s=41,013 eta=13069.257472637017
step=3541 tokens=464125952/1000000000 loss=3.1661 lr=6.16e-05 tok/s=40,869 eta=13112.066903805453
step=3542 tokens=464257024/1000000000 loss=3.3553 lr=6.16e-05 tok/s=41,046 eta=13052.393079435817
step=3543 tokens=464388096/1000000000 loss=3.3160 lr=6.16e-05 tok/s=41,033 eta=13053.284057582916
step=3544 tokens=464519168/1000000000 loss=3.2059 lr=6.15e-05 tok/s=40,958 eta=13073.9728112209
step=3545 tokens=464650240/1000000000 loss=3.3649 lr=6.15e-05 tok/s=40,997 eta=13058.321912001828
step=3546 tokens=464781312/1000000000 loss=3.3020 lr=6.15e-05 tok/s=40,953 eta=13069.149217208682
step=3547 tokens=464912384/1000000000 loss=3.1097 lr=6.15e-05 tok/s=40,925 eta=13074.88613742683
step=3548 tokens=465043456/1000000000 loss=3.1775 lr=6.15e-05 tok/s=40,952 eta=13063.096126040276
step=3549 tokens=465174528/1000000000 loss=3.3843 lr=6.14e-05 tok/s=41,189 eta=12984.767154505485
step=3550 tokens=465305600/1000000000 loss=3.3103 lr=6.14e-05 tok/s=41,146 eta=12995.088614603046
step=3551 tokens=465436672/1000000000 loss=3.3283 lr=6.14e-05 tok/s=41,050 eta=13022.291058386361
step=3552 tokens=465567744/1000000000 loss=3.3096 lr=6.14e-05 tok/s=41,122 eta=12996.331866217248
step=3553 tokens=465698816/1000000000 loss=3.2545 lr=6.14e-05 tok/s=41,245 eta=12954.303781527531
step=3554 tokens=465829888/1000000000 loss=3.2362 lr=6.14e-05 tok/s=41,081 eta=13002.879301387364
step=3555 tokens=465960960/1000000000 loss=3.2716 lr=6.13e-05 tok/s=41,116 eta=12988.71892982254
step=3556 tokens=466092032/1000000000 loss=3.2925 lr=6.13e-05 tok/s=40,973 eta=13030.832010491116
step=3557 tokens=466223104/1000000000 loss=3.2769 lr=6.13e-05 tok/s=41,013 eta=13014.966118193784
step=3558 tokens=466354176/1000000000 loss=3.1875 lr=6.13e-05 tok/s=41,477 eta=12866.213152976105
step=3559 tokens=466485248/1000000000 loss=3.2568 lr=6.13e-05 tok/s=40,946 eta=13029.57988608418
step=3560 tokens=466616320/1000000000 loss=3.2519 lr=6.12e-05 tok/s=41,192 eta=12948.565808362171
step=3561 tokens=466747392/1000000000 loss=3.2765 lr=6.12e-05 tok/s=40,935 eta=13026.699362941712
step=3562 tokens=466878464/1000000000 loss=3.2650 lr=6.12e-05 tok/s=40,944 eta=13020.670381800657
step=3563 tokens=467009536/1000000000 loss=3.3670 lr=6.12e-05 tok/s=40,953 eta=13014.779409644032
step=3564 tokens=467140608/1000000000 loss=3.3656 lr=6.12e-05 tok/s=40,987 eta=13000.538683693567
step=3565 tokens=467271680/1000000000 loss=3.2562 lr=6.11e-05 tok/s=40,971 eta=13002.604960243685
step=3566 tokens=467402752/1000000000 loss=3.2030 lr=6.11e-05 tok/s=41,058 eta=12971.89703627026
step=3567 tokens=467533824/1000000000 loss=3.3164 lr=6.11e-05 tok/s=40,850 eta=13034.553675434561
step=3568 tokens=467664896/1000000000 loss=3.3616 lr=6.11e-05 tok/s=40,989 eta=12987.39412080082
step=3569 tokens=467795968/1000000000 loss=3.1445 lr=6.11e-05 tok/s=41,028 eta=12971.671173422757
step=3570 tokens=467927040/1000000000 loss=3.3829 lr=6.11e-05 tok/s=41,229 eta=12905.209280511861
step=3571 tokens=468058112/1000000000 loss=3.2173 lr=6.1e-05 tok/s=41,096 eta=12943.784111183817
step=3572 tokens=468189184/1000000000 loss=3.3300 lr=6.1e-05 tok/s=41,007 eta=12968.816383955143
step=3573 tokens=468320256/1000000000 loss=3.3120 lr=6.1e-05 tok/s=41,101 eta=12936.013907797462
step=3574 tokens=468451328/1000000000 loss=3.1882 lr=6.1e-05 tok/s=41,011 eta=12961.09222263726
step=3575 tokens=468582400/1000000000 loss=3.2392 lr=6.1e-05 tok/s=41,049 eta=12945.966587858655
step=3576 tokens=468713472/1000000000 loss=3.4323 lr=6.09e-05 tok/s=40,975 eta=12966.19291659496
step=3577 tokens=468844544/1000000000 loss=3.3904 lr=6.09e-05 tok/s=41,221 eta=12885.531011201549
step=3578 tokens=468975616/1000000000 loss=3.2181 lr=6.09e-05 tok/s=41,061 eta=12932.580034522016
step=3579 tokens=469106688/1000000000 loss=3.2290 lr=6.09e-05 tok/s=41,171 eta=12894.970847157132
step=3580 tokens=469237760/1000000000 loss=3.2172 lr=6.09e-05 tok/s=41,011 eta=12941.939924736695
step=3581 tokens=469368832/1000000000 loss=3.1755 lr=6.08e-05 tok/s=40,913 eta=12969.810273713365
step=3582 tokens=469499904/1000000000 loss=3.2498 lr=6.08e-05 tok/s=41,044 eta=12925.100991778037
step=3583 tokens=469630976/1000000000 loss=3.3370 lr=6.08e-05 tok/s=40,931 eta=12957.723147319455
step=3584 tokens=469762048/1000000000 loss=3.1502 lr=6.08e-05 tok/s=40,972 eta=12941.60550783456
step=3585 tokens=469893120/1000000000 loss=3.2185 lr=6.08e-05 tok/s=40,981 eta=12935.400593507851
step=3586 tokens=470024192/1000000000 loss=3.3881 lr=6.08e-05 tok/s=29,683 eta=17854.275765465434
step=3587 tokens=470155264/1000000000 loss=3.3902 lr=6.07e-05 tok/s=40,903 eta=12953.698665886675
step=3588 tokens=470286336/1000000000 loss=3.2614 lr=6.07e-05 tok/s=40,913 eta=12947.419697125792
step=3589 tokens=470417408/1000000000 loss=3.3528 lr=6.07e-05 tok/s=40,895 eta=12949.769158771358
step=3590 tokens=470548480/1000000000 loss=3.0538 lr=6.07e-05 tok/s=40,920 eta=12938.778691739959
step=3591 tokens=470679552/1000000000 loss=3.2283 lr=6.07e-05 tok/s=40,698 eta=13006.129082706893
step=3592 tokens=470810624/1000000000 loss=3.1986 lr=6.06e-05 tok/s=40,734 eta=12991.405208137763
step=3593 tokens=470941696/1000000000 loss=3.3322 lr=6.06e-05 tok/s=40,798 eta=12967.896325948455
step=3594 tokens=471072768/1000000000 loss=3.2226 lr=6.06e-05 tok/s=40,714 eta=12991.391168188964
step=3595 tokens=471203840/1000000000 loss=3.4012 lr=6.06e-05 tok/s=40,868 eta=12939.146627768583
step=3596 tokens=471334912/1000000000 loss=3.2961 lr=6.06e-05 tok/s=40,922 eta=12918.703094328454
step=3597 tokens=471465984/1000000000 loss=3.3520 lr=6.05e-05 tok/s=40,877 eta=12930.002826865404
step=3598 tokens=471597056/1000000000 loss=3.2395 lr=6.05e-05 tok/s=41,023 eta=12880.647623369441
step=3599 tokens=471728128/1000000000 loss=3.3033 lr=6.05e-05 tok/s=41,045 eta=12870.6872876118
step=3600 tokens=471859200/1000000000 loss=3.2208 lr=6.05e-05 tok/s=40,964 eta=12892.82062451181
step=3601 tokens=471990272/1000000000 loss=3.2983 lr=6.05e-05 tok/s=40,884 eta=12914.804876164124
step=3602 tokens=472121344/1000000000 loss=3.1608 lr=6.05e-05 tok/s=40,775 eta=12945.991544935105
step=3603 tokens=472252416/1000000000 loss=3.1599 lr=6.04e-05 tok/s=40,975 eta=12879.691005030785
step=3604 tokens=472383488/1000000000 loss=3.2651 lr=6.04e-05 tok/s=40,985 eta=12873.373125231306
step=3605 tokens=472514560/1000000000 loss=3.4021 lr=6.04e-05 tok/s=40,753 eta=12943.467326224594
step=3606 tokens=472645632/1000000000 loss=3.2770 lr=6.04e-05 tok/s=41,024 eta=12854.897096683164
step=3607 tokens=472776704/1000000000 loss=3.3926 lr=6.04e-05 tok/s=40,916 eta=12885.523397967014
step=3608 tokens=472907776/1000000000 loss=3.2447 lr=6.03e-05 tok/s=40,955 eta=12869.935902822173
step=3609 tokens=473038848/1000000000 loss=3.3418 lr=6.03e-05 tok/s=40,837 eta=12904.045107163209
step=3610 tokens=473169920/1000000000 loss=3.2794 lr=6.03e-05 tok/s=40,840 eta=12899.732997069981
step=3611 tokens=473300992/1000000000 loss=3.3205 lr=6.03e-05 tok/s=40,535 eta=12993.531542605702
step=3612 tokens=473432064/1000000000 loss=3.2062 lr=6.03e-05 tok/s=40,600 eta=12969.60880114726
step=3613 tokens=473563136/1000000000 loss=3.3541 lr=6.02e-05 tok/s=40,846 eta=12888.423822625009
step=3614 tokens=473694208/1000000000 loss=3.2899 lr=6.02e-05 tok/s=41,018 eta=12830.96072121828
step=3615 tokens=473825280/1000000000 loss=3.3641 lr=6.02e-05 tok/s=40,958 eta=12846.743630333907
step=3616 tokens=473956352/1000000000 loss=3.1978 lr=6.02e-05 tok/s=41,042 eta=12817.266751289744
step=3617 tokens=474087424/1000000000 loss=3.1842 lr=6.02e-05 tok/s=41,212 eta=12761.241396421909
step=3618 tokens=474218496/1000000000 loss=3.4489 lr=6.02e-05 tok/s=40,979 eta=12830.481470628762
step=3619 tokens=474349568/1000000000 loss=3.1578 lr=6.01e-05 tok/s=41,004 eta=12819.490757086769
step=3620 tokens=474480640/1000000000 loss=3.3180 lr=6.01e-05 tok/s=40,963 eta=12829.114278254508
step=3621 tokens=474611712/1000000000 loss=3.4256 lr=6.01e-05 tok/s=41,174 eta=12760.267634480268
step=3622 tokens=474742784/1000000000 loss=3.1518 lr=6.01e-05 tok/s=41,177 eta=12756.216270739245
step=3623 tokens=474873856/1000000000 loss=3.1491 lr=6.01e-05 tok/s=41,154 eta=12760.002657190948
step=3624 tokens=475004928/1000000000 loss=3.2469 lr=6e-05 tok/s=41,254 eta=12725.937481946741
step=3625 tokens=475136000/1000000000 loss=3.3066 lr=6e-05 tok/s=41,143 eta=12757.203445386524
step=3626 tokens=475267072/1000000000 loss=3.2378 lr=6e-05 tok/s=41,092 eta=12769.71527071043
step=3627 tokens=475398144/1000000000 loss=3.2498 lr=6e-05 tok/s=40,798 eta=12858.583496645375
step=3628 tokens=475529216/1000000000 loss=3.3246 lr=6e-05 tok/s=41,283 eta=12704.356652021534
step=3629 tokens=475660288/1000000000 loss=3.1508 lr=5.99e-05 tok/s=40,932 eta=12810.152876778273
step=3630 tokens=475791360/1000000000 loss=3.2244 lr=5.99e-05 tok/s=40,978 eta=12792.59357597758
step=3631 tokens=475922432/1000000000 loss=3.3805 lr=5.99e-05 tok/s=41,160 eta=12732.63678535419
step=3632 tokens=476053504/1000000000 loss=3.4226 lr=5.99e-05 tok/s=40,845 eta=12827.785699281512
step=3633 tokens=476184576/1000000000 loss=3.1455 lr=5.99e-05 tok/s=40,888 eta=12810.906407511473
step=3634 tokens=476315648/1000000000 loss=3.3161 lr=5.98e-05 tok/s=41,199 eta=12711.160916474832
step=3635 tokens=476446720/1000000000 loss=3.3770 lr=5.98e-05 tok/s=41,110 eta=12735.362771345732
step=3636 tokens=476577792/1000000000 loss=3.1238 lr=5.98e-05 tok/s=41,114 eta=12731.126639793241
step=3637 tokens=476708864/1000000000 loss=3.2926 lr=5.98e-05 tok/s=40,966 eta=12773.883157590373
step=3638 tokens=476839936/1000000000 loss=3.3121 lr=5.98e-05 tok/s=40,970 eta=12769.260407745658
step=3639 tokens=476971008/1000000000 loss=3.3220 lr=5.98e-05 tok/s=40,992 eta=12759.204411297069
step=3640 tokens=477102080/1000000000 loss=3.1868 lr=5.97e-05 tok/s=41,150 eta=12707.255617156372
step=3641 tokens=477233152/1000000000 loss=3.2254 lr=5.97e-05 tok/s=41,178 eta=12695.438554813874
step=3642 tokens=477364224/1000000000 loss=3.1884 lr=5.97e-05 tok/s=41,127 eta=12707.726092137025
step=3643 tokens=477495296/1000000000 loss=3.2843 lr=5.97e-05 tok/s=41,240 eta=12669.803353576708
step=3644 tokens=477626368/1000000000 loss=3.4003 lr=5.97e-05 tok/s=40,909 eta=12769.144436743705
step=3645 tokens=477757440/1000000000 loss=3.1428 lr=5.96e-05 tok/s=41,019 eta=12731.784420712034
step=3646 tokens=477888512/1000000000 loss=3.2064 lr=5.96e-05 tok/s=41,091 eta=12706.108390625326
step=3647 tokens=478019584/1000000000 loss=3.2278 lr=5.96e-05 tok/s=40,966 eta=12741.797986680638
step=3648 tokens=478150656/1000000000 loss=3.3555 lr=5.96e-05 tok/s=40,922 eta=12752.355028927985
step=3649 tokens=478281728/1000000000 loss=3.2026 lr=5.96e-05 tok/s=41,098 eta=12694.36267548063
step=3650 tokens=478412800/1000000000 loss=3.0954 lr=5.95e-05 tok/s=41,281 eta=12635.119765553689
step=3651 tokens=478543872/1000000000 loss=3.1554 lr=5.95e-05 tok/s=41,227 eta=12648.558444663568
step=3652 tokens=478674944/1000000000 loss=3.2659 lr=5.95e-05 tok/s=41,229 eta=12644.700640582663
step=3653 tokens=478806016/1000000000 loss=3.2417 lr=5.95e-05 tok/s=41,062 eta=12692.885712485866
step=3654 tokens=478937088/1000000000 loss=3.3736 lr=5.95e-05 tok/s=41,156 eta=12660.72108941519
step=3655 tokens=479068160/1000000000 loss=3.2572 lr=5.95e-05 tok/s=41,030 eta=12696.502395413967
step=3656 tokens=479199232/1000000000 loss=3.2090 lr=5.94e-05 tok/s=40,938 eta=12721.692971750861
step=3657 tokens=479330304/1000000000 loss=3.3454 lr=5.94e-05 tok/s=40,993 eta=12701.545585731308
step=3658 tokens=479461376/1000000000 loss=3.2947 lr=5.94e-05 tok/s=41,027 eta=12687.687603041082
step=3659 tokens=479592448/1000000000 loss=3.2788 lr=5.94e-05 tok/s=40,768 eta=12765.139523631027
step=3660 tokens=479723520/1000000000 loss=3.2698 lr=5.94e-05 tok/s=40,856 eta=12734.475492108513
step=3661 tokens=479854592/1000000000 loss=3.3428 lr=5.93e-05 tok/s=40,667 eta=12790.391714315727
step=3662 tokens=479985664/1000000000 loss=3.1619 lr=5.93e-05 tok/s=40,883 eta=12719.608106375783
step=3663 tokens=480116736/1000000000 loss=3.3220 lr=5.93e-05 tok/s=29,680 eta=17516.182785442823
step=3664 tokens=480247808/1000000000 loss=3.2825 lr=5.93e-05 tok/s=40,713 eta=12766.33779822791
step=3665 tokens=480378880/1000000000 loss=3.3802 lr=5.93e-05 tok/s=40,947 eta=12690.190845995954
step=3666 tokens=480509952/1000000000 loss=3.3118 lr=5.92e-05 tok/s=40,987 eta=12674.427084521669
step=3667 tokens=480641024/1000000000 loss=3.2241 lr=5.92e-05 tok/s=40,955 eta=12681.087452433641
step=3668 tokens=480772096/1000000000 loss=3.1432 lr=5.92e-05 tok/s=41,034 eta=12653.553505863189
step=3669 tokens=480903168/1000000000 loss=3.3035 lr=5.92e-05 tok/s=40,995 eta=12662.370832837269
step=3670 tokens=481034240/1000000000 loss=3.3901 lr=5.92e-05 tok/s=41,003 eta=12656.782029518989
step=3671 tokens=481165312/1000000000 loss=3.2614 lr=5.92e-05 tok/s=40,975 eta=12662.167088011209
step=3672 tokens=481296384/1000000000 loss=3.1118 lr=5.91e-05 tok/s=41,053 eta=12634.887809503847
step=3673 tokens=481427456/1000000000 loss=3.3241 lr=5.91e-05 tok/s=41,107 eta=12615.19850582771
step=3674 tokens=481558528/1000000000 loss=3.2832 lr=5.91e-05 tok/s=41,102 eta=12613.469139191078
step=3675 tokens=481689600/1000000000 loss=3.1282 lr=5.91e-05 tok/s=41,046 eta=12627.526756895013
step=3676 tokens=481820672/1000000000 loss=3.0969 lr=5.91e-05 tok/s=41,087 eta=12611.90968395558
step=3677 tokens=481951744/1000000000 loss=3.2229 lr=5.9e-05 tok/s=41,089 eta=12608.048949917555
step=3678 tokens=482082816/1000000000 loss=3.4116 lr=5.9e-05 tok/s=41,043 eta=12618.809212934711
step=3679 tokens=482213888/1000000000 loss=3.2872 lr=5.9e-05 tok/s=40,975 eta=12636.662186551765
step=3680 tokens=482344960/1000000000 loss=3.3187 lr=5.9e-05 tok/s=40,788 eta=12691.320393358166
step=3681 tokens=482476032/1000000000 loss=3.2795 lr=5.9e-05 tok/s=40,872 eta=12662.08681455235
step=3682 tokens=482607104/1000000000 loss=3.2799 lr=5.89e-05 tok/s=40,554 eta=12758.23530695351
step=3683 tokens=482738176/1000000000 loss=3.1888 lr=5.89e-05 tok/s=40,855 eta=12660.87352390692
step=3684 tokens=482869248/1000000000 loss=3.4175 lr=5.89e-05 tok/s=40,993 eta=12615.212463677473
step=3685 tokens=483000320/1000000000 loss=3.0983 lr=5.89e-05 tok/s=40,950 eta=12625.143628289852
step=3686 tokens=483131392/1000000000 loss=3.2373 lr=5.89e-05 tok/s=40,839 eta=12656.234531066604
step=3687 tokens=483262464/1000000000 loss=3.4324 lr=5.89e-05 tok/s=41,016 eta=12598.314564503986
step=3688 tokens=483393536/1000000000 loss=3.4332 lr=5.88e-05 tok/s=40,888 eta=12634.631279492736
step=3689 tokens=483524608/1000000000 loss=3.2647 lr=5.88e-05 tok/s=40,790 eta=12661.868863259875
step=3690 tokens=483655680/1000000000 loss=3.4323 lr=5.88e-05 tok/s=40,928 eta=12615.99212992957
step=3691 tokens=483786752/1000000000 loss=3.1636 lr=5.88e-05 tok/s=40,966 eta=12601.025565894128
step=3692 tokens=483917824/1000000000 loss=3.3679 lr=5.88e-05 tok/s=41,129 eta=12547.912662217183
step=3693 tokens=484048896/1000000000 loss=3.3523 lr=5.87e-05 tok/s=41,054 eta=12567.739172285228
step=3694 tokens=484179968/1000000000 loss=3.2897 lr=5.87e-05 tok/s=41,011 eta=12577.523487789182
step=3695 tokens=484311040/1000000000 loss=3.3761 lr=5.87e-05 tok/s=41,054 eta=12561.307072657886
step=3696 tokens=484442112/1000000000 loss=3.3725 lr=5.87e-05 tok/s=40,908 eta=12602.763963221729
step=3697 tokens=484573184/1000000000 loss=3.1938 lr=5.87e-05 tok/s=40,966 eta=12581.807562030799
step=3698 tokens=484704256/1000000000 loss=3.3918 lr=5.86e-05 tok/s=41,198 eta=12507.845400943255
step=3699 tokens=484835328/1000000000 loss=3.2193 lr=5.86e-05 tok/s=41,342 eta=12461.167367153113
step=3700 tokens=484966400/1000000000 loss=3.4496 lr=5.86e-05 tok/s=41,234 eta=12490.513253650042
step=3701 tokens=485097472/1000000000 loss=3.4773 lr=5.86e-05 tok/s=41,364 eta=12447.965713757696
step=3702 tokens=485228544/1000000000 loss=3.2474 lr=5.86e-05 tok/s=41,370 eta=12443.104283081913
step=3703 tokens=485359616/1000000000 loss=3.2252 lr=5.86e-05 tok/s=41,208 eta=12488.78215233229
step=3704 tokens=485490688/1000000000 loss=3.3290 lr=5.85e-05 tok/s=41,402 eta=12427.050163844331
step=3705 tokens=485621760/1000000000 loss=3.2775 lr=5.85e-05 tok/s=41,107 eta=12513.198346861453
step=3706 tokens=485752832/1000000000 loss=3.1805 lr=5.85e-05 tok/s=41,066 eta=12522.486589569562
step=3707 tokens=485883904/1000000000 loss=3.2165 lr=5.85e-05 tok/s=41,192 eta=12480.872072652008
step=3708 tokens=486014976/1000000000 loss=3.0206 lr=5.85e-05 tok/s=41,131 eta=12496.416900848146
step=3709 tokens=486146048/1000000000 loss=3.2998 lr=5.84e-05 tok/s=41,157 eta=12485.271584005393
step=3710 tokens=486277120/1000000000 loss=3.3157 lr=5.84e-05 tok/s=41,117 eta=12494.185363379289
step=3711 tokens=486408192/1000000000 loss=3.3112 lr=5.84e-05 tok/s=41,180 eta=12472.01419173431
step=3712 tokens=486539264/1000000000 loss=3.2577 lr=5.84e-05 tok/s=41,170 eta=12471.781014600869
step=3713 tokens=486670336/1000000000 loss=3.3673 lr=5.84e-05 tok/s=40,982 eta=12525.792316111781
step=3714 tokens=486801408/1000000000 loss=3.2435 lr=5.83e-05 tok/s=41,040 eta=12504.800963026622
step=3715 tokens=486932480/1000000000 loss=3.1173 lr=5.83e-05 tok/s=41,021 eta=12507.445627884124
checkpoint saved: runs/20260906-225321/checkpoints/step_000003715 (time)
step=3716 tokens=487063552/1000000000 loss=3.1363 lr=5.83e-05 tok/s=35,921 eta=14279.507021557965
step=3717 tokens=487194624/1000000000 loss=3.3020 lr=5.83e-05 tok/s=40,875 eta=12545.810261136121
step=3718 tokens=487325696/1000000000 loss=3.3638 lr=5.83e-05 tok/s=41,007 eta=12502.20175503647
step=3719 tokens=487456768/1000000000 loss=3.3543 lr=5.82e-05 tok/s=41,007 eta=12498.99080347168
step=3720 tokens=487587840/1000000000 loss=3.2507 lr=5.82e-05 tok/s=41,288 eta=12410.72065666473
step=3721 tokens=487718912/1000000000 loss=3.2888 lr=5.82e-05 tok/s=40,966 eta=12505.123709986428
step=3722 tokens=487849984/1000000000 loss=3.2358 lr=5.82e-05 tok/s=40,907 eta=12519.723786522722
step=3723 tokens=487981056/1000000000 loss=3.2422 lr=5.82e-05 tok/s=41,128 eta=12449.466742144743
step=3724 tokens=488112128/1000000000 loss=3.2912 lr=5.82e-05 tok/s=41,106 eta=12452.933190794769
step=3725 tokens=488243200/1000000000 loss=3.4010 lr=5.81e-05 tok/s=41,331 eta=12381.797718266436
step=3726 tokens=488374272/1000000000 loss=3.4846 lr=5.81e-05 tok/s=41,221 eta=12411.755006594625
step=3727 tokens=488505344/1000000000 loss=3.4452 lr=5.81e-05 tok/s=41,188 eta=12418.468381548591
step=3728 tokens=488636416/1000000000 loss=3.1887 lr=5.81e-05 tok/s=41,088 eta=12445.441165494454
step=3729 tokens=488767488/1000000000 loss=3.3039 lr=5.81e-05 tok/s=41,107 eta=12436.615818794546
step=3730 tokens=488898560/1000000000 loss=3.3832 lr=5.8e-05 tok/s=41,168 eta=12415.155767240296
step=3731 tokens=489029632/1000000000 loss=3.3776 lr=5.8e-05 tok/s=40,724 eta=12547.008376234191
step=3732 tokens=489160704/1000000000 loss=3.4289 lr=5.8e-05 tok/s=40,917 eta=12484.825891620347
step=3733 tokens=489291776/1000000000 loss=3.3228 lr=5.8e-05 tok/s=40,638 eta=12567.404211293284
step=3734 tokens=489422848/1000000000 loss=3.3993 lr=5.8e-05 tok/s=40,832 eta=12504.47162866968
step=3735 tokens=489553920/1000000000 loss=3.1108 lr=5.79e-05 tok/s=41,146 eta=12405.724436291628
step=3736 tokens=489684992/1000000000 loss=3.2182 lr=5.79e-05 tok/s=40,844 eta=12494.102805207565
step=3737 tokens=489816064/1000000000 loss=3.4265 lr=5.79e-05 tok/s=41,152 eta=12397.578090829667
step=3738 tokens=489947136/1000000000 loss=3.2395 lr=5.79e-05 tok/s=41,041 eta=12427.983277998032
step=3739 tokens=490078208/1000000000 loss=3.2532 lr=5.79e-05 tok/s=29,639 eta=17204.48700478585
step=3740 tokens=490209280/1000000000 loss=3.1753 lr=5.79e-05 tok/s=41,004 eta=12432.700477341108
step=3741 tokens=490340352/1000000000 loss=3.2004 lr=5.78e-05 tok/s=40,934 eta=12450.709704017387
step=3742 tokens=490471424/1000000000 loss=3.3407 lr=5.78e-05 tok/s=40,909 eta=12455.052718278412
step=3743 tokens=490602496/1000000000 loss=3.1795 lr=5.78e-05 tok/s=40,792 eta=12487.630156335159
step=3744 tokens=490733568/1000000000 loss=3.2821 lr=5.78e-05 tok/s=40,752 eta=12496.815362226369
step=3745 tokens=490864640/1000000000 loss=3.3811 lr=5.78e-05 tok/s=41,052 eta=12402.141103087863
step=3746 tokens=490995712/1000000000 loss=3.0989 lr=5.77e-05 tok/s=40,982 eta=12420.32289071329
step=3747 tokens=491126784/1000000000 loss=3.1463 lr=5.77e-05 tok/s=40,982 eta=12417.000691479958
step=3748 tokens=491257856/1000000000 loss=3.2398 lr=5.77e-05 tok/s=41,042 eta=12395.521155572691
step=3749 tokens=491388928/1000000000 loss=3.2855 lr=5.77e-05 tok/s=41,027 eta=12396.860553605131
step=3750 tokens=491520000/1000000000 loss=3.3220 lr=5.77e-05 tok/s=40,946 eta=12418.356908231515
step=3751 tokens=491651072/1000000000 loss=3.3128 lr=5.76e-05 tok/s=40,921 eta=12422.758234146535
step=3752 tokens=491782144/1000000000 loss=3.1986 lr=5.76e-05 tok/s=40,806 eta=12454.620512386213
step=3753 tokens=491913216/1000000000 loss=3.2292 lr=5.76e-05 tok/s=40,930 eta=12413.61007784205
step=3754 tokens=492044288/1000000000 loss=3.2710 lr=5.76e-05 tok/s=40,963 eta=12400.392694730313
step=3755 tokens=492175360/1000000000 loss=3.0708 lr=5.76e-05 tok/s=40,746 eta=12463.13270047074
step=3756 tokens=492306432/1000000000 loss=3.4019 lr=5.76e-05 tok/s=40,815 eta=12438.974882123655
step=3757 tokens=492437504/1000000000 loss=3.2312 lr=5.75e-05 tok/s=40,895 eta=12411.323305404228
step=3758 tokens=492568576/1000000000 loss=3.1725 lr=5.75e-05 tok/s=40,880 eta=12412.661348366106
step=3759 tokens=492699648/1000000000 loss=3.2769 lr=5.75e-05 tok/s=41,026 eta=12365.296001588316
step=3760 tokens=492830720/1000000000 loss=3.3482 lr=5.75e-05 tok/s=41,025 eta=12362.479672239366
step=3761 tokens=492961792/1000000000 loss=3.3838 lr=5.75e-05 tok/s=41,065 eta=12347.193868867165
step=3762 tokens=493092864/1000000000 loss=3.3586 lr=5.74e-05 tok/s=41,263 eta=12284.691967321265
step=3763 tokens=493223936/1000000000 loss=3.3778 lr=5.74e-05 tok/s=41,334 eta=12260.624579211584
step=3764 tokens=493355008/1000000000 loss=3.2754 lr=5.74e-05 tok/s=41,167 eta=12307.004843761333
step=3765 tokens=493486080/1000000000 loss=3.1659 lr=5.74e-05 tok/s=41,370 eta=12243.448932705574
step=3766 tokens=493617152/1000000000 loss=3.2037 lr=5.74e-05 tok/s=41,286 eta=12265.38789306174
step=3767 tokens=493748224/1000000000 loss=3.2816 lr=5.73e-05 tok/s=41,079 eta=12323.992139380685
step=3768 tokens=493879296/1000000000 loss=3.2585 lr=5.73e-05 tok/s=41,145 eta=12301.051430598
step=3769 tokens=494010368/1000000000 loss=3.2679 lr=5.73e-05 tok/s=41,180 eta=12287.184767670991
step=3770 tokens=494141440/1000000000 loss=3.2251 lr=5.73e-05 tok/s=40,947 eta=12353.948948804473
step=3771 tokens=494272512/1000000000 loss=3.3634 lr=5.73e-05 tok/s=40,997 eta=12335.678970520737
step=3772 tokens=494403584/1000000000 loss=3.1022 lr=5.72e-05 tok/s=41,089 eta=12304.977133860246
step=3773 tokens=494534656/1000000000 loss=3.2664 lr=5.72e-05 tok/s=41,116 eta=12293.618316397618
step=3774 tokens=494665728/1000000000 loss=3.4267 lr=5.72e-05 tok/s=41,013 eta=12321.452641290534
step=3775 tokens=494796800/1000000000 loss=3.4139 lr=5.72e-05 tok/s=40,964 eta=12332.887938741065
step=3776 tokens=494927872/1000000000 loss=3.3599 lr=5.72e-05 tok/s=40,929 eta=12340.141558861511
step=3777 tokens=495058944/1000000000 loss=3.1527 lr=5.72e-05 tok/s=41,143 eta=12272.767006652208
step=3778 tokens=495190016/1000000000 loss=3.3083 lr=5.71e-05 tok/s=41,216 eta=12247.846523725379
step=3779 tokens=495321088/1000000000 loss=3.3413 lr=5.71e-05 tok/s=40,978 eta=12315.858282586634
step=3780 tokens=495452160/1000000000 loss=3.1838 lr=5.71e-05 tok/s=40,804 eta=12365.218491520236
step=3781 tokens=495583232/1000000000 loss=3.1976 lr=5.71e-05 tok/s=40,962 eta=12314.298248308653
step=3782 tokens=495714304/1000000000 loss=3.3347 lr=5.71e-05 tok/s=40,841 eta=12347.398770210364
step=3783 tokens=495845376/1000000000 loss=3.1606 lr=5.7e-05 tok/s=40,901 eta=12326.248578384797
step=3784 tokens=495976448/1000000000 loss=3.2326 lr=5.7e-05 tok/s=40,901 eta=12323.00700375515
step=3785 tokens=496107520/1000000000 loss=3.2956 lr=5.7e-05 tok/s=40,964 eta=12300.959393318724
step=3786 tokens=496238592/1000000000 loss=3.2285 lr=5.7e-05 tok/s=40,975 eta=12294.336522436954
step=3787 tokens=496369664/1000000000 loss=3.2416 lr=5.7e-05 tok/s=40,777 eta=12350.867872882058
step=3788 tokens=496500736/1000000000 loss=3.3287 lr=5.69e-05 tok/s=40,800 eta=12340.7446076174
step=3789 tokens=496631808/1000000000 loss=3.3286 lr=5.69e-05 tok/s=40,627 eta=12390.04840461915
step=3790 tokens=496762880/1000000000 loss=3.1263 lr=5.69e-05 tok/s=40,951 eta=12288.789848461238
step=3791 tokens=496893952/1000000000 loss=3.3335 lr=5.69e-05 tok/s=40,705 eta=12359.676831311894
step=3792 tokens=497025024/1000000000 loss=3.4314 lr=5.69e-05 tok/s=40,789 eta=12331.201187592724
step=3793 tokens=497156096/1000000000 loss=3.3321 lr=5.69e-05 tok/s=40,769 eta=12334.008176224925
step=3794 tokens=497287168/1000000000 loss=3.2285 lr=5.68e-05 tok/s=40,825 eta=12313.727569218636
step=3795 tokens=497418240/1000000000 loss=3.3148 lr=5.68e-05 tok/s=40,844 eta=12304.876493991489
step=3796 tokens=497549312/1000000000 loss=3.3238 lr=5.68e-05 tok/s=40,874 eta=12292.59702053011
step=3797 tokens=497680384/1000000000 loss=3.0464 lr=5.68e-05 tok/s=40,828 eta=12303.221507287539
step=3798 tokens=497811456/1000000000 loss=3.2449 lr=5.68e-05 tok/s=40,859 eta=12290.837002754486
step=3799 tokens=497942528/1000000000 loss=3.1179 lr=5.67e-05 tok/s=41,006 eta=12243.589791841947
step=3800 tokens=498073600/1000000000 loss=3.2474 lr=5.67e-05 tok/s=40,841 eta=12289.868851429272
step=3801 tokens=498204672/1000000000 loss=3.2291 lr=5.67e-05 tok/s=40,883 eta=12274.047823839308
step=3802 tokens=498335744/1000000000 loss=3.1276 lr=5.67e-05 tok/s=41,068 eta=12215.45095631008
step=3803 tokens=498466816/1000000000 loss=3.3215 lr=5.67e-05 tok/s=41,057 eta=12215.624487356818
step=3804 tokens=498597888/1000000000 loss=3.2967 lr=5.66e-05 tok/s=41,144 eta=12186.43469237355
step=3805 tokens=498728960/1000000000 loss=3.2227 lr=5.66e-05 tok/s=41,180 eta=12172.602958477028
step=3806 tokens=498860032/1000000000 loss=3.3098 lr=5.66e-05 tok/s=40,849 eta=12267.988359637999
step=3807 tokens=498991104/1000000000 loss=3.3985 lr=5.66e-05 tok/s=41,029 eta=12211.229018512398
step=3808 tokens=499122176/1000000000 loss=3.3642 lr=5.66e-05 tok/s=41,083 eta=12191.75841062768
step=3809 tokens=499253248/1000000000 loss=3.2451 lr=5.65e-05 tok/s=41,061 eta=12195.216911675616
step=3810 tokens=499384320/1000000000 loss=3.3368 lr=5.65e-05 tok/s=41,035 eta=12199.698703767397
step=3811 tokens=499515392/1000000000 loss=3.2941 lr=5.65e-05 tok/s=40,798 eta=12267.457198658443
step=3812 tokens=499646464/1000000000 loss=3.2230 lr=5.65e-05 tok/s=41,090 eta=12176.966881097052
step=3813 tokens=499777536/1000000000 loss=3.2297 lr=5.65e-05 tok/s=40,977 eta=12207.540549395559
step=3814 tokens=499908608/1000000000 loss=3.2629 lr=5.65e-05 tok/s=41,025 eta=12189.870673308451
step=3815 tokens=500039680/1000000000 loss=3.2212 lr=5.64e-05 tok/s=29,833 eta=16758.892217877656
checkpoint saved: runs/20260906-225321/checkpoints/tokens_000500m (permanent_tokens)
step=3816 tokens=500170752/1000000000 loss=3.1867 lr=5.64e-05 tok/s=35,922 eta=13914.22589905168
step=3817 tokens=500301824/1000000000 loss=3.3029 lr=5.64e-05 tok/s=41,066 eta=12168.167432015129
step=3818 tokens=500432896/1000000000 loss=3.2196 lr=5.64e-05 tok/s=41,068 eta=12164.433899608888
step=3819 tokens=500563968/1000000000 loss=3.2612 lr=5.64e-05 tok/s=41,020 eta=12175.510771083027
step=3820 tokens=500695040/1000000000 loss=3.2135 lr=5.63e-05 tok/s=40,785 eta=12242.501177516966
step=3821 tokens=500826112/1000000000 loss=3.0865 lr=5.63e-05 tok/s=40,793 eta=12236.665553260098
step=3822 tokens=500957184/1000000000 loss=3.3974 lr=5.63e-05 tok/s=40,583 eta=12296.916187847806
step=3823 tokens=501088256/1000000000 loss=3.2688 lr=5.63e-05 tok/s=40,975 eta=12176.092564884771
step=3824 tokens=501219328/1000000000 loss=3.1756 lr=5.63e-05 tok/s=40,765 eta=12235.421132388266
step=3825 tokens=501350400/1000000000 loss=3.2898 lr=5.62e-05 tok/s=40,826 eta=12214.145642629328
step=3826 tokens=501481472/1000000000 loss=3.1954 lr=5.62e-05 tok/s=40,928 eta=12180.473658890744
step=3827 tokens=501612544/1000000000 loss=3.1159 lr=5.62e-05 tok/s=41,022 eta=12149.21417158132
step=3828 tokens=501743616/1000000000 loss=3.3054 lr=5.62e-05 tok/s=41,042 eta=12140.177348010222
step=3829 tokens=501874688/1000000000 loss=3.2898 lr=5.62e-05 tok/s=40,759 eta=12221.133368183286
step=3830 tokens=502005760/1000000000 loss=3.3306 lr=5.62e-05 tok/s=40,753 eta=12219.85103499425
step=3831 tokens=502136832/1000000000 loss=3.2035 lr=5.61e-05 tok/s=40,909 eta=12169.926013509321
step=3832 tokens=502267904/1000000000 loss=3.1759 lr=5.61e-05 tok/s=40,921 eta=12163.158261334971
step=3833 tokens=502398976/1000000000 loss=3.1142 lr=5.61e-05 tok/s=40,853 eta=12180.353660494173
step=3834 tokens=502530048/1000000000 loss=3.2864 lr=5.61e-05 tok/s=40,818 eta=12187.554148561949
step=3835 tokens=502661120/1000000000 loss=3.2798 lr=5.61e-05 tok/s=40,943 eta=12147.099615691535
step=3836 tokens=502792192/1000000000 loss=3.2164 lr=5.6e-05 tok/s=40,945 eta=12143.371571556016
step=3837 tokens=502923264/1000000000 loss=3.3272 lr=5.6e-05 tok/s=40,937 eta=12142.336022107647
step=3838 tokens=503054336/1000000000 loss=3.0820 lr=5.6e-05 tok/s=41,016 eta=12116.009345315404
step=3839 tokens=503185408/1000000000 loss=3.3126 lr=5.6e-05 tok/s=40,965 eta=12127.836709008316
step=3840 tokens=503316480/1000000000 loss=3.2788 lr=5.6e-05 tok/s=40,878 eta=12150.360321282164
step=3841 tokens=503447552/1000000000 loss=3.2791 lr=5.59e-05 tok/s=40,795 eta=12171.901539728557
step=3842 tokens=503578624/1000000000 loss=3.3193 lr=5.59e-05 tok/s=40,886 eta=12141.571482795845
step=3843 tokens=503709696/1000000000 loss=3.3376 lr=5.59e-05 tok/s=40,980 eta=12110.619873689842
step=3844 tokens=503840768/1000000000 loss=3.1424 lr=5.59e-05 tok/s=40,637 eta=12209.608955913975
step=3845 tokens=503971840/1000000000 loss=3.3904 lr=5.59e-05 tok/s=40,655 eta=12200.866791241186
step=3846 tokens=504102912/1000000000 loss=3.1818 lr=5.59e-05 tok/s=40,814 eta=12150.133134109612
step=3847 tokens=504233984/1000000000 loss=3.1986 lr=5.58e-05 tok/s=40,894 eta=12123.098587685528
step=3848 tokens=504365056/1000000000 loss=3.1681 lr=5.58e-05 tok/s=40,912 eta=12114.78128734914
step=3849 tokens=504496128/1000000000 loss=3.2512 lr=5.58e-05 tok/s=40,798 eta=12145.400962757876
step=3850 tokens=504627200/1000000000 loss=3.2812 lr=5.58e-05 tok/s=40,721 eta=12165.171127787942
step=3851 tokens=504758272/1000000000 loss=3.3671 lr=5.58e-05 tok/s=40,784 eta=12143.008980678811
step=3852 tokens=504889344/1000000000 loss=3.2199 lr=5.57e-05 tok/s=40,932 eta=12095.927850930728
step=3853 tokens=505020416/1000000000 loss=3.1040 lr=5.57e-05 tok/s=40,868 eta=12111.600773857559
step=3854 tokens=505151488/1000000000 loss=3.3236 lr=5.57e-05 tok/s=40,962 eta=12080.604373224469
step=3855 tokens=505282560/1000000000 loss=3.0629 lr=5.57e-05 tok/s=41,029 eta=12057.843113736157
step=3856 tokens=505413632/1000000000 loss=3.1989 lr=5.57e-05 tok/s=41,156 eta=12017.242142967581
step=3857 tokens=505544704/1000000000 loss=3.4583 lr=5.56e-05 tok/s=41,182 eta=12006.538612040915
step=3858 tokens=505675776/1000000000 loss=3.4148 lr=5.56e-05 tok/s=41,045 eta=12043.540208483379
step=3859 tokens=505806848/1000000000 loss=3.3679 lr=5.56e-05 tok/s=40,866 eta=12093.052396420666
step=3860 tokens=505937920/1000000000 loss=3.3171 lr=5.56e-05 tok/s=41,035 eta=12039.921136813764
step=3861 tokens=506068992/1000000000 loss=3.3166 lr=5.56e-05 tok/s=40,966 eta=12057.041852934943
step=3862 tokens=506200064/1000000000 loss=3.2157 lr=5.55e-05 tok/s=40,887 eta=12077.268164869132
step=3863 tokens=506331136/1000000000 loss=3.2039 lr=5.55e-05 tok/s=41,207 eta=11980.181136666872
step=3864 tokens=506462208/1000000000 loss=3.3348 lr=5.55e-05 tok/s=41,064 eta=12018.769250686142
step=3865 tokens=506593280/1000000000 loss=3.2282 lr=5.55e-05 tok/s=40,987 eta=12038.12727299454
step=3866 tokens=506724352/1000000000 loss=3.3562 lr=5.55e-05 tok/s=40,901 eta=12060.280261330263
step=3867 tokens=506855424/1000000000 loss=3.2428 lr=5.55e-05 tok/s=41,050 eta=12013.283896760257
step=3868 tokens=506986496/1000000000 loss=3.3761 lr=5.54e-05 tok/s=41,342 eta=11925.355344025202
step=3869 tokens=507117568/1000000000 loss=3.3635 lr=5.54e-05 tok/s=41,145 eta=11979.161500787646
step=3870 tokens=507248640/1000000000 loss=3.1747 lr=5.54e-05 tok/s=41,220 eta=11954.305136283527
step=3871 tokens=507379712/1000000000 loss=3.2074 lr=5.54e-05 tok/s=41,103 eta=11984.943539775406
step=3872 tokens=507510784/1000000000 loss=3.2937 lr=5.54e-05 tok/s=41,211 eta=11950.513689795092
step=3873 tokens=507641856/1000000000 loss=3.3041 lr=5.53e-05 tok/s=41,239 eta=11939.1277496154
step=3874 tokens=507772928/1000000000 loss=3.2927 lr=5.53e-05 tok/s=41,319 eta=11912.895827423652
step=3875 tokens=507904000/1000000000 loss=3.3724 lr=5.53e-05 tok/s=41,162 eta=11955.105571869282
step=3876 tokens=508035072/1000000000 loss=3.1897 lr=5.53e-05 tok/s=41,066 eta=11979.966917144322
step=3877 tokens=508166144/1000000000 loss=3.1777 lr=5.53e-05 tok/s=41,124 eta=11959.917632349621
step=3878 tokens=508297216/1000000000 loss=3.2223 lr=5.52e-05 tok/s=41,112 eta=11960.080283993231
step=3879 tokens=508428288/1000000000 loss=3.3153 lr=5.52e-05 tok/s=41,100 eta=11960.268475041525
step=3880 tokens=508559360/1000000000 loss=3.1960 lr=5.52e-05 tok/s=41,219 eta=11922.761891204716
step=3881 tokens=508690432/1000000000 loss=3.3174 lr=5.52e-05 tok/s=41,143 eta=11941.46650365892
step=3882 tokens=508821504/1000000000 loss=3.2193 lr=5.52e-05 tok/s=40,863 eta=12020.005476312137
step=3883 tokens=508952576/1000000000 loss=3.4794 lr=5.52e-05 tok/s=41,066 eta=11957.416113609686
step=3884 tokens=509083648/1000000000 loss=3.3073 lr=5.51e-05 tok/s=40,977 eta=11980.41135256786
step=3885 tokens=509214720/1000000000 loss=3.3507 lr=5.51e-05 tok/s=41,101 eta=11941.085445159984
step=3886 tokens=509345792/1000000000 loss=3.3257 lr=5.51e-05 tok/s=40,943 eta=11983.880063675637
step=3887 tokens=509476864/1000000000 loss=3.2063 lr=5.51e-05 tok/s=41,185 eta=11910.234081600995
step=3888 tokens=509607936/1000000000 loss=3.4170 lr=5.51e-05 tok/s=41,082 eta=11936.866449748319
step=3889 tokens=509739008/1000000000 loss=3.2980 lr=5.5e-05 tok/s=41,281 eta=11876.189858923122
step=3890 tokens=509870080/1000000000 loss=3.4216 lr=5.5e-05 tok/s=41,288 eta=11871.075069472157
step=3891 tokens=510001152/1000000000 loss=3.3771 lr=5.5e-05 tok/s=29,964 eta=16352.852984807178
step=3892 tokens=510132224/1000000000 loss=3.1353 lr=5.5e-05 tok/s=41,183 eta=11894.992392814906
step=3893 tokens=510263296/1000000000 loss=3.2291 lr=5.5e-05 tok/s=41,189 eta=11889.868676690843
step=3894 tokens=510394368/1000000000 loss=3.2500 lr=5.49e-05 tok/s=41,071 eta=11920.884301930515
step=3895 tokens=510525440/1000000000 loss=3.2790 lr=5.49e-05 tok/s=41,089 eta=11912.67336111376
step=3896 tokens=510656512/1000000000 loss=3.2421 lr=5.49e-05 tok/s=41,328 eta=11840.510618992239
step=3897 tokens=510787584/1000000000 loss=3.2951 lr=5.49e-05 tok/s=41,297 eta=11846.108486153624
step=3898 tokens=510918656/1000000000 loss=3.2355 lr=5.49e-05 tok/s=41,228 eta=11862.939036004236
step=3899 tokens=511049728/1000000000 loss=3.3700 lr=5.48e-05 tok/s=41,088 eta=11900.14233632723
step=3900 tokens=511180800/1000000000 loss=3.2661 lr=5.48e-05 tok/s=41,133 eta=11883.954918194118
step=3901 tokens=511311872/1000000000 loss=3.3487 lr=5.48e-05 tok/s=41,234 eta=11851.457476068077
step=3902 tokens=511442944/1000000000 loss=3.3004 lr=5.48e-05 tok/s=41,015 eta=11911.756339585729
step=3903 tokens=511574016/1000000000 loss=3.2308 lr=5.48e-05 tok/s=41,251 eta=11840.345761551316
step=3904 tokens=511705088/1000000000 loss=3.2633 lr=5.48e-05 tok/s=41,180 eta=11857.65009196574
step=3905 tokens=511836160/1000000000 loss=3.2845 lr=5.47e-05 tok/s=41,091 eta=11880.06325864344
step=3906 tokens=511967232/1000000000 loss=3.3412 lr=5.47e-05 tok/s=40,910 eta=11929.364574288506
step=3907 tokens=512098304/1000000000 loss=3.4256 lr=5.47e-05 tok/s=41,037 eta=11889.216844459683
step=3908 tokens=512229376/1000000000 loss=3.3022 lr=5.47e-05 tok/s=40,939 eta=11914.484728556983
step=3909 tokens=512360448/1000000000 loss=3.1278 lr=5.47e-05 tok/s=40,991 eta=11896.127629287897
step=3910 tokens=512491520/1000000000 loss=3.2443 lr=5.46e-05 tok/s=40,966 eta=11900.462256464505
step=3911 tokens=512622592/1000000000 loss=3.3098 lr=5.46e-05 tok/s=40,920 eta=11910.405311351147
step=3912 tokens=512753664/1000000000 loss=3.3344 lr=5.46e-05 tok/s=40,877 eta=11919.939313048815
step=3913 tokens=512884736/1000000000 loss=3.2246 lr=5.46e-05 tok/s=40,787 eta=11942.778602087436
step=3914 tokens=513015808/1000000000 loss=3.2879 lr=5.46e-05 tok/s=40,850 eta=11921.400829815464
step=3915 tokens=513146880/1000000000 loss=3.3939 lr=5.45e-05 tok/s=40,841 eta=11920.67910443389
step=3916 tokens=513277952/1000000000 loss=3.3697 lr=5.45e-05 tok/s=40,843 eta=11916.992799366859
step=3917 tokens=513409024/1000000000 loss=3.1457 lr=5.45e-05 tok/s=40,908 eta=11894.859469053064
step=3918 tokens=513540096/1000000000 loss=3.3051 lr=5.45e-05 tok/s=41,004 eta=11863.593469665191
step=3919 tokens=513671168/1000000000 loss=3.3694 lr=5.45e-05 tok/s=41,022 eta=11855.215686421561
step=3920 tokens=513802240/1000000000 loss=3.3200 lr=5.45e-05 tok/s=41,037 eta=11847.719770692984
step=3921 tokens=513933312/1000000000 loss=3.2256 lr=5.44e-05 tok/s=41,067 eta=11835.98392618632
step=3922 tokens=514064384/1000000000 loss=3.2436 lr=5.44e-05 tok/s=40,996 eta=11853.337869631867
step=3923 tokens=514195456/1000000000 loss=3.3262 lr=5.44e-05 tok/s=41,032 eta=11839.681012780666
step=3924 tokens=514326528/1000000000 loss=3.3061 lr=5.44e-05 tok/s=41,101 eta=11816.650216096321
step=3925 tokens=514457600/1000000000 loss=3.2606 lr=5.44e-05 tok/s=41,080 eta=11819.433190155354
step=3926 tokens=514588672/1000000000 loss=3.2997 lr=5.43e-05 tok/s=41,136 eta=11800.09613818236
step=3927 tokens=514719744/1000000000 loss=3.2587 lr=5.43e-05 tok/s=40,898 eta=11865.737697498484
step=3928 tokens=514850816/1000000000 loss=3.2559 lr=5.43e-05 tok/s=40,890 eta=11864.60164328686
step=3929 tokens=514981888/1000000000 loss=3.2854 lr=5.43e-05 tok/s=40,963 eta=11840.292770886826
step=3930 tokens=515112960/1000000000 loss=3.3345 lr=5.43e-05 tok/s=41,022 eta=11820.09356042045
step=3931 tokens=515244032/1000000000 loss=3.2472 lr=5.42e-05 tok/s=40,987 eta=11827.143355203181
step=3932 tokens=515375104/1000000000 loss=3.1829 lr=5.42e-05 tok/s=40,901 eta=11848.700441574976
step=3933 tokens=515506176/1000000000 loss=3.2931 lr=5.42e-05 tok/s=40,773 eta=11882.608044751263
step=3934 tokens=515637248/1000000000 loss=3.2495 lr=5.42e-05 tok/s=40,926 eta=11835.06521396685
step=3935 tokens=515768320/1000000000 loss=3.2796 lr=5.42e-05 tok/s=41,132 eta=11772.66981572866
step=3936 tokens=515899392/1000000000 loss=3.0553 lr=5.41e-05 tok/s=40,716 eta=11889.566200506246
step=3937 tokens=516030464/1000000000 loss=3.3066 lr=5.41e-05 tok/s=40,793 eta=11864.07226614141
step=3938 tokens=516161536/1000000000 loss=3.2422 lr=5.41e-05 tok/s=40,780 eta=11864.738028681322
step=3939 tokens=516292608/1000000000 loss=3.3209 lr=5.41e-05 tok/s=40,882 eta=11831.841189871322
step=3940 tokens=516423680/1000000000 loss=3.3699 lr=5.41e-05 tok/s=40,946 eta=11809.961514836403
step=3941 tokens=516554752/1000000000 loss=3.2357 lr=5.41e-05 tok/s=40,930 eta=11811.573079001426
step=3942 tokens=516685824/1000000000 loss=3.2611 lr=5.4e-05 tok/s=40,895 eta=11818.38730320225
step=3943 tokens=516816896/1000000000 loss=3.2654 lr=5.4e-05 tok/s=40,864 eta=11824.050411348731
step=3944 tokens=516947968/1000000000 loss=3.2683 lr=5.4e-05 tok/s=40,906 eta=11808.884854216778
step=3945 tokens=517079040/1000000000 loss=3.2400 lr=5.4e-05 tok/s=40,899 eta=11807.688448176774
step=3946 tokens=517210112/1000000000 loss=3.2158 lr=5.4e-05 tok/s=40,912 eta=11800.760124398297
step=3947 tokens=517341184/1000000000 loss=3.2578 lr=5.39e-05 tok/s=40,924 eta=11793.99988359999
step=3948 tokens=517472256/1000000000 loss=3.2507 lr=5.39e-05 tok/s=40,966 eta=11778.646700077743
step=3949 tokens=517603328/1000000000 loss=3.2346 lr=5.39e-05 tok/s=40,778 eta=11829.8770852415
step=3950 tokens=517734400/1000000000 loss=3.2412 lr=5.39e-05 tok/s=40,717 eta=11844.204071064847
step=3951 tokens=517865472/1000000000 loss=3.0523 lr=5.39e-05 tok/s=40,621 eta=11869.231726600294
step=3952 tokens=517996544/1000000000 loss=3.2507 lr=5.38e-05 tok/s=40,752 eta=11827.831054869996
step=3953 tokens=518127616/1000000000 loss=3.1188 lr=5.38e-05 tok/s=40,810 eta=11807.723318270628
step=3954 tokens=518258688/1000000000 loss=3.3326 lr=5.38e-05 tok/s=40,969 eta=11758.6246877035
step=3955 tokens=518389760/1000000000 loss=3.3102 lr=5.38e-05 tok/s=40,888 eta=11778.860432861435
step=3956 tokens=518520832/1000000000 loss=3.2233 lr=5.38e-05 tok/s=40,798 eta=11801.584210370544
step=3957 tokens=518651904/1000000000 loss=3.2251 lr=5.38e-05 tok/s=40,665 eta=11837.02833180764
step=3958 tokens=518782976/1000000000 loss=3.3160 lr=5.37e-05 tok/s=40,833 eta=11785.026821246076
step=3959 tokens=518914048/1000000000 loss=3.4111 lr=5.37e-05 tok/s=40,883 eta=11767.249906647538
step=3960 tokens=519045120/1000000000 loss=3.3800 lr=5.37e-05 tok/s=40,908 eta=11757.042285814376
step=3961 tokens=519176192/1000000000 loss=3.2843 lr=5.37e-05 tok/s=40,998 eta=11727.891964368588
step=3962 tokens=519307264/1000000000 loss=3.4095 lr=5.37e-05 tok/s=40,941 eta=11741.238373683904
step=3963 tokens=519438336/1000000000 loss=3.1883 lr=5.36e-05 tok/s=41,139 eta=11681.471696434382
step=3964 tokens=519569408/1000000000 loss=3.2554 lr=5.36e-05 tok/s=40,870 eta=11755.144327288319
step=3965 tokens=519700480/1000000000 loss=3.2697 lr=5.36e-05 tok/s=40,775 eta=11779.264755860957
step=3966 tokens=519831552/1000000000 loss=3.2182 lr=5.36e-05 tok/s=40,817 eta=11763.966874676129
step=3967 tokens=519962624/1000000000 loss=3.2775 lr=5.36e-05 tok/s=40,975 eta=11715.256199872942
step=3968 tokens=520093696/1000000000 loss=3.3166 lr=5.35e-05 tok/s=29,588 eta=16219.374481821636
step=3969 tokens=520224768/1000000000 loss=3.2131 lr=5.35e-05 tok/s=40,918 eta=11725.411986375138
step=3970 tokens=520355840/1000000000 loss=3.3755 lr=5.35e-05 tok/s=40,696 eta=11786.014173973204
step=3971 tokens=520486912/1000000000 loss=3.2836 lr=5.35e-05 tok/s=40,984 eta=11700.061511562466
step=3972 tokens=520617984/1000000000 loss=3.2801 lr=5.35e-05 tok/s=41,010 eta=11689.312814943907
step=3973 tokens=520749056/1000000000 loss=3.3537 lr=5.34e-05 tok/s=40,812 eta=11742.829000829928
step=3974 tokens=520880128/1000000000 loss=3.2784 lr=5.34e-05 tok/s=40,664 eta=11782.464486485755
step=3975 tokens=521011200/1000000000 loss=3.2553 lr=5.34e-05 tok/s=40,812 eta=11736.339236547004
step=3976 tokens=521142272/1000000000 loss=3.2130 lr=5.34e-05 tok/s=40,996 eta=11680.715426859007
step=3977 tokens=521273344/1000000000 loss=3.2661 lr=5.34e-05 tok/s=40,976 eta=11682.980652455011
step=3978 tokens=521404416/1000000000 loss=3.2222 lr=5.34e-05 tok/s=40,916 eta=11696.990628159912
step=3979 tokens=521535488/1000000000 loss=3.1265 lr=5.33e-05 tok/s=40,717 eta=11750.921171915155
step=3980 tokens=521666560/1000000000 loss=3.4428 lr=5.33e-05 tok/s=41,127 eta=11630.762171987833
step=3981 tokens=521797632/1000000000 loss=3.1393 lr=5.33e-05 tok/s=41,122 eta=11628.94827569389
step=3982 tokens=521928704/1000000000 loss=3.0916 lr=5.33e-05 tok/s=41,050 eta=11646.21285209409
step=3983 tokens=522059776/1000000000 loss=3.4649 lr=5.33e-05 tok/s=41,218 eta=11595.533256480163
step=3984 tokens=522190848/1000000000 loss=3.1950 lr=5.32e-05 tok/s=41,166 eta=11607.001301605154
step=3985 tokens=522321920/1000000000 loss=3.1103 lr=5.32e-05 tok/s=41,131 eta=11613.62319766325
step=3986 tokens=522452992/1000000000 loss=3.2816 lr=5.32e-05 tok/s=41,191 eta=11593.346691727087
step=3987 tokens=522584064/1000000000 loss=3.3118 lr=5.32e-05 tok/s=41,223 eta=11581.383341357612
step=3988 tokens=522715136/1000000000 loss=3.2424 lr=5.32e-05 tok/s=41,159 eta=11596.049571680765
step=3989 tokens=522846208/1000000000 loss=3.1206 lr=5.31e-05 tok/s=41,103 eta=11608.607320235073
step=3990 tokens=522977280/1000000000 loss=3.3095 lr=5.31e-05 tok/s=41,256 eta=11562.421483511134
step=3991 tokens=523108352/1000000000 loss=3.3154 lr=5.31e-05 tok/s=41,297 eta=11547.79164385607
step=3992 tokens=523239424/1000000000 loss=3.1877 lr=5.31e-05 tok/s=41,287 eta=11547.357924897062
step=3993 tokens=523370496/1000000000 loss=3.2220 lr=5.31e-05 tok/s=41,356 eta=11525.153641620876
step=3994 tokens=523501568/1000000000 loss=3.1325 lr=5.31e-05 tok/s=41,322 eta=11531.373413818857
step=3995 tokens=523632640/1000000000 loss=3.3464 lr=5.3e-05 tok/s=41,167 eta=11571.61867017578
step=3996 tokens=523763712/1000000000 loss=3.3389 lr=5.3e-05 tok/s=41,048 eta=11601.908517087013
step=3997 tokens=523894784/1000000000 loss=3.3171 lr=5.3e-05 tok/s=41,173 eta=11563.586530274753
step=3998 tokens=524025856/1000000000 loss=3.3196 lr=5.3e-05 tok/s=41,352 eta=11510.4267609549
step=3999 tokens=524156928/1000000000 loss=3.2750 lr=5.3e-05 tok/s=41,227 eta=11542.097998432735
step=4000 tokens=524288000/1000000000 loss=3.3181 lr=5.29e-05 tok/s=41,280 eta=11524.138690212169
step=4001 tokens=524419072/1000000000 loss=3.4009 lr=5.29e-05 tok/s=41,193 eta=11545.264033213001
step=4002 tokens=524550144/1000000000 loss=3.2414 lr=5.29e-05 tok/s=41,167 eta=11549.310682714646
step=4003 tokens=524681216/1000000000 loss=3.2539 lr=5.29e-05 tok/s=41,198 eta=11537.402773516382
step=4004 tokens=524812288/1000000000 loss=3.2853 lr=5.29e-05 tok/s=41,239 eta=11522.809607627058
step=4005 tokens=524943360/1000000000 loss=3.3167 lr=5.28e-05 tok/s=41,011 eta=11583.604257495459
step=4006 tokens=525074432/1000000000 loss=3.1409 lr=5.28e-05 tok/s=40,978 eta=11589.723367018041
step=4007 tokens=525205504/1000000000 loss=3.2618 lr=5.28e-05 tok/s=40,907 eta=11606.597473260366
step=4008 tokens=525336576/1000000000 loss=3.3171 lr=5.28e-05 tok/s=41,080 eta=11554.743847642916
step=4009 tokens=525467648/1000000000 loss=3.2112 lr=5.28e-05 tok/s=41,085 eta=11549.95678184009
step=4010 tokens=525598720/1000000000 loss=3.2280 lr=5.28e-05 tok/s=41,131 eta=11533.807190202084
step=4011 tokens=525729792/1000000000 loss=3.1427 lr=5.27e-05 tok/s=40,815 eta=11620.044218921319
step=4012 tokens=525860864/1000000000 loss=3.1800 lr=5.27e-05 tok/s=40,993 eta=11566.241353998603
step=4013 tokens=525991936/1000000000 loss=3.3360 lr=5.27e-05 tok/s=41,169 eta=11513.69808157048
step=4014 tokens=526123008/1000000000 loss=3.2257 lr=5.27e-05 tok/s=41,329 eta=11465.874027843316
step=4015 tokens=526254080/1000000000 loss=3.3296 lr=5.27e-05 tok/s=41,067 eta=11535.833898051676
step=4016 tokens=526385152/1000000000 loss=3.1978 lr=5.26e-05 tok/s=41,232 eta=11486.51566517851
step=4017 tokens=526516224/1000000000 loss=3.3495 lr=5.26e-05 tok/s=41,079 eta=11526.205144766427
step=4018 tokens=526647296/1000000000 loss=3.3526 lr=5.26e-05 tok/s=41,278 eta=11467.397233551015
step=4019 tokens=526778368/1000000000 loss=3.3196 lr=5.26e-05 tok/s=41,391 eta=11433.097460837253
step=4020 tokens=526909440/1000000000 loss=3.1597 lr=5.26e-05 tok/s=41,045 eta=11526.144583648296
step=4021 tokens=527040512/1000000000 loss=3.2370 lr=5.25e-05 tok/s=41,023 eta=11529.248104058152
step=4022 tokens=527171584/1000000000 loss=3.1688 lr=5.25e-05 tok/s=41,078 eta=11510.373831258355
step=4023 tokens=527302656/1000000000 loss=3.3257 lr=5.25e-05 tok/s=41,180 eta=11478.718252297
step=4024 tokens=527433728/1000000000 loss=3.1780 lr=5.25e-05 tok/s=40,834 eta=11572.873829052949
step=4025 tokens=527564800/1000000000 loss=3.2569 lr=5.25e-05 tok/s=41,046 eta=11510.023300600133
step=4026 tokens=527695872/1000000000 loss=3.2346 lr=5.24e-05 tok/s=41,039 eta=11508.578794803649
step=4027 tokens=527826944/1000000000 loss=3.3682 lr=5.24e-05 tok/s=41,164 eta=11470.614612747242
step=4028 tokens=527958016/1000000000 loss=3.1708 lr=5.24e-05 tok/s=41,190 eta=11460.01799379828
step=4029 tokens=528089088/1000000000 loss=3.2716 lr=5.24e-05 tok/s=41,132 eta=11472.995920550498
step=4030 tokens=528220160/1000000000 loss=3.2463 lr=5.24e-05 tok/s=41,064 eta=11489.01696983968
step=4031 tokens=528351232/1000000000 loss=3.3176 lr=5.24e-05 tok/s=40,909 eta=11529.325581071535
step=4032 tokens=528482304/1000000000 loss=3.1619 lr=5.23e-05 tok/s=40,695 eta=11586.49275982333
step=4033 tokens=528613376/1000000000 loss=3.3669 lr=5.23e-05 tok/s=40,789 eta=11556.579860031052
step=4034 tokens=528744448/1000000000 loss=3.3419 lr=5.23e-05 tok/s=40,668 eta=11587.955373366249
step=4035 tokens=528875520/1000000000 loss=3.2857 lr=5.23e-05 tok/s=40,868 eta=11527.8357322577
step=4036 tokens=529006592/1000000000 loss=3.2455 lr=5.23e-05 tok/s=40,633 eta=11591.372929342513
step=4037 tokens=529137664/1000000000 loss=3.2168 lr=5.22e-05 tok/s=41,171 eta=11436.864859091887
step=4038 tokens=529268736/1000000000 loss=3.2722 lr=5.22e-05 tok/s=40,864 eta=11519.376295648855
step=4039 tokens=529399808/1000000000 loss=3.3550 lr=5.22e-05 tok/s=40,945 eta=11493.560033555646
step=4040 tokens=529530880/1000000000 loss=3.3460 lr=5.22e-05 tok/s=41,144 eta=11434.695356830918
step=4041 tokens=529661952/1000000000 loss=3.3177 lr=5.22e-05 tok/s=40,887 eta=11503.500591283377
step=4042 tokens=529793024/1000000000 loss=3.2630 lr=5.21e-05 tok/s=41,069 eta=11449.056966517173
step=4043 tokens=529924096/1000000000 loss=3.2992 lr=5.21e-05 tok/s=40,854 eta=11506.134133405363
step=4044 tokens=530055168/1000000000 loss=3.1261 lr=5.21e-05 tok/s=29,620 eta=15865.897319622523
step=4045 tokens=530186240/1000000000 loss=3.3410 lr=5.21e-05 tok/s=41,130 eta=11422.763876394278
step=4046 tokens=530317312/1000000000 loss=3.1868 lr=5.21e-05 tok/s=41,081 eta=11433.159828715909
step=4047 tokens=530448384/1000000000 loss=3.1420 lr=5.21e-05 tok/s=41,092 eta=11426.93635366714
step=4048 tokens=530579456/1000000000 loss=3.0958 lr=5.2e-05 tok/s=41,095 eta=11422.7245579931
step=4049 tokens=530710528/1000000000 loss=3.1081 lr=5.2e-05 tok/s=41,296 eta=11364.020863076104
step=4050 tokens=530841600/1000000000 loss=3.1481 lr=5.2e-05 tok/s=40,876 eta=11477.706595043559
step=4051 tokens=530972672/1000000000 loss=3.2029 lr=5.2e-05 tok/s=41,168 eta=11393.095639743273
step=4052 tokens=531103744/1000000000 loss=3.3871 lr=5.2e-05 tok/s=41,185 eta=11385.008502271598
step=4053 tokens=531234816/1000000000 loss=3.2157 lr=5.19e-05 tok/s=41,204 eta=11376.612698708843
step=4054 tokens=531365888/1000000000 loss=3.3656 lr=5.19e-05 tok/s=41,223 eta=11368.290481737125
step=4055 tokens=531496960/1000000000 loss=3.2134 lr=5.19e-05 tok/s=41,038 eta=11416.33792697589
step=4056 tokens=531628032/1000000000 loss=3.3412 lr=5.19e-05 tok/s=41,062 eta=11406.388041457923
step=4057 tokens=531759104/1000000000 loss=3.2437 lr=5.19e-05 tok/s=41,071 eta=11400.869859531207
step=4058 tokens=531890176/1000000000 loss=3.1649 lr=5.18e-05 tok/s=41,044 eta=11405.011023499044
step=4059 tokens=532021248/1000000000 loss=3.3246 lr=5.18e-05 tok/s=41,032 eta=11405.163406708505
step=4060 tokens=532152320/1000000000 loss=3.2520 lr=5.18e-05 tok/s=41,071 eta=11391.141599015613
step=4061 tokens=532283392/1000000000 loss=3.4783 lr=5.18e-05 tok/s=41,244 eta=11340.160766426388
step=4062 tokens=532414464/1000000000 loss=3.1564 lr=5.18e-05 tok/s=41,099 eta=11377.008731479405
step=4063 tokens=532545536/1000000000 loss=3.3584 lr=5.18e-05 tok/s=41,219 eta=11340.790965833465
step=4064 tokens=532676608/1000000000 loss=3.2599 lr=5.17e-05 tok/s=41,420 eta=11282.435130771117
step=4065 tokens=532807680/1000000000 loss=3.1910 lr=5.17e-05 tok/s=41,461 eta=11268.11192695143
step=4066 tokens=532938752/1000000000 loss=3.1614 lr=5.17e-05 tok/s=41,228 eta=11328.693724740264
step=4067 tokens=533069824/1000000000 loss=3.2415 lr=5.17e-05 tok/s=41,155 eta=11345.751590118614
step=4068 tokens=533200896/1000000000 loss=3.2762 lr=5.17e-05 tok/s=41,127 eta=11350.287139515362
step=4069 tokens=533331968/1000000000 loss=3.2537 lr=5.16e-05 tok/s=41,051 eta=11367.916485695368
step=4070 tokens=533463040/1000000000 loss=3.0320 lr=5.16e-05 tok/s=41,004 eta=11377.909751771003
step=4071 tokens=533594112/1000000000 loss=3.2334 lr=5.16e-05 tok/s=40,928 eta=11395.665811553363
step=4072 tokens=533725184/1000000000 loss=3.3028 lr=5.16e-05 tok/s=41,020 eta=11367.117595225449
step=4073 tokens=533856256/1000000000 loss=3.2538 lr=5.16e-05 tok/s=41,113 eta=11338.047544630252
step=4074 tokens=533987328/1000000000 loss=3.2749 lr=5.15e-05 tok/s=41,059 eta=11349.941678735737
step=4075 tokens=534118400/1000000000 loss=3.2383 lr=5.15e-05 tok/s=41,019 eta=11357.728880652698
step=4076 tokens=534249472/1000000000 loss=3.3499 lr=5.15e-05 tok/s=41,078 eta=11338.150301648813
step=4077 tokens=534380544/1000000000 loss=3.3224 lr=5.15e-05 tok/s=41,028 eta=11348.741104017485
step=4078 tokens=534511616/1000000000 loss=3.3148 lr=5.15e-05 tok/s=40,890 eta=11384.026542884034
step=4079 tokens=534642688/1000000000 loss=3.0891 lr=5.14e-05 tok/s=40,971 eta=11358.11735465416
step=4080 tokens=534773760/1000000000 loss=3.1406 lr=5.14e-05 tok/s=41,043 eta=11335.119536690623
step=4081 tokens=534904832/1000000000 loss=3.3891 lr=5.14e-05 tok/s=41,085 eta=11320.260533047984
step=4082 tokens=535035904/1000000000 loss=3.2385 lr=5.14e-05 tok/s=41,161 eta=11296.167861574273
step=4083 tokens=535166976/1000000000 loss=3.1901 lr=5.14e-05 tok/s=41,336 eta=11245.234846013416
step=4084 tokens=535298048/1000000000 loss=3.3670 lr=5.14e-05 tok/s=41,267 eta=11260.741818833318
step=4085 tokens=535429120/1000000000 loss=3.2458 lr=5.13e-05 tok/s=41,077 eta=11309.743930895396
step=4086 tokens=535560192/1000000000 loss=3.2355 lr=5.13e-05 tok/s=41,125 eta=11293.317556409014
step=4087 tokens=535691264/1000000000 loss=3.1694 lr=5.13e-05 tok/s=40,954 eta=11337.364007670887
step=4088 tokens=535822336/1000000000 loss=3.3215 lr=5.13e-05 tok/s=40,872 eta=11356.951487515424
step=4089 tokens=535953408/1000000000 loss=3.4449 lr=5.13e-05 tok/s=41,159 eta=11274.537814559106
step=4090 tokens=536084480/1000000000 loss=3.3356 lr=5.12e-05 tok/s=40,750 eta=11384.416826848941
step=4091 tokens=536215552/1000000000 loss=3.1863 lr=5.12e-05 tok/s=40,868 eta=11348.424718320646
step=4092 tokens=536346624/1000000000 loss=3.2518 lr=5.12e-05 tok/s=40,856 eta=11348.458543456543
step=4093 tokens=536477696/1000000000 loss=3.2616 lr=5.12e-05 tok/s=40,926 eta=11325.827420905402
step=4094 tokens=536608768/1000000000 loss=3.2055 lr=5.12e-05 tok/s=41,115 eta=11270.693917476952
step=4095 tokens=536739840/1000000000 loss=3.0840 lr=5.11e-05 tok/s=41,025 eta=11292.114017523174
step=4096 tokens=536870912/1000000000 loss=3.3602 lr=5.11e-05 tok/s=41,226 eta=11233.86127223957
checkpoint saved: runs/20260906-225321/checkpoints/step_000004096 (time)
step=4097 tokens=537001984/1000000000 loss=3.2527 lr=5.11e-05 tok/s=36,317 eta=12748.941584714266
step=4098 tokens=537133056/1000000000 loss=3.2575 lr=5.11e-05 tok/s=40,946 eta=11304.253084730837
step=4099 tokens=537264128/1000000000 loss=3.3310 lr=5.11e-05 tok/s=40,894 eta=11315.52789987405
step=4100 tokens=537395200/1000000000 loss=3.2148 lr=5.11e-05 tok/s=40,912 eta=11307.446867630182
step=4101 tokens=537526272/1000000000 loss=3.3005 lr=5.1e-05 tok/s=40,969 eta=11288.452518294363
step=4102 tokens=537657344/1000000000 loss=3.3184 lr=5.1e-05 tok/s=41,020 eta=11271.124783363202
step=4103 tokens=537788416/1000000000 loss=3.2261 lr=5.1e-05 tok/s=40,869 eta=11309.68109436648
step=4104 tokens=537919488/1000000000 loss=3.3303 lr=5.1e-05 tok/s=40,962 eta=11280.837492538809
step=4105 tokens=538050560/1000000000 loss=3.2714 lr=5.1e-05 tok/s=40,948 eta=11281.30513335535
step=4106 tokens=538181632/1000000000 loss=3.3409 lr=5.09e-05 tok/s=40,909 eta=11288.966806812607
step=4107 tokens=538312704/1000000000 loss=3.1852 lr=5.09e-05 tok/s=40,946 eta=11275.423984112105
step=4108 tokens=538443776/1000000000 loss=3.3206 lr=5.09e-05 tok/s=40,981 eta=11262.68230345643
step=4109 tokens=538574848/1000000000 loss=3.3194 lr=5.09e-05 tok/s=41,009 eta=11251.785750329194
step=4110 tokens=538705920/1000000000 loss=3.3053 lr=5.09e-05 tok/s=41,018 eta=11246.069121788254
step=4111 tokens=538836992/1000000000 loss=3.0788 lr=5.08e-05 tok/s=40,959 eta=11259.22781498254
step=4112 tokens=538968064/1000000000 loss=3.2068 lr=5.08e-05 tok/s=41,013 eta=11241.097306859358
step=4113 tokens=539099136/1000000000 loss=3.1752 lr=5.08e-05 tok/s=40,993 eta=11243.413121929503
step=4114 tokens=539230208/1000000000 loss=3.3402 lr=5.08e-05 tok/s=41,037 eta=11228.255230011026
step=4115 tokens=539361280/1000000000 loss=3.1804 lr=5.08e-05 tok/s=41,035 eta=11225.579297781349
step=4116 tokens=539492352/1000000000 loss=3.2726 lr=5.08e-05 tok/s=40,923 eta=11252.891621732162
step=4117 tokens=539623424/1000000000 loss=3.0514 lr=5.07e-05 tok/s=41,136 eta=11191.628035620712
step=4118 tokens=539754496/1000000000 loss=3.2299 lr=5.07e-05 tok/s=41,286 eta=11147.796308262556
step=4119 tokens=539885568/1000000000 loss=3.3820 lr=5.07e-05 tok/s=41,313 eta=11137.318516969808
step=4120 tokens=540016640/1000000000 loss=3.3588 lr=5.07e-05 tok/s=29,943 eta=15361.933689305799
step=4121 tokens=540147712/1000000000 loss=3.3481 lr=5.07e-05 tok/s=41,316 eta=11130.165063224757
step=4122 tokens=540278784/1000000000 loss=3.2772 lr=5.06e-05 tok/s=41,301 eta=11130.986603714991
step=4123 tokens=540409856/1000000000 loss=3.2714 lr=5.06e-05 tok/s=41,339 eta=11117.479345472113
step=4124 tokens=540540928/1000000000 loss=3.2576 lr=5.06e-05 tok/s=41,192 eta=11154.109848429747
step=4125 tokens=540672000/1000000000 loss=3.2009 lr=5.06e-05 tok/s=41,063 eta=11186.028829696397
step=4126 tokens=540803072/1000000000 loss=3.3418 lr=5.06e-05 tok/s=41,027 eta=11192.466995048691
step=4127 tokens=540934144/1000000000 loss=3.0617 lr=5.05e-05 tok/s=40,929 eta=11216.035870815207
step=4128 tokens=541065216/1000000000 loss=3.3811 lr=5.05e-05 tok/s=40,961 eta=11204.206229332069
step=4129 tokens=541196288/1000000000 loss=3.2715 lr=5.05e-05 tok/s=41,028 eta=11182.582917629146
step=4130 tokens=541327360/1000000000 loss=3.1454 lr=5.05e-05 tok/s=40,921 eta=11208.83790214768
step=4131 tokens=541458432/1000000000 loss=3.2155 lr=5.05e-05 tok/s=41,048 eta=11170.741503491641
step=4132 tokens=541589504/1000000000 loss=3.3063 lr=5.05e-05 tok/s=41,139 eta=11142.889979786374
step=4133 tokens=541720576/1000000000 loss=3.3091 lr=5.04e-05 tok/s=41,044 eta=11165.691929972023
step=4134 tokens=541851648/1000000000 loss=3.1582 lr=5.04e-05 tok/s=41,338 eta=11083.00431349256
step=4135 tokens=541982720/1000000000 loss=3.2608 lr=5.04e-05 tok/s=41,232 eta=11108.200993643615
step=4136 tokens=542113792/1000000000 loss=3.3023 lr=5.04e-05 tok/s=40,971 eta=11175.83753122873
step=4137 tokens=542244864/1000000000 loss=3.3257 lr=5.04e-05 tok/s=41,184 eta=11114.821823125028
step=4138 tokens=542375936/1000000000 loss=3.1351 lr=5.03e-05 tok/s=41,137 eta=11124.30094347439
step=4139 tokens=542507008/1000000000 loss=3.2825 lr=5.03e-05 tok/s=40,766 eta=11222.388898144349
step=4140 tokens=542638080/1000000000 loss=2.9997 lr=5.03e-05 tok/s=40,863 eta=11192.536550262417
step=4141 tokens=542769152/1000000000 loss=2.8945 lr=5.03e-05 tok/s=40,825 eta=11199.8646402581
step=4142 tokens=542900224/1000000000 loss=3.4101 lr=5.03e-05 tok/s=41,063 eta=11131.764539921629
step=4143 tokens=543031296/1000000000 loss=3.3038 lr=5.02e-05 tok/s=41,005 eta=11144.206704114316
step=4144 tokens=543162368/1000000000 loss=3.2772 lr=5.02e-05 tok/s=40,960 eta=11153.165058886516
step=4145 tokens=543293440/1000000000 loss=3.3019 lr=5.02e-05 tok/s=40,961 eta=11149.727621722679
step=4146 tokens=543424512/1000000000 loss=3.3589 lr=5.02e-05 tok/s=40,782 eta=11195.62829574257
step=4147 tokens=543555584/1000000000 loss=3.3185 lr=5.02e-05 tok/s=40,890 eta=11162.608084321042
step=4148 tokens=543686656/1000000000 loss=3.2392 lr=5.01e-05 tok/s=41,038 eta=11119.306960152959
step=4149 tokens=543817728/1000000000 loss=3.2278 lr=5.01e-05 tok/s=41,044 eta=11114.439256029229
step=4150 tokens=543948800/1000000000 loss=3.1839 lr=5.01e-05 tok/s=41,199 eta=11069.558592823952
step=4151 tokens=544079872/1000000000 loss=3.3903 lr=5.01e-05 tok/s=41,244 eta=11054.203025575443
step=4152 tokens=544210944/1000000000 loss=3.3517 lr=5.01e-05 tok/s=40,951 eta=11130.023351829333
step=4153 tokens=544342016/1000000000 loss=3.3214 lr=5.01e-05 tok/s=41,239 eta=11049.303145660971
step=4154 tokens=544473088/1000000000 loss=3.3052 lr=5e-05 tok/s=41,054 eta=11095.836301635021
step=4155 tokens=544604160/1000000000 loss=3.2998 lr=5e-05 tok/s=41,316 eta=11022.281072566104
step=4156 tokens=544735232/1000000000 loss=3.1296 lr=5e-05 tok/s=41,237 eta=11040.103111579965
step=4157 tokens=544866304/1000000000 loss=3.1733 lr=5e-05 tok/s=41,286 eta=11023.939518511046
step=4158 tokens=544997376/1000000000 loss=3.1112 lr=5e-05 tok/s=41,300 eta=11017.004507877366
step=4159 tokens=545128448/1000000000 loss=3.0962 lr=4.99e-05 tok/s=41,305 eta=11012.41617553911
step=4160 tokens=545259520/1000000000 loss=3.3783 lr=4.99e-05 tok/s=41,113 eta=11060.773606931583
step=4161 tokens=545390592/1000000000 loss=3.1424 lr=4.99e-05 tok/s=40,998 eta=11088.626428324285
step=4162 tokens=545521664/1000000000 loss=3.3351 lr=4.99e-05 tok/s=41,183 eta=11035.604182425472
step=4163 tokens=545652736/1000000000 loss=3.0992 lr=4.99e-05 tok/s=40,758 eta=11147.563451184318
step=4164 tokens=545783808/1000000000 loss=3.1148 lr=4.98e-05 tok/s=40,913 eta=11102.108228906003
step=4165 tokens=545914880/1000000000 loss=3.2228 lr=4.98e-05 tok/s=40,825 eta=11122.711591913665
step=4166 tokens=546045952/1000000000 loss=3.4594 lr=4.98e-05 tok/s=40,931 eta=11090.661991667388
step=4167 tokens=546177024/1000000000 loss=3.3906 lr=4.98e-05 tok/s=40,865 eta=11105.323967889026
step=4168 tokens=546308096/1000000000 loss=3.2759 lr=4.98e-05 tok/s=40,968 eta=11074.257269793656
step=4169 tokens=546439168/1000000000 loss=3.3524 lr=4.98e-05 tok/s=41,047 eta=11049.795671852851
step=4170 tokens=546570240/1000000000 loss=3.1746 lr=4.97e-05 tok/s=41,052 eta=11045.158643861583
step=4171 tokens=546701312/1000000000 loss=3.1043 lr=4.97e-05 tok/s=41,087 eta=11032.537882411338
step=4172 tokens=546832384/1000000000 loss=3.3811 lr=4.97e-05 tok/s=41,090 eta=11028.637641308627
step=4173 tokens=546963456/1000000000 loss=3.3076 lr=4.97e-05 tok/s=40,825 eta=11097.017453039927
step=4174 tokens=547094528/1000000000 loss=3.3284 lr=4.97e-05 tok/s=40,923 eta=11067.16034628099
step=4175 tokens=547225600/1000000000 loss=2.9820 lr=4.96e-05 tok/s=41,024 eta=11036.726741929524
step=4176 tokens=547356672/1000000000 loss=3.1199 lr=4.96e-05 tok/s=40,971 eta=11047.878974405627
step=4177 tokens=547487744/1000000000 loss=3.1555 lr=4.96e-05 tok/s=41,132 eta=11001.409517235694
step=4178 tokens=547618816/1000000000 loss=3.2850 lr=4.96e-05 tok/s=41,165 eta=10989.58868861803
step=4179 tokens=547749888/1000000000 loss=3.3378 lr=4.96e-05 tok/s=41,164 eta=10986.542907040748
step=4180 tokens=547880960/1000000000 loss=3.1298 lr=4.95e-05 tok/s=41,135 eta=10991.142969785487
step=4181 tokens=548012032/1000000000 loss=3.2946 lr=4.95e-05 tok/s=41,278 eta=10949.779523787856
step=4182 tokens=548143104/1000000000 loss=3.2776 lr=4.95e-05 tok/s=41,249 eta=10954.433164481956
step=4183 tokens=548274176/1000000000 loss=3.2522 lr=4.95e-05 tok/s=41,097 eta=10991.751367585857
step=4184 tokens=548405248/1000000000 loss=3.2630 lr=4.95e-05 tok/s=41,205 eta=10959.621487630875
step=4185 tokens=548536320/1000000000 loss=3.0683 lr=4.95e-05 tok/s=40,819 eta=11060.098108414255
step=4186 tokens=548667392/1000000000 loss=3.3797 lr=4.94e-05 tok/s=40,941 eta=11023.886660567541
step=4187 tokens=548798464/1000000000 loss=3.3762 lr=4.94e-05 tok/s=41,284 eta=10929.13372056449
step=4188 tokens=548929536/1000000000 loss=3.1493 lr=4.94e-05 tok/s=41,099 eta=10975.300666574029
step=4189 tokens=549060608/1000000000 loss=3.3566 lr=4.94e-05 tok/s=41,105 eta=10970.470589431203
step=4190 tokens=549191680/1000000000 loss=3.2785 lr=4.94e-05 tok/s=40,953 eta=11007.99520243428
step=4191 tokens=549322752/1000000000 loss=3.3447 lr=4.93e-05 tok/s=40,979 eta=10997.661831971847
step=4192 tokens=549453824/1000000000 loss=3.1755 lr=4.93e-05 tok/s=40,876 eta=11022.333213473104
step=4193 tokens=549584896/1000000000 loss=3.2831 lr=4.93e-05 tok/s=40,902 eta=11012.17361334493
step=4194 tokens=549715968/1000000000 loss=3.3769 lr=4.93e-05 tok/s=41,013 eta=10978.980132354745
step=4195 tokens=549847040/1000000000 loss=3.3039 lr=4.93e-05 tok/s=41,372 eta=10880.581509948564
step=4196 tokens=549978112/1000000000 loss=3.2355 lr=4.92e-05 tok/s=41,130 eta=10941.454995503334
step=4197 tokens=550109184/1000000000 loss=3.1813 lr=4.92e-05 tok/s=29,829 eta=15082.22993610507
checkpoint saved: runs/20260906-225321/checkpoints/tokens_000550m (permanent_tokens)
step=4198 tokens=550240256/1000000000 loss=3.3808 lr=4.92e-05 tok/s=35,808 eta=12560.362227514974
step=4199 tokens=550371328/1000000000 loss=3.1020 lr=4.92e-05 tok/s=41,176 eta=10919.593231918525
step=4200 tokens=550502400/1000000000 loss=3.3315 lr=4.92e-05 tok/s=41,369 eta=10865.619348709693
step=4201 tokens=550633472/1000000000 loss=3.3282 lr=4.92e-05 tok/s=41,203 eta=10906.030897770674
step=4202 tokens=550764544/1000000000 loss=3.2863 lr=4.91e-05 tok/s=40,998 eta=10957.573899088864
step=4203 tokens=550895616/1000000000 loss=3.3533 lr=4.91e-05 tok/s=41,060 eta=10937.627125349205
step=4204 tokens=551026688/1000000000 loss=3.3089 lr=4.91e-05 tok/s=41,265 eta=10880.309729669472
step=4205 tokens=551157760/1000000000 loss=3.3419 lr=4.91e-05 tok/s=41,162 eta=10904.25342724813
step=4206 tokens=551288832/1000000000 loss=3.1499 lr=4.91e-05 tok/s=40,969 eta=10952.344942536041
step=4207 tokens=551419904/1000000000 loss=3.1581 lr=4.9e-05 tok/s=40,884 eta=10972.065669669471
step=4208 tokens=551550976/1000000000 loss=3.2991 lr=4.9e-05 tok/s=41,127 eta=10904.021435074474
step=4209 tokens=551682048/1000000000 loss=3.2807 lr=4.9e-05 tok/s=41,177 eta=10887.475426864154
step=4210 tokens=551813120/1000000000 loss=3.1297 lr=4.9e-05 tok/s=41,098 eta=10905.375357930605
step=4211 tokens=551944192/1000000000 loss=3.3054 lr=4.9e-05 tok/s=41,130 eta=10893.613061181053
step=4212 tokens=552075264/1000000000 loss=3.3159 lr=4.89e-05 tok/s=41,289 eta=10848.494607616116
step=4213 tokens=552206336/1000000000 loss=3.3778 lr=4.89e-05 tok/s=41,292 eta=10844.467280118446
step=4214 tokens=552337408/1000000000 loss=3.3718 lr=4.89e-05 tok/s=41,078 eta=10897.814134645614
step=4215 tokens=552468480/1000000000 loss=3.2673 lr=4.89e-05 tok/s=41,020 eta=10909.949419078715
step=4216 tokens=552599552/1000000000 loss=3.2162 lr=4.89e-05 tok/s=41,088 eta=10888.763944693712
step=4217 tokens=552730624/1000000000 loss=3.3324 lr=4.89e-05 tok/s=41,066 eta=10891.400925697068
step=4218 tokens=552861696/1000000000 loss=3.2622 lr=4.88e-05 tok/s=40,948 eta=10919.670247920692
step=4219 tokens=552992768/1000000000 loss=3.2073 lr=4.88e-05 tok/s=40,893 eta=10931.13334931399
step=4220 tokens=553123840/1000000000 loss=3.2257 lr=4.88e-05 tok/s=41,147 eta=10860.407327993373
step=4221 tokens=553254912/1000000000 loss=3.2970 lr=4.88e-05 tok/s=41,088 eta=10872.89100439938
step=4222 tokens=553385984/1000000000 loss=3.2676 lr=4.88e-05 tok/s=41,012 eta=10889.802844422245
step=4223 tokens=553517056/1000000000 loss=3.3165 lr=4.87e-05 tok/s=40,948 eta=10903.540010487328
step=4224 tokens=553648128/1000000000 loss=3.2481 lr=4.87e-05 tok/s=41,244 eta=10822.151817384269
step=4225 tokens=553779200/1000000000 loss=3.4486 lr=4.87e-05 tok/s=41,232 eta=10822.223078903993
step=4226 tokens=553910272/1000000000 loss=3.0783 lr=4.87e-05 tok/s=40,865 eta=10916.108182930251
step=4227 tokens=554041344/1000000000 loss=3.1542 lr=4.87e-05 tok/s=40,956 eta=10888.61768828532
step=4228 tokens=554172416/1000000000 loss=3.1639 lr=4.86e-05 tok/s=40,895 eta=10901.731829041033
step=4229 tokens=554303488/1000000000 loss=3.2609 lr=4.86e-05 tok/s=40,913 eta=10893.697348346888
step=4230 tokens=554434560/1000000000 loss=3.3691 lr=4.86e-05 tok/s=40,858 eta=10905.188254198836
step=4231 tokens=554565632/1000000000 loss=3.4937 lr=4.86e-05 tok/s=41,101 eta=10837.435610627885
step=4232 tokens=554696704/1000000000 loss=3.3754 lr=4.86e-05 tok/s=41,016 eta=10856.728171945997
step=4233 tokens=554827776/1000000000 loss=3.3148 lr=4.86e-05 tok/s=41,109 eta=10829.12658275601
step=4234 tokens=554958848/1000000000 loss=3.2230 lr=4.85e-05 tok/s=41,067 eta=10836.961054693886
step=4235 tokens=555089920/1000000000 loss=3.1020 lr=4.85e-05 tok/s=41,177 eta=10804.739417956196
step=4236 tokens=555220992/1000000000 loss=3.3931 lr=4.85e-05 tok/s=41,068 eta=10830.314927194919
step=4237 tokens=555352064/1000000000 loss=3.2696 lr=4.85e-05 tok/s=41,147 eta=10806.202999114837
step=4238 tokens=555483136/1000000000 loss=3.2664 lr=4.85e-05 tok/s=41,218 eta=10784.503060538134
step=4239 tokens=555614208/1000000000 loss=3.3138 lr=4.84e-05 tok/s=41,195 eta=10787.325484314444
step=4240 tokens=555745280/1000000000 loss=3.2693 lr=4.84e-05 tok/s=41,146 eta=10797.029288522808
step=4241 tokens=555876352/1000000000 loss=3.2416 lr=4.84e-05 tok/s=41,172 eta=10787.000831444633
step=4242 tokens=556007424/1000000000 loss=3.2379 lr=4.84e-05 tok/s=41,147 eta=10790.350920706074
step=4243 tokens=556138496/1000000000 loss=3.2308 lr=4.84e-05 tok/s=41,154 eta=10785.365331748857
step=4244 tokens=556269568/1000000000 loss=3.3697 lr=4.83e-05 tok/s=41,088 eta=10799.51535032106
step=4245 tokens=556400640/1000000000 loss=3.3121 lr=4.83e-05 tok/s=41,018 eta=10814.838078815086
step=4246 tokens=556531712/1000000000 loss=3.3563 lr=4.83e-05 tok/s=41,105 eta=10788.711471792029
step=4247 tokens=556662784/1000000000 loss=3.3144 lr=4.83e-05 tok/s=41,151 eta=10773.492936897781
step=4248 tokens=556793856/1000000000 loss=3.3695 lr=4.83e-05 tok/s=41,091 eta=10786.034966855961
step=4249 tokens=556924928/1000000000 loss=3.2539 lr=4.83e-05 tok/s=41,031 eta=10798.572626529287
step=4250 tokens=557056000/1000000000 loss=3.2858 lr=4.82e-05 tok/s=41,022 eta=10797.67319694068
step=4251 tokens=557187072/1000000000 loss=3.2384 lr=4.82e-05 tok/s=41,129 eta=10766.443804521547
step=4252 tokens=557318144/1000000000 loss=3.3188 lr=4.82e-05 tok/s=41,182 eta=10749.412694673496
step=4253 tokens=557449216/1000000000 loss=3.1630 lr=4.82e-05 tok/s=41,101 eta=10767.461065008747
step=4254 tokens=557580288/1000000000 loss=3.2673 lr=4.82e-05 tok/s=41,025 eta=10784.056531071063
step=4255 tokens=557711360/1000000000 loss=3.1924 lr=4.81e-05 tok/s=41,018 eta=10782.666838474779
step=4256 tokens=557842432/1000000000 loss=3.3458 lr=4.81e-05 tok/s=40,971 eta=10791.991393775048
step=4257 tokens=557973504/1000000000 loss=3.3028 lr=4.81e-05 tok/s=40,885 eta=10811.57117140595
step=4258 tokens=558104576/1000000000 loss=3.4034 lr=4.81e-05 tok/s=41,022 eta=10772.029982596747
step=4259 tokens=558235648/1000000000 loss=3.3763 lr=4.81e-05 tok/s=40,723 eta=10848.09071536199
step=4260 tokens=558366720/1000000000 loss=3.0681 lr=4.81e-05 tok/s=41,000 eta=10771.516948750563
step=4261 tokens=558497792/1000000000 loss=3.0462 lr=4.8e-05 tok/s=40,881 eta=10799.75028836528
step=4262 tokens=558628864/1000000000 loss=3.2941 lr=4.8e-05 tok/s=40,985 eta=10769.193819271855
step=4263 tokens=558759936/1000000000 loss=3.2231 lr=4.8e-05 tok/s=40,934 eta=10779.194184949578
step=4264 tokens=558891008/1000000000 loss=3.2406 lr=4.8e-05 tok/s=41,155 eta=10718.166606633244
step=4265 tokens=559022080/1000000000 loss=3.1202 lr=4.8e-05 tok/s=41,176 eta=10709.50684290284
step=4266 tokens=559153152/1000000000 loss=3.2075 lr=4.79e-05 tok/s=41,134 eta=10717.228312809108
step=4267 tokens=559284224/1000000000 loss=3.2712 lr=4.79e-05 tok/s=41,107 eta=10721.148546972181
step=4268 tokens=559415296/1000000000 loss=3.3420 lr=4.79e-05 tok/s=41,331 eta=10659.864417883553
step=4269 tokens=559546368/1000000000 loss=3.3592 lr=4.79e-05 tok/s=41,186 eta=10694.355791992346
step=4270 tokens=559677440/1000000000 loss=3.1385 lr=4.79e-05 tok/s=41,164 eta=10696.818072004322
step=4271 tokens=559808512/1000000000 loss=3.2522 lr=4.78e-05 tok/s=41,027 eta=10729.288699873541
step=4272 tokens=559939584/1000000000 loss=3.3697 lr=4.78e-05 tok/s=41,239 eta=10671.09769832569
step=4273 tokens=560070656/1000000000 loss=3.3504 lr=4.78e-05 tok/s=29,850 eta=14738.169745081334
step=4274 tokens=560201728/1000000000 loss=3.3859 lr=4.78e-05 tok/s=41,144 eta=10689.185514663013
step=4275 tokens=560332800/1000000000 loss=3.3036 lr=4.78e-05 tok/s=41,233 eta=10663.090448541028
step=4276 tokens=560463872/1000000000 loss=3.2509 lr=4.78e-05 tok/s=41,189 eta=10671.213860640617
step=4277 tokens=560594944/1000000000 loss=3.3047 lr=4.77e-05 tok/s=41,222 eta=10659.530357870257
step=4278 tokens=560726016/1000000000 loss=3.2109 lr=4.77e-05 tok/s=41,176 eta=10668.085840516567
step=4279 tokens=560857088/1000000000 loss=3.2999 lr=4.77e-05 tok/s=41,192 eta=10660.79811757337
step=4280 tokens=560988160/1000000000 loss=3.3355 lr=4.77e-05 tok/s=41,230 eta=10647.883366554895
step=4281 tokens=561119232/1000000000 loss=3.1255 lr=4.77e-05 tok/s=41,370 eta=10608.679515110302
step=4282 tokens=561250304/1000000000 loss=3.2709 lr=4.76e-05 tok/s=41,073 eta=10682.22454174118
step=4283 tokens=561381376/1000000000 loss=3.3060 lr=4.76e-05 tok/s=41,193 eta=10647.830338693084
step=4284 tokens=561512448/1000000000 loss=3.2024 lr=4.76e-05 tok/s=41,408 eta=10589.546316774635
step=4285 tokens=561643520/1000000000 loss=3.2730 lr=4.76e-05 tok/s=41,419 eta=10583.523813728742
step=4286 tokens=561774592/1000000000 loss=3.3085 lr=4.76e-05 tok/s=41,403 eta=10584.333564129078
step=4287 tokens=561905664/1000000000 loss=3.2415 lr=4.75e-05 tok/s=41,325 eta=10601.159931091885
step=4288 tokens=562036736/1000000000 loss=3.1397 lr=4.75e-05 tok/s=41,224 eta=10624.028728552372
step=4289 tokens=562167808/1000000000 loss=3.2344 lr=4.75e-05 tok/s=41,309 eta=10599.061973423048
step=4290 tokens=562298880/1000000000 loss=3.3569 lr=4.75e-05 tok/s=41,440 eta=10562.367372766117
step=4291 tokens=562429952/1000000000 loss=3.0423 lr=4.75e-05 tok/s=41,193 eta=10622.396216292971
step=4292 tokens=562561024/1000000000 loss=3.1777 lr=4.75e-05 tok/s=41,164 eta=10626.769992946653
step=4293 tokens=562692096/1000000000 loss=3.2080 lr=4.74e-05 tok/s=41,221 eta=10608.861628472461
step=4294 tokens=562823168/1000000000 loss=3.2330 lr=4.74e-05 tok/s=41,046 eta=10650.965744435915
step=4295 tokens=562954240/1000000000 loss=3.3124 lr=4.74e-05 tok/s=41,109 eta=10631.380142288033
step=4296 tokens=563085312/1000000000 loss=3.2265 lr=4.74e-05 tok/s=41,314 eta=10575.54517682654
step=4297 tokens=563216384/1000000000 loss=3.2170 lr=4.74e-05 tok/s=41,366 eta=10558.94874996838
step=4298 tokens=563347456/1000000000 loss=3.3095 lr=4.73e-05 tok/s=41,268 eta=10580.820689870045
step=4299 tokens=563478528/1000000000 loss=3.2505 lr=4.73e-05 tok/s=41,337 eta=10560.07947950552
step=4300 tokens=563609600/1000000000 loss=3.2093 lr=4.73e-05 tok/s=41,384 eta=10544.89896132784
step=4301 tokens=563740672/1000000000 loss=3.2018 lr=4.73e-05 tok/s=41,276 eta=10569.296567376796
step=4302 tokens=563871744/1000000000 loss=3.0914 lr=4.73e-05 tok/s=41,053 eta=10623.631481068496
step=4303 tokens=564002816/1000000000 loss=3.3183 lr=4.72e-05 tok/s=41,153 eta=10594.641093247506
step=4304 tokens=564133888/1000000000 loss=3.1692 lr=4.72e-05 tok/s=41,266 eta=10562.301778394312
step=4305 tokens=564264960/1000000000 loss=3.1355 lr=4.72e-05 tok/s=41,298 eta=10551.085162404284
step=4306 tokens=564396032/1000000000 loss=3.3484 lr=4.72e-05 tok/s=41,001 eta=10624.254709847559
step=4307 tokens=564527104/1000000000 loss=3.2638 lr=4.72e-05 tok/s=41,259 eta=10554.697768828028
step=4308 tokens=564658176/1000000000 loss=3.1780 lr=4.72e-05 tok/s=41,189 eta=10569.431172338735
step=4309 tokens=564789248/1000000000 loss=3.1965 lr=4.71e-05 tok/s=41,089 eta=10591.99898678896
step=4310 tokens=564920320/1000000000 loss=3.3406 lr=4.71e-05 tok/s=40,999 eta=10611.900040847782
step=4311 tokens=565051392/1000000000 loss=3.2848 lr=4.71e-05 tok/s=41,154 eta=10568.694390967546
step=4312 tokens=565182464/1000000000 loss=3.3327 lr=4.71e-05 tok/s=41,103 eta=10578.803141713566
step=4313 tokens=565313536/1000000000 loss=3.3100 lr=4.71e-05 tok/s=41,065 eta=10585.317923491237
step=4314 tokens=565444608/1000000000 loss=3.2783 lr=4.7e-05 tok/s=40,782 eta=10655.645081639654
step=4315 tokens=565575680/1000000000 loss=3.2550 lr=4.7e-05 tok/s=41,146 eta=10558.02408665188
step=4316 tokens=565706752/1000000000 loss=3.1138 lr=4.7e-05 tok/s=40,894 eta=10619.8639249149
step=4317 tokens=565837824/1000000000 loss=3.2966 lr=4.7e-05 tok/s=41,159 eta=10548.481430073825
step=4318 tokens=565968896/1000000000 loss=3.1542 lr=4.7e-05 tok/s=41,244 eta=10523.562506998134
step=4319 tokens=566099968/1000000000 loss=3.2481 lr=4.7e-05 tok/s=41,179 eta=10536.81856509782
step=4320 tokens=566231040/1000000000 loss=3.0887 lr=4.69e-05 tok/s=41,171 eta=10535.756897797824
step=4321 tokens=566362112/1000000000 loss=3.2846 lr=4.69e-05 tok/s=41,209 eta=10522.874745389898
step=4322 tokens=566493184/1000000000 loss=3.2054 lr=4.69e-05 tok/s=41,238 eta=10512.347847311037
step=4323 tokens=566624256/1000000000 loss=3.2394 lr=4.69e-05 tok/s=41,127 eta=10537.578698422934
step=4324 tokens=566755328/1000000000 loss=3.2470 lr=4.69e-05 tok/s=41,301 eta=10489.828947647142
step=4325 tokens=566886400/1000000000 loss=3.3584 lr=4.68e-05 tok/s=41,168 eta=10520.694786868362
step=4326 tokens=567017472/1000000000 loss=3.2503 lr=4.68e-05 tok/s=41,396 eta=10459.511059461574
step=4327 tokens=567148544/1000000000 loss=3.2804 lr=4.68e-05 tok/s=41,171 eta=10513.570948574401
step=4328 tokens=567279616/1000000000 loss=3.3306 lr=4.68e-05 tok/s=41,236 eta=10493.70552014755
step=4329 tokens=567410688/1000000000 loss=3.3095 lr=4.68e-05 tok/s=41,252 eta=10486.443354686051
step=4330 tokens=567541760/1000000000 loss=3.4015 lr=4.67e-05 tok/s=41,220 eta=10491.514754875452
step=4331 tokens=567672832/1000000000 loss=3.1223 lr=4.67e-05 tok/s=41,236 eta=10484.329209121202
step=4332 tokens=567803904/1000000000 loss=3.1821 lr=4.67e-05 tok/s=41,222 eta=10484.487259859503
step=4333 tokens=567934976/1000000000 loss=3.3399 lr=4.67e-05 tok/s=41,346 eta=10450.095489607018
step=4334 tokens=568066048/1000000000 loss=3.3178 lr=4.67e-05 tok/s=41,255 eta=10469.809901158626
step=4335 tokens=568197120/1000000000 loss=3.0156 lr=4.67e-05 tok/s=41,332 eta=10447.248379108873
step=4336 tokens=568328192/1000000000 loss=3.0899 lr=4.66e-05 tok/s=41,161 eta=10487.484165444524
step=4337 tokens=568459264/1000000000 loss=3.4203 lr=4.66e-05 tok/s=41,045 eta=10513.909494561229
step=4338 tokens=568590336/1000000000 loss=3.5163 lr=4.66e-05 tok/s=41,082 eta=10501.083378041032
step=4339 tokens=568721408/1000000000 loss=3.1383 lr=4.66e-05 tok/s=41,169 eta=10475.763534377707
step=4340 tokens=568852480/1000000000 loss=3.1872 lr=4.66e-05 tok/s=40,772 eta=10574.71548716587
step=4341 tokens=568983552/1000000000 loss=3.1057 lr=4.65e-05 tok/s=41,009 eta=10510.208672344848
step=4342 tokens=569114624/1000000000 loss=3.2780 lr=4.65e-05 tok/s=41,141 eta=10473.481609008073
step=4343 tokens=569245696/1000000000 loss=3.2459 lr=4.65e-05 tok/s=41,123 eta=10474.901387565358
step=4344 tokens=569376768/1000000000 loss=3.2139 lr=4.65e-05 tok/s=41,059 eta=10487.893090863563
step=4345 tokens=569507840/1000000000 loss=3.2497 lr=4.65e-05 tok/s=40,917 eta=10521.143409969744
step=4346 tokens=569638912/1000000000 loss=3.2632 lr=4.64e-05 tok/s=41,073 eta=10477.828702950086
step=4347 tokens=569769984/1000000000 loss=3.1508 lr=4.64e-05 tok/s=41,260 eta=10427.20214576265
step=4348 tokens=569901056/1000000000 loss=3.2467 lr=4.64e-05 tok/s=41,117 eta=10460.253518638361
step=4349 tokens=570032128/1000000000 loss=3.3027 lr=4.64e-05 tok/s=29,805 eta=14425.981170113491
step=4350 tokens=570163200/1000000000 loss=3.4043 lr=4.64e-05 tok/s=41,230 eta=10425.467007818592
step=4351 tokens=570294272/1000000000 loss=3.3394 lr=4.64e-05 tok/s=41,152 eta=10441.970723767094
step=4352 tokens=570425344/1000000000 loss=3.2397 lr=4.63e-05 tok/s=41,222 eta=10421.007888985292
step=4353 tokens=570556416/1000000000 loss=3.4908 lr=4.63e-05 tok/s=41,227 eta=10416.565900625224
step=4354 tokens=570687488/1000000000 loss=3.3458 lr=4.63e-05 tok/s=41,132 eta=10437.419939034322
step=4355 tokens=570818560/1000000000 loss=3.3304 lr=4.63e-05 tok/s=41,248 eta=10404.884981932704
step=4356 tokens=570949632/1000000000 loss=3.1611 lr=4.63e-05 tok/s=41,204 eta=10412.711471352835
step=4357 tokens=571080704/1000000000 loss=3.3426 lr=4.62e-05 tok/s=41,214 eta=10407.122453460523
step=4358 tokens=571211776/1000000000 loss=3.2188 lr=4.62e-05 tok/s=41,314 eta=10378.70204547341
step=4359 tokens=571342848/1000000000 loss=3.0607 lr=4.62e-05 tok/s=41,190 eta=10406.891922826904
step=4360 tokens=571473920/1000000000 loss=3.2834 lr=4.62e-05 tok/s=40,860 eta=10487.678412183499
step=4361 tokens=571604992/1000000000 loss=3.2293 lr=4.62e-05 tok/s=40,932 eta=10465.920561976201
step=4362 tokens=571736064/1000000000 loss=3.3413 lr=4.62e-05 tok/s=41,091 eta=10422.216083874298
step=4363 tokens=571867136/1000000000 loss=3.4063 lr=4.61e-05 tok/s=41,027 eta=10435.41680046728
step=4364 tokens=571998208/1000000000 loss=3.1775 lr=4.61e-05 tok/s=41,098 eta=10414.109293638694
step=4365 tokens=572129280/1000000000 loss=3.1671 lr=4.61e-05 tok/s=41,006 eta=10434.319624113474
step=4366 tokens=572260352/1000000000 loss=3.1839 lr=4.61e-05 tok/s=41,069 eta=10415.10888611526
step=4367 tokens=572391424/1000000000 loss=3.2038 lr=4.61e-05 tok/s=40,963 eta=10438.796112447002
step=4368 tokens=572522496/1000000000 loss=3.3349 lr=4.6e-05 tok/s=40,974 eta=10432.967119964072
step=4369 tokens=572653568/1000000000 loss=3.2292 lr=4.6e-05 tok/s=41,090 eta=10400.335566982794
step=4370 tokens=572784640/1000000000 loss=3.2585 lr=4.6e-05 tok/s=41,147 eta=10382.741290114029
step=4371 tokens=572915712/1000000000 loss=3.1311 lr=4.6e-05 tok/s=41,145 eta=10380.05263875837
step=4372 tokens=573046784/1000000000 loss=3.2442 lr=4.6e-05 tok/s=40,985 eta=10417.380810114651
step=4373 tokens=573177856/1000000000 loss=3.2180 lr=4.59e-05 tok/s=40,998 eta=10410.776673585999
step=4374 tokens=573308928/1000000000 loss=3.1273 lr=4.59e-05 tok/s=40,900 eta=10432.664761150278
step=4375 tokens=573440000/1000000000 loss=3.4104 lr=4.59e-05 tok/s=40,689 eta=10483.369875879021
step=4376 tokens=573571072/1000000000 loss=3.3630 lr=4.59e-05 tok/s=40,740 eta=10467.124398377917
step=4377 tokens=573702144/1000000000 loss=3.3593 lr=4.59e-05 tok/s=40,829 eta=10441.077903882164
step=4378 tokens=573833216/1000000000 loss=3.2407 lr=4.59e-05 tok/s=40,838 eta=10435.451749365775
step=4379 tokens=573964288/1000000000 loss=3.2319 lr=4.58e-05 tok/s=40,860 eta=10426.681973129564
step=4380 tokens=574095360/1000000000 loss=3.1747 lr=4.58e-05 tok/s=40,969 eta=10395.834172470079
step=4381 tokens=574226432/1000000000 loss=3.2526 lr=4.58e-05 tok/s=41,029 eta=10377.422724097669
step=4382 tokens=574357504/1000000000 loss=3.2318 lr=4.58e-05 tok/s=41,015 eta=10377.656873842954
step=4383 tokens=574488576/1000000000 loss=3.3076 lr=4.58e-05 tok/s=41,121 eta=10347.711824186044
step=4384 tokens=574619648/1000000000 loss=3.1705 lr=4.57e-05 tok/s=40,973 eta=10381.917510840954
step=4385 tokens=574750720/1000000000 loss=3.2100 lr=4.57e-05 tok/s=41,003 eta=10371.092867905429
step=4386 tokens=574881792/1000000000 loss=3.2006 lr=4.57e-05 tok/s=40,991 eta=10370.974528829089
step=4387 tokens=575012864/1000000000 loss=3.1903 lr=4.57e-05 tok/s=41,001 eta=10365.332707651556
step=4388 tokens=575143936/1000000000 loss=3.1097 lr=4.57e-05 tok/s=41,056 eta=10348.202665093355
step=4389 tokens=575275008/1000000000 loss=3.2276 lr=4.57e-05 tok/s=40,998 eta=10359.658498820598
step=4390 tokens=575406080/1000000000 loss=3.2343 lr=4.56e-05 tok/s=41,170 eta=10313.211256660508
step=4391 tokens=575537152/1000000000 loss=3.2097 lr=4.56e-05 tok/s=41,323 eta=10271.788531501725
step=4392 tokens=575668224/1000000000 loss=3.3997 lr=4.56e-05 tok/s=41,203 eta=10298.556710549361
step=4393 tokens=575799296/1000000000 loss=3.2381 lr=4.56e-05 tok/s=41,058 eta=10331.709402516144
step=4394 tokens=575930368/1000000000 loss=3.3173 lr=4.56e-05 tok/s=41,054 eta=10329.452173640817
step=4395 tokens=576061440/1000000000 loss=3.3679 lr=4.55e-05 tok/s=40,955 eta=10351.336456884112
step=4396 tokens=576192512/1000000000 loss=3.1518 lr=4.55e-05 tok/s=41,263 eta=10270.91338957625
step=4397 tokens=576323584/1000000000 loss=3.3247 lr=4.55e-05 tok/s=41,095 eta=10309.729895399236
step=4398 tokens=576454656/1000000000 loss=3.3095 lr=4.55e-05 tok/s=41,296 eta=10256.26898078802
step=4399 tokens=576585728/1000000000 loss=3.2427 lr=4.55e-05 tok/s=41,391 eta=10229.708248821105
step=4400 tokens=576716800/1000000000 loss=3.2437 lr=4.54e-05 tok/s=41,094 eta=10300.409757896105
step=4401 tokens=576847872/1000000000 loss=3.2168 lr=4.54e-05 tok/s=41,161 eta=10280.41792183292
step=4402 tokens=576978944/1000000000 loss=3.2578 lr=4.54e-05 tok/s=41,131 eta=10284.700708444689
step=4403 tokens=577110016/1000000000 loss=3.2564 lr=4.54e-05 tok/s=41,176 eta=10270.271448326866
step=4404 tokens=577241088/1000000000 loss=3.2944 lr=4.54e-05 tok/s=41,142 eta=10275.592645522365
step=4405 tokens=577372160/1000000000 loss=3.2117 lr=4.54e-05 tok/s=41,196 eta=10258.980590527934
step=4406 tokens=577503232/1000000000 loss=3.3027 lr=4.53e-05 tok/s=41,149 eta=10267.386127609278
step=4407 tokens=577634304/1000000000 loss=3.2073 lr=4.53e-05 tok/s=41,172 eta=10258.465780344592
step=4408 tokens=577765376/1000000000 loss=3.4016 lr=4.53e-05 tok/s=41,224 eta=10242.509391840113
step=4409 tokens=577896448/1000000000 loss=3.3325 lr=4.53e-05 tok/s=41,261 eta=10230.056008156385
step=4410 tokens=578027520/1000000000 loss=3.1691 lr=4.53e-05 tok/s=41,293 eta=10218.873853975942
step=4411 tokens=578158592/1000000000 loss=3.2776 lr=4.52e-05 tok/s=41,098 eta=10264.347082112921
step=4412 tokens=578289664/1000000000 loss=3.2405 lr=4.52e-05 tok/s=41,227 eta=10228.941739127302
step=4413 tokens=578420736/1000000000 loss=3.3543 lr=4.52e-05 tok/s=41,062 eta=10266.814288077032
step=4414 tokens=578551808/1000000000 loss=3.2823 lr=4.52e-05 tok/s=41,039 eta=10269.348796472455
step=4415 tokens=578682880/1000000000 loss=3.3352 lr=4.52e-05 tok/s=41,067 eta=10259.205050780034
step=4416 tokens=578813952/1000000000 loss=3.2392 lr=4.52e-05 tok/s=41,081 eta=10252.531111514823
step=4417 tokens=578945024/1000000000 loss=3.2128 lr=4.51e-05 tok/s=41,289 eta=10197.745886982879
step=4418 tokens=579076096/1000000000 loss=3.2013 lr=4.51e-05 tok/s=41,172 eta=10223.661094750858
step=4419 tokens=579207168/1000000000 loss=3.2679 lr=4.51e-05 tok/s=40,995 eta=10264.56211567527
step=4420 tokens=579338240/1000000000 loss=3.2138 lr=4.51e-05 tok/s=41,360 eta=10170.849819338353
step=4421 tokens=579469312/1000000000 loss=3.4177 lr=4.51e-05 tok/s=41,260 eta=10192.257602488085
step=4422 tokens=579600384/1000000000 loss=3.3143 lr=4.5e-05 tok/s=41,331 eta=10171.612493261102
step=4423 tokens=579731456/1000000000 loss=3.1929 lr=4.5e-05 tok/s=41,235 eta=10192.08284043899
step=4424 tokens=579862528/1000000000 loss=3.0441 lr=4.5e-05 tok/s=40,965 eta=10255.913205149349
step=4425 tokens=579993600/1000000000 loss=3.1762 lr=4.5e-05 tok/s=41,131 eta=10211.501949822576
step=4426 tokens=580124672/1000000000 loss=3.1525 lr=4.5e-05 tok/s=29,850 eta=14066.224261447336
step=4427 tokens=580255744/1000000000 loss=3.1310 lr=4.5e-05 tok/s=41,048 eta=10225.739304104274
step=4428 tokens=580386816/1000000000 loss=3.2466 lr=4.49e-05 tok/s=41,140 eta=10199.607508321189
step=4429 tokens=580517888/1000000000 loss=3.2600 lr=4.49e-05 tok/s=41,250 eta=10169.258878093728
step=4430 tokens=580648960/1000000000 loss=3.2463 lr=4.49e-05 tok/s=41,305 eta=10152.53390188439
step=4431 tokens=580780032/1000000000 loss=3.0071 lr=4.49e-05 tok/s=41,385 eta=10129.854266002498
step=4432 tokens=580911104/1000000000 loss=3.3325 lr=4.49e-05 tok/s=41,036 eta=10212.744136809788
step=4433 tokens=581042176/1000000000 loss=3.1446 lr=4.48e-05 tok/s=41,263 eta=10153.405476463005
step=4434 tokens=581173248/1000000000 loss=3.1373 lr=4.48e-05 tok/s=41,096 eta=10191.36252107909
step=4435 tokens=581304320/1000000000 loss=3.2771 lr=4.48e-05 tok/s=41,229 eta=10155.360341402476
step=4436 tokens=581435392/1000000000 loss=3.3158 lr=4.48e-05 tok/s=41,065 eta=10192.811908271191
step=4437 tokens=581566464/1000000000 loss=3.3748 lr=4.48e-05 tok/s=41,054 eta=10192.311171499327
step=4438 tokens=581697536/1000000000 loss=3.3043 lr=4.47e-05 tok/s=41,099 eta=10177.978294917912
step=4439 tokens=581828608/1000000000 loss=3.1872 lr=4.47e-05 tok/s=40,992 eta=10201.385604154751
step=4440 tokens=581959680/1000000000 loss=3.1247 lr=4.47e-05 tok/s=41,025 eta=10189.829719331656
step=4441 tokens=582090752/1000000000 loss=3.3424 lr=4.47e-05 tok/s=40,923 eta=10212.158241909841
step=4442 tokens=582221824/1000000000 loss=3.2689 lr=4.47e-05 tok/s=40,921 eta=10209.307383780895
step=4443 tokens=582352896/1000000000 loss=3.1619 lr=4.47e-05 tok/s=40,998 eta=10186.967155741468
step=4444 tokens=582483968/1000000000 loss=3.4508 lr=4.46e-05 tok/s=41,108 eta=10156.460165324916
step=4445 tokens=582615040/1000000000 loss=3.4105 lr=4.46e-05 tok/s=41,091 eta=10157.512953387646
step=4446 tokens=582746112/1000000000 loss=3.3116 lr=4.46e-05 tok/s=41,054 eta=10163.525416717948
step=4447 tokens=582877184/1000000000 loss=3.2504 lr=4.46e-05 tok/s=41,032 eta=10165.810558693956
step=4448 tokens=583008256/1000000000 loss=3.2457 lr=4.46e-05 tok/s=40,970 eta=10178.001936327808
step=4449 tokens=583139328/1000000000 loss=3.2495 lr=4.45e-05 tok/s=40,876 eta=10198.300956173065
step=4450 tokens=583270400/1000000000 loss=3.2177 lr=4.45e-05 tok/s=40,988 eta=10167.214306706119
step=4451 tokens=583401472/1000000000 loss=3.2563 lr=4.45e-05 tok/s=40,968 eta=10168.955965428933
step=4452 tokens=583532544/1000000000 loss=3.3232 lr=4.45e-05 tok/s=40,967 eta=10166.031035065242
step=4453 tokens=583663616/1000000000 loss=3.2243 lr=4.45e-05 tok/s=40,909 eta=10177.031007145704
step=4454 tokens=583794688/1000000000 loss=3.2913 lr=4.45e-05 tok/s=40,981 eta=10156.06199759833
step=4455 tokens=583925760/1000000000 loss=3.3136 lr=4.44e-05 tok/s=41,014 eta=10144.734433158921
step=4456 tokens=584056832/1000000000 loss=3.0866 lr=4.44e-05 tok/s=41,166 eta=10103.951011146746
step=4457 tokens=584187904/1000000000 loss=3.1933 lr=4.44e-05 tok/s=40,996 eta=10142.783196137061
step=4458 tokens=584318976/1000000000 loss=3.3190 lr=4.44e-05 tok/s=41,032 eta=10130.687585244665
step=4459 tokens=584450048/1000000000 loss=3.4055 lr=4.44e-05 tok/s=40,922 eta=10154.707989888779
step=4460 tokens=584581120/1000000000 loss=3.3319 lr=4.43e-05 tok/s=40,912 eta=10154.020308581881
step=4461 tokens=584712192/1000000000 loss=3.2122 lr=4.43e-05 tok/s=41,078 eta=10109.725234171498
step=4462 tokens=584843264/1000000000 loss=3.3572 lr=4.43e-05 tok/s=41,089 eta=10103.820179199583
step=4463 tokens=584974336/1000000000 loss=3.3348 lr=4.43e-05 tok/s=40,979 eta=10127.818738645929
step=4464 tokens=585105408/1000000000 loss=3.1265 lr=4.43e-05 tok/s=40,989 eta=10122.005646263466
step=4465 tokens=585236480/1000000000 loss=3.2066 lr=4.43e-05 tok/s=40,926 eta=10134.558336046384
step=4466 tokens=585367552/1000000000 loss=3.1784 lr=4.42e-05 tok/s=41,041 eta=10102.762015959584
step=4467 tokens=585498624/1000000000 loss=3.1705 lr=4.42e-05 tok/s=41,055 eta=10096.262478595801
step=4468 tokens=585629696/1000000000 loss=3.2320 lr=4.42e-05 tok/s=40,897 eta=10132.158216903394
step=4469 tokens=585760768/1000000000 loss=3.1356 lr=4.42e-05 tok/s=41,107 eta=10077.03887011536
step=4470 tokens=585891840/1000000000 loss=3.2680 lr=4.42e-05 tok/s=40,983 eta=10104.378373227382
step=4471 tokens=586022912/1000000000 loss=3.1995 lr=4.41e-05 tok/s=41,091 eta=10074.530113086594
step=4472 tokens=586153984/1000000000 loss=3.1959 lr=4.41e-05 tok/s=40,988 eta=10096.713731441163
step=4473 tokens=586285056/1000000000 loss=3.3009 lr=4.41e-05 tok/s=40,926 eta=10108.875197256297
step=4474 tokens=586416128/1000000000 loss=3.1843 lr=4.41e-05 tok/s=41,078 eta=10068.376327191549
step=4475 tokens=586547200/1000000000 loss=3.3160 lr=4.41e-05 tok/s=40,993 eta=10086.047161425546
step=4476 tokens=586678272/1000000000 loss=3.2993 lr=4.4e-05 tok/s=41,121 eta=10051.32317074463
step=4477 tokens=586809344/1000000000 loss=3.4566 lr=4.4e-05 tok/s=40,932 eta=10094.47434224977
step=4478 tokens=586940416/1000000000 loss=3.2210 lr=4.4e-05 tok/s=41,268 eta=10009.092333389866
step=4479 tokens=587071488/1000000000 loss=3.2713 lr=4.4e-05 tok/s=40,999 eta=10071.591100730902
checkpoint saved: runs/20260906-225321/checkpoints/step_000004479 (time)
step=4480 tokens=587202560/1000000000 loss=3.3258 lr=4.4e-05 tok/s=35,895 eta=11500.07150016177
step=4481 tokens=587333632/1000000000 loss=3.1326 lr=4.4e-05 tok/s=40,823 eta=10108.603327882856
step=4482 tokens=587464704/1000000000 loss=3.1941 lr=4.39e-05 tok/s=41,073 eta=10043.846377939877
step=4483 tokens=587595776/1000000000 loss=3.3147 lr=4.39e-05 tok/s=41,198 eta=10010.320272316316
step=4484 tokens=587726848/1000000000 loss=3.3103 lr=4.39e-05 tok/s=41,111 eta=10028.384740160447
step=4485 tokens=587857920/1000000000 loss=3.2638 lr=4.39e-05 tok/s=40,844 eta=10090.584133031214
step=4486 tokens=587988992/1000000000 loss=3.2739 lr=4.39e-05 tok/s=40,767 eta=10106.49953143082
step=4487 tokens=588120064/1000000000 loss=3.2021 lr=4.38e-05 tok/s=40,895 eta=10071.566095848639
step=4488 tokens=588251136/1000000000 loss=3.2697 lr=4.38e-05 tok/s=40,931 eta=10059.542496465123
step=4489 tokens=588382208/1000000000 loss=3.2497 lr=4.38e-05 tok/s=40,938 eta=10054.663831023974
step=4490 tokens=588513280/1000000000 loss=3.0504 lr=4.38e-05 tok/s=41,175 eta=9993.719205419864
step=4491 tokens=588644352/1000000000 loss=3.2881 lr=4.38e-05 tok/s=40,947 eta=10046.071649611342
step=4492 tokens=588775424/1000000000 loss=3.2501 lr=4.38e-05 tok/s=40,982 eta=10034.219904885664
step=4493 tokens=588906496/1000000000 loss=3.2433 lr=4.37e-05 tok/s=40,984 eta=10030.697436754224
step=4494 tokens=589037568/1000000000 loss=3.2998 lr=4.37e-05 tok/s=41,303 eta=9949.9458962823
step=4495 tokens=589168640/1000000000 loss=3.2925 lr=4.37e-05 tok/s=41,177 eta=9977.278506150722
step=4496 tokens=589299712/1000000000 loss=3.2165 lr=4.37e-05 tok/s=41,209 eta=9966.290947509993
step=4497 tokens=589430784/1000000000 loss=3.3617 lr=4.37e-05 tok/s=41,256 eta=9951.699760784359
step=4498 tokens=589561856/1000000000 loss=3.2356 lr=4.36e-05 tok/s=41,223 eta=9956.52097369431
step=4499 tokens=589692928/1000000000 loss=3.3369 lr=4.36e-05 tok/s=41,175 eta=9964.967346651392
step=4500 tokens=589824000/1000000000 loss=3.1236 lr=4.36e-05 tok/s=41,121 eta=9974.898903518535
step=4501 tokens=589955072/1000000000 loss=3.3447 lr=4.36e-05 tok/s=41,074 eta=9983.02829165789
step=4502 tokens=590086144/1000000000 loss=3.2517 lr=4.36e-05 tok/s=29,811 eta=13750.225687133568
step=4503 tokens=590217216/1000000000 loss=3.2302 lr=4.36e-05 tok/s=41,231 eta=9938.706644475262
step=4504 tokens=590348288/1000000000 loss=3.2584 lr=4.35e-05 tok/s=41,133 eta=9959.130994096227
step=4505 tokens=590479360/1000000000 loss=3.1940 lr=4.35e-05 tok/s=41,224 eta=9934.068716832213
step=4506 tokens=590610432/1000000000 loss=3.0069 lr=4.35e-05 tok/s=41,121 eta=9955.793000976251
step=4507 tokens=590741504/1000000000 loss=3.2961 lr=4.35e-05 tok/s=41,099 eta=9957.861158501943
step=4508 tokens=590872576/1000000000 loss=3.2873 lr=4.35e-05 tok/s=41,042 eta=9968.624289789514
step=4509 tokens=591003648/1000000000 loss=3.2136 lr=4.34e-05 tok/s=40,967 eta=9983.614376283767
step=4510 tokens=591134720/1000000000 loss=3.1826 lr=4.34e-05 tok/s=41,191 eta=9926.17212413605
step=4511 tokens=591265792/1000000000 loss=3.1928 lr=4.34e-05 tok/s=41,198 eta=9921.24498757822
step=4512 tokens=591396864/1000000000 loss=3.2344 lr=4.34e-05 tok/s=41,144 eta=9931.053675394678
step=4513 tokens=591527936/1000000000 loss=3.2863 lr=4.34e-05 tok/s=41,359 eta=9876.160879086317
step=4514 tokens=591659008/1000000000 loss=3.3475 lr=4.34e-05 tok/s=41,386 eta=9866.586367615284
step=4515 tokens=591790080/1000000000 loss=3.3406 lr=4.33e-05 tok/s=41,258 eta=9894.02639567606
step=4516 tokens=591921152/1000000000 loss=3.1953 lr=4.33e-05 tok/s=41,294 eta=9882.185004733576
step=4517 tokens=592052224/1000000000 loss=3.2983 lr=4.33e-05 tok/s=41,217 eta=9897.66606285403
step=4518 tokens=592183296/1000000000 loss=3.0806 lr=4.33e-05 tok/s=41,271 eta=9881.490881883632
step=4519 tokens=592314368/1000000000 loss=3.2051 lr=4.33e-05 tok/s=41,150 eta=9907.223902001831
step=4520 tokens=592445440/1000000000 loss=3.3106 lr=4.32e-05 tok/s=41,253 eta=9879.389301807592
step=4521 tokens=592576512/1000000000 loss=3.1838 lr=4.32e-05 tok/s=41,235 eta=9880.442652044452
step=4522 tokens=592707584/1000000000 loss=3.1982 lr=4.32e-05 tok/s=41,239 eta=9876.373950281231
step=4523 tokens=592838656/1000000000 loss=3.2223 lr=4.32e-05 tok/s=41,256 eta=9869.186603604992
step=4524 tokens=592969728/1000000000 loss=3.2494 lr=4.32e-05 tok/s=41,407 eta=9829.941906505575
step=4525 tokens=593100800/1000000000 loss=3.2007 lr=4.32e-05 tok/s=41,220 eta=9871.444118046238
step=4526 tokens=593231872/1000000000 loss=3.1846 lr=4.31e-05 tok/s=41,262 eta=9858.095507770195
step=4527 tokens=593362944/1000000000 loss=3.2709 lr=4.31e-05 tok/s=41,094 eta=9895.216221566492
step=4528 tokens=593494016/1000000000 loss=3.4455 lr=4.31e-05 tok/s=40,999 eta=9915.117756383228
step=4529 tokens=593625088/1000000000 loss=3.0981 lr=4.31e-05 tok/s=41,236 eta=9854.89847133711
step=4530 tokens=593756160/1000000000 loss=3.2700 lr=4.31e-05 tok/s=41,197 eta=9860.990475397726
step=4531 tokens=593887232/1000000000 loss=3.2503 lr=4.3e-05 tok/s=41,185 eta=9860.625215234912
step=4532 tokens=594018304/1000000000 loss=3.2555 lr=4.3e-05 tok/s=41,321 eta=9825.013718075135
step=4533 tokens=594149376/1000000000 loss=3.2146 lr=4.3e-05 tok/s=41,155 eta=9861.597562487686
step=4534 tokens=594280448/1000000000 loss=3.1180 lr=4.3e-05 tok/s=41,132 eta=9863.868853735372
step=4535 tokens=594411520/1000000000 loss=3.2378 lr=4.3e-05 tok/s=41,181 eta=9848.822136240135
step=4536 tokens=594542592/1000000000 loss=3.1487 lr=4.3e-05 tok/s=41,280 eta=9822.057547573604
step=4537 tokens=594673664/1000000000 loss=3.1910 lr=4.29e-05 tok/s=41,168 eta=9845.706799085108
step=4538 tokens=594804736/1000000000 loss=3.2956 lr=4.29e-05 tok/s=41,249 eta=9823.192401647198
step=4539 tokens=594935808/1000000000 loss=3.2420 lr=4.29e-05 tok/s=41,474 eta=9766.705837140404
step=4540 tokens=595066880/1000000000 loss=3.3778 lr=4.29e-05 tok/s=41,227 eta=9822.126293854153
step=4541 tokens=595197952/1000000000 loss=3.3485 lr=4.29e-05 tok/s=41,319 eta=9796.943160265284
step=4542 tokens=595329024/1000000000 loss=3.2410 lr=4.28e-05 tok/s=41,386 eta=9778.061724256173
step=4543 tokens=595460096/1000000000 loss=3.3215 lr=4.28e-05 tok/s=41,126 eta=9836.67276030916
step=4544 tokens=595591168/1000000000 loss=3.3290 lr=4.28e-05 tok/s=41,090 eta=9841.911809307017
step=4545 tokens=595722240/1000000000 loss=3.3714 lr=4.28e-05 tok/s=41,058 eta=9846.50973943965
step=4546 tokens=595853312/1000000000 loss=3.2290 lr=4.28e-05 tok/s=41,127 eta=9826.790593685924
step=4547 tokens=595984384/1000000000 loss=3.2276 lr=4.28e-05 tok/s=41,037 eta=9845.160768974025
step=4548 tokens=596115456/1000000000 loss=3.2809 lr=4.27e-05 tok/s=41,135 eta=9818.472808185055
step=4549 tokens=596246528/1000000000 loss=3.1858 lr=4.27e-05 tok/s=41,056 eta=9834.22469447028
step=4550 tokens=596377600/1000000000 loss=3.2664 lr=4.27e-05 tok/s=41,344 eta=9762.510308328881
step=4551 tokens=596508672/1000000000 loss=3.2900 lr=4.27e-05 tok/s=41,157 eta=9803.787589276479
step=4552 tokens=596639744/1000000000 loss=3.2756 lr=4.27e-05 tok/s=41,134 eta=9805.896335320911
step=4553 tokens=596770816/1000000000 loss=3.1004 lr=4.26e-05 tok/s=41,050 eta=9822.929288754356
step=4554 tokens=596901888/1000000000 loss=3.3092 lr=4.26e-05 tok/s=41,174 eta=9790.015195802147
step=4555 tokens=597032960/1000000000 loss=3.2113 lr=4.26e-05 tok/s=41,203 eta=9780.119945804801
step=4556 tokens=597164032/1000000000 loss=3.3343 lr=4.26e-05 tok/s=41,134 eta=9793.224064825054
step=4557 tokens=597295104/1000000000 loss=3.3043 lr=4.26e-05 tok/s=41,074 eta=9804.482245316005
step=4558 tokens=597426176/1000000000 loss=3.0848 lr=4.26e-05 tok/s=40,999 eta=9819.047539310086
step=4559 tokens=597557248/1000000000 loss=3.3046 lr=4.25e-05 tok/s=40,983 eta=9819.858313946708
step=4560 tokens=597688320/1000000000 loss=3.3036 lr=4.25e-05 tok/s=40,908 eta=9834.529380001188
step=4561 tokens=597819392/1000000000 loss=3.2972 lr=4.25e-05 tok/s=40,741 eta=9871.574937507225
step=4562 tokens=597950464/1000000000 loss=3.1584 lr=4.25e-05 tok/s=40,921 eta=9825.060564320014
step=4563 tokens=598081536/1000000000 loss=3.1568 lr=4.25e-05 tok/s=40,931 eta=9819.383159324772
step=4564 tokens=598212608/1000000000 loss=3.3054 lr=4.24e-05 tok/s=40,972 eta=9806.498350914091
step=4565 tokens=598343680/1000000000 loss=3.2629 lr=4.24e-05 tok/s=41,236 eta=9740.34582079382
step=4566 tokens=598474752/1000000000 loss=3.3599 lr=4.24e-05 tok/s=40,747 eta=9854.199466008575
step=4567 tokens=598605824/1000000000 loss=3.2314 lr=4.24e-05 tok/s=40,789 eta=9840.665228046106
step=4568 tokens=598736896/1000000000 loss=3.2333 lr=4.24e-05 tok/s=41,162 eta=9748.389485915011
step=4569 tokens=598867968/1000000000 loss=3.1899 lr=4.24e-05 tok/s=41,085 eta=9763.509714700343
step=4570 tokens=598999040/1000000000 loss=3.2825 lr=4.23e-05 tok/s=41,263 eta=9718.243904827707
step=4571 tokens=599130112/1000000000 loss=3.3343 lr=4.23e-05 tok/s=41,234 eta=9721.828523381577
step=4572 tokens=599261184/1000000000 loss=3.2882 lr=4.23e-05 tok/s=41,192 eta=9728.598347585523
step=4573 tokens=599392256/1000000000 loss=3.2284 lr=4.23e-05 tok/s=41,028 eta=9764.205402972042
step=4574 tokens=599523328/1000000000 loss=3.2360 lr=4.23e-05 tok/s=41,039 eta=9758.483770206416
step=4575 tokens=599654400/1000000000 loss=3.2754 lr=4.22e-05 tok/s=41,146 eta=9729.905967470419
step=4576 tokens=599785472/1000000000 loss=3.2555 lr=4.22e-05 tok/s=41,169 eta=9721.211672838752
step=4577 tokens=599916544/1000000000 loss=3.3318 lr=4.22e-05 tok/s=41,137 eta=9725.54689719207
step=4578 tokens=600047616/1000000000 loss=3.1579 lr=4.22e-05 tok/s=29,887 eta=13382.023678252976
checkpoint saved: runs/20260906-225321/checkpoints/tokens_000600m (permanent_tokens)
step=4579 tokens=600178688/1000000000 loss=3.1918 lr=4.22e-05 tok/s=35,963 eta=11117.689507593372
step=4580 tokens=600309760/1000000000 loss=3.1611 lr=4.22e-05 tok/s=41,043 eta=9738.3454412635
step=4581 tokens=600440832/1000000000 loss=3.2456 lr=4.21e-05 tok/s=41,038 eta=9736.26739090207
step=4582 tokens=600571904/1000000000 loss=3.2752 lr=4.21e-05 tok/s=41,000 eta=9742.19356861406
step=4583 tokens=600702976/1000000000 loss=3.1469 lr=4.21e-05 tok/s=41,043 eta=9728.681075310918
step=4584 tokens=600834048/1000000000 loss=3.3600 lr=4.21e-05 tok/s=40,885 eta=9763.147298092174
step=4585 tokens=600965120/1000000000 loss=3.1577 lr=4.21e-05 tok/s=41,038 eta=9723.652029482862
step=4586 tokens=601096192/1000000000 loss=3.2846 lr=4.2e-05 tok/s=40,684 eta=9804.915525323564
step=4587 tokens=601227264/1000000000 loss=3.2743 lr=4.2e-05 tok/s=41,071 eta=9709.271346027313
step=4588 tokens=601358336/1000000000 loss=3.3469 lr=4.2e-05 tok/s=40,996 eta=9724.022462824447
step=4589 tokens=601489408/1000000000 loss=3.0461 lr=4.2e-05 tok/s=40,937 eta=9734.696314430648
step=4590 tokens=601620480/1000000000 loss=3.0559 lr=4.2e-05 tok/s=41,063 eta=9701.704360611662
step=4591 tokens=601751552/1000000000 loss=3.3167 lr=4.2e-05 tok/s=41,017 eta=9709.24653656939
step=4592 tokens=601882624/1000000000 loss=3.1595 lr=4.19e-05 tok/s=41,092 eta=9688.549216384721
step=4593 tokens=602013696/1000000000 loss=3.1777 lr=4.19e-05 tok/s=40,944 eta=9720.303505710111
step=4594 tokens=602144768/1000000000 loss=3.3686 lr=4.19e-05 tok/s=41,062 eta=9689.072842947944
step=4595 tokens=602275840/1000000000 loss=3.4626 lr=4.19e-05 tok/s=41,236 eta=9645.091467482514
step=4596 tokens=602406912/1000000000 loss=3.3251 lr=4.19e-05 tok/s=41,240 eta=9640.967130200059
step=4597 tokens=602537984/1000000000 loss=3.3402 lr=4.18e-05 tok/s=41,322 eta=9618.730105317669
step=4598 tokens=602669056/1000000000 loss=3.2184 lr=4.18e-05 tok/s=41,270 eta=9627.701246632383
step=4599 tokens=602800128/1000000000 loss=3.3138 lr=4.18e-05 tok/s=41,205 eta=9639.597595266847
step=4600 tokens=602931200/1000000000 loss=3.1420 lr=4.18e-05 tok/s=41,157 eta=9647.567486031576
step=4601 tokens=603062272/1000000000 loss=3.2252 lr=4.18e-05 tok/s=41,230 eta=9627.413509824093
step=4602 tokens=603193344/1000000000 loss=3.2445 lr=4.18e-05 tok/s=40,980 eta=9682.96346607902
step=4603 tokens=603324416/1000000000 loss=3.2364 lr=4.17e-05 tok/s=41,048 eta=9663.625592037666
step=4604 tokens=603455488/1000000000 loss=3.0770 lr=4.17e-05 tok/s=41,220 eta=9620.170856442912
step=4605 tokens=603586560/1000000000 loss=3.1319 lr=4.17e-05 tok/s=41,001 eta=9668.385102869892
step=4606 tokens=603717632/1000000000 loss=3.2978 lr=4.17e-05 tok/s=41,067 eta=9649.550130014217
step=4607 tokens=603848704/1000000000 loss=3.3403 lr=4.17e-05 tok/s=41,079 eta=9643.629636590198
step=4608 tokens=603979776/1000000000 loss=3.1585 lr=4.16e-05 tok/s=41,058 eta=9645.367186852087
step=4609 tokens=604110848/1000000000 loss=3.2765 lr=4.16e-05 tok/s=41,085 eta=9635.782772758546
step=4610 tokens=604241920/1000000000 loss=3.3132 lr=4.16e-05 tok/s=41,097 eta=9629.863794503834
step=4611 tokens=604372992/1000000000 loss=3.1798 lr=4.16e-05 tok/s=40,721 eta=9715.572866162067
step=4612 tokens=604504064/1000000000 loss=3.2784 lr=4.16e-05 tok/s=41,138 eta=9613.88090344989
step=4613 tokens=604635136/1000000000 loss=3.2871 lr=4.16e-05 tok/s=40,969 eta=9650.27857908892
step=4614 tokens=604766208/1000000000 loss=3.3303 lr=4.15e-05 tok/s=41,058 eta=9626.31421081361
step=4615 tokens=604897280/1000000000 loss=3.1427 lr=4.15e-05 tok/s=41,058 eta=9623.083366575574
step=4616 tokens=605028352/1000000000 loss=3.2180 lr=4.15e-05 tok/s=41,152 eta=9597.937072578976
step=4617 tokens=605159424/1000000000 loss=3.2595 lr=4.15e-05 tok/s=40,893 eta=9655.42425491627
step=4618 tokens=605290496/1000000000 loss=3.2208 lr=4.15e-05 tok/s=41,236 eta=9572.057958700065
step=4619 tokens=605421568/1000000000 loss=3.3115 lr=4.14e-05 tok/s=41,303 eta=9553.271314004702
step=4620 tokens=605552640/1000000000 loss=3.2162 lr=4.14e-05 tok/s=41,249 eta=9562.488571153914
step=4621 tokens=605683712/1000000000 loss=3.1660 lr=4.14e-05 tok/s=41,199 eta=9571.044735879035
step=4622 tokens=605814784/1000000000 loss=3.0900 lr=4.14e-05 tok/s=41,200 eta=9567.568754570726
step=4623 tokens=605945856/1000000000 loss=3.0858 lr=4.14e-05 tok/s=41,118 eta=9583.476364412214
step=4624 tokens=606076928/1000000000 loss=3.3559 lr=4.14e-05 tok/s=41,243 eta=9551.169937135835
step=4625 tokens=606208000/1000000000 loss=3.2859 lr=4.13e-05 tok/s=41,273 eta=9541.245479513804
step=4626 tokens=606339072/1000000000 loss=3.1383 lr=4.13e-05 tok/s=41,280 eta=9536.283105014301
step=4627 tokens=606470144/1000000000 loss=3.2341 lr=4.13e-05 tok/s=41,204 eta=9550.69678051245
step=4628 tokens=606601216/1000000000 loss=3.2762 lr=4.13e-05 tok/s=41,196 eta=9549.354033078214
step=4629 tokens=606732288/1000000000 loss=3.1623 lr=4.13e-05 tok/s=41,231 eta=9538.215569723607
step=4630 tokens=606863360/1000000000 loss=3.3648 lr=4.13e-05 tok/s=41,125 eta=9559.490961180663
step=4631 tokens=606994432/1000000000 loss=3.1493 lr=4.12e-05 tok/s=41,173 eta=9545.123353535144
step=4632 tokens=607125504/1000000000 loss=3.3294 lr=4.12e-05 tok/s=41,093 eta=9560.597916648961
step=4633 tokens=607256576/1000000000 loss=3.2180 lr=4.12e-05 tok/s=41,171 eta=9539.325285354616
step=4634 tokens=607387648/1000000000 loss=3.3278 lr=4.12e-05 tok/s=41,160 eta=9538.60683981196
step=4635 tokens=607518720/1000000000 loss=3.3488 lr=4.12e-05 tok/s=41,211 eta=9523.663919416485
step=4636 tokens=607649792/1000000000 loss=3.1674 lr=4.11e-05 tok/s=41,174 eta=9529.129545837395
step=4637 tokens=607780864/1000000000 loss=3.1265 lr=4.11e-05 tok/s=41,243 eta=9509.912087185397
step=4638 tokens=607911936/1000000000 loss=3.3598 lr=4.11e-05 tok/s=41,039 eta=9554.054382409311
step=4639 tokens=608043008/1000000000 loss=3.1842 lr=4.11e-05 tok/s=41,222 eta=9508.414912015312
step=4640 tokens=608174080/1000000000 loss=3.2996 lr=4.11e-05 tok/s=41,004 eta=9555.804138496795
step=4641 tokens=608305152/1000000000 loss=3.2756 lr=4.11e-05 tok/s=41,085 eta=9533.746503400567
step=4642 tokens=608436224/1000000000 loss=3.1158 lr=4.1e-05 tok/s=41,100 eta=9527.143987542426
step=4643 tokens=608567296/1000000000 loss=3.3096 lr=4.1e-05 tok/s=41,030 eta=9540.168946460917
step=4644 tokens=608698368/1000000000 loss=3.2863 lr=4.1e-05 tok/s=41,134 eta=9512.939853852135
step=4645 tokens=608829440/1000000000 loss=3.3048 lr=4.1e-05 tok/s=41,109 eta=9515.387861490675
step=4646 tokens=608960512/1000000000 loss=3.3534 lr=4.1e-05 tok/s=41,054 eta=9525.118300426959
step=4647 tokens=609091584/1000000000 loss=3.3732 lr=4.09e-05 tok/s=40,909 eta=9555.66268328816
step=4648 tokens=609222656/1000000000 loss=3.1706 lr=4.09e-05 tok/s=40,829 eta=9570.960922805036
step=4649 tokens=609353728/1000000000 loss=3.2340 lr=4.09e-05 tok/s=41,061 eta=9513.87954648194
step=4650 tokens=609484800/1000000000 loss=3.3358 lr=4.09e-05 tok/s=40,967 eta=9532.333545437143
step=4651 tokens=609615872/1000000000 loss=3.3443 lr=4.09e-05 tok/s=40,950 eta=9533.297641376754
step=4652 tokens=609746944/1000000000 loss=3.3516 lr=4.09e-05 tok/s=40,874 eta=9547.782317926474
step=4653 tokens=609878016/1000000000 loss=3.3954 lr=4.08e-05 tok/s=40,907 eta=9536.730486884324
step=4654 tokens=610009088/1000000000 loss=3.1018 lr=4.08e-05 tok/s=29,818 eta=13079.172465029107
step=4655 tokens=610140160/1000000000 loss=3.2391 lr=4.08e-05 tok/s=40,986 eta=9512.131021953379
step=4656 tokens=610271232/1000000000 loss=3.3288 lr=4.08e-05 tok/s=40,878 eta=9533.865720122432
step=4657 tokens=610402304/1000000000 loss=3.4320 lr=4.08e-05 tok/s=41,137 eta=9470.68879641207
step=4658 tokens=610533376/1000000000 loss=3.2684 lr=4.07e-05 tok/s=41,155 eta=9463.384311476722
step=4659 tokens=610664448/1000000000 loss=3.2901 lr=4.07e-05 tok/s=41,250 eta=9438.32798604695
step=4660 tokens=610795520/1000000000 loss=3.2280 lr=4.07e-05 tok/s=41,307 eta=9422.170949054565
step=4661 tokens=610926592/1000000000 loss=3.2503 lr=4.07e-05 tok/s=41,245 eta=9433.27750890687
step=4662 tokens=611057664/1000000000 loss=2.9944 lr=4.07e-05 tok/s=41,369 eta=9401.683673071573
step=4663 tokens=611188736/1000000000 loss=3.2903 lr=4.07e-05 tok/s=41,142 eta=9450.518885673058
step=4664 tokens=611319808/1000000000 loss=3.1628 lr=4.06e-05 tok/s=41,211 eta=9431.442478305282
step=4665 tokens=611450880/1000000000 loss=3.2845 lr=4.06e-05 tok/s=41,314 eta=9404.843141145202
step=4666 tokens=611581952/1000000000 loss=3.2980 lr=4.06e-05 tok/s=41,108 eta=9448.610039136634
step=4667 tokens=611713024/1000000000 loss=3.4537 lr=4.06e-05 tok/s=41,149 eta=9436.173342591483
step=4668 tokens=611844096/1000000000 loss=3.3137 lr=4.06e-05 tok/s=41,150 eta=9432.817920442467
step=4669 tokens=611975168/1000000000 loss=3.2262 lr=4.06e-05 tok/s=41,261 eta=9404.163851346495
step=4670 tokens=612106240/1000000000 loss=3.1932 lr=4.05e-05 tok/s=41,210 eta=9412.638657059519
step=4671 tokens=612237312/1000000000 loss=3.2234 lr=4.05e-05 tok/s=41,086 eta=9437.907899891648
step=4672 tokens=612368384/1000000000 loss=3.4150 lr=4.05e-05 tok/s=41,309 eta=9383.641410453482
step=4673 tokens=612499456/1000000000 loss=3.2922 lr=4.05e-05 tok/s=41,485 eta=9340.795007853709
step=4674 tokens=612630528/1000000000 loss=3.2633 lr=4.05e-05 tok/s=41,464 eta=9342.381402674439
step=4675 tokens=612761600/1000000000 loss=3.2942 lr=4.04e-05 tok/s=41,341 eta=9366.889538203624
step=4676 tokens=612892672/1000000000 loss=3.0893 lr=4.04e-05 tok/s=41,420 eta=9346.01441879399
step=4677 tokens=613023744/1000000000 loss=3.1782 lr=4.04e-05 tok/s=41,218 eta=9388.441787957603
step=4678 tokens=613154816/1000000000 loss=3.2794 lr=4.04e-05 tok/s=41,186 eta=9392.67835276601
step=4679 tokens=613285888/1000000000 loss=3.0416 lr=4.04e-05 tok/s=41,258 eta=9373.136922570762
step=4680 tokens=613416960/1000000000 loss=3.2318 lr=4.04e-05 tok/s=41,213 eta=9380.0549172768
step=4681 tokens=613548032/1000000000 loss=3.1797 lr=4.03e-05 tok/s=41,033 eta=9418.027220298178
step=4682 tokens=613679104/1000000000 loss=3.1331 lr=4.03e-05 tok/s=41,200 eta=9376.828889236484
step=4683 tokens=613810176/1000000000 loss=3.4051 lr=4.03e-05 tok/s=41,284 eta=9354.516073281064
step=4684 tokens=613941248/1000000000 loss=3.1790 lr=4.03e-05 tok/s=41,100 eta=9393.238023479595
step=4685 tokens=614072320/1000000000 loss=3.3975 lr=4.03e-05 tok/s=41,203 eta=9366.488484220949
step=4686 tokens=614203392/1000000000 loss=3.2695 lr=4.02e-05 tok/s=41,217 eta=9360.182247815736
step=4687 tokens=614334464/1000000000 loss=3.3400 lr=4.02e-05 tok/s=41,001 eta=9406.232190256187
step=4688 tokens=614465536/1000000000 loss=3.2320 lr=4.02e-05 tok/s=41,016 eta=9399.632978317155
step=4689 tokens=614596608/1000000000 loss=3.2376 lr=4.02e-05 tok/s=41,057 eta=9387.076761608267
step=4690 tokens=614727680/1000000000 loss=3.3419 lr=4.02e-05 tok/s=41,049 eta=9385.582868247906
step=4691 tokens=614858752/1000000000 loss=3.3367 lr=4.02e-05 tok/s=41,067 eta=9378.455577946019
step=4692 tokens=614989824/1000000000 loss=3.3364 lr=4.01e-05 tok/s=41,101 eta=9367.399054366722
step=4693 tokens=615120896/1000000000 loss=3.2438 lr=4.01e-05 tok/s=41,038 eta=9378.534780746833
step=4694 tokens=615251968/1000000000 loss=3.1014 lr=4.01e-05 tok/s=41,365 eta=9301.379402646351
step=4695 tokens=615383040/1000000000 loss=3.2725 lr=4.01e-05 tok/s=41,084 eta=9361.67009376726
step=4696 tokens=615514112/1000000000 loss=3.3621 lr=4.01e-05 tok/s=41,212 eta=9329.406136559584
step=4697 tokens=615645184/1000000000 loss=3.2215 lr=4e-05 tok/s=41,113 eta=9348.69222016806
step=4698 tokens=615776256/1000000000 loss=3.4056 lr=4e-05 tok/s=41,156 eta=9335.705660549518
step=4699 tokens=615907328/1000000000 loss=3.3773 lr=4e-05 tok/s=41,170 eta=9329.39379905051
step=4700 tokens=616038400/1000000000 loss=3.2600 lr=4e-05 tok/s=41,012 eta=9362.152463611232
step=4701 tokens=616169472/1000000000 loss=3.2848 lr=4e-05 tok/s=41,065 eta=9346.800652300957
step=4702 tokens=616300544/1000000000 loss=3.1057 lr=4e-05 tok/s=41,188 eta=9315.71310297485
step=4703 tokens=616431616/1000000000 loss=3.1377 lr=3.99e-05 tok/s=41,051 eta=9343.811036256988
step=4704 tokens=616562688/1000000000 loss=3.2401 lr=3.99e-05 tok/s=40,663 eta=9429.702766196035
step=4705 tokens=616693760/1000000000 loss=3.3424 lr=3.99e-05 tok/s=41,009 eta=9346.85737526907
step=4706 tokens=616824832/1000000000 loss=3.2924 lr=3.99e-05 tok/s=41,264 eta=9286.019672191054
step=4707 tokens=616955904/1000000000 loss=3.3732 lr=3.99e-05 tok/s=41,175 eta=9302.853575467016
step=4708 tokens=617086976/1000000000 loss=3.1955 lr=3.99e-05 tok/s=41,223 eta=9288.793262040956
step=4709 tokens=617218048/1000000000 loss=3.2137 lr=3.98e-05 tok/s=41,150 eta=9302.101799407523
step=4710 tokens=617349120/1000000000 loss=3.2788 lr=3.98e-05 tok/s=41,251 eta=9276.064311296916
step=4711 tokens=617480192/1000000000 loss=3.4450 lr=3.98e-05 tok/s=40,831 eta=9368.316919159153
step=4712 tokens=617611264/1000000000 loss=3.1554 lr=3.98e-05 tok/s=40,847 eta=9361.464121082014
step=4713 tokens=617742336/1000000000 loss=3.1553 lr=3.98e-05 tok/s=40,817 eta=9365.140248659945
step=4714 tokens=617873408/1000000000 loss=3.3300 lr=3.97e-05 tok/s=40,894 eta=9344.324547647328
step=4715 tokens=618004480/1000000000 loss=3.2661 lr=3.97e-05 tok/s=40,985 eta=9320.38626497277
step=4716 tokens=618135552/1000000000 loss=3.1608 lr=3.97e-05 tok/s=41,095 eta=9292.296160901951
step=4717 tokens=618266624/1000000000 loss=3.2082 lr=3.97e-05 tok/s=41,154 eta=9275.629334309177
step=4718 tokens=618397696/1000000000 loss=3.3813 lr=3.97e-05 tok/s=41,047 eta=9296.66001255899
step=4719 tokens=618528768/1000000000 loss=3.1169 lr=3.97e-05 tok/s=41,121 eta=9276.802093050832
step=4720 tokens=618659840/1000000000 loss=3.2428 lr=3.96e-05 tok/s=41,088 eta=9281.123791210852
step=4721 tokens=618790912/1000000000 loss=3.1230 lr=3.96e-05 tok/s=40,970 eta=9304.502177865294
step=4722 tokens=618921984/1000000000 loss=3.3911 lr=3.96e-05 tok/s=41,023 eta=9289.409207630088
step=4723 tokens=619053056/1000000000 loss=3.1455 lr=3.96e-05 tok/s=41,048 eta=9280.528039809265
step=4724 tokens=619184128/1000000000 loss=3.3079 lr=3.96e-05 tok/s=41,249 eta=9232.210876298996
step=4725 tokens=619315200/1000000000 loss=3.1536 lr=3.96e-05 tok/s=41,382 eta=9199.274192073413
step=4726 tokens=619446272/1000000000 loss=3.3915 lr=3.95e-05 tok/s=41,037 eta=9273.522510438333
step=4727 tokens=619577344/1000000000 loss=3.3831 lr=3.95e-05 tok/s=41,158 eta=9242.872059739168
step=4728 tokens=619708416/1000000000 loss=3.1010 lr=3.95e-05 tok/s=41,091 eta=9254.957183153985
step=4729 tokens=619839488/1000000000 loss=3.2201 lr=3.95e-05 tok/s=41,077 eta=9254.86911569426
step=4730 tokens=619970560/1000000000 loss=3.2613 lr=3.95e-05 tok/s=41,042 eta=9259.485986511274
step=4731 tokens=620101632/1000000000 loss=3.2550 lr=3.94e-05 tok/s=29,779 eta=12757.233300078646
step=4732 tokens=620232704/1000000000 loss=3.3193 lr=3.94e-05 tok/s=41,197 eta=9218.275540076253
step=4733 tokens=620363776/1000000000 loss=3.3358 lr=3.94e-05 tok/s=41,337 eta=9183.921606709679
step=4734 tokens=620494848/1000000000 loss=3.2514 lr=3.94e-05 tok/s=41,282 eta=9192.956333534623
step=4735 tokens=620625920/1000000000 loss=3.2192 lr=3.94e-05 tok/s=41,074 eta=9236.412349619133
step=4736 tokens=620756992/1000000000 loss=3.3170 lr=3.94e-05 tok/s=41,218 eta=9200.927413207677
step=4737 tokens=620888064/1000000000 loss=3.0804 lr=3.93e-05 tok/s=41,108 eta=9222.353840769114
step=4738 tokens=621019136/1000000000 loss=3.1450 lr=3.93e-05 tok/s=41,040 eta=9234.382092420337
step=4739 tokens=621150208/1000000000 loss=3.1673 lr=3.93e-05 tok/s=41,122 eta=9212.923899212527
step=4740 tokens=621281280/1000000000 loss=3.1310 lr=3.93e-05 tok/s=41,166 eta=9199.826437618955
step=4741 tokens=621412352/1000000000 loss=3.0717 lr=3.93e-05 tok/s=40,946 eta=9245.974511101002
step=4742 tokens=621543424/1000000000 loss=3.2841 lr=3.92e-05 tok/s=41,130 eta=9201.55210295581
step=4743 tokens=621674496/1000000000 loss=3.2084 lr=3.92e-05 tok/s=41,234 eta=9175.162338279888
step=4744 tokens=621805568/1000000000 loss=3.1510 lr=3.92e-05 tok/s=41,062 eta=9210.312729714538
step=4745 tokens=621936640/1000000000 loss=3.3694 lr=3.92e-05 tok/s=41,038 eta=9212.455385685553
step=4746 tokens=622067712/1000000000 loss=3.1569 lr=3.92e-05 tok/s=41,146 eta=9185.167317557596
step=4747 tokens=622198784/1000000000 loss=3.3161 lr=3.92e-05 tok/s=41,197 eta=9170.598123934225
step=4748 tokens=622329856/1000000000 loss=3.2291 lr=3.91e-05 tok/s=40,802 eta=9256.152466943957
step=4749 tokens=622460928/1000000000 loss=3.2332 lr=3.91e-05 tok/s=41,034 eta=9200.586905250017
step=4750 tokens=622592000/1000000000 loss=3.1244 lr=3.91e-05 tok/s=40,990 eta=9207.263037214276
step=4751 tokens=622723072/1000000000 loss=3.2474 lr=3.91e-05 tok/s=41,040 eta=9192.891658241188
step=4752 tokens=622854144/1000000000 loss=3.0813 lr=3.91e-05 tok/s=41,010 eta=9196.324828989393
step=4753 tokens=622985216/1000000000 loss=3.0961 lr=3.91e-05 tok/s=40,999 eta=9195.793524374734
step=4754 tokens=623116288/1000000000 loss=3.1700 lr=3.9e-05 tok/s=40,796 eta=9238.334228411795
step=4755 tokens=623247360/1000000000 loss=3.2072 lr=3.9e-05 tok/s=40,782 eta=9238.2345090936
step=4756 tokens=623378432/1000000000 loss=3.2203 lr=3.9e-05 tok/s=40,916 eta=9204.770016067514
step=4757 tokens=623509504/1000000000 loss=3.3486 lr=3.9e-05 tok/s=41,077 eta=9165.513507048629
step=4758 tokens=623640576/1000000000 loss=3.2008 lr=3.9e-05 tok/s=41,040 eta=9170.526078517501
step=4759 tokens=623771648/1000000000 loss=3.1232 lr=3.89e-05 tok/s=40,948 eta=9187.909950980576
step=4760 tokens=623902720/1000000000 loss=3.2655 lr=3.89e-05 tok/s=41,136 eta=9142.78336969592
step=4761 tokens=624033792/1000000000 loss=3.2345 lr=3.89e-05 tok/s=41,108 eta=9145.810216435864
step=4762 tokens=624164864/1000000000 loss=3.3549 lr=3.89e-05 tok/s=40,984 eta=9170.297234962569
step=4763 tokens=624295936/1000000000 loss=3.0769 lr=3.89e-05 tok/s=40,963 eta=9171.67939808776
step=4764 tokens=624427008/1000000000 loss=3.2478 lr=3.89e-05 tok/s=41,033 eta=9153.000297213504
step=4765 tokens=624558080/1000000000 loss=3.2690 lr=3.88e-05 tok/s=41,048 eta=9146.37374331661
step=4766 tokens=624689152/1000000000 loss=3.4010 lr=3.88e-05 tok/s=40,656 eta=9231.4703835882
step=4767 tokens=624820224/1000000000 loss=3.3004 lr=3.88e-05 tok/s=41,005 eta=9149.67920928978
step=4768 tokens=624951296/1000000000 loss=3.2781 lr=3.88e-05 tok/s=40,904 eta=9168.890105873379
step=4769 tokens=625082368/1000000000 loss=3.2559 lr=3.88e-05 tok/s=40,833 eta=9181.724309404495
step=4770 tokens=625213440/1000000000 loss=3.2962 lr=3.88e-05 tok/s=40,792 eta=9187.73942645046
step=4771 tokens=625344512/1000000000 loss=3.2188 lr=3.87e-05 tok/s=40,951 eta=9148.954470350549
step=4772 tokens=625475584/1000000000 loss=3.2358 lr=3.87e-05 tok/s=40,987 eta=9137.650841945462
step=4773 tokens=625606656/1000000000 loss=3.2818 lr=3.87e-05 tok/s=40,938 eta=9145.422229215543
step=4774 tokens=625737728/1000000000 loss=3.1492 lr=3.87e-05 tok/s=40,978 eta=9133.263836829114
step=4775 tokens=625868800/1000000000 loss=3.2365 lr=3.87e-05 tok/s=41,090 eta=9105.112011882171
step=4776 tokens=625999872/1000000000 loss=3.2016 lr=3.86e-05 tok/s=40,731 eta=9182.189640492517
step=4777 tokens=626130944/1000000000 loss=3.2395 lr=3.86e-05 tok/s=40,883 eta=9144.806258214914
step=4778 tokens=626262016/1000000000 loss=3.1923 lr=3.86e-05 tok/s=41,020 eta=9111.016498192665
step=4779 tokens=626393088/1000000000 loss=3.2365 lr=3.86e-05 tok/s=41,033 eta=9104.998684670314
step=4780 tokens=626524160/1000000000 loss=3.2595 lr=3.86e-05 tok/s=41,139 eta=9078.307149098571
step=4781 tokens=626655232/1000000000 loss=3.2251 lr=3.86e-05 tok/s=40,722 eta=9168.054464844981
step=4782 tokens=626786304/1000000000 loss=3.2472 lr=3.85e-05 tok/s=40,963 eta=9110.998741044146
step=4783 tokens=626917376/1000000000 loss=3.2681 lr=3.85e-05 tok/s=40,954 eta=9109.702668413798
step=4784 tokens=627048448/1000000000 loss=3.2786 lr=3.85e-05 tok/s=40,789 eta=9143.37871086423
step=4785 tokens=627179520/1000000000 loss=3.2254 lr=3.85e-05 tok/s=40,788 eta=9140.463040713747
step=4786 tokens=627310592/1000000000 loss=3.1070 lr=3.85e-05 tok/s=40,867 eta=9119.457778119855
step=4787 tokens=627441664/1000000000 loss=3.1121 lr=3.85e-05 tok/s=40,648 eta=9165.465371089662
step=4788 tokens=627572736/1000000000 loss=3.2631 lr=3.84e-05 tok/s=40,904 eta=9105.003506244453
step=4789 tokens=627703808/1000000000 loss=3.2565 lr=3.84e-05 tok/s=40,984 eta=9083.87568608527
step=4790 tokens=627834880/1000000000 loss=3.2253 lr=3.84e-05 tok/s=41,185 eta=9036.491472899512
step=4791 tokens=627965952/1000000000 loss=3.1585 lr=3.84e-05 tok/s=41,227 eta=9024.092536493064
step=4792 tokens=628097024/1000000000 loss=3.2394 lr=3.84e-05 tok/s=41,210 eta=9024.67601849648
step=4793 tokens=628228096/1000000000 loss=3.2040 lr=3.84e-05 tok/s=41,114 eta=9042.40834732365
step=4794 tokens=628359168/1000000000 loss=3.1802 lr=3.83e-05 tok/s=41,133 eta=9035.185796872234
step=4795 tokens=628490240/1000000000 loss=3.2831 lr=3.83e-05 tok/s=41,218 eta=9013.322819309831
step=4796 tokens=628621312/1000000000 loss=3.2748 lr=3.83e-05 tok/s=41,011 eta=9055.528816971973
step=4797 tokens=628752384/1000000000 loss=3.2823 lr=3.83e-05 tok/s=41,087 eta=9035.553029346263
step=4798 tokens=628883456/1000000000 loss=3.2251 lr=3.83e-05 tok/s=40,940 eta=9064.7992875192
step=4799 tokens=629014528/1000000000 loss=3.2078 lr=3.82e-05 tok/s=41,106 eta=9025.13385388705
step=4800 tokens=629145600/1000000000 loss=3.1463 lr=3.82e-05 tok/s=40,993 eta=9046.85842297094
step=4801 tokens=629276672/1000000000 loss=3.2467 lr=3.82e-05 tok/s=40,932 eta=9057.142836899737
step=4802 tokens=629407744/1000000000 loss=3.1592 lr=3.82e-05 tok/s=40,948 eta=9050.40287018947
step=4803 tokens=629538816/1000000000 loss=3.3116 lr=3.82e-05 tok/s=40,929 eta=9051.252531259863
step=4804 tokens=629669888/1000000000 loss=3.2741 lr=3.82e-05 tok/s=40,844 eta=9066.843410197505
step=4805 tokens=629800960/1000000000 loss=3.1628 lr=3.81e-05 tok/s=41,076 eta=9012.637280634834
step=4806 tokens=629932032/1000000000 loss=3.1809 lr=3.81e-05 tok/s=40,888 eta=9050.735717261527
step=4807 tokens=630063104/1000000000 loss=3.3241 lr=3.81e-05 tok/s=29,626 eta=12486.873224359022
step=4808 tokens=630194176/1000000000 loss=3.3020 lr=3.81e-05 tok/s=40,793 eta=9065.470148012511
step=4809 tokens=630325248/1000000000 loss=3.2163 lr=3.81e-05 tok/s=40,979 eta=9021.019182590513
step=4810 tokens=630456320/1000000000 loss=3.2925 lr=3.81e-05 tok/s=40,881 eta=9039.476281686306
step=4811 tokens=630587392/1000000000 loss=3.4408 lr=3.8e-05 tok/s=40,999 eta=9010.230882048003
step=4812 tokens=630718464/1000000000 loss=3.3096 lr=3.8e-05 tok/s=40,964 eta=9014.872012398682
step=4813 tokens=630849536/1000000000 loss=3.2812 lr=3.8e-05 tok/s=41,085 eta=8985.048813975543
step=4814 tokens=630980608/1000000000 loss=3.2241 lr=3.8e-05 tok/s=40,988 eta=9003.036784302243
step=4815 tokens=631111680/1000000000 loss=3.3643 lr=3.8e-05 tok/s=40,915 eta=9015.8929212042
step=4816 tokens=631242752/1000000000 loss=3.2822 lr=3.79e-05 tok/s=40,974 eta=8999.870094817963
step=4817 tokens=631373824/1000000000 loss=3.1247 lr=3.79e-05 tok/s=41,044 eta=8981.1820924229
step=4818 tokens=631504896/1000000000 loss=3.4408 lr=3.79e-05 tok/s=41,155 eta=8953.923694175695
step=4819 tokens=631635968/1000000000 loss=3.2615 lr=3.79e-05 tok/s=41,126 eta=8957.029555928804
step=4820 tokens=631767040/1000000000 loss=3.3014 lr=3.79e-05 tok/s=41,247 eta=8927.495390283233
step=4821 tokens=631898112/1000000000 loss=3.2861 lr=3.79e-05 tok/s=41,191 eta=8936.409756831577
step=4822 tokens=632029184/1000000000 loss=3.2535 lr=3.78e-05 tok/s=41,296 eta=8910.523435086197
step=4823 tokens=632160256/1000000000 loss=3.2702 lr=3.78e-05 tok/s=41,306 eta=8905.281514236409
step=4824 tokens=632291328/1000000000 loss=3.2769 lr=3.78e-05 tok/s=41,198 eta=8925.376040794463
step=4825 tokens=632422400/1000000000 loss=3.3838 lr=3.78e-05 tok/s=41,095 eta=8944.483734771626
step=4826 tokens=632553472/1000000000 loss=3.3026 lr=3.78e-05 tok/s=40,702 eta=9027.804724557525
step=4827 tokens=632684544/1000000000 loss=3.0779 lr=3.78e-05 tok/s=40,874 eta=8986.495151697862
step=4828 tokens=632815616/1000000000 loss=3.2578 lr=3.77e-05 tok/s=41,158 eta=8921.248977955707
step=4829 tokens=632946688/1000000000 loss=3.3320 lr=3.77e-05 tok/s=40,913 eta=8971.634870094382
step=4830 tokens=633077760/1000000000 loss=3.1719 lr=3.77e-05 tok/s=40,933 eta=8963.863940100759
step=4831 tokens=633208832/1000000000 loss=3.3260 lr=3.77e-05 tok/s=41,148 eta=8913.929095928976
step=4832 tokens=633339904/1000000000 loss=3.3431 lr=3.77e-05 tok/s=41,224 eta=8894.372145292178
step=4833 tokens=633470976/1000000000 loss=3.2618 lr=3.76e-05 tok/s=41,320 eta=8870.491559678521
step=4834 tokens=633602048/1000000000 loss=3.2911 lr=3.76e-05 tok/s=41,328 eta=8865.610690407686
step=4835 tokens=633733120/1000000000 loss=3.3079 lr=3.76e-05 tok/s=41,267 eta=8875.584798573014
step=4836 tokens=633864192/1000000000 loss=3.3800 lr=3.76e-05 tok/s=41,338 eta=8857.08547284279
step=4837 tokens=633995264/1000000000 loss=3.0920 lr=3.76e-05 tok/s=41,116 eta=8901.766837473768
step=4838 tokens=634126336/1000000000 loss=3.3287 lr=3.76e-05 tok/s=41,128 eta=8896.002278863147
step=4839 tokens=634257408/1000000000 loss=3.2719 lr=3.75e-05 tok/s=41,184 eta=8880.752738390696
step=4840 tokens=634388480/1000000000 loss=3.4003 lr=3.75e-05 tok/s=41,155 eta=8883.703359881556
step=4841 tokens=634519552/1000000000 loss=3.1831 lr=3.75e-05 tok/s=41,320 eta=8845.154369662028
step=4842 tokens=634650624/1000000000 loss=3.1839 lr=3.75e-05 tok/s=41,049 eta=8900.263633322598
step=4843 tokens=634781696/1000000000 loss=3.2878 lr=3.75e-05 tok/s=41,207 eta=8863.033861344136
step=4844 tokens=634912768/1000000000 loss=3.2676 lr=3.75e-05 tok/s=41,094 eta=8884.137297840547
step=4845 tokens=635043840/1000000000 loss=3.3317 lr=3.74e-05 tok/s=41,323 eta=8831.87325441153
step=4846 tokens=635174912/1000000000 loss=3.3555 lr=3.74e-05 tok/s=41,194 eta=8856.244524862857
step=4847 tokens=635305984/1000000000 loss=3.2390 lr=3.74e-05 tok/s=41,207 eta=8850.219598664004
step=4848 tokens=635437056/1000000000 loss=3.2220 lr=3.74e-05 tok/s=41,123 eta=8865.126465067593
step=4849 tokens=635568128/1000000000 loss=3.3417 lr=3.74e-05 tok/s=41,336 eta=8816.31691572666
step=4850 tokens=635699200/1000000000 loss=3.2851 lr=3.74e-05 tok/s=41,121 eta=8859.220354799043
step=4851 tokens=635830272/1000000000 loss=3.2823 lr=3.73e-05 tok/s=41,189 eta=8841.52214453595
step=4852 tokens=635961344/1000000000 loss=3.2005 lr=3.73e-05 tok/s=41,246 eta=8826.001705704211
step=4853 tokens=636092416/1000000000 loss=3.2315 lr=3.73e-05 tok/s=41,101 eta=8854.020191825986
step=4854 tokens=636223488/1000000000 loss=3.3074 lr=3.73e-05 tok/s=41,158 eta=8838.609817755938
step=4855 tokens=636354560/1000000000 loss=3.2981 lr=3.73e-05 tok/s=41,098 eta=8848.27165356159
step=4856 tokens=636485632/1000000000 loss=3.1744 lr=3.72e-05 tok/s=41,121 eta=8840.095231691881
step=4857 tokens=636616704/1000000000 loss=3.3345 lr=3.72e-05 tok/s=41,074 eta=8847.079475368731
step=4858 tokens=636747776/1000000000 loss=3.2277 lr=3.72e-05 tok/s=41,071 eta=8844.55259850267
step=4859 tokens=636878848/1000000000 loss=3.2586 lr=3.72e-05 tok/s=40,891 eta=8880.2705582731
checkpoint saved: runs/20260906-225321/checkpoints/step_000004859 (time)
step=4860 tokens=637009920/1000000000 loss=3.1450 lr=3.72e-05 tok/s=35,892 eta=10113.268695928062
step=4861 tokens=637140992/1000000000 loss=3.2990 lr=3.72e-05 tok/s=41,005 eta=8849.078359778121
step=4862 tokens=637272064/1000000000 loss=3.2994 lr=3.71e-05 tok/s=41,129 eta=8819.199293075659
step=4863 tokens=637403136/1000000000 loss=3.2175 lr=3.71e-05 tok/s=40,962 eta=8851.995543652405
step=4864 tokens=637534208/1000000000 loss=3.1564 lr=3.71e-05 tok/s=41,090 eta=8821.367793878382
step=4865 tokens=637665280/1000000000 loss=3.2993 lr=3.71e-05 tok/s=41,026 eta=8831.753432751831
step=4866 tokens=637796352/1000000000 loss=3.0464 lr=3.71e-05 tok/s=41,034 eta=8826.928653880215
step=4867 tokens=637927424/1000000000 loss=3.3240 lr=3.71e-05 tok/s=41,126 eta=8803.91284410669
step=4868 tokens=638058496/1000000000 loss=3.2266 lr=3.7e-05 tok/s=41,057 eta=8815.615940130006
step=4869 tokens=638189568/1000000000 loss=3.3073 lr=3.7e-05 tok/s=41,207 eta=8780.281320250608
step=4870 tokens=638320640/1000000000 loss=3.1620 lr=3.7e-05 tok/s=41,365 eta=8743.637385832544
step=4871 tokens=638451712/1000000000 loss=3.3514 lr=3.7e-05 tok/s=41,186 eta=8778.490107399082
step=4872 tokens=638582784/1000000000 loss=3.3559 lr=3.7e-05 tok/s=41,182 eta=8776.008388742137
step=4873 tokens=638713856/1000000000 loss=3.2372 lr=3.7e-05 tok/s=41,052 eta=8800.77691738589
step=4874 tokens=638844928/1000000000 loss=3.2490 lr=3.69e-05 tok/s=40,809 eta=8849.889515128007
step=4875 tokens=638976000/1000000000 loss=3.2651 lr=3.69e-05 tok/s=40,865 eta=8834.45918540977
step=4876 tokens=639107072/1000000000 loss=3.3076 lr=3.69e-05 tok/s=40,900 eta=8823.773869029297
step=4877 tokens=639238144/1000000000 loss=3.2553 lr=3.69e-05 tok/s=40,906 eta=8819.201349834473
step=4878 tokens=639369216/1000000000 loss=3.2002 lr=3.69e-05 tok/s=40,886 eta=8820.44192535341
step=4879 tokens=639500288/1000000000 loss=3.4370 lr=3.69e-05 tok/s=40,903 eta=8813.489208347308
step=4880 tokens=639631360/1000000000 loss=3.3104 lr=3.68e-05 tok/s=41,088 eta=8770.649780076494
step=4881 tokens=639762432/1000000000 loss=3.1022 lr=3.68e-05 tok/s=41,043 eta=8777.003696164245
step=4882 tokens=639893504/1000000000 loss=3.1828 lr=3.68e-05 tok/s=40,976 eta=8788.155258611892
step=4883 tokens=640024576/1000000000 loss=3.3265 lr=3.68e-05 tok/s=29,724 eta=12110.49110287267
step=4884 tokens=640155648/1000000000 loss=3.2878 lr=3.68e-05 tok/s=40,912 eta=8795.532326370902
step=4885 tokens=640286720/1000000000 loss=3.1943 lr=3.67e-05 tok/s=41,058 eta=8761.160335002825
step=4886 tokens=640417792/1000000000 loss=3.1630 lr=3.67e-05 tok/s=41,135 eta=8741.605435528247
step=4887 tokens=640548864/1000000000 loss=3.2594 lr=3.67e-05 tok/s=41,053 eta=8755.788092618655
step=4888 tokens=640679936/1000000000 loss=3.4403 lr=3.67e-05 tok/s=40,706 eta=8827.244620240615
step=4889 tokens=640811008/1000000000 loss=3.2844 lr=3.67e-05 tok/s=40,997 eta=8761.443291200516
step=4890 tokens=640942080/1000000000 loss=3.2381 lr=3.67e-05 tok/s=40,911 eta=8776.558361375066
step=4891 tokens=641073152/1000000000 loss=3.2864 lr=3.66e-05 tok/s=40,893 eta=8777.200572242566
step=4892 tokens=641204224/1000000000 loss=3.3268 lr=3.66e-05 tok/s=41,077 eta=8734.765691420731
step=4893 tokens=641335296/1000000000 loss=3.2790 lr=3.66e-05 tok/s=41,267 eta=8691.408731551834
step=4894 tokens=641466368/1000000000 loss=3.3229 lr=3.66e-05 tok/s=41,074 eta=8728.958544253139
step=4895 tokens=641597440/1000000000 loss=3.2799 lr=3.66e-05 tok/s=40,951 eta=8751.995517293724
step=4896 tokens=641728512/1000000000 loss=3.2243 lr=3.66e-05 tok/s=40,951 eta=8748.752806300887
step=4897 tokens=641859584/1000000000 loss=3.2632 lr=3.65e-05 tok/s=40,996 eta=8736.073804268257
step=4898 tokens=641990656/1000000000 loss=3.2243 lr=3.65e-05 tok/s=41,025 eta=8726.53613262263
step=4899 tokens=642121728/1000000000 loss=3.1880 lr=3.65e-05 tok/s=41,061 eta=8715.859903838682
step=4900 tokens=642252800/1000000000 loss=3.4080 lr=3.65e-05 tok/s=41,054 eta=8714.132253722917
step=4901 tokens=642383872/1000000000 loss=3.2447 lr=3.65e-05 tok/s=41,050 eta=8711.713955975754
step=4902 tokens=642514944/1000000000 loss=3.2702 lr=3.65e-05 tok/s=41,070 eta=8704.327667897094
step=4903 tokens=642646016/1000000000 loss=3.2365 lr=3.64e-05 tok/s=41,232 eta=8666.939209708939
step=4904 tokens=642777088/1000000000 loss=3.2094 lr=3.64e-05 tok/s=41,210 eta=8668.337575685515
step=4905 tokens=642908160/1000000000 loss=3.2561 lr=3.64e-05 tok/s=41,055 eta=8697.918713764197
step=4906 tokens=643039232/1000000000 loss=3.2342 lr=3.64e-05 tok/s=41,055 eta=8694.790534861137
step=4907 tokens=643170304/1000000000 loss=3.2319 lr=3.64e-05 tok/s=40,842 eta=8736.869036621081
step=4908 tokens=643301376/1000000000 loss=3.3186 lr=3.64e-05 tok/s=41,162 eta=8665.817344197056
step=4909 tokens=643432448/1000000000 loss=3.2442 lr=3.63e-05 tok/s=40,983 eta=8700.464295356336
step=4910 tokens=643563520/1000000000 loss=3.1887 lr=3.63e-05 tok/s=40,931 eta=8708.255140540052
step=4911 tokens=643694592/1000000000 loss=3.2547 lr=3.63e-05 tok/s=40,901 eta=8711.361289310546
step=4912 tokens=643825664/1000000000 loss=3.2080 lr=3.63e-05 tok/s=41,163 eta=8652.689902845508
step=4913 tokens=643956736/1000000000 loss=3.2458 lr=3.63e-05 tok/s=40,953 eta=8693.951945279421
step=4914 tokens=644087808/1000000000 loss=3.2353 lr=3.62e-05 tok/s=41,194 eta=8639.84308252638
step=4915 tokens=644218880/1000000000 loss=3.4389 lr=3.62e-05 tok/s=40,874 eta=8704.282854299969
step=4916 tokens=644349952/1000000000 loss=3.3206 lr=3.62e-05 tok/s=41,033 eta=8667.486906073107
step=4917 tokens=644481024/1000000000 loss=3.3406 lr=3.62e-05 tok/s=41,150 eta=8639.554685562218
step=4918 tokens=644612096/1000000000 loss=3.1716 lr=3.62e-05 tok/s=40,862 eta=8697.26451672661
step=4919 tokens=644743168/1000000000 loss=3.2201 lr=3.62e-05 tok/s=40,992 eta=8666.552286859272
step=4920 tokens=644874240/1000000000 loss=3.3050 lr=3.61e-05 tok/s=41,011 eta=8659.19653285571
step=4921 tokens=645005312/1000000000 loss=3.1920 lr=3.61e-05 tok/s=40,862 eta=8687.675019588762
step=4922 tokens=645136384/1000000000 loss=3.2831 lr=3.61e-05 tok/s=41,060 eta=8642.577140862079
step=4923 tokens=645267456/1000000000 loss=3.1266 lr=3.61e-05 tok/s=40,707 eta=8714.318736256495
step=4924 tokens=645398528/1000000000 loss=3.2817 lr=3.61e-05 tok/s=41,079 eta=8632.189839560737
step=4925 tokens=645529600/1000000000 loss=3.1531 lr=3.61e-05 tok/s=40,898 eta=8667.211155346822
step=4926 tokens=645660672/1000000000 loss=3.1875 lr=3.6e-05 tok/s=40,825 eta=8679.387129471568
step=4927 tokens=645791744/1000000000 loss=3.2798 lr=3.6e-05 tok/s=41,075 eta=8623.441608024192
step=4928 tokens=645922816/1000000000 loss=3.3275 lr=3.6e-05 tok/s=40,964 eta=8643.574805516128
step=4929 tokens=646053888/1000000000 loss=3.2251 lr=3.6e-05 tok/s=40,873 eta=8659.700880296496
step=4930 tokens=646184960/1000000000 loss=3.3181 lr=3.6e-05 tok/s=41,074 eta=8614.121310722812
step=4931 tokens=646316032/1000000000 loss=3.2084 lr=3.6e-05 tok/s=41,053 eta=8615.382163862205
step=4932 tokens=646447104/1000000000 loss=3.1891 lr=3.59e-05 tok/s=41,429 eta=8533.98356183365
step=4933 tokens=646578176/1000000000 loss=3.1303 lr=3.59e-05 tok/s=41,041 eta=8611.395153065112
step=4934 tokens=646709248/1000000000 loss=3.3293 lr=3.59e-05 tok/s=41,164 eta=8582.488359659508
step=4935 tokens=646840320/1000000000 loss=3.3869 lr=3.59e-05 tok/s=41,237 eta=8564.206003393576
step=4936 tokens=646971392/1000000000 loss=3.3639 lr=3.59e-05 tok/s=41,271 eta=8553.88972750034
step=4937 tokens=647102464/1000000000 loss=3.1614 lr=3.59e-05 tok/s=41,304 eta=8543.861706514173
step=4938 tokens=647233536/1000000000 loss=3.1356 lr=3.58e-05 tok/s=41,356 eta=8529.964311117245
step=4939 tokens=647364608/1000000000 loss=3.2665 lr=3.58e-05 tok/s=41,171 eta=8565.155989160101
step=4940 tokens=647495680/1000000000 loss=3.3193 lr=3.58e-05 tok/s=41,191 eta=8557.834634015442
step=4941 tokens=647626752/1000000000 loss=3.3416 lr=3.58e-05 tok/s=41,178 eta=8557.342547340706
step=4942 tokens=647757824/1000000000 loss=3.3200 lr=3.58e-05 tok/s=41,194 eta=8550.812471910514
step=4943 tokens=647888896/1000000000 loss=3.3292 lr=3.58e-05 tok/s=41,213 eta=8543.716618190687
step=4944 tokens=648019968/1000000000 loss=3.0992 lr=3.57e-05 tok/s=41,414 eta=8499.018756136986
step=4945 tokens=648151040/1000000000 loss=3.3099 lr=3.57e-05 tok/s=41,204 eta=8539.125544693308
step=4946 tokens=648282112/1000000000 loss=3.2949 lr=3.57e-05 tok/s=40,991 eta=8580.336870932917
step=4947 tokens=648413184/1000000000 loss=3.1467 lr=3.57e-05 tok/s=41,103 eta=8553.897566567757
step=4948 tokens=648544256/1000000000 loss=3.2145 lr=3.57e-05 tok/s=41,207 eta=8528.965934603535
step=4949 tokens=648675328/1000000000 loss=3.2345 lr=3.56e-05 tok/s=41,134 eta=8540.941157230374
step=4950 tokens=648806400/1000000000 loss=3.3045 lr=3.56e-05 tok/s=41,067 eta=8551.643253001279
step=4951 tokens=648937472/1000000000 loss=3.2776 lr=3.56e-05 tok/s=41,105 eta=8540.639739875107
step=4952 tokens=649068544/1000000000 loss=3.3821 lr=3.56e-05 tok/s=40,980 eta=8563.394872314602
step=4953 tokens=649199616/1000000000 loss=3.2001 lr=3.56e-05 tok/s=40,781 eta=8602.065500614859
step=4954 tokens=649330688/1000000000 loss=3.2465 lr=3.56e-05 tok/s=41,064 eta=8539.603343244617
step=4955 tokens=649461760/1000000000 loss=3.1435 lr=3.55e-05 tok/s=41,089 eta=8531.18292815592
step=4956 tokens=649592832/1000000000 loss=3.1747 lr=3.55e-05 tok/s=40,835 eta=8580.978524887052
step=4957 tokens=649723904/1000000000 loss=3.0760 lr=3.55e-05 tok/s=40,864 eta=8571.803030799185
step=4958 tokens=649854976/1000000000 loss=3.2333 lr=3.55e-05 tok/s=40,993 eta=8541.679094655112
step=4959 tokens=649986048/1000000000 loss=3.1774 lr=3.55e-05 tok/s=40,857 eta=8566.722289786101
step=4960 tokens=650117120/1000000000 loss=3.2821 lr=3.55e-05 tok/s=29,691 eta=11783.977617599105
checkpoint saved: runs/20260906-225321/checkpoints/tokens_000650m (permanent_tokens)
step=4961 tokens=650248192/1000000000 loss=3.0739 lr=3.54e-05 tok/s=35,933 eta=9733.512748839403
step=4962 tokens=650379264/1000000000 loss=3.3481 lr=3.54e-05 tok/s=40,952 eta=8537.23198425578
step=4963 tokens=650510336/1000000000 loss=3.1572 lr=3.54e-05 tok/s=41,157 eta=8491.72136470895
step=4964 tokens=650641408/1000000000 loss=3.2763 lr=3.54e-05 tok/s=41,218 eta=8475.832099878324
step=4965 tokens=650772480/1000000000 loss=3.0867 lr=3.54e-05 tok/s=41,273 eta=8461.416633845916
step=4966 tokens=650903552/1000000000 loss=3.2731 lr=3.54e-05 tok/s=40,803 eta=8555.595200662183
step=4967 tokens=651034624/1000000000 loss=3.2493 lr=3.53e-05 tok/s=40,671 eta=8580.209188114624
step=4968 tokens=651165696/1000000000 loss=3.0224 lr=3.53e-05 tok/s=40,845 eta=8540.426449559478
step=4969 tokens=651296768/1000000000 loss=3.2611 lr=3.53e-05 tok/s=40,829 eta=8540.644171717147
step=4970 tokens=651427840/1000000000 loss=3.1508 lr=3.53e-05 tok/s=40,992 eta=8503.475057482481
step=4971 tokens=651558912/1000000000 loss=3.0616 lr=3.53e-05 tok/s=41,321 eta=8432.472164605708
step=4972 tokens=651689984/1000000000 loss=3.1506 lr=3.53e-05 tok/s=41,229 eta=8448.121758482752
step=4973 tokens=651821056/1000000000 loss=3.0916 lr=3.52e-05 tok/s=41,113 eta=8468.755942219886
step=4974 tokens=651952128/1000000000 loss=3.3550 lr=3.52e-05 tok/s=40,751 eta=8540.74177343177
step=4975 tokens=652083200/1000000000 loss=3.1610 lr=3.52e-05 tok/s=41,150 eta=8454.808020949182
step=4976 tokens=652214272/1000000000 loss=3.1411 lr=3.52e-05 tok/s=41,052 eta=8471.800595918314
step=4977 tokens=652345344/1000000000 loss=3.2102 lr=3.52e-05 tok/s=40,997 eta=8480.03401439288
step=4978 tokens=652476416/1000000000 loss=3.0213 lr=3.52e-05 tok/s=41,018 eta=8472.440878351594
step=4979 tokens=652607488/1000000000 loss=3.2281 lr=3.51e-05 tok/s=41,085 eta=8455.528701031491
step=4980 tokens=652738560/1000000000 loss=3.2717 lr=3.51e-05 tok/s=41,082 eta=8452.891015903864
step=4981 tokens=652869632/1000000000 loss=3.2899 lr=3.51e-05 tok/s=41,227 eta=8420.027250230085
step=4982 tokens=653000704/1000000000 loss=3.2340 lr=3.51e-05 tok/s=41,246 eta=8412.83003375957
step=4983 tokens=653131776/1000000000 loss=3.3208 lr=3.51e-05 tok/s=40,831 eta=8495.198926030958
step=4984 tokens=653262848/1000000000 loss=3.2604 lr=3.51e-05 tok/s=41,046 eta=8447.50849536497
step=4985 tokens=653393920/1000000000 loss=3.0362 lr=3.5e-05 tok/s=41,203 eta=8412.199125076444
step=4986 tokens=653524992/1000000000 loss=3.3253 lr=3.5e-05 tok/s=41,188 eta=8412.05788764761
step=4987 tokens=653656064/1000000000 loss=3.3418 lr=3.5e-05 tok/s=41,184 eta=8409.765547081422
step=4988 tokens=653787136/1000000000 loss=3.2392 lr=3.5e-05 tok/s=41,088 eta=8426.134682645978
step=4989 tokens=653918208/1000000000 loss=3.2497 lr=3.5e-05 tok/s=41,159 eta=8408.469141148322
step=4990 tokens=654049280/1000000000 loss=3.0973 lr=3.5e-05 tok/s=40,973 eta=8443.452780199095
step=4991 tokens=654180352/1000000000 loss=3.2835 lr=3.49e-05 tok/s=40,906 eta=8454.05723176214
step=4992 tokens=654311424/1000000000 loss=3.2433 lr=3.49e-05 tok/s=40,846 eta=8463.270443512494
step=4993 tokens=654442496/1000000000 loss=3.2395 lr=3.49e-05 tok/s=40,748 eta=8480.355655867357
step=4994 tokens=654573568/1000000000 loss=3.2025 lr=3.49e-05 tok/s=40,892 eta=8447.213635631804
step=4995 tokens=654704640/1000000000 loss=3.4075 lr=3.49e-05 tok/s=41,265 eta=8367.768450397602
step=4996 tokens=654835712/1000000000 loss=3.1614 lr=3.48e-05 tok/s=40,863 eta=8446.795858796611
step=4997 tokens=654966784/1000000000 loss=3.4348 lr=3.48e-05 tok/s=41,013 eta=8412.843426898846
step=4998 tokens=655097856/1000000000 loss=3.4256 lr=3.48e-05 tok/s=41,257 eta=8359.782702641447
step=4999 tokens=655228928/1000000000 loss=3.1960 lr=3.48e-05 tok/s=41,195 eta=8369.27239589669
step=5000 tokens=655360000/1000000000 loss=3.2916 lr=3.48e-05 tok/s=41,030 eta=8399.740671804422
step=5001 tokens=655491072/1000000000 loss=3.2635 lr=3.48e-05 tok/s=41,131 eta=8375.856361445998
step=5002 tokens=655622144/1000000000 loss=3.2249 lr=3.47e-05 tok/s=41,086 eta=8381.862541958466
step=5003 tokens=655753216/1000000000 loss=3.2756 lr=3.47e-05 tok/s=40,662 eta=8466.106634872735
step=5004 tokens=655884288/1000000000 loss=3.3294 lr=3.47e-05 tok/s=40,679 eta=8459.382796329926
step=5005 tokens=656015360/1000000000 loss=3.3084 lr=3.47e-05 tok/s=40,799 eta=8431.166646730455
step=5006 tokens=656146432/1000000000 loss=3.2061 lr=3.47e-05 tok/s=40,701 eta=8448.243623130653
step=5007 tokens=656277504/1000000000 loss=3.2682 lr=3.47e-05 tok/s=40,865 eta=8411.089353358808
step=5008 tokens=656408576/1000000000 loss=3.2186 lr=3.46e-05 tok/s=40,846 eta=8411.896409206756
step=5009 tokens=656539648/1000000000 loss=3.1792 lr=3.46e-05 tok/s=40,696 eta=8439.590340636985
step=5010 tokens=656670720/1000000000 loss=3.1531 lr=3.46e-05 tok/s=40,835 eta=8407.714678564573
step=5011 tokens=656801792/1000000000 loss=3.2523 lr=3.46e-05 tok/s=40,842 eta=8403.034227454486
step=5012 tokens=656932864/1000000000 loss=3.3610 lr=3.46e-05 tok/s=40,730 eta=8423.02853610797
step=5013 tokens=657063936/1000000000 loss=3.1189 lr=3.46e-05 tok/s=40,856 eta=8393.676755374505
step=5014 tokens=657195008/1000000000 loss=3.3072 lr=3.45e-05 tok/s=40,638 eta=8435.59444467714
step=5015 tokens=657326080/1000000000 loss=3.4074 lr=3.45e-05 tok/s=40,720 eta=8415.329687815976
step=5016 tokens=657457152/1000000000 loss=3.2736 lr=3.45e-05 tok/s=40,923 eta=8370.48346157565
step=5017 tokens=657588224/1000000000 loss=3.3469 lr=3.45e-05 tok/s=40,756 eta=8401.499000548381
step=5018 tokens=657719296/1000000000 loss=3.2267 lr=3.45e-05 tok/s=40,766 eta=8396.269893146266
step=5019 tokens=657850368/1000000000 loss=3.2143 lr=3.45e-05 tok/s=40,788 eta=8388.516585580523
step=5020 tokens=657981440/1000000000 loss=3.3155 lr=3.44e-05 tok/s=40,756 eta=8391.840148508973
step=5021 tokens=658112512/1000000000 loss=3.2857 lr=3.44e-05 tok/s=40,933 eta=8352.364931744922
step=5022 tokens=658243584/1000000000 loss=3.3240 lr=3.44e-05 tok/s=40,934 eta=8348.935681611672
step=5023 tokens=658374656/1000000000 loss=3.1752 lr=3.44e-05 tok/s=40,963 eta=8339.863907612224
step=5024 tokens=658505728/1000000000 loss=3.2409 lr=3.44e-05 tok/s=41,014 eta=8326.1876687316
step=5025 tokens=658636800/1000000000 loss=3.1286 lr=3.44e-05 tok/s=40,943 eta=8337.53181652614
step=5026 tokens=658767872/1000000000 loss=2.9442 lr=3.43e-05 tok/s=41,055 eta=8311.670106297397
step=5027 tokens=658898944/1000000000 loss=3.4694 lr=3.43e-05 tok/s=41,146 eta=8289.995662755244
step=5028 tokens=659030016/1000000000 loss=3.2993 lr=3.43e-05 tok/s=41,110 eta=8294.094114234415
step=5029 tokens=659161088/1000000000 loss=3.1243 lr=3.43e-05 tok/s=41,048 eta=8303.386930342092
step=5030 tokens=659292160/1000000000 loss=3.1637 lr=3.43e-05 tok/s=41,220 eta=8265.688412116238
step=5031 tokens=659423232/1000000000 loss=3.2952 lr=3.43e-05 tok/s=41,278 eta=8250.781489076307
step=5032 tokens=659554304/1000000000 loss=3.1614 lr=3.42e-05 tok/s=41,183 eta=8266.65940859789
step=5033 tokens=659685376/1000000000 loss=3.3274 lr=3.42e-05 tok/s=41,295 eta=8241.147214804418
step=5034 tokens=659816448/1000000000 loss=3.4470 lr=3.42e-05 tok/s=41,158 eta=8265.3130764954
step=5035 tokens=659947520/1000000000 loss=3.2353 lr=3.42e-05 tok/s=41,219 eta=8249.838656038417
step=5036 tokens=660078592/1000000000 loss=3.2201 lr=3.42e-05 tok/s=29,739 eta=11430.281083941565
step=5037 tokens=660209664/1000000000 loss=3.1630 lr=3.42e-05 tok/s=41,022 eta=8283.103393217389
step=5038 tokens=660340736/1000000000 loss=3.2794 lr=3.41e-05 tok/s=41,101 eta=8264.077634103942
step=5039 tokens=660471808/1000000000 loss=3.3311 lr=3.41e-05 tok/s=40,918 eta=8297.8216246063
step=5040 tokens=660602880/1000000000 loss=3.2668 lr=3.41e-05 tok/s=40,980 eta=8281.991324451943
step=5041 tokens=660733952/1000000000 loss=3.0363 lr=3.41e-05 tok/s=40,720 eta=8331.725821099004
step=5042 tokens=660865024/1000000000 loss=3.2466 lr=3.41e-05 tok/s=40,797 eta=8312.660530884878
step=5043 tokens=660996096/1000000000 loss=3.3210 lr=3.41e-05 tok/s=40,986 eta=8271.176119037345
step=5044 tokens=661127168/1000000000 loss=3.2723 lr=3.4e-05 tok/s=41,004 eta=8264.374428119247
step=5045 tokens=661258240/1000000000 loss=3.2304 lr=3.4e-05 tok/s=41,146 eta=8232.71432404191
step=5046 tokens=661389312/1000000000 loss=3.2204 lr=3.4e-05 tok/s=40,980 eta=8262.776747838678
step=5047 tokens=661520384/1000000000 loss=3.2433 lr=3.4e-05 tok/s=41,022 eta=8251.114255064947
step=5048 tokens=661651456/1000000000 loss=3.1669 lr=3.4e-05 tok/s=40,996 eta=8253.178233096067
step=5049 tokens=661782528/1000000000 loss=3.1637 lr=3.4e-05 tok/s=40,988 eta=8251.70351226084
step=5050 tokens=661913600/1000000000 loss=3.1550 lr=3.39e-05 tok/s=40,992 eta=8247.625066365512
step=5051 tokens=662044672/1000000000 loss=3.1592 lr=3.39e-05 tok/s=40,989 eta=8245.024274730247
step=5052 tokens=662175744/1000000000 loss=3.3078 lr=3.39e-05 tok/s=40,652 eta=8310.135966050324
step=5053 tokens=662306816/1000000000 loss=3.2391 lr=3.39e-05 tok/s=40,639 eta=8309.662618200184
step=5054 tokens=662437888/1000000000 loss=3.2159 lr=3.39e-05 tok/s=40,796 eta=8274.329185412853
step=5055 tokens=662568960/1000000000 loss=3.3089 lr=3.39e-05 tok/s=40,896 eta=8250.864369288462
step=5056 tokens=662700032/1000000000 loss=3.3825 lr=3.38e-05 tok/s=40,950 eta=8236.85076636906
step=5057 tokens=662831104/1000000000 loss=3.2024 lr=3.38e-05 tok/s=40,964 eta=8230.901482831732
step=5058 tokens=662962176/1000000000 loss=3.2726 lr=3.38e-05 tok/s=40,872 eta=8246.083649565615
step=5059 tokens=663093248/1000000000 loss=3.1989 lr=3.38e-05 tok/s=40,969 eta=8223.439416845526
step=5060 tokens=663224320/1000000000 loss=3.2659 lr=3.38e-05 tok/s=41,003 eta=8213.45997952241
step=5061 tokens=663355392/1000000000 loss=3.1813 lr=3.38e-05 tok/s=40,731 eta=8265.146602968121
step=5062 tokens=663486464/1000000000 loss=3.3485 lr=3.37e-05 tok/s=40,860 eta=8235.75197198926
step=5063 tokens=663617536/1000000000 loss=3.2057 lr=3.37e-05 tok/s=40,866 eta=8231.426310311846
step=5064 tokens=663748608/1000000000 loss=3.3076 lr=3.37e-05 tok/s=40,805 eta=8240.43840835212
step=5065 tokens=663879680/1000000000 loss=3.2622 lr=3.37e-05 tok/s=40,849 eta=8228.331763638318
step=5066 tokens=664010752/1000000000 loss=3.1463 lr=3.37e-05 tok/s=40,791 eta=8236.748994098667
step=5067 tokens=664141824/1000000000 loss=3.1568 lr=3.37e-05 tok/s=40,593 eta=8273.806600277509
step=5068 tokens=664272896/1000000000 loss=3.2854 lr=3.36e-05 tok/s=40,966 eta=8195.252282068015
step=5069 tokens=664403968/1000000000 loss=3.3690 lr=3.36e-05 tok/s=40,936 eta=8198.022798316524
step=5070 tokens=664535040/1000000000 loss=3.2765 lr=3.36e-05 tok/s=41,054 eta=8171.276372670398
step=5071 tokens=664666112/1000000000 loss=3.1869 lr=3.36e-05 tok/s=41,058 eta=8167.31492540991
step=5072 tokens=664797184/1000000000 loss=3.0375 lr=3.36e-05 tok/s=40,988 eta=8178.095985593372
step=5073 tokens=664928256/1000000000 loss=3.3122 lr=3.36e-05 tok/s=40,921 eta=8188.250729774258
step=5074 tokens=665059328/1000000000 loss=3.3077 lr=3.35e-05 tok/s=40,981 eta=8173.025037437229
step=5075 tokens=665190400/1000000000 loss=3.3763 lr=3.35e-05 tok/s=41,104 eta=8145.48244729917
step=5076 tokens=665321472/1000000000 loss=3.2420 lr=3.35e-05 tok/s=41,222 eta=8118.903436371269
step=5077 tokens=665452544/1000000000 loss=3.2610 lr=3.35e-05 tok/s=41,030 eta=8153.68718538351
step=5078 tokens=665583616/1000000000 loss=3.3319 lr=3.35e-05 tok/s=40,966 eta=8163.343608922329
step=5079 tokens=665714688/1000000000 loss=3.2652 lr=3.35e-05 tok/s=41,101 eta=8133.17049333666
step=5080 tokens=665845760/1000000000 loss=3.2838 lr=3.34e-05 tok/s=41,017 eta=8146.79584345495
step=5081 tokens=665976832/1000000000 loss=3.3279 lr=3.34e-05 tok/s=41,185 eta=8110.250534757734
step=5082 tokens=666107904/1000000000 loss=3.3665 lr=3.34e-05 tok/s=41,177 eta=8108.6482148724845
step=5083 tokens=666238976/1000000000 loss=3.1588 lr=3.34e-05 tok/s=41,244 eta=8092.275255531346
step=5084 tokens=666370048/1000000000 loss=3.2374 lr=3.34e-05 tok/s=41,123 eta=8112.893547541092
step=5085 tokens=666501120/1000000000 loss=3.2015 lr=3.34e-05 tok/s=41,125 eta=8109.330111126008
step=5086 tokens=666632192/1000000000 loss=3.2953 lr=3.33e-05 tok/s=41,348 eta=8062.400402223348
step=5087 tokens=666763264/1000000000 loss=3.1421 lr=3.33e-05 tok/s=40,843 eta=8159.047879675714
step=5088 tokens=666894336/1000000000 loss=3.2416 lr=3.33e-05 tok/s=41,220 eta=8081.130462739203
step=5089 tokens=667025408/1000000000 loss=3.3786 lr=3.33e-05 tok/s=40,875 eta=8146.094336142931
step=5090 tokens=667156480/1000000000 loss=3.3385 lr=3.33e-05 tok/s=40,970 eta=8123.998363334541
step=5091 tokens=667287552/1000000000 loss=3.2547 lr=3.33e-05 tok/s=41,078 eta=8099.52433822086
step=5092 tokens=667418624/1000000000 loss=3.2784 lr=3.32e-05 tok/s=40,888 eta=8133.864175398075
step=5093 tokens=667549696/1000000000 loss=3.1445 lr=3.32e-05 tok/s=40,919 eta=8124.580743055315
step=5094 tokens=667680768/1000000000 loss=3.2374 lr=3.32e-05 tok/s=40,926 eta=8120.0255685651555
step=5095 tokens=667811840/1000000000 loss=3.3090 lr=3.32e-05 tok/s=40,937 eta=8114.620261369316
step=5096 tokens=667942912/1000000000 loss=3.1913 lr=3.32e-05 tok/s=40,845 eta=8129.645884475957
step=5097 tokens=668073984/1000000000 loss=3.2656 lr=3.32e-05 tok/s=41,326 eta=8031.949637627175
step=5098 tokens=668205056/1000000000 loss=3.2962 lr=3.31e-05 tok/s=41,196 eta=8054.078826443395
step=5099 tokens=668336128/1000000000 loss=3.1624 lr=3.31e-05 tok/s=41,103 eta=8069.108146208883
step=5100 tokens=668467200/1000000000 loss=3.2544 lr=3.31e-05 tok/s=41,110 eta=8064.442705733381
step=5101 tokens=668598272/1000000000 loss=3.3078 lr=3.31e-05 tok/s=40,907 eta=8101.327203857386
step=5102 tokens=668729344/1000000000 loss=3.3251 lr=3.31e-05 tok/s=41,148 eta=8050.6876051568115
step=5103 tokens=668860416/1000000000 loss=3.3300 lr=3.31e-05 tok/s=41,098 eta=8057.36853555692
step=5104 tokens=668991488/1000000000 loss=3.2900 lr=3.3e-05 tok/s=41,061 eta=8061.454431601909
step=5105 tokens=669122560/1000000000 loss=3.1173 lr=3.3e-05 tok/s=40,926 eta=8084.729420914825
step=5106 tokens=669253632/1000000000 loss=3.1759 lr=3.3e-05 tok/s=41,062 eta=8054.741984077162
step=5107 tokens=669384704/1000000000 loss=3.2960 lr=3.3e-05 tok/s=41,145 eta=8035.310615150653
step=5108 tokens=669515776/1000000000 loss=3.1561 lr=3.3e-05 tok/s=41,069 eta=8047.121391513485
step=5109 tokens=669646848/1000000000 loss=3.3428 lr=3.3e-05 tok/s=41,033 eta=8050.942840615922
step=5110 tokens=669777920/1000000000 loss=3.3202 lr=3.29e-05 tok/s=41,062 eta=8041.9939253046405
step=5111 tokens=669908992/1000000000 loss=3.1893 lr=3.29e-05 tok/s=41,107 eta=8030.028161959154
step=5112 tokens=670040064/1000000000 loss=3.2423 lr=3.29e-05 tok/s=29,858 eta=11051.15080795527
step=5113 tokens=670171136/1000000000 loss=3.2679 lr=3.29e-05 tok/s=41,105 eta=8024.01501712056
step=5114 tokens=670302208/1000000000 loss=3.2903 lr=3.29e-05 tok/s=41,134 eta=8015.301891819243
step=5115 tokens=670433280/1000000000 loss=3.2957 lr=3.29e-05 tok/s=41,095 eta=8019.631197283308
step=5116 tokens=670564352/1000000000 loss=3.3205 lr=3.28e-05 tok/s=41,056 eta=8024.094048024341
step=5117 tokens=670695424/1000000000 loss=3.3255 lr=3.28e-05 tok/s=41,139 eta=8004.7161246824835
step=5118 tokens=670826496/1000000000 loss=3.2917 lr=3.28e-05 tok/s=41,133 eta=8002.739177764496
step=5119 tokens=670957568/1000000000 loss=3.4296 lr=3.28e-05 tok/s=41,093 eta=8007.346183522177
step=5120 tokens=671088640/1000000000 loss=3.1434 lr=3.28e-05 tok/s=41,071 eta=8008.28176602062
step=5121 tokens=671219712/1000000000 loss=3.3357 lr=3.28e-05 tok/s=41,103 eta=7999.009475200412
step=5122 tokens=671350784/1000000000 loss=3.2507 lr=3.27e-05 tok/s=41,059 eta=8004.379705877931
step=5123 tokens=671481856/1000000000 loss=3.2846 lr=3.27e-05 tok/s=40,857 eta=8040.633817807803
step=5124 tokens=671612928/1000000000 loss=3.2867 lr=3.27e-05 tok/s=41,184 eta=7973.7075890151855
step=5125 tokens=671744000/1000000000 loss=3.1495 lr=3.27e-05 tok/s=41,141 eta=7978.790314383246
step=5126 tokens=671875072/1000000000 loss=3.1467 lr=3.27e-05 tok/s=41,110 eta=7981.57216813484
step=5127 tokens=672006144/1000000000 loss=3.2183 lr=3.27e-05 tok/s=41,130 eta=7974.575001250365
step=5128 tokens=672137216/1000000000 loss=3.3046 lr=3.26e-05 tok/s=41,202 eta=7957.438651636481
step=5129 tokens=672268288/1000000000 loss=3.1243 lr=3.26e-05 tok/s=41,095 eta=7975.019054058977
step=5130 tokens=672399360/1000000000 loss=3.1333 lr=3.26e-05 tok/s=41,101 eta=7970.600427590639
step=5131 tokens=672530432/1000000000 loss=3.1988 lr=3.26e-05 tok/s=41,017 eta=7983.661045581477
step=5132 tokens=672661504/1000000000 loss=3.0783 lr=3.26e-05 tok/s=41,180 eta=7948.905232583748
step=5133 tokens=672792576/1000000000 loss=3.1349 lr=3.26e-05 tok/s=40,946 eta=7991.114482344983
step=5134 tokens=672923648/1000000000 loss=3.2087 lr=3.26e-05 tok/s=40,951 eta=7987.025760683565
step=5135 tokens=673054720/1000000000 loss=3.2447 lr=3.25e-05 tok/s=41,093 eta=7956.309866990111
step=5136 tokens=673185792/1000000000 loss=3.3316 lr=3.25e-05 tok/s=41,016 eta=7968.0397390227345
step=5137 tokens=673316864/1000000000 loss=3.3167 lr=3.25e-05 tok/s=40,893 eta=7988.742564117947
step=5138 tokens=673447936/1000000000 loss=3.1782 lr=3.25e-05 tok/s=40,931 eta=7978.101415255446
step=5139 tokens=673579008/1000000000 loss=3.2766 lr=3.25e-05 tok/s=40,747 eta=8010.858060638092
step=5140 tokens=673710080/1000000000 loss=3.1973 lr=3.25e-05 tok/s=40,916 eta=7974.626995522225
step=5141 tokens=673841152/1000000000 loss=3.2693 lr=3.24e-05 tok/s=40,654 eta=8022.817599096071
step=5142 tokens=673972224/1000000000 loss=3.3115 lr=3.24e-05 tok/s=41,080 eta=7936.481786342775
step=5143 tokens=674103296/1000000000 loss=3.2829 lr=3.24e-05 tok/s=40,580 eta=8030.9973477432495
step=5144 tokens=674234368/1000000000 loss=3.3980 lr=3.24e-05 tok/s=40,631 eta=8017.729267316495
step=5145 tokens=674365440/1000000000 loss=3.2935 lr=3.24e-05 tok/s=40,891 eta=7963.516887697098
step=5146 tokens=674496512/1000000000 loss=3.2240 lr=3.24e-05 tok/s=40,890 eta=7960.384516149261
step=5147 tokens=674627584/1000000000 loss=3.2784 lr=3.23e-05 tok/s=40,962 eta=7943.326977072586
step=5148 tokens=674758656/1000000000 loss=3.2732 lr=3.23e-05 tok/s=40,944 eta=7943.611176285395
step=5149 tokens=674889728/1000000000 loss=3.2404 lr=3.23e-05 tok/s=40,820 eta=7964.447941541464
step=5150 tokens=675020800/1000000000 loss=3.2492 lr=3.23e-05 tok/s=40,536 eta=8017.02235171609
step=5151 tokens=675151872/1000000000 loss=3.3155 lr=3.23e-05 tok/s=40,654 eta=7990.633641003305
step=5152 tokens=675282944/1000000000 loss=3.1115 lr=3.23e-05 tok/s=40,860 eta=7947.134637720743
step=5153 tokens=675414016/1000000000 loss=3.3195 lr=3.22e-05 tok/s=40,607 eta=7993.354040099742
step=5154 tokens=675545088/1000000000 loss=3.2538 lr=3.22e-05 tok/s=40,616 eta=7988.348501393021
step=5155 tokens=675676160/1000000000 loss=3.1770 lr=3.22e-05 tok/s=40,736 eta=7961.58240090427
step=5156 tokens=675807232/1000000000 loss=3.3463 lr=3.22e-05 tok/s=40,599 eta=7985.1785515218235
step=5157 tokens=675938304/1000000000 loss=3.2719 lr=3.22e-05 tok/s=40,841 eta=7934.707859967031
step=5158 tokens=676069376/1000000000 loss=3.2765 lr=3.22e-05 tok/s=40,879 eta=7924.127248934591
step=5159 tokens=676200448/1000000000 loss=3.1226 lr=3.21e-05 tok/s=40,717 eta=7952.518407669982
step=5160 tokens=676331520/1000000000 loss=3.2449 lr=3.21e-05 tok/s=40,887 eta=7916.2147136697895
step=5161 tokens=676462592/1000000000 loss=3.3170 lr=3.21e-05 tok/s=40,926 eta=7905.339996774204
step=5162 tokens=676593664/1000000000 loss=3.3031 lr=3.21e-05 tok/s=40,702 eta=7945.704145460923
step=5163 tokens=676724736/1000000000 loss=3.3680 lr=3.21e-05 tok/s=41,033 eta=7878.51136154883
step=5164 tokens=676855808/1000000000 loss=3.1665 lr=3.21e-05 tok/s=40,964 eta=7888.420525867942
step=5165 tokens=676986880/1000000000 loss=3.3189 lr=3.2e-05 tok/s=40,993 eta=7879.6318152178
step=5166 tokens=677117952/1000000000 loss=3.3123 lr=3.2e-05 tok/s=41,018 eta=7871.734876416807
step=5167 tokens=677249024/1000000000 loss=3.1678 lr=3.2e-05 tok/s=41,046 eta=7863.079390758236
step=5168 tokens=677380096/1000000000 loss=3.2010 lr=3.2e-05 tok/s=41,028 eta=7863.350277226322
step=5169 tokens=677511168/1000000000 loss=3.0742 lr=3.2e-05 tok/s=40,950 eta=7875.147890439567
step=5170 tokens=677642240/1000000000 loss=3.2221 lr=3.2e-05 tok/s=41,080 eta=7847.044409279762
step=5171 tokens=677773312/1000000000 loss=3.1368 lr=3.19e-05 tok/s=41,168 eta=7827.192995251801
step=5172 tokens=677904384/1000000000 loss=3.2722 lr=3.19e-05 tok/s=41,036 eta=7849.175198378213
step=5173 tokens=678035456/1000000000 loss=3.2893 lr=3.19e-05 tok/s=40,930 eta=7866.308618260291
step=5174 tokens=678166528/1000000000 loss=3.3277 lr=3.19e-05 tok/s=41,099 eta=7830.756741930497
step=5175 tokens=678297600/1000000000 loss=3.2560 lr=3.19e-05 tok/s=41,142 eta=7819.374016902199
step=5176 tokens=678428672/1000000000 loss=3.2239 lr=3.19e-05 tok/s=41,105 eta=7823.25120301326
step=5177 tokens=678559744/1000000000 loss=3.1939 lr=3.19e-05 tok/s=40,922 eta=7854.937033007423
step=5178 tokens=678690816/1000000000 loss=3.2359 lr=3.18e-05 tok/s=40,871 eta=7861.627090975923
step=5179 tokens=678821888/1000000000 loss=3.2472 lr=3.18e-05 tok/s=40,726 eta=7886.317355329833
step=5180 tokens=678952960/1000000000 loss=3.2857 lr=3.18e-05 tok/s=40,709 eta=7886.372062644885
step=5181 tokens=679084032/1000000000 loss=3.2440 lr=3.18e-05 tok/s=40,828 eta=7860.205631028279
step=5182 tokens=679215104/1000000000 loss=3.2427 lr=3.18e-05 tok/s=40,985 eta=7826.801624500717
step=5183 tokens=679346176/1000000000 loss=3.2414 lr=3.18e-05 tok/s=40,958 eta=7828.921526809351
step=5184 tokens=679477248/1000000000 loss=3.3898 lr=3.17e-05 tok/s=40,906 eta=7835.672943085394
step=5185 tokens=679608320/1000000000 loss=3.0270 lr=3.17e-05 tok/s=40,978 eta=7818.6659062946155
step=5186 tokens=679739392/1000000000 loss=3.1889 lr=3.17e-05 tok/s=40,951 eta=7820.544127136641
step=5187 tokens=679870464/1000000000 loss=3.2058 lr=3.17e-05 tok/s=41,001 eta=7807.811813550039
step=5188 tokens=680001536/1000000000 loss=3.4030 lr=3.17e-05 tok/s=29,715 eta=10768.955996774908
step=5189 tokens=680132608/1000000000 loss=3.2958 lr=3.17e-05 tok/s=40,915 eta=7817.906150512501
step=5190 tokens=680263680/1000000000 loss=3.0879 lr=3.16e-05 tok/s=41,021 eta=7794.427010043019
step=5191 tokens=680394752/1000000000 loss=3.2474 lr=3.16e-05 tok/s=41,008 eta=7793.793669424585
step=5192 tokens=680525824/1000000000 loss=3.2713 lr=3.16e-05 tok/s=40,804 eta=7829.503311594559
step=5193 tokens=680656896/1000000000 loss=3.3308 lr=3.16e-05 tok/s=40,958 eta=7796.91429773497
step=5194 tokens=680787968/1000000000 loss=3.2502 lr=3.16e-05 tok/s=41,115 eta=7763.839721733193
step=5195 tokens=680919040/1000000000 loss=3.2833 lr=3.16e-05 tok/s=41,135 eta=7756.954753873317
step=5196 tokens=681050112/1000000000 loss=3.3020 lr=3.15e-05 tok/s=41,094 eta=7761.426533589103
step=5197 tokens=681181184/1000000000 loss=3.2455 lr=3.15e-05 tok/s=41,217 eta=7735.0396946441
step=5198 tokens=681312256/1000000000 loss=3.2231 lr=3.15e-05 tok/s=40,895 eta=7792.817205804985
step=5199 tokens=681443328/1000000000 loss=3.3088 lr=3.15e-05 tok/s=40,958 eta=7777.553432847292
step=5200 tokens=681574400/1000000000 loss=3.3103 lr=3.15e-05 tok/s=41,031 eta=7760.645247952028
step=5201 tokens=681705472/1000000000 loss=3.1986 lr=3.15e-05 tok/s=40,825 eta=7796.528155620551
step=5202 tokens=681836544/1000000000 loss=3.2664 lr=3.14e-05 tok/s=41,085 eta=7744.050371684495
step=5203 tokens=681967616/1000000000 loss=3.0944 lr=3.14e-05 tok/s=41,093 eta=7739.250572079479
step=5204 tokens=682098688/1000000000 loss=3.1215 lr=3.14e-05 tok/s=41,117 eta=7731.54466708814
step=5205 tokens=682229760/1000000000 loss=3.3461 lr=3.14e-05 tok/s=41,122 eta=7727.482205634432
step=5206 tokens=682360832/1000000000 loss=3.3758 lr=3.14e-05 tok/s=40,980 eta=7751.075005780432
step=5207 tokens=682491904/1000000000 loss=3.1812 lr=3.14e-05 tok/s=40,970 eta=7749.683762210939
step=5208 tokens=682622976/1000000000 loss=3.1984 lr=3.13e-05 tok/s=41,174 eta=7708.1494723886935
step=5209 tokens=682754048/1000000000 loss=3.2112 lr=3.13e-05 tok/s=40,861 eta=7764.097976388826
step=5210 tokens=682885120/1000000000 loss=3.2067 lr=3.13e-05 tok/s=40,988 eta=7736.7716857440355
step=5211 tokens=683016192/1000000000 loss=3.1875 lr=3.13e-05 tok/s=41,031 eta=7725.550684304855
step=5212 tokens=683147264/1000000000 loss=3.2315 lr=3.13e-05 tok/s=40,668 eta=7791.145961548943
step=5213 tokens=683278336/1000000000 loss=3.3911 lr=3.13e-05 tok/s=40,777 eta=7767.223219754377
step=5214 tokens=683409408/1000000000 loss=3.2321 lr=3.13e-05 tok/s=40,928 eta=7735.264557351606
step=5215 tokens=683540480/1000000000 loss=3.2104 lr=3.12e-05 tok/s=40,851 eta=7746.633341776145
step=5216 tokens=683671552/1000000000 loss=3.2499 lr=3.12e-05 tok/s=40,783 eta=7756.289351257883
step=5217 tokens=683802624/1000000000 loss=3.2486 lr=3.12e-05 tok/s=40,824 eta=7745.352149710054
step=5218 tokens=683933696/1000000000 loss=3.3444 lr=3.12e-05 tok/s=40,791 eta=7748.369814404715
step=5219 tokens=684064768/1000000000 loss=3.2355 lr=3.12e-05 tok/s=40,894 eta=7725.699675405095
step=5220 tokens=684195840/1000000000 loss=3.0383 lr=3.12e-05 tok/s=40,601 eta=7778.184829492618
step=5221 tokens=684326912/1000000000 loss=3.1543 lr=3.11e-05 tok/s=40,847 eta=7728.243087500615
step=5222 tokens=684457984/1000000000 loss=3.0186 lr=3.11e-05 tok/s=40,847 eta=7725.027057589227
step=5223 tokens=684589056/1000000000 loss=3.2166 lr=3.11e-05 tok/s=40,942 eta=7703.854211972754
step=5224 tokens=684720128/1000000000 loss=3.2765 lr=3.11e-05 tok/s=40,629 eta=7759.972698958276
step=5225 tokens=684851200/1000000000 loss=3.0908 lr=3.11e-05 tok/s=40,694 eta=7744.358218715524
step=5226 tokens=684982272/1000000000 loss=3.3849 lr=3.11e-05 tok/s=40,736 eta=7733.24765556674
step=5227 tokens=685113344/1000000000 loss=3.2333 lr=3.1e-05 tok/s=40,886 eta=7701.523196905318
step=5228 tokens=685244416/1000000000 loss=3.2171 lr=3.1e-05 tok/s=40,927 eta=7690.568830849263
step=5229 tokens=685375488/1000000000 loss=3.3822 lr=3.1e-05 tok/s=40,835 eta=7704.816318569608
step=5230 tokens=685506560/1000000000 loss=3.2919 lr=3.1e-05 tok/s=40,776 eta=7712.672820764302
step=5231 tokens=685637632/1000000000 loss=3.1863 lr=3.1e-05 tok/s=40,885 eta=7688.901384831746
step=5232 tokens=685768704/1000000000 loss=3.4067 lr=3.1e-05 tok/s=40,958 eta=7672.090466119591
step=5233 tokens=685899776/1000000000 loss=3.2362 lr=3.09e-05 tok/s=40,787 eta=7700.924182544832
step=5234 tokens=686030848/1000000000 loss=3.4085 lr=3.09e-05 tok/s=40,896 eta=7677.325278039968
step=5235 tokens=686161920/1000000000 loss=3.1733 lr=3.09e-05 tok/s=40,889 eta=7675.384267072085
step=5236 tokens=686292992/1000000000 loss=3.1876 lr=3.09e-05 tok/s=40,799 eta=7689.093499834351
step=5237 tokens=686424064/1000000000 loss=3.2656 lr=3.09e-05 tok/s=40,955 eta=7656.557944609272
step=5238 tokens=686555136/1000000000 loss=3.3020 lr=3.09e-05 tok/s=40,825 eta=7677.707155890706
step=5239 tokens=686686208/1000000000 loss=3.1388 lr=3.09e-05 tok/s=40,783 eta=7682.474032083856
step=5240 tokens=686817280/1000000000 loss=3.1438 lr=3.08e-05 tok/s=40,850 eta=7666.583468440817
step=5241 tokens=686948352/1000000000 loss=3.2612 lr=3.08e-05 tok/s=40,928 eta=7648.923294780849
checkpoint saved: runs/20260906-225321/checkpoints/step_000005241 (time)
step=5242 tokens=687079424/1000000000 loss=3.3183 lr=3.08e-05 tok/s=35,941 eta=8706.447080366443
step=5243 tokens=687210496/1000000000 loss=3.1333 lr=3.08e-05 tok/s=40,971 eta=7634.370147404893
step=5244 tokens=687341568/1000000000 loss=3.2545 lr=3.08e-05 tok/s=40,840 eta=7655.666127842889
step=5245 tokens=687472640/1000000000 loss=3.2113 lr=3.08e-05 tok/s=40,756 eta=7668.214412437583
step=5246 tokens=687603712/1000000000 loss=3.2220 lr=3.07e-05 tok/s=40,910 eta=7636.271059523588
step=5247 tokens=687734784/1000000000 loss=3.1852 lr=3.07e-05 tok/s=40,931 eta=7629.080027053168
step=5248 tokens=687865856/1000000000 loss=3.2330 lr=3.07e-05 tok/s=41,021 eta=7609.089114541454
step=5249 tokens=687996928/1000000000 loss=3.2869 lr=3.07e-05 tok/s=40,928 eta=7623.222560402978
step=5250 tokens=688128000/1000000000 loss=3.2799 lr=3.07e-05 tok/s=41,128 eta=7582.874131701259
step=5251 tokens=688259072/1000000000 loss=3.3198 lr=3.07e-05 tok/s=41,080 eta=7588.591977074154
step=5252 tokens=688390144/1000000000 loss=3.3163 lr=3.06e-05 tok/s=41,033 eta=7594.1767366684235
step=5253 tokens=688521216/1000000000 loss=3.2577 lr=3.06e-05 tok/s=41,124 eta=7574.100547534494
step=5254 tokens=688652288/1000000000 loss=3.2914 lr=3.06e-05 tok/s=41,220 eta=7553.307864138379
step=5255 tokens=688783360/1000000000 loss=3.3555 lr=3.06e-05 tok/s=41,024 eta=7586.144050997633
step=5256 tokens=688914432/1000000000 loss=3.3154 lr=3.06e-05 tok/s=41,081 eta=7572.581228747092
step=5257 tokens=689045504/1000000000 loss=3.2053 lr=3.06e-05 tok/s=41,251 eta=7538.18700251716
step=5258 tokens=689176576/1000000000 loss=3.3551 lr=3.06e-05 tok/s=41,163 eta=7550.957190479204
step=5259 tokens=689307648/1000000000 loss=3.4424 lr=3.05e-05 tok/s=41,317 eta=7519.757332189158
step=5260 tokens=689438720/1000000000 loss=3.1030 lr=3.05e-05 tok/s=41,108 eta=7554.80078440369
step=5261 tokens=689569792/1000000000 loss=3.1592 lr=3.05e-05 tok/s=41,097 eta=7553.6894336966725
step=5262 tokens=689700864/1000000000 loss=3.0745 lr=3.05e-05 tok/s=41,116 eta=7546.851647084938
step=5263 tokens=689831936/1000000000 loss=3.1346 lr=3.05e-05 tok/s=41,167 eta=7534.353777237225
step=5264 tokens=689963008/1000000000 loss=3.1969 lr=3.05e-05 tok/s=41,052 eta=7552.276509596641
step=5265 tokens=690094080/1000000000 loss=3.2803 lr=3.04e-05 tok/s=29,473 eta=10514.758810000554
step=5266 tokens=690225152/1000000000 loss=3.1808 lr=3.04e-05 tok/s=40,830 eta=7586.976313714596
step=5267 tokens=690356224/1000000000 loss=3.0999 lr=3.04e-05 tok/s=40,996 eta=7553.101546854871
step=5268 tokens=690487296/1000000000 loss=3.2880 lr=3.04e-05 tok/s=40,937 eta=7560.6859155137245
step=5269 tokens=690618368/1000000000 loss=3.2214 lr=3.04e-05 tok/s=40,909 eta=7562.648483742012
step=5270 tokens=690749440/1000000000 loss=3.2462 lr=3.04e-05 tok/s=40,942 eta=7553.348851121505
step=5271 tokens=690880512/1000000000 loss=3.2166 lr=3.03e-05 tok/s=41,064 eta=7527.749117890882
step=5272 tokens=691011584/1000000000 loss=3.3134 lr=3.03e-05 tok/s=41,031 eta=7530.554370422264
step=5273 tokens=691142656/1000000000 loss=3.2081 lr=3.03e-05 tok/s=40,852 eta=7560.340686039326
step=5274 tokens=691273728/1000000000 loss=3.3086 lr=3.03e-05 tok/s=40,853 eta=7557.052703881561
step=5275 tokens=691404800/1000000000 loss=3.3379 lr=3.03e-05 tok/s=40,808 eta=7562.170505022106
step=5276 tokens=691535872/1000000000 loss=3.1972 lr=3.03e-05 tok/s=40,875 eta=7546.460015292594
step=5277 tokens=691666944/1000000000 loss=3.1156 lr=3.02e-05 tok/s=40,941 eta=7531.167480781608
step=5278 tokens=691798016/1000000000 loss=3.3405 lr=3.02e-05 tok/s=40,771 eta=7559.281950263004
step=5279 tokens=691929088/1000000000 loss=3.1235 lr=3.02e-05 tok/s=40,906 eta=7531.264439397153
step=5280 tokens=692060160/1000000000 loss=3.2544 lr=3.02e-05 tok/s=41,077 eta=7496.705326622845
step=5281 tokens=692191232/1000000000 loss=3.1489 lr=3.02e-05 tok/s=41,068 eta=7495.0304139112095
step=5282 tokens=692322304/1000000000 loss=3.2322 lr=3.02e-05 tok/s=41,048 eta=7495.51281526894
step=5283 tokens=692453376/1000000000 loss=3.3217 lr=3.02e-05 tok/s=40,996 eta=7501.919524890262
step=5284 tokens=692584448/1000000000 loss=3.2546 lr=3.01e-05 tok/s=40,745 eta=7544.900708950837
step=5285 tokens=692715520/1000000000 loss=3.1946 lr=3.01e-05 tok/s=40,918 eta=7509.825395136595
step=5286 tokens=692846592/1000000000 loss=3.2336 lr=3.01e-05 tok/s=41,009 eta=7489.913697277663
step=5287 tokens=692977664/1000000000 loss=3.2629 lr=3.01e-05 tok/s=41,212 eta=7449.7849088242265
step=5288 tokens=693108736/1000000000 loss=3.3243 lr=3.01e-05 tok/s=41,313 eta=7428.464362536978
step=5289 tokens=693239808/1000000000 loss=3.3020 lr=3.01e-05 tok/s=41,086 eta=7466.259389337835
step=5290 tokens=693370880/1000000000 loss=3.3486 lr=3e-05 tok/s=41,096 eta=7461.288557546715
step=5291 tokens=693501952/1000000000 loss=3.1249 lr=3e-05 tok/s=41,029 eta=7470.295387908375
step=5292 tokens=693633024/1000000000 loss=3.2432 lr=3e-05 tok/s=41,035 eta=7465.996850408402
step=5293 tokens=693764096/1000000000 loss=3.2603 lr=3e-05 tok/s=40,815 eta=7502.99421547343
step=5294 tokens=693895168/1000000000 loss=3.2806 lr=3e-05 tok/s=41,006 eta=7464.899330756822
step=5295 tokens=694026240/1000000000 loss=3.3209 lr=3e-05 tok/s=40,985 eta=7465.557790849823
step=5296 tokens=694157312/1000000000 loss=3.1836 lr=3e-05 tok/s=40,921 eta=7474.05411992349
step=5297 tokens=694288384/1000000000 loss=3.1707 lr=2.99e-05 tok/s=40,645 eta=7521.4674698210865
step=5298 tokens=694419456/1000000000 loss=3.2705 lr=2.99e-05 tok/s=40,686 eta=7510.791390853818
step=5299 tokens=694550528/1000000000 loss=3.1485 lr=2.99e-05 tok/s=40,721 eta=7501.019789162873
step=5300 tokens=694681600/1000000000 loss=3.1918 lr=2.99e-05 tok/s=40,648 eta=7511.2107006747065
step=5301 tokens=694812672/1000000000 loss=3.1787 lr=2.99e-05 tok/s=40,682 eta=7501.710473437471
step=5302 tokens=694943744/1000000000 loss=3.3561 lr=2.99e-05 tok/s=40,857 eta=7466.455822175436
step=5303 tokens=695074816/1000000000 loss=3.2192 lr=2.98e-05 tok/s=40,788 eta=7475.93325333103
step=5304 tokens=695205888/1000000000 loss=3.1954 lr=2.98e-05 tok/s=40,797 eta=7470.98115141302
step=5305 tokens=695336960/1000000000 loss=3.2551 lr=2.98e-05 tok/s=40,769 eta=7472.889226313905
step=5306 tokens=695468032/1000000000 loss=3.1559 lr=2.98e-05 tok/s=40,920 eta=7442.07374040428
step=5307 tokens=695599104/1000000000 loss=3.3042 lr=2.98e-05 tok/s=40,906 eta=7441.468903854784
step=5308 tokens=695730176/1000000000 loss=3.2949 lr=2.98e-05 tok/s=40,935 eta=7433.04675506338
step=5309 tokens=695861248/1000000000 loss=3.1979 lr=2.97e-05 tok/s=40,941 eta=7428.782032706435
step=5310 tokens=695992320/1000000000 loss=3.1998 lr=2.97e-05 tok/s=40,750 eta=7460.379271054656
step=5311 tokens=696123392/1000000000 loss=3.2730 lr=2.97e-05 tok/s=41,008 eta=7410.137773968327
step=5312 tokens=696254464/1000000000 loss=3.2123 lr=2.97e-05 tok/s=40,972 eta=7413.469250626284
step=5313 tokens=696385536/1000000000 loss=3.2372 lr=2.97e-05 tok/s=41,041 eta=7397.840924299956
step=5314 tokens=696516608/1000000000 loss=3.2687 lr=2.97e-05 tok/s=40,953 eta=7410.56183918245
step=5315 tokens=696647680/1000000000 loss=3.2523 lr=2.97e-05 tok/s=40,915 eta=7414.270143833962
step=5316 tokens=696778752/1000000000 loss=3.2089 lr=2.96e-05 tok/s=40,992 eta=7397.088991326897
step=5317 tokens=696909824/1000000000 loss=3.2758 lr=2.96e-05 tok/s=41,114 eta=7372.010187814849
step=5318 tokens=697040896/1000000000 loss=3.1230 lr=2.96e-05 tok/s=40,882 eta=7410.629097217933
step=5319 tokens=697171968/1000000000 loss=3.3439 lr=2.96e-05 tok/s=40,900 eta=7404.076687432158
step=5320 tokens=697303040/1000000000 loss=3.2045 lr=2.96e-05 tok/s=40,923 eta=7396.683130007508
step=5321 tokens=697434112/1000000000 loss=3.1866 lr=2.96e-05 tok/s=40,861 eta=7404.800842265325
step=5322 tokens=697565184/1000000000 loss=3.2544 lr=2.95e-05 tok/s=40,781 eta=7416.06095197282
step=5323 tokens=697696256/1000000000 loss=3.2648 lr=2.95e-05 tok/s=40,833 eta=7403.3836979184825
step=5324 tokens=697827328/1000000000 loss=3.2457 lr=2.95e-05 tok/s=40,702 eta=7423.938013343385
step=5325 tokens=697958400/1000000000 loss=3.1601 lr=2.95e-05 tok/s=40,853 eta=7393.455636865716
step=5326 tokens=698089472/1000000000 loss=3.1646 lr=2.95e-05 tok/s=40,698 eta=7418.3134546292795
step=5327 tokens=698220544/1000000000 loss=3.2319 lr=2.95e-05 tok/s=40,844 eta=7388.5857451662405
step=5328 tokens=698351616/1000000000 loss=3.1856 lr=2.95e-05 tok/s=40,878 eta=7379.306386549908
step=5329 tokens=698482688/1000000000 loss=3.2864 lr=2.94e-05 tok/s=40,634 eta=7420.381643389598
step=5330 tokens=698613760/1000000000 loss=3.0728 lr=2.94e-05 tok/s=40,672 eta=7410.254088069422
step=5331 tokens=698744832/1000000000 loss=3.2708 lr=2.94e-05 tok/s=40,473 eta=7443.414286047956
step=5332 tokens=698875904/1000000000 loss=3.1646 lr=2.94e-05 tok/s=40,608 eta=7415.381945723061
step=5333 tokens=699006976/1000000000 loss=3.1528 lr=2.94e-05 tok/s=40,632 eta=7407.827837392182
step=5334 tokens=699138048/1000000000 loss=3.1547 lr=2.94e-05 tok/s=40,750 eta=7383.114882543849
step=5335 tokens=699269120/1000000000 loss=3.2843 lr=2.93e-05 tok/s=40,732 eta=7383.107768130166
step=5336 tokens=699400192/1000000000 loss=3.3176 lr=2.93e-05 tok/s=40,852 eta=7358.199666504988
step=5337 tokens=699531264/1000000000 loss=3.1321 lr=2.93e-05 tok/s=40,855 eta=7354.505238013982
step=5338 tokens=699662336/1000000000 loss=2.9989 lr=2.93e-05 tok/s=40,866 eta=7349.282289088017
step=5339 tokens=699793408/1000000000 loss=3.1400 lr=2.93e-05 tok/s=40,880 eta=7343.666791193943
step=5340 tokens=699924480/1000000000 loss=3.3309 lr=2.93e-05 tok/s=40,714 eta=7370.239481080036
step=5341 tokens=700055552/1000000000 loss=3.2276 lr=2.92e-05 tok/s=29,415 eta=10197.00954169256
checkpoint saved: runs/20260906-225321/checkpoints/tokens_000700m (permanent_tokens)
step=5342 tokens=700186624/1000000000 loss=3.3515 lr=2.92e-05 tok/s=36,000 eta=8328.105568859666
step=5343 tokens=700317696/1000000000 loss=3.2335 lr=2.92e-05 tok/s=40,812 eta=7342.960852318508
step=5344 tokens=700448768/1000000000 loss=3.3064 lr=2.92e-05 tok/s=40,757 eta=7349.765507089097
step=5345 tokens=700579840/1000000000 loss=3.2789 lr=2.92e-05 tok/s=40,778 eta=7342.723480028956
step=5346 tokens=700710912/1000000000 loss=3.2948 lr=2.92e-05 tok/s=40,716 eta=7350.560369153528
step=5347 tokens=700841984/1000000000 loss=3.3323 lr=2.92e-05 tok/s=40,881 eta=7317.759878702815
step=5348 tokens=700973056/1000000000 loss=3.3000 lr=2.91e-05 tok/s=40,797 eta=7329.564776282867
step=5349 tokens=701104128/1000000000 loss=3.3621 lr=2.91e-05 tok/s=40,760 eta=7333.151841648981
step=5350 tokens=701235200/1000000000 loss=3.2205 lr=2.91e-05 tok/s=40,720 eta=7336.997453517375
step=5351 tokens=701366272/1000000000 loss=3.2622 lr=2.91e-05 tok/s=40,791 eta=7321.1129355679295
step=5352 tokens=701497344/1000000000 loss=3.2397 lr=2.91e-05 tok/s=40,776 eta=7320.601133461242
step=5353 tokens=701628416/1000000000 loss=3.3377 lr=2.91e-05 tok/s=40,660 eta=7338.229946319697
step=5354 tokens=701759488/1000000000 loss=3.2365 lr=2.9e-05 tok/s=40,543 eta=7356.183002747178
step=5355 tokens=701890560/1000000000 loss=3.2773 lr=2.9e-05 tok/s=40,788 eta=7308.7064659842035
step=5356 tokens=702021632/1000000000 loss=3.3040 lr=2.9e-05 tok/s=40,869 eta=7291.022645428226
step=5357 tokens=702152704/1000000000 loss=3.2205 lr=2.9e-05 tok/s=40,774 eta=7304.757460758997
step=5358 tokens=702283776/1000000000 loss=3.2137 lr=2.9e-05 tok/s=40,684 eta=7317.8468101170765
step=5359 tokens=702414848/1000000000 loss=3.1825 lr=2.9e-05 tok/s=40,930 eta=7270.529043424434
step=5360 tokens=702545920/1000000000 loss=3.0626 lr=2.9e-05 tok/s=40,772 eta=7295.467413319198
step=5361 tokens=702676992/1000000000 loss=3.1667 lr=2.89e-05 tok/s=40,628 eta=7318.138632026389
step=5362 tokens=702808064/1000000000 loss=3.2407 lr=2.89e-05 tok/s=40,790 eta=7285.976159128401
step=5363 tokens=702939136/1000000000 loss=3.3276 lr=2.89e-05 tok/s=40,652 eta=7307.331789212075
step=5364 tokens=703070208/1000000000 loss=3.2379 lr=2.89e-05 tok/s=40,884 eta=7262.709143400571
step=5365 tokens=703201280/1000000000 loss=3.2993 lr=2.89e-05 tok/s=40,960 eta=7246.069202579766
step=5366 tokens=703332352/1000000000 loss=3.1510 lr=2.89e-05 tok/s=40,533 eta=7319.153587419204
step=5367 tokens=703463424/1000000000 loss=3.1869 lr=2.88e-05 tok/s=40,808 eta=7266.555647162858
step=5368 tokens=703594496/1000000000 loss=3.4401 lr=2.88e-05 tok/s=40,604 eta=7299.895781213977
step=5369 tokens=703725568/1000000000 loss=3.1396 lr=2.88e-05 tok/s=40,826 eta=7257.053789848362
step=5370 tokens=703856640/1000000000 loss=3.0722 lr=2.88e-05 tok/s=40,900 eta=7240.702668934869
step=5371 tokens=703987712/1000000000 loss=3.1630 lr=2.88e-05 tok/s=40,860 eta=7244.524258623616
step=5372 tokens=704118784/1000000000 loss=3.3468 lr=2.88e-05 tok/s=40,916 eta=7231.501776587061
step=5373 tokens=704249856/1000000000 loss=3.2380 lr=2.88e-05 tok/s=40,865 eta=7237.321914374787
step=5374 tokens=704380928/1000000000 loss=3.3405 lr=2.87e-05 tok/s=40,853 eta=7236.1870012669615
step=5375 tokens=704512000/1000000000 loss=3.1617 lr=2.87e-05 tok/s=40,840 eta=7235.314956803961
step=5376 tokens=704643072/1000000000 loss=3.2313 lr=2.87e-05 tok/s=40,838 eta=7232.419172910857
step=5377 tokens=704774144/1000000000 loss=3.0895 lr=2.87e-05 tok/s=41,125 eta=7178.692751091407
step=5378 tokens=704905216/1000000000 loss=3.2013 lr=2.87e-05 tok/s=41,185 eta=7165.1306758503415
step=5379 tokens=705036288/1000000000 loss=3.3124 lr=2.87e-05 tok/s=40,965 eta=7200.411718076073
step=5380 tokens=705167360/1000000000 loss=3.3024 lr=2.86e-05 tok/s=41,099 eta=7173.651188796459
step=5381 tokens=705298432/1000000000 loss=3.1202 lr=2.86e-05 tok/s=40,793 eta=7224.30415161657
step=5382 tokens=705429504/1000000000 loss=3.1531 lr=2.86e-05 tok/s=40,837 eta=7213.331271285896
step=5383 tokens=705560576/1000000000 loss=3.2156 lr=2.86e-05 tok/s=40,781 eta=7220.061246969229
step=5384 tokens=705691648/1000000000 loss=3.1991 lr=2.86e-05 tok/s=40,770 eta=7218.818243908504
step=5385 tokens=705822720/1000000000 loss=3.2353 lr=2.86e-05 tok/s=41,000 eta=7175.050621002584
step=5386 tokens=705953792/1000000000 loss=3.2941 lr=2.86e-05 tok/s=40,993 eta=7173.165392861935
step=5387 tokens=706084864/1000000000 loss=3.1569 lr=2.85e-05 tok/s=41,034 eta=7162.644675441025
step=5388 tokens=706215936/1000000000 loss=3.1892 lr=2.85e-05 tok/s=41,067 eta=7153.735359543089
step=5389 tokens=706347008/1000000000 loss=3.2869 lr=2.85e-05 tok/s=40,732 eta=7209.391823998399
step=5390 tokens=706478080/1000000000 loss=3.2880 lr=2.85e-05 tok/s=40,787 eta=7196.458592514348
step=5391 tokens=706609152/1000000000 loss=3.1730 lr=2.85e-05 tok/s=40,855 eta=7181.248697268681
step=5392 tokens=706740224/1000000000 loss=3.2428 lr=2.85e-05 tok/s=41,088 eta=7137.285404474525
step=5393 tokens=706871296/1000000000 loss=3.1647 lr=2.84e-05 tok/s=41,084 eta=7134.858763312508
step=5394 tokens=707002368/1000000000 loss=3.2242 lr=2.84e-05 tok/s=40,997 eta=7146.814904631656
step=5395 tokens=707133440/1000000000 loss=3.4410 lr=2.84e-05 tok/s=41,117 eta=7122.837656106095
step=5396 tokens=707264512/1000000000 loss=3.2097 lr=2.84e-05 tok/s=41,084 eta=7125.260125411868
step=5397 tokens=707395584/1000000000 loss=3.2981 lr=2.84e-05 tok/s=41,043 eta=7129.275295436896
step=5398 tokens=707526656/1000000000 loss=3.3012 lr=2.84e-05 tok/s=41,050 eta=7124.857496703017
step=5399 tokens=707657728/1000000000 loss=3.1402 lr=2.84e-05 tok/s=41,085 eta=7115.544581946064
step=5400 tokens=707788800/1000000000 loss=3.0820 lr=2.83e-05 tok/s=40,838 eta=7155.433685512978
step=5401 tokens=707919872/1000000000 loss=3.1769 lr=2.83e-05 tok/s=41,045 eta=7116.118661865936
step=5402 tokens=708050944/1000000000 loss=3.3738 lr=2.83e-05 tok/s=40,936 eta=7131.87393506517
step=5403 tokens=708182016/1000000000 loss=3.2682 lr=2.83e-05 tok/s=40,907 eta=7133.680724026483
step=5404 tokens=708313088/1000000000 loss=2.9426 lr=2.83e-05 tok/s=41,154 eta=7087.70057738051
step=5405 tokens=708444160/1000000000 loss=3.3970 lr=2.83e-05 tok/s=40,863 eta=7134.884461372049
step=5406 tokens=708575232/1000000000 loss=3.2967 lr=2.83e-05 tok/s=41,108 eta=7089.320646142623
step=5407 tokens=708706304/1000000000 loss=3.1313 lr=2.82e-05 tok/s=41,067 eta=7093.216303079803
step=5408 tokens=708837376/1000000000 loss=3.0437 lr=2.82e-05 tok/s=40,983 eta=7104.4112383987695
step=5409 tokens=708968448/1000000000 loss=3.2950 lr=2.82e-05 tok/s=40,996 eta=7098.94099906478
step=5410 tokens=709099520/1000000000 loss=3.1173 lr=2.82e-05 tok/s=41,104 eta=7077.1704123406535
step=5411 tokens=709230592/1000000000 loss=3.2329 lr=2.82e-05 tok/s=41,128 eta=7069.938812506233
step=5412 tokens=709361664/1000000000 loss=3.1114 lr=2.82e-05 tok/s=40,901 eta=7105.938986168322
step=5413 tokens=709492736/1000000000 loss=3.2412 lr=2.81e-05 tok/s=40,715 eta=7135.185709864803
step=5414 tokens=709623808/1000000000 loss=3.1167 lr=2.81e-05 tok/s=40,958 eta=7089.667773241235
step=5415 tokens=709754880/1000000000 loss=3.1724 lr=2.81e-05 tok/s=40,998 eta=7079.5634003770365
step=5416 tokens=709885952/1000000000 loss=3.3292 lr=2.81e-05 tok/s=40,781 eta=7114.026639059063
step=5417 tokens=710017024/1000000000 loss=3.3481 lr=2.81e-05 tok/s=29,398 eta=9864.17127915901
step=5418 tokens=710148096/1000000000 loss=3.2785 lr=2.81e-05 tok/s=40,909 eta=7085.246364682895
step=5419 tokens=710279168/1000000000 loss=3.3926 lr=2.81e-05 tok/s=41,264 eta=7021.201955155603
step=5420 tokens=710410240/1000000000 loss=3.1322 lr=2.8e-05 tok/s=41,258 eta=7019.06983773406
step=5421 tokens=710541312/1000000000 loss=3.2037 lr=2.8e-05 tok/s=41,033 eta=7054.316054134722
step=5422 tokens=710672384/1000000000 loss=3.2028 lr=2.8e-05 tok/s=40,999 eta=7057.020635272195
step=5423 tokens=710803456/1000000000 loss=3.3173 lr=2.8e-05 tok/s=40,870 eta=7076.011019613047
step=5424 tokens=710934528/1000000000 loss=3.1455 lr=2.8e-05 tok/s=40,925 eta=7063.298651641077
step=5425 tokens=711065600/1000000000 loss=3.3173 lr=2.8e-05 tok/s=40,939 eta=7057.682419985432
step=5426 tokens=711196672/1000000000 loss=3.2378 lr=2.79e-05 tok/s=40,928 eta=7056.460120246059
step=5427 tokens=711327744/1000000000 loss=3.1060 lr=2.79e-05 tok/s=40,867 eta=7063.748591487956
step=5428 tokens=711458816/1000000000 loss=3.3637 lr=2.79e-05 tok/s=40,919 eta=7051.491248909629
step=5429 tokens=711589888/1000000000 loss=3.3264 lr=2.79e-05 tok/s=41,034 eta=7028.534991148932
step=5430 tokens=711720960/1000000000 loss=3.1480 lr=2.79e-05 tok/s=40,926 eta=7043.932019808316
step=5431 tokens=711852032/1000000000 loss=3.3943 lr=2.79e-05 tok/s=40,838 eta=7055.957561844566
step=5432 tokens=711983104/1000000000 loss=3.3797 lr=2.79e-05 tok/s=41,041 eta=7017.78365509119
step=5433 tokens=712114176/1000000000 loss=3.2017 lr=2.78e-05 tok/s=41,023 eta=7017.666045803917
step=5434 tokens=712245248/1000000000 loss=3.3371 lr=2.78e-05 tok/s=40,819 eta=7049.535552504063
step=5435 tokens=712376320/1000000000 loss=3.3622 lr=2.78e-05 tok/s=40,786 eta=7052.082117834982
step=5436 tokens=712507392/1000000000 loss=3.2969 lr=2.78e-05 tok/s=40,737 eta=7057.2179383073035
step=5437 tokens=712638464/1000000000 loss=3.3834 lr=2.78e-05 tok/s=40,633 eta=7072.10249192963
step=5438 tokens=712769536/1000000000 loss=3.3553 lr=2.78e-05 tok/s=40,712 eta=7055.160323550543
step=5439 tokens=712900608/1000000000 loss=3.3938 lr=2.78e-05 tok/s=40,517 eta=7085.871603489422
step=5440 tokens=713031680/1000000000 loss=3.1957 lr=2.77e-05 tok/s=40,702 eta=7050.555388744807
step=5441 tokens=713162752/1000000000 loss=3.2617 lr=2.77e-05 tok/s=40,966 eta=7001.758012907991
step=5442 tokens=713293824/1000000000 loss=3.2122 lr=2.77e-05 tok/s=40,786 eta=7029.54594693705
step=5443 tokens=713424896/1000000000 loss=3.1768 lr=2.77e-05 tok/s=40,939 eta=6999.994445507477
step=5444 tokens=713555968/1000000000 loss=3.2000 lr=2.77e-05 tok/s=40,773 eta=7025.387541722614
step=5445 tokens=713687040/1000000000 loss=3.3434 lr=2.77e-05 tok/s=41,162 eta=6955.808445753777
step=5446 tokens=713818112/1000000000 loss=3.1387 lr=2.76e-05 tok/s=41,132 eta=6957.692458232834
step=5447 tokens=713949184/1000000000 loss=3.3509 lr=2.76e-05 tok/s=41,085 eta=6962.480486414891
step=5448 tokens=714080256/1000000000 loss=3.2247 lr=2.76e-05 tok/s=41,049 eta=6965.325661577234
step=5449 tokens=714211328/1000000000 loss=3.3428 lr=2.76e-05 tok/s=41,088 eta=6955.510018487288
step=5450 tokens=714342400/1000000000 loss=3.2587 lr=2.76e-05 tok/s=41,017 eta=6964.373596258298
step=5451 tokens=714473472/1000000000 loss=3.3584 lr=2.76e-05 tok/s=40,830 eta=6993.12280795132
step=5452 tokens=714604544/1000000000 loss=3.2847 lr=2.76e-05 tok/s=40,647 eta=7021.349508824573
step=5453 tokens=714735616/1000000000 loss=3.2147 lr=2.75e-05 tok/s=40,708 eta=7007.588943745178
step=5454 tokens=714866688/1000000000 loss=3.1361 lr=2.75e-05 tok/s=40,777 eta=6992.421554757128
step=5455 tokens=714997760/1000000000 loss=3.2829 lr=2.75e-05 tok/s=40,715 eta=6999.985294014368
step=5456 tokens=715128832/1000000000 loss=3.1264 lr=2.75e-05 tok/s=40,744 eta=6991.7127194327395
step=5457 tokens=715259904/1000000000 loss=3.2051 lr=2.75e-05 tok/s=40,816 eta=6976.254638285241
step=5458 tokens=715390976/1000000000 loss=3.4047 lr=2.75e-05 tok/s=40,826 eta=6971.243850748825
step=5459 tokens=715522048/1000000000 loss=3.3203 lr=2.75e-05 tok/s=41,015 eta=6935.944599098047
step=5460 tokens=715653120/1000000000 loss=3.1074 lr=2.74e-05 tok/s=40,947 eta=6944.22141847509
step=5461 tokens=715784192/1000000000 loss=3.1939 lr=2.74e-05 tok/s=41,051 eta=6923.5157441051915
step=5462 tokens=715915264/1000000000 loss=3.1865 lr=2.74e-05 tok/s=40,977 eta=6932.732665951235
step=5463 tokens=716046336/1000000000 loss=3.2459 lr=2.74e-05 tok/s=41,038 eta=6919.263162856794
step=5464 tokens=716177408/1000000000 loss=3.1336 lr=2.74e-05 tok/s=41,016 eta=6919.871573685778
step=5465 tokens=716308480/1000000000 loss=3.2143 lr=2.74e-05 tok/s=41,145 eta=6894.980775088906
step=5466 tokens=716439552/1000000000 loss=3.1557 lr=2.73e-05 tok/s=41,030 eta=6911.00726026592
step=5467 tokens=716570624/1000000000 loss=3.0144 lr=2.73e-05 tok/s=40,751 eta=6955.167699132256
step=5468 tokens=716701696/1000000000 loss=3.1876 lr=2.73e-05 tok/s=40,659 eta=6967.59420625125
step=5469 tokens=716832768/1000000000 loss=3.1888 lr=2.73e-05 tok/s=40,814 eta=6937.9661858690315
step=5470 tokens=716963840/1000000000 loss=3.2564 lr=2.73e-05 tok/s=40,796 eta=6937.759235395226
step=5471 tokens=717094912/1000000000 loss=3.3004 lr=2.73e-05 tok/s=40,677 eta=6954.91404105545
step=5472 tokens=717225984/1000000000 loss=3.2943 lr=2.73e-05 tok/s=40,816 eta=6928.02826052681
step=5473 tokens=717357056/1000000000 loss=3.2482 lr=2.72e-05 tok/s=41,111 eta=6875.068948962672
step=5474 tokens=717488128/1000000000 loss=3.2728 lr=2.72e-05 tok/s=41,003 eta=6890.0561969985365
step=5475 tokens=717619200/1000000000 loss=3.3140 lr=2.72e-05 tok/s=40,941 eta=6897.195620911717
step=5476 tokens=717750272/1000000000 loss=3.1266 lr=2.72e-05 tok/s=40,794 eta=6918.924680490511
step=5477 tokens=717881344/1000000000 loss=3.2009 lr=2.72e-05 tok/s=40,929 eta=6892.800300131772
step=5478 tokens=718012416/1000000000 loss=3.1991 lr=2.72e-05 tok/s=41,047 eta=6869.8791409268115
step=5479 tokens=718143488/1000000000 loss=3.2404 lr=2.72e-05 tok/s=40,626 eta=6937.756611448433
step=5480 tokens=718274560/1000000000 loss=3.1934 lr=2.71e-05 tok/s=40,890 eta=6889.891232849553
step=5481 tokens=718405632/1000000000 loss=3.2076 lr=2.71e-05 tok/s=40,571 eta=6940.826214846301
step=5482 tokens=718536704/1000000000 loss=3.1219 lr=2.71e-05 tok/s=40,930 eta=6876.720820979969
step=5483 tokens=718667776/1000000000 loss=3.1479 lr=2.71e-05 tok/s=40,937 eta=6872.285389663873
step=5484 tokens=718798848/1000000000 loss=3.0916 lr=2.71e-05 tok/s=40,790 eta=6893.892667693588
step=5485 tokens=718929920/1000000000 loss=3.1830 lr=2.71e-05 tok/s=40,933 eta=6866.508001413849
step=5486 tokens=719060992/1000000000 loss=3.2221 lr=2.7e-05 tok/s=40,833 eta=6880.133562351712
step=5487 tokens=719192064/1000000000 loss=3.2145 lr=2.7e-05 tok/s=40,649 eta=6908.1826699541
step=5488 tokens=719323136/1000000000 loss=3.1564 lr=2.7e-05 tok/s=40,928 eta=6857.784013149774
step=5489 tokens=719454208/1000000000 loss=3.0958 lr=2.7e-05 tok/s=40,956 eta=6849.873270117258
step=5490 tokens=719585280/1000000000 loss=3.2003 lr=2.7e-05 tok/s=40,748 eta=6881.600337738719
step=5491 tokens=719716352/1000000000 loss=3.1694 lr=2.7e-05 tok/s=41,029 eta=6831.349482161688
step=5492 tokens=719847424/1000000000 loss=3.2671 lr=2.7e-05 tok/s=40,951 eta=6841.2219046243
step=5493 tokens=719978496/1000000000 loss=3.3139 lr=2.69e-05 tok/s=40,654 eta=6887.864047731897
step=5494 tokens=720109568/1000000000 loss=3.2941 lr=2.69e-05 tok/s=29,435 eta=9508.688466180105
step=5495 tokens=720240640/1000000000 loss=3.2214 lr=2.69e-05 tok/s=40,746 eta=6866.0096354389125
step=5496 tokens=720371712/1000000000 loss=3.2266 lr=2.69e-05 tok/s=40,850 eta=6845.251831770264
step=5497 tokens=720502784/1000000000 loss=3.2421 lr=2.69e-05 tok/s=40,841 eta=6843.492227398802
step=5498 tokens=720633856/1000000000 loss=3.2100 lr=2.69e-05 tok/s=40,936 eta=6824.441994776318
step=5499 tokens=720764928/1000000000 loss=3.0244 lr=2.69e-05 tok/s=40,617 eta=6874.914043792348
step=5500 tokens=720896000/1000000000 loss=3.0422 lr=2.68e-05 tok/s=40,605 eta=6873.563415444849
step=5501 tokens=721027072/1000000000 loss=3.1096 lr=2.68e-05 tok/s=40,597 eta=6871.804976013843
step=5502 tokens=721158144/1000000000 loss=3.1370 lr=2.68e-05 tok/s=40,725 eta=6846.955642909362
step=5503 tokens=721289216/1000000000 loss=3.1637 lr=2.68e-05 tok/s=41,016 eta=6795.204486543851
step=5504 tokens=721420288/1000000000 loss=3.3249 lr=2.68e-05 tok/s=40,728 eta=6840.014452896376
step=5505 tokens=721551360/1000000000 loss=3.1868 lr=2.68e-05 tok/s=40,975 eta=6795.548045409255
step=5506 tokens=721682432/1000000000 loss=3.2282 lr=2.68e-05 tok/s=40,798 eta=6821.80120802081
step=5507 tokens=721813504/1000000000 loss=3.0440 lr=2.67e-05 tok/s=40,786 eta=6820.607419475812
step=5508 tokens=721944576/1000000000 loss=3.3300 lr=2.67e-05 tok/s=40,671 eta=6836.7050163559215
step=5509 tokens=722075648/1000000000 loss=3.2667 lr=2.67e-05 tok/s=40,801 eta=6811.693239038785
step=5510 tokens=722206720/1000000000 loss=3.2803 lr=2.67e-05 tok/s=40,950 eta=6783.720977054919
step=5511 tokens=722337792/1000000000 loss=3.2441 lr=2.67e-05 tok/s=41,029 eta=6767.458667496238
step=5512 tokens=722468864/1000000000 loss=3.2718 lr=2.67e-05 tok/s=41,124 eta=6748.716573175959
step=5513 tokens=722599936/1000000000 loss=3.2045 lr=2.67e-05 tok/s=41,201 eta=6732.913310558507
step=5514 tokens=722731008/1000000000 loss=3.3848 lr=2.66e-05 tok/s=40,986 eta=6765.006484858703
step=5515 tokens=722862080/1000000000 loss=3.3859 lr=2.66e-05 tok/s=40,974 eta=6763.7259925252065
step=5516 tokens=722993152/1000000000 loss=3.2503 lr=2.66e-05 tok/s=40,685 eta=6808.6074741048815
step=5517 tokens=723124224/1000000000 loss=3.1360 lr=2.66e-05 tok/s=40,904 eta=6768.844468587049
step=5518 tokens=723255296/1000000000 loss=3.2839 lr=2.66e-05 tok/s=40,977 eta=6753.616025532371
step=5519 tokens=723386368/1000000000 loss=3.1320 lr=2.66e-05 tok/s=41,030 eta=6741.731901525161
step=5520 tokens=723517440/1000000000 loss=3.2271 lr=2.65e-05 tok/s=40,877 eta=6763.814539447431
step=5521 tokens=723648512/1000000000 loss=3.2963 lr=2.65e-05 tok/s=40,940 eta=6750.218927066584
step=5522 tokens=723779584/1000000000 loss=3.1992 lr=2.65e-05 tok/s=41,055 eta=6728.09738936186
step=5523 tokens=723910656/1000000000 loss=3.2962 lr=2.65e-05 tok/s=40,998 eta=6734.173783311969
step=5524 tokens=724041728/1000000000 loss=3.0251 lr=2.65e-05 tok/s=41,037 eta=6724.618666818144
step=5525 tokens=724172800/1000000000 loss=3.2149 lr=2.65e-05 tok/s=40,941 eta=6737.118581685181
step=5526 tokens=724303872/1000000000 loss=3.1301 lr=2.65e-05 tok/s=41,129 eta=6703.1836726354895
step=5527 tokens=724434944/1000000000 loss=3.2287 lr=2.64e-05 tok/s=41,341 eta=6665.645384961826
step=5528 tokens=724566016/1000000000 loss=3.3216 lr=2.64e-05 tok/s=41,096 eta=6702.190872170106
step=5529 tokens=724697088/1000000000 loss=3.2668 lr=2.64e-05 tok/s=41,129 eta=6693.679793418286
step=5530 tokens=724828160/1000000000 loss=3.3778 lr=2.64e-05 tok/s=41,087 eta=6697.226038709564
step=5531 tokens=724959232/1000000000 loss=3.2450 lr=2.64e-05 tok/s=41,135 eta=6686.216693012645
step=5532 tokens=725090304/1000000000 loss=3.2441 lr=2.64e-05 tok/s=40,967 eta=6710.520053403969
step=5533 tokens=725221376/1000000000 loss=3.2215 lr=2.64e-05 tok/s=41,134 eta=6680.062098198372
step=5534 tokens=725352448/1000000000 loss=3.2776 lr=2.63e-05 tok/s=41,157 eta=6673.18713926302
step=5535 tokens=725483520/1000000000 loss=3.1045 lr=2.63e-05 tok/s=41,173 eta=6667.459669622003
step=5536 tokens=725614592/1000000000 loss=3.1925 lr=2.63e-05 tok/s=41,175 eta=6663.949110984451
step=5537 tokens=725745664/1000000000 loss=3.2240 lr=2.63e-05 tok/s=41,278 eta=6644.00653506023
step=5538 tokens=725876736/1000000000 loss=3.3255 lr=2.63e-05 tok/s=41,330 eta=6632.519525113842
step=5539 tokens=726007808/1000000000 loss=3.1882 lr=2.63e-05 tok/s=40,994 eta=6683.679591316876
step=5540 tokens=726138880/1000000000 loss=3.2617 lr=2.63e-05 tok/s=40,931 eta=6690.835899436829
step=5541 tokens=726269952/1000000000 loss=3.3117 lr=2.62e-05 tok/s=41,273 eta=6632.212704998184
step=5542 tokens=726401024/1000000000 loss=3.2716 lr=2.62e-05 tok/s=40,995 eta=6673.975875817153
step=5543 tokens=726532096/1000000000 loss=3.2871 lr=2.62e-05 tok/s=41,028 eta=6665.376411338873
step=5544 tokens=726663168/1000000000 loss=3.2519 lr=2.62e-05 tok/s=41,004 eta=6666.039777751504
step=5545 tokens=726794240/1000000000 loss=3.2492 lr=2.62e-05 tok/s=40,677 eta=6716.537369423573
step=5546 tokens=726925312/1000000000 loss=3.2519 lr=2.62e-05 tok/s=40,944 eta=6669.433254672759
step=5547 tokens=727056384/1000000000 loss=3.2779 lr=2.62e-05 tok/s=41,065 eta=6646.6030575855675
step=5548 tokens=727187456/1000000000 loss=3.1303 lr=2.61e-05 tok/s=41,042 eta=6647.188241902034
step=5549 tokens=727318528/1000000000 loss=3.3900 lr=2.61e-05 tok/s=40,987 eta=6652.814643558762
step=5550 tokens=727449600/1000000000 loss=3.3399 lr=2.61e-05 tok/s=40,891 eta=6665.26321272666
step=5551 tokens=727580672/1000000000 loss=3.1925 lr=2.61e-05 tok/s=41,249 eta=6604.275484014001
step=5552 tokens=727711744/1000000000 loss=3.2379 lr=2.61e-05 tok/s=40,982 eta=6644.096569173082
step=5553 tokens=727842816/1000000000 loss=3.2959 lr=2.61e-05 tok/s=41,089 eta=6623.533009977134
step=5554 tokens=727973888/1000000000 loss=3.0753 lr=2.61e-05 tok/s=41,131 eta=6613.7299073234
step=5555 tokens=728104960/1000000000 loss=3.2075 lr=2.6e-05 tok/s=41,055 eta=6622.73372841052
step=5556 tokens=728236032/1000000000 loss=3.3570 lr=2.6e-05 tok/s=41,311 eta=6578.497582727225
step=5557 tokens=728367104/1000000000 loss=3.1610 lr=2.6e-05 tok/s=41,149 eta=6601.246516766225
step=5558 tokens=728498176/1000000000 loss=3.1874 lr=2.6e-05 tok/s=41,211 eta=6588.104455646602
step=5559 tokens=728629248/1000000000 loss=3.2859 lr=2.6e-05 tok/s=41,250 eta=6578.749302171262
step=5560 tokens=728760320/1000000000 loss=3.2075 lr=2.6e-05 tok/s=41,122 eta=6595.897650797464
step=5561 tokens=728891392/1000000000 loss=3.2717 lr=2.6e-05 tok/s=41,089 eta=6598.139277952889
step=5562 tokens=729022464/1000000000 loss=3.3239 lr=2.59e-05 tok/s=41,149 eta=6585.278827504281
step=5563 tokens=729153536/1000000000 loss=3.1319 lr=2.59e-05 tok/s=41,114 eta=6587.699437516628
step=5564 tokens=729284608/1000000000 loss=3.2382 lr=2.59e-05 tok/s=41,149 eta=6578.909645755166
step=5565 tokens=729415680/1000000000 loss=3.1769 lr=2.59e-05 tok/s=40,862 eta=6621.940788478859
step=5566 tokens=729546752/1000000000 loss=3.3433 lr=2.59e-05 tok/s=40,703 eta=6644.541736563813
step=5567 tokens=729677824/1000000000 loss=3.2465 lr=2.59e-05 tok/s=41,034 eta=6587.731502310445
step=5568 tokens=729808896/1000000000 loss=3.1101 lr=2.59e-05 tok/s=41,106 eta=6572.99280589094
step=5569 tokens=729939968/1000000000 loss=3.1824 lr=2.58e-05 tok/s=41,152 eta=6562.448218051408
step=5570 tokens=730071040/1000000000 loss=3.2157 lr=2.58e-05 tok/s=29,804 eta=9056.694729501933
step=5571 tokens=730202112/1000000000 loss=3.3076 lr=2.58e-05 tok/s=40,624 eta=6641.295224268475
step=5572 tokens=730333184/1000000000 loss=3.3160 lr=2.58e-05 tok/s=40,755 eta=6616.784620027896
step=5573 tokens=730464256/1000000000 loss=3.1752 lr=2.58e-05 tok/s=40,770 eta=6611.178240014688
step=5574 tokens=730595328/1000000000 loss=3.2388 lr=2.58e-05 tok/s=40,717 eta=6616.438194389548
step=5575 tokens=730726400/1000000000 loss=3.3094 lr=2.58e-05 tok/s=40,997 eta=6568.118251149897
step=5576 tokens=730857472/1000000000 loss=3.1591 lr=2.57e-05 tok/s=40,745 eta=6605.592882043913
step=5577 tokens=730988544/1000000000 loss=3.3102 lr=2.57e-05 tok/s=40,841 eta=6586.723789939361
step=5578 tokens=731119616/1000000000 loss=3.4239 lr=2.57e-05 tok/s=40,848 eta=6582.534658061219
step=5579 tokens=731250688/1000000000 loss=3.3414 lr=2.57e-05 tok/s=40,937 eta=6565.002054693574
step=5580 tokens=731381760/1000000000 loss=3.3187 lr=2.57e-05 tok/s=40,607 eta=6615.041684965909
step=5581 tokens=731512832/1000000000 loss=3.1429 lr=2.57e-05 tok/s=40,778 eta=6584.102395852898
step=5582 tokens=731643904/1000000000 loss=3.2203 lr=2.56e-05 tok/s=40,867 eta=6566.527726690248
step=5583 tokens=731774976/1000000000 loss=3.3472 lr=2.56e-05 tok/s=41,015 eta=6539.682290834605
step=5584 tokens=731906048/1000000000 loss=3.2731 lr=2.56e-05 tok/s=40,870 eta=6559.688450806535
step=5585 tokens=732037120/1000000000 loss=3.0874 lr=2.56e-05 tok/s=40,929 eta=6547.000097115963
step=5586 tokens=732168192/1000000000 loss=3.2152 lr=2.56e-05 tok/s=40,801 eta=6564.312933928519
step=5587 tokens=732299264/1000000000 loss=3.3315 lr=2.56e-05 tok/s=40,924 eta=6541.39336308872
step=5588 tokens=732430336/1000000000 loss=3.2150 lr=2.56e-05 tok/s=40,964 eta=6531.882288681635
step=5589 tokens=732561408/1000000000 loss=3.2248 lr=2.55e-05 tok/s=40,822 eta=6551.280215832439
step=5590 tokens=732692480/1000000000 loss=3.1937 lr=2.55e-05 tok/s=40,940 eta=6529.29674108403
step=5591 tokens=732823552/1000000000 loss=3.1152 lr=2.55e-05 tok/s=41,007 eta=6515.327401343101
step=5592 tokens=732954624/1000000000 loss=3.0980 lr=2.55e-05 tok/s=40,849 eta=6537.336726433797
step=5593 tokens=733085696/1000000000 loss=3.2568 lr=2.55e-05 tok/s=41,006 eta=6509.189038409735
step=5594 tokens=733216768/1000000000 loss=3.2054 lr=2.55e-05 tok/s=40,920 eta=6519.676184899425
step=5595 tokens=733347840/1000000000 loss=3.2361 lr=2.55e-05 tok/s=40,925 eta=6515.644038382305
step=5596 tokens=733478912/1000000000 loss=3.3808 lr=2.54e-05 tok/s=40,902 eta=6516.05143223973
step=5597 tokens=733609984/1000000000 loss=3.2430 lr=2.54e-05 tok/s=40,911 eta=6511.5010656365785
step=5598 tokens=733741056/1000000000 loss=3.2411 lr=2.54e-05 tok/s=40,774 eta=6530.195304665443
step=5599 tokens=733872128/1000000000 loss=3.3465 lr=2.54e-05 tok/s=41,040 eta=6484.576004147999
step=5600 tokens=734003200/1000000000 loss=3.1966 lr=2.54e-05 tok/s=40,921 eta=6500.231122666176
step=5601 tokens=734134272/1000000000 loss=3.1342 lr=2.54e-05 tok/s=40,928 eta=6495.999143437128
step=5602 tokens=734265344/1000000000 loss=3.2874 lr=2.54e-05 tok/s=40,972 eta=6485.832602092281
step=5603 tokens=734396416/1000000000 loss=3.2558 lr=2.53e-05 tok/s=40,871 eta=6498.504536689035
step=5604 tokens=734527488/1000000000 loss=3.2251 lr=2.53e-05 tok/s=41,047 eta=6467.453483614313
step=5605 tokens=734658560/1000000000 loss=3.2891 lr=2.53e-05 tok/s=41,039 eta=6465.655097263902
step=5606 tokens=734789632/1000000000 loss=3.1476 lr=2.53e-05 tok/s=40,852 eta=6491.993371492131
step=5607 tokens=734920704/1000000000 loss=3.1704 lr=2.53e-05 tok/s=40,839 eta=6490.828178863323
step=5608 tokens=735051776/1000000000 loss=3.2455 lr=2.53e-05 tok/s=40,889 eta=6479.747810245944
step=5609 tokens=735182848/1000000000 loss=3.2523 lr=2.53e-05 tok/s=40,996 eta=6459.624987045779
step=5610 tokens=735313920/1000000000 loss=3.3344 lr=2.53e-05 tok/s=40,864 eta=6477.2925777041655
step=5611 tokens=735444992/1000000000 loss=3.0930 lr=2.52e-05 tok/s=40,827 eta=6479.865893281219
step=5612 tokens=735576064/1000000000 loss=3.2576 lr=2.52e-05 tok/s=40,986 eta=6451.560693129018
step=5613 tokens=735707136/1000000000 loss=3.2794 lr=2.52e-05 tok/s=40,852 eta=6469.549802281271
step=5614 tokens=735838208/1000000000 loss=3.2187 lr=2.52e-05 tok/s=41,046 eta=6435.7149272621955
step=5615 tokens=735969280/1000000000 loss=3.1409 lr=2.52e-05 tok/s=41,031 eta=6434.854884212413
step=5616 tokens=736100352/1000000000 loss=3.1773 lr=2.52e-05 tok/s=40,899 eta=6452.512329558496
step=5617 tokens=736231424/1000000000 loss=3.0583 lr=2.52e-05 tok/s=40,808 eta=6463.660540192692
step=5618 tokens=736362496/1000000000 loss=3.1218 lr=2.51e-05 tok/s=41,186 eta=6401.113808047073
step=5619 tokens=736493568/1000000000 loss=3.2400 lr=2.51e-05 tok/s=40,806 eta=6457.469027219661
step=5620 tokens=736624640/1000000000 loss=3.1241 lr=2.51e-05 tok/s=40,756 eta=6462.204517749316
step=5621 tokens=736755712/1000000000 loss=3.2603 lr=2.51e-05 tok/s=40,854 eta=6443.478319529305
checkpoint saved: runs/20260906-225321/checkpoints/step_000005621 (time)
step=5622 tokens=736886784/1000000000 loss=3.2291 lr=2.51e-05 tok/s=36,178 eta=7272.675387067404
step=5623 tokens=737017856/1000000000 loss=3.3272 lr=2.51e-05 tok/s=41,131 eta=6393.8242599333
step=5624 tokens=737148928/1000000000 loss=3.2332 lr=2.51e-05 tok/s=40,977 eta=6414.675737562361
step=5625 tokens=737280000/1000000000 loss=3.0439 lr=2.5e-05 tok/s=41,015 eta=6405.449085563717
step=5626 tokens=737411072/1000000000 loss=3.2715 lr=2.5e-05 tok/s=41,150 eta=6381.337320834134
step=5627 tokens=737542144/1000000000 loss=3.3757 lr=2.5e-05 tok/s=41,111 eta=6384.1741938680925
step=5628 tokens=737673216/1000000000 loss=3.2755 lr=2.5e-05 tok/s=41,204 eta=6366.532967456124
step=5629 tokens=737804288/1000000000 loss=3.2169 lr=2.5e-05 tok/s=41,168 eta=6368.848829160934
step=5630 tokens=737935360/1000000000 loss=3.3080 lr=2.5e-05 tok/s=41,142 eta=6369.729803912672
step=5631 tokens=738066432/1000000000 loss=3.1317 lr=2.5e-05 tok/s=41,130 eta=6368.4211923796365
step=5632 tokens=738197504/1000000000 loss=3.2005 lr=2.49e-05 tok/s=41,428 eta=6319.462691864997
step=5633 tokens=738328576/1000000000 loss=3.2011 lr=2.49e-05 tok/s=41,350 eta=6328.165381988998
step=5634 tokens=738459648/1000000000 loss=3.2845 lr=2.49e-05 tok/s=41,326 eta=6328.741166035876
step=5635 tokens=738590720/1000000000 loss=3.3797 lr=2.49e-05 tok/s=41,251 eta=6337.110027961675
step=5636 tokens=738721792/1000000000 loss=3.2005 lr=2.49e-05 tok/s=41,015 eta=6370.25417919903
step=5637 tokens=738852864/1000000000 loss=3.3493 lr=2.49e-05 tok/s=41,190 eta=6340.136409959121
step=5638 tokens=738983936/1000000000 loss=3.2347 lr=2.49e-05 tok/s=41,324 eta=6316.308764689721
step=5639 tokens=739115008/1000000000 loss=3.2059 lr=2.48e-05 tok/s=41,169 eta=6336.974708044281
step=5640 tokens=739246080/1000000000 loss=3.1531 lr=2.48e-05 tok/s=41,099 eta=6344.556180297384
step=5641 tokens=739377152/1000000000 loss=3.0997 lr=2.48e-05 tok/s=41,217 eta=6323.2280723905005
step=5642 tokens=739508224/1000000000 loss=3.2869 lr=2.48e-05 tok/s=41,026 eta=6349.462839518672
step=5643 tokens=739639296/1000000000 loss=3.3985 lr=2.48e-05 tok/s=40,910 eta=6364.204848063249
step=5644 tokens=739770368/1000000000 loss=3.2410 lr=2.48e-05 tok/s=41,259 eta=6307.202027873837
step=5645 tokens=739901440/1000000000 loss=3.3763 lr=2.48e-05 tok/s=41,105 eta=6327.697395335455
step=5646 tokens=740032512/1000000000 loss=3.2466 lr=2.47e-05 tok/s=29,755 eta=8736.83708663195
step=5647 tokens=740163584/1000000000 loss=3.3029 lr=2.47e-05 tok/s=40,843 eta=6361.863375685595
step=5648 tokens=740294656/1000000000 loss=3.2578 lr=2.47e-05 tok/s=41,044 eta=6327.532258077213
step=5649 tokens=740425728/1000000000 loss=3.1074 lr=2.47e-05 tok/s=41,265 eta=6290.481404539428
step=5650 tokens=740556800/1000000000 loss=3.3765 lr=2.47e-05 tok/s=41,010 eta=6326.3494724775765
step=5651 tokens=740687872/1000000000 loss=3.1295 lr=2.47e-05 tok/s=40,942 eta=6333.716389490914
step=5652 tokens=740818944/1000000000 loss=3.1206 lr=2.47e-05 tok/s=40,933 eta=6331.902977134998
step=5653 tokens=740950016/1000000000 loss=3.3988 lr=2.46e-05 tok/s=40,979 eta=6321.580159798245
step=5654 tokens=741081088/1000000000 loss=3.2776 lr=2.46e-05 tok/s=41,012 eta=6313.243834294498
step=5655 tokens=741212160/1000000000 loss=3.3255 lr=2.46e-05 tok/s=40,860 eta=6333.483082050451
step=5656 tokens=741343232/1000000000 loss=3.3200 lr=2.46e-05 tok/s=41,135 eta=6287.942927911376
step=5657 tokens=741474304/1000000000 loss=3.3225 lr=2.46e-05 tok/s=41,043 eta=6298.829006493662
step=5658 tokens=741605376/1000000000 loss=3.3043 lr=2.46e-05 tok/s=41,092 eta=6288.257971148713
step=5659 tokens=741736448/1000000000 loss=3.1159 lr=2.46e-05 tok/s=41,047 eta=6291.838462174512
step=5660 tokens=741867520/1000000000 loss=3.3112 lr=2.45e-05 tok/s=40,955 eta=6302.80957403322
step=5661 tokens=741998592/1000000000 loss=3.3329 lr=2.45e-05 tok/s=40,805 eta=6322.834860544074
step=5662 tokens=742129664/1000000000 loss=3.2811 lr=2.45e-05 tok/s=40,908 eta=6303.648846910124
step=5663 tokens=742260736/1000000000 loss=3.0667 lr=2.45e-05 tok/s=40,988 eta=6288.119159207462
step=5664 tokens=742391808/1000000000 loss=3.3409 lr=2.45e-05 tok/s=40,978 eta=6286.52362644171
step=5665 tokens=742522880/1000000000 loss=3.1041 lr=2.45e-05 tok/s=41,020 eta=6276.892462726588
step=5666 tokens=742653952/1000000000 loss=3.2117 lr=2.45e-05 tok/s=41,100 eta=6261.437563877024
step=5667 tokens=742785024/1000000000 loss=3.2187 lr=2.45e-05 tok/s=41,110 eta=6256.7101235773835
step=5668 tokens=742916096/1000000000 loss=3.1188 lr=2.44e-05 tok/s=41,037 eta=6264.681258214838
step=5669 tokens=743047168/1000000000 loss=3.3212 lr=2.44e-05 tok/s=41,015 eta=6264.896212456478
step=5670 tokens=743178240/1000000000 loss=3.1957 lr=2.44e-05 tok/s=40,925 eta=6275.372698256309
step=5671 tokens=743309312/1000000000 loss=3.2011 lr=2.44e-05 tok/s=41,075 eta=6249.27583508614
step=5672 tokens=743440384/1000000000 loss=2.9477 lr=2.44e-05 tok/s=41,072 eta=6246.612546429319
step=5673 tokens=743571456/1000000000 loss=3.1612 lr=2.44e-05 tok/s=41,050 eta=6246.705513186229
step=5674 tokens=743702528/1000000000 loss=3.1954 lr=2.44e-05 tok/s=41,114 eta=6233.779130722097
step=5675 tokens=743833600/1000000000 loss=3.4481 lr=2.43e-05 tok/s=41,068 eta=6237.623597050748
step=5676 tokens=743964672/1000000000 loss=3.2599 lr=2.43e-05 tok/s=41,042 eta=6238.319757606934
step=5677 tokens=744095744/1000000000 loss=3.3820 lr=2.43e-05 tok/s=40,926 eta=6252.878675387125
step=5678 tokens=744226816/1000000000 loss=3.2359 lr=2.43e-05 tok/s=40,993 eta=6239.502730276232
step=5679 tokens=744357888/1000000000 loss=3.2266 lr=2.43e-05 tok/s=41,128 eta=6215.830363708136
step=5680 tokens=744488960/1000000000 loss=3.1071 lr=2.43e-05 tok/s=41,196 eta=6202.366518762826
step=5681 tokens=744620032/1000000000 loss=3.3644 lr=2.43e-05 tok/s=41,208 eta=6197.338634687579
step=5682 tokens=744751104/1000000000 loss=2.9672 lr=2.42e-05 tok/s=41,129 eta=6206.119443164142
step=5683 tokens=744882176/1000000000 loss=3.3214 lr=2.42e-05 tok/s=41,148 eta=6199.9653026510605
step=5684 tokens=745013248/1000000000 loss=3.1748 lr=2.42e-05 tok/s=41,039 eta=6213.277363962571
step=5685 tokens=745144320/1000000000 loss=3.1682 lr=2.42e-05 tok/s=41,113 eta=6198.931539280315
step=5686 tokens=745275392/1000000000 loss=3.3359 lr=2.42e-05 tok/s=41,423 eta=6149.326133528623
step=5687 tokens=745406464/1000000000 loss=3.3345 lr=2.42e-05 tok/s=41,318 eta=6161.84834293807
step=5688 tokens=745537536/1000000000 loss=3.2167 lr=2.42e-05 tok/s=41,260 eta=6167.269161139337
step=5689 tokens=745668608/1000000000 loss=3.1801 lr=2.41e-05 tok/s=41,366 eta=6148.386564447209
step=5690 tokens=745799680/1000000000 loss=3.2344 lr=2.41e-05 tok/s=41,244 eta=6163.273731533617
step=5691 tokens=745930752/1000000000 loss=3.2831 lr=2.41e-05 tok/s=41,272 eta=6155.896875294378
step=5692 tokens=746061824/1000000000 loss=3.3462 lr=2.41e-05 tok/s=41,146 eta=6171.655697097394
step=5693 tokens=746192896/1000000000 loss=3.2009 lr=2.41e-05 tok/s=41,349 eta=6138.164633578086
step=5694 tokens=746323968/1000000000 loss=3.2254 lr=2.41e-05 tok/s=41,283 eta=6144.872865991231
step=5695 tokens=746455040/1000000000 loss=3.3348 lr=2.41e-05 tok/s=41,330 eta=6134.701360744016
step=5696 tokens=746586112/1000000000 loss=3.1869 lr=2.4e-05 tok/s=41,277 eta=6139.33542442286
step=5697 tokens=746717184/1000000000 loss=3.1182 lr=2.4e-05 tok/s=41,322 eta=6129.484147769597
step=5698 tokens=746848256/1000000000 loss=3.2512 lr=2.4e-05 tok/s=41,151 eta=6151.773610046134
step=5699 tokens=746979328/1000000000 loss=3.2662 lr=2.4e-05 tok/s=41,173 eta=6145.262714662718
step=5700 tokens=747110400/1000000000 loss=3.3479 lr=2.4e-05 tok/s=41,373 eta=6112.50268435051
step=5701 tokens=747241472/1000000000 loss=3.3446 lr=2.4e-05 tok/s=41,594 eta=6076.808576101891
step=5702 tokens=747372544/1000000000 loss=3.0121 lr=2.4e-05 tok/s=41,217 eta=6129.238982171991
step=5703 tokens=747503616/1000000000 loss=3.3401 lr=2.4e-05 tok/s=41,160 eta=6134.534897616542
step=5704 tokens=747634688/1000000000 loss=3.3169 lr=2.39e-05 tok/s=41,498 eta=6081.395076567014
step=5705 tokens=747765760/1000000000 loss=3.2978 lr=2.39e-05 tok/s=41,196 eta=6122.831716432156
step=5706 tokens=747896832/1000000000 loss=3.2117 lr=2.39e-05 tok/s=41,233 eta=6114.163887147528
step=5707 tokens=748027904/1000000000 loss=3.2896 lr=2.39e-05 tok/s=41,239 eta=6109.987431883649
step=5708 tokens=748158976/1000000000 loss=3.1951 lr=2.39e-05 tok/s=41,402 eta=6082.75839265987
step=5709 tokens=748290048/1000000000 loss=3.2173 lr=2.39e-05 tok/s=41,375 eta=6083.625215653142
step=5710 tokens=748421120/1000000000 loss=3.1669 lr=2.39e-05 tok/s=41,173 eta=6110.3517011405265
step=5711 tokens=748552192/1000000000 loss=3.2677 lr=2.38e-05 tok/s=41,086 eta=6120.003141310864
step=5712 tokens=748683264/1000000000 loss=3.2669 lr=2.38e-05 tok/s=41,264 eta=6090.500400143793
step=5713 tokens=748814336/1000000000 loss=3.2179 lr=2.38e-05 tok/s=41,123 eta=6108.141778452954
step=5714 tokens=748945408/1000000000 loss=3.2103 lr=2.38e-05 tok/s=41,156 eta=6100.080784359353
step=5715 tokens=749076480/1000000000 loss=3.2658 lr=2.38e-05 tok/s=41,184 eta=6092.743927667284
step=5716 tokens=749207552/1000000000 loss=3.0785 lr=2.38e-05 tok/s=41,122 eta=6098.807732585859
step=5717 tokens=749338624/1000000000 loss=3.0713 lr=2.38e-05 tok/s=41,166 eta=6088.983075211217
step=5718 tokens=749469696/1000000000 loss=3.2392 lr=2.37e-05 tok/s=40,911 eta=6123.793787505974
step=5719 tokens=749600768/1000000000 loss=3.2799 lr=2.37e-05 tok/s=41,086 eta=6094.462227169639
step=5720 tokens=749731840/1000000000 loss=3.3996 lr=2.37e-05 tok/s=41,091 eta=6090.592707577473
step=5721 tokens=749862912/1000000000 loss=3.2734 lr=2.37e-05 tok/s=40,709 eta=6144.4876660830005
step=5722 tokens=749993984/1000000000 loss=3.1430 lr=2.37e-05 tok/s=41,163 eta=6073.598179848617
step=5723 tokens=750125056/1000000000 loss=3.3828 lr=2.37e-05 tok/s=29,723 eta=8406.897332263354
checkpoint saved: runs/20260906-225321/checkpoints/tokens_000750m (permanent_tokens)
step=5724 tokens=750256128/1000000000 loss=3.2197 lr=2.37e-05 tok/s=36,156 eta=6907.490135469813
step=5725 tokens=750387200/1000000000 loss=3.1586 lr=2.37e-05 tok/s=40,994 eta=6089.023382565401
step=5726 tokens=750518272/1000000000 loss=3.4101 lr=2.36e-05 tok/s=41,000 eta=6084.886446422459
step=5727 tokens=750649344/1000000000 loss=3.3590 lr=2.36e-05 tok/s=41,296 eta=6038.066450565413
step=5728 tokens=750780416/1000000000 loss=3.2115 lr=2.36e-05 tok/s=41,218 eta=6046.351818881327
step=5729 tokens=750911488/1000000000 loss=3.2904 lr=2.36e-05 tok/s=41,083 eta=6063.030620350683
step=5730 tokens=751042560/1000000000 loss=3.1896 lr=2.36e-05 tok/s=41,066 eta=6062.388703924254
step=5731 tokens=751173632/1000000000 loss=3.2237 lr=2.36e-05 tok/s=41,064 eta=6059.492729587377
step=5732 tokens=751304704/1000000000 loss=3.1292 lr=2.36e-05 tok/s=41,251 eta=6028.828964576165
step=5733 tokens=751435776/1000000000 loss=3.1232 lr=2.35e-05 tok/s=40,892 eta=6078.55551751389
step=5734 tokens=751566848/1000000000 loss=3.0454 lr=2.35e-05 tok/s=40,985 eta=6061.602153916628
step=5735 tokens=751697920/1000000000 loss=3.1178 lr=2.35e-05 tok/s=41,127 eta=6037.4741436345785
step=5736 tokens=751828992/1000000000 loss=3.2117 lr=2.35e-05 tok/s=41,087 eta=6040.154963034487
step=5737 tokens=751960064/1000000000 loss=3.3220 lr=2.35e-05 tok/s=41,037 eta=6044.304323409164
step=5738 tokens=752091136/1000000000 loss=3.3710 lr=2.35e-05 tok/s=40,860 eta=6067.220699718374
step=5739 tokens=752222208/1000000000 loss=3.2059 lr=2.35e-05 tok/s=41,048 eta=6036.305828542245
step=5740 tokens=752353280/1000000000 loss=3.0762 lr=2.35e-05 tok/s=40,926 eta=6051.153059795306
step=5741 tokens=752484352/1000000000 loss=3.3258 lr=2.34e-05 tok/s=40,930 eta=6047.2248783268105
step=5742 tokens=752615424/1000000000 loss=3.3161 lr=2.34e-05 tok/s=40,958 eta=6039.929252971302
step=5743 tokens=752746496/1000000000 loss=3.2365 lr=2.34e-05 tok/s=40,895 eta=6045.984299020598
step=5744 tokens=752877568/1000000000 loss=3.3676 lr=2.34e-05 tok/s=40,692 eta=6073.052422365658
step=5745 tokens=753008640/1000000000 loss=3.1888 lr=2.34e-05 tok/s=40,789 eta=6055.33939892501
step=5746 tokens=753139712/1000000000 loss=3.1165 lr=2.34e-05 tok/s=40,870 eta=6040.1750971810025
step=5747 tokens=753270784/1000000000 loss=3.1341 lr=2.34e-05 tok/s=40,857 eta=6038.811352345182
step=5748 tokens=753401856/1000000000 loss=3.2352 lr=2.33e-05 tok/s=40,853 eta=6036.183225758937
step=5749 tokens=753532928/1000000000 loss=3.2108 lr=2.33e-05 tok/s=41,037 eta=6005.967622544803
step=5750 tokens=753664000/1000000000 loss=3.2555 lr=2.33e-05 tok/s=41,030 eta=6003.838078778955
step=5751 tokens=753795072/1000000000 loss=3.0960 lr=2.33e-05 tok/s=41,062 eta=5995.882461434873
step=5752 tokens=753926144/1000000000 loss=3.1886 lr=2.33e-05 tok/s=40,947 eta=6009.534911914014
step=5753 tokens=754057216/1000000000 loss=3.1706 lr=2.33e-05 tok/s=41,071 eta=5988.182287472156
step=5754 tokens=754188288/1000000000 loss=3.1462 lr=2.33e-05 tok/s=41,055 eta=5987.3668804697245
step=5755 tokens=754319360/1000000000 loss=3.2946 lr=2.32e-05 tok/s=40,772 eta=6025.69393947504
step=5756 tokens=754450432/1000000000 loss=3.0703 lr=2.32e-05 tok/s=40,642 eta=6041.806413567623
step=5757 tokens=754581504/1000000000 loss=3.2573 lr=2.32e-05 tok/s=40,806 eta=6014.2349482195
step=5758 tokens=754712576/1000000000 loss=3.1738 lr=2.32e-05 tok/s=40,911 eta=5995.691949686323
step=5759 tokens=754843648/1000000000 loss=3.3354 lr=2.32e-05 tok/s=40,838 eta=6003.098834740093
step=5760 tokens=754974720/1000000000 loss=3.1970 lr=2.32e-05 tok/s=40,769 eta=6010.129424996341
step=5761 tokens=755105792/1000000000 loss=3.2122 lr=2.32e-05 tok/s=40,768 eta=6007.06811826481
step=5762 tokens=755236864/1000000000 loss=3.2973 lr=2.32e-05 tok/s=40,951 eta=5976.948561547569
step=5763 tokens=755367936/1000000000 loss=3.2011 lr=2.31e-05 tok/s=40,884 eta=5983.585673902625
step=5764 tokens=755499008/1000000000 loss=3.2879 lr=2.31e-05 tok/s=40,854 eta=5984.818685335002
step=5765 tokens=755630080/1000000000 loss=3.3393 lr=2.31e-05 tok/s=40,891 eta=5976.117968357424
step=5766 tokens=755761152/1000000000 loss=3.2901 lr=2.31e-05 tok/s=40,856 eta=5978.105713848372
step=5767 tokens=755892224/1000000000 loss=3.4003 lr=2.31e-05 tok/s=40,609 eta=6011.169866508842
step=5768 tokens=756023296/1000000000 loss=3.2262 lr=2.31e-05 tok/s=40,662 eta=6000.1811068538245
step=5769 tokens=756154368/1000000000 loss=2.9900 lr=2.31e-05 tok/s=40,756 eta=5983.068494731196
step=5770 tokens=756285440/1000000000 loss=3.1896 lr=2.3e-05 tok/s=40,974 eta=5948.09663655883
step=5771 tokens=756416512/1000000000 loss=3.2741 lr=2.3e-05 tok/s=40,621 eta=5996.472189578194
step=5772 tokens=756547584/1000000000 loss=3.1437 lr=2.3e-05 tok/s=40,825 eta=5963.310251524582
step=5773 tokens=756678656/1000000000 loss=3.2699 lr=2.3e-05 tok/s=40,769 eta=5968.224755847704
step=5774 tokens=756809728/1000000000 loss=3.1757 lr=2.3e-05 tok/s=40,762 eta=5966.11233198916
step=5775 tokens=756940800/1000000000 loss=3.2854 lr=2.3e-05 tok/s=40,737 eta=5966.567864640194
step=5776 tokens=757071872/1000000000 loss=3.2541 lr=2.3e-05 tok/s=40,886 eta=5941.6217573861495
step=5777 tokens=757202944/1000000000 loss=3.3997 lr=2.3e-05 tok/s=41,054 eta=5914.139230787515
step=5778 tokens=757334016/1000000000 loss=3.1693 lr=2.29e-05 tok/s=41,022 eta=5915.476528911186
step=5779 tokens=757465088/1000000000 loss=3.3126 lr=2.29e-05 tok/s=41,140 eta=5895.352818719747
step=5780 tokens=757596160/1000000000 loss=3.2843 lr=2.29e-05 tok/s=41,106 eta=5897.075273123968
step=5781 tokens=757727232/1000000000 loss=3.2931 lr=2.29e-05 tok/s=41,145 eta=5888.330992412934
step=5782 tokens=757858304/1000000000 loss=3.0787 lr=2.29e-05 tok/s=41,080 eta=5894.401082829652
step=5783 tokens=757989376/1000000000 loss=3.3259 lr=2.29e-05 tok/s=41,054 eta=5895.002182309487
step=5784 tokens=758120448/1000000000 loss=3.1205 lr=2.29e-05 tok/s=41,039 eta=5893.957552231135
step=5785 tokens=758251520/1000000000 loss=3.1939 lr=2.29e-05 tok/s=41,145 eta=5875.463009080957
step=5786 tokens=758382592/1000000000 loss=3.1492 lr=2.28e-05 tok/s=40,846 eta=5915.262469594184
step=5787 tokens=758513664/1000000000 loss=3.3093 lr=2.28e-05 tok/s=41,018 eta=5887.384772468297
step=5788 tokens=758644736/1000000000 loss=3.2327 lr=2.28e-05 tok/s=41,081 eta=5875.060334681359
step=5789 tokens=758775808/1000000000 loss=3.2248 lr=2.28e-05 tok/s=40,815 eta=5910.207297694363
step=5790 tokens=758906880/1000000000 loss=3.2384 lr=2.28e-05 tok/s=40,716 eta=5921.324015054424
step=5791 tokens=759037952/1000000000 loss=3.2517 lr=2.28e-05 tok/s=40,842 eta=5899.803937991192
step=5792 tokens=759169024/1000000000 loss=3.3258 lr=2.28e-05 tok/s=41,084 eta=5861.94032632821
step=5793 tokens=759300096/1000000000 loss=3.2116 lr=2.27e-05 tok/s=40,959 eta=5876.545528881846
step=5794 tokens=759431168/1000000000 loss=3.3069 lr=2.27e-05 tok/s=40,958 eta=5873.570859120251
step=5795 tokens=759562240/1000000000 loss=3.2877 lr=2.27e-05 tok/s=41,072 eta=5853.986829416993
step=5796 tokens=759693312/1000000000 loss=3.2447 lr=2.27e-05 tok/s=41,224 eta=5829.313921775224
step=5797 tokens=759824384/1000000000 loss=3.1621 lr=2.27e-05 tok/s=40,987 eta=5859.79854067502
step=5798 tokens=759955456/1000000000 loss=3.1209 lr=2.27e-05 tok/s=41,254 eta=5818.628463846762
step=5799 tokens=760086528/1000000000 loss=3.2283 lr=2.27e-05 tok/s=29,871 eta=8031.596426083113
step=5800 tokens=760217600/1000000000 loss=3.1677 lr=2.27e-05 tok/s=41,161 eta=5825.454757571177
step=5801 tokens=760348672/1000000000 loss=3.3127 lr=2.26e-05 tok/s=41,098 eta=5831.198153403086
step=5802 tokens=760479744/1000000000 loss=3.3201 lr=2.26e-05 tok/s=41,244 eta=5807.419105987173
step=5803 tokens=760610816/1000000000 loss=2.9944 lr=2.26e-05 tok/s=41,093 eta=5825.543218719913
step=5804 tokens=760741888/1000000000 loss=3.2782 lr=2.26e-05 tok/s=41,012 eta=5833.898550010291
step=5805 tokens=760872960/1000000000 loss=3.1375 lr=2.26e-05 tok/s=40,980 eta=5835.272876693699
step=5806 tokens=761004032/1000000000 loss=3.2402 lr=2.26e-05 tok/s=41,063 eta=5820.255146017582
step=5807 tokens=761135104/1000000000 loss=3.1146 lr=2.26e-05 tok/s=40,757 eta=5860.718916931416
step=5808 tokens=761266176/1000000000 loss=3.1769 lr=2.25e-05 tok/s=40,950 eta=5829.826252791062
step=5809 tokens=761397248/1000000000 loss=3.2381 lr=2.25e-05 tok/s=40,996 eta=5820.210249827234
step=5810 tokens=761528320/1000000000 loss=3.4129 lr=2.25e-05 tok/s=40,707 eta=5858.3118910231815
step=5811 tokens=761659392/1000000000 loss=3.0835 lr=2.25e-05 tok/s=41,064 eta=5804.156201493523
step=5812 tokens=761790464/1000000000 loss=3.3001 lr=2.25e-05 tok/s=41,141 eta=5790.030641778239
step=5813 tokens=761921536/1000000000 loss=3.2344 lr=2.25e-05 tok/s=41,194 eta=5779.511650097344
step=5814 tokens=762052608/1000000000 loss=3.2771 lr=2.25e-05 tok/s=40,940 eta=5812.154160274135
step=5815 tokens=762183680/1000000000 loss=3.2560 lr=2.25e-05 tok/s=40,984 eta=5802.648798334629
step=5816 tokens=762314752/1000000000 loss=3.3234 lr=2.24e-05 tok/s=40,883 eta=5813.793109058424
step=5817 tokens=762445824/1000000000 loss=3.2951 lr=2.24e-05 tok/s=40,931 eta=5803.7263742908135
step=5818 tokens=762576896/1000000000 loss=3.2780 lr=2.24e-05 tok/s=41,235 eta=5757.77037374844
step=5819 tokens=762707968/1000000000 loss=3.3627 lr=2.24e-05 tok/s=41,157 eta=5765.533626574276
step=5820 tokens=762839040/1000000000 loss=3.2271 lr=2.24e-05 tok/s=41,147 eta=5763.701333372668
step=5821 tokens=762970112/1000000000 loss=3.2128 lr=2.24e-05 tok/s=40,952 eta=5788.039994507826
step=5822 tokens=763101184/1000000000 loss=3.3007 lr=2.24e-05 tok/s=41,062 eta=5769.275106346291
step=5823 tokens=763232256/1000000000 loss=3.1636 lr=2.24e-05 tok/s=40,963 eta=5780.086567582999
step=5824 tokens=763363328/1000000000 loss=3.2665 lr=2.23e-05 tok/s=40,886 eta=5787.707758133027
step=5825 tokens=763494400/1000000000 loss=3.2331 lr=2.23e-05 tok/s=40,876 eta=5785.903039750062
step=5826 tokens=763625472/1000000000 loss=3.2724 lr=2.23e-05 tok/s=40,933 eta=5774.648461749696
step=5827 tokens=763756544/1000000000 loss=3.2711 lr=2.23e-05 tok/s=40,817 eta=5787.9065285140505
step=5828 tokens=763887616/1000000000 loss=3.1913 lr=2.23e-05 tok/s=40,914 eta=5771.007337461401
step=5829 tokens=764018688/1000000000 loss=3.2984 lr=2.23e-05 tok/s=40,995 eta=5756.388882367244
step=5830 tokens=764149760/1000000000 loss=3.2806 lr=2.23e-05 tok/s=41,064 eta=5743.485977400752
step=5831 tokens=764280832/1000000000 loss=3.1835 lr=2.22e-05 tok/s=41,045 eta=5742.885197809295
step=5832 tokens=764411904/1000000000 loss=3.1655 lr=2.22e-05 tok/s=41,065 eta=5736.886213013533
step=5833 tokens=764542976/1000000000 loss=3.3014 lr=2.22e-05 tok/s=41,129 eta=5724.861921362064
step=5834 tokens=764674048/1000000000 loss=3.0997 lr=2.22e-05 tok/s=41,163 eta=5716.908336863758
step=5835 tokens=764805120/1000000000 loss=3.2517 lr=2.22e-05 tok/s=40,894 eta=5751.269985157605
step=5836 tokens=764936192/1000000000 loss=3.2998 lr=2.22e-05 tok/s=41,042 eta=5727.361930756251
step=5837 tokens=765067264/1000000000 loss=3.2811 lr=2.22e-05 tok/s=40,677 eta=5775.544826943868
step=5838 tokens=765198336/1000000000 loss=3.1045 lr=2.22e-05 tok/s=40,894 eta=5741.771994024935
step=5839 tokens=765329408/1000000000 loss=3.2765 lr=2.21e-05 tok/s=40,923 eta=5734.473679583729
step=5840 tokens=765460480/1000000000 loss=3.2504 lr=2.21e-05 tok/s=40,905 eta=5733.779290772137
step=5841 tokens=765591552/1000000000 loss=3.2038 lr=2.21e-05 tok/s=40,936 eta=5726.156214796067
step=5842 tokens=765722624/1000000000 loss=3.2276 lr=2.21e-05 tok/s=40,940 eta=5722.390512709239
step=5843 tokens=765853696/1000000000 loss=3.2020 lr=2.21e-05 tok/s=40,635 eta=5762.113631806695
step=5844 tokens=765984768/1000000000 loss=3.3386 lr=2.21e-05 tok/s=40,697 eta=5750.221191649323
step=5845 tokens=766115840/1000000000 loss=3.3576 lr=2.21e-05 tok/s=40,884 eta=5720.742677632706
step=5846 tokens=766246912/1000000000 loss=3.3265 lr=2.21e-05 tok/s=40,982 eta=5703.742952380075
step=5847 tokens=766377984/1000000000 loss=3.2964 lr=2.2e-05 tok/s=40,546 eta=5761.947979333588
step=5848 tokens=766509056/1000000000 loss=3.2412 lr=2.2e-05 tok/s=40,546 eta=5758.667898920238
step=5849 tokens=766640128/1000000000 loss=3.2487 lr=2.2e-05 tok/s=40,706 eta=5732.809930227593
step=5850 tokens=766771200/1000000000 loss=3.2644 lr=2.2e-05 tok/s=40,816 eta=5714.165305791758
step=5851 tokens=766902272/1000000000 loss=3.0067 lr=2.2e-05 tok/s=40,810 eta=5711.82704703132
step=5852 tokens=767033344/1000000000 loss=3.2950 lr=2.2e-05 tok/s=40,846 eta=5703.5556081711275
step=5853 tokens=767164416/1000000000 loss=3.2922 lr=2.2e-05 tok/s=40,879 eta=5695.6910845160355
step=5854 tokens=767295488/1000000000 loss=3.2045 lr=2.2e-05 tok/s=40,757 eta=5709.523762773858
step=5855 tokens=767426560/1000000000 loss=3.2411 lr=2.19e-05 tok/s=40,838 eta=5695.026208542773
step=5856 tokens=767557632/1000000000 loss=3.1163 lr=2.19e-05 tok/s=40,789 eta=5698.6079317769045
step=5857 tokens=767688704/1000000000 loss=3.1072 lr=2.19e-05 tok/s=41,067 eta=5656.935283946171
step=5858 tokens=767819776/1000000000 loss=3.1851 lr=2.19e-05 tok/s=40,993 eta=5663.8852908903245
step=5859 tokens=767950848/1000000000 loss=3.1624 lr=2.19e-05 tok/s=41,143 eta=5640.007005862874
step=5860 tokens=768081920/1000000000 loss=2.9420 lr=2.19e-05 tok/s=41,100 eta=5642.747444294504
step=5861 tokens=768212992/1000000000 loss=3.3098 lr=2.19e-05 tok/s=41,068 eta=5643.928754758507
step=5862 tokens=768344064/1000000000 loss=3.2240 lr=2.18e-05 tok/s=40,991 eta=5651.331619874153
step=5863 tokens=768475136/1000000000 loss=3.1957 lr=2.18e-05 tok/s=41,083 eta=5635.595640226998
step=5864 tokens=768606208/1000000000 loss=3.1686 lr=2.18e-05 tok/s=40,979 eta=5646.658126453389
step=5865 tokens=768737280/1000000000 loss=3.2562 lr=2.18e-05 tok/s=40,984 eta=5642.7674420574995
step=5866 tokens=768868352/1000000000 loss=3.1803 lr=2.18e-05 tok/s=40,904 eta=5650.615872404934
step=5867 tokens=768999424/1000000000 loss=3.4346 lr=2.18e-05 tok/s=40,765 eta=5666.694257110196
step=5868 tokens=769130496/1000000000 loss=3.1449 lr=2.18e-05 tok/s=40,974 eta=5634.566365848795
step=5869 tokens=769261568/1000000000 loss=3.1627 lr=2.18e-05 tok/s=40,797 eta=5655.802538772862
step=5870 tokens=769392640/1000000000 loss=3.2497 lr=2.17e-05 tok/s=41,052 eta=5617.388163109881
step=5871 tokens=769523712/1000000000 loss=3.3376 lr=2.17e-05 tok/s=40,976 eta=5624.628839576263
step=5872 tokens=769654784/1000000000 loss=3.3101 lr=2.17e-05 tok/s=40,937 eta=5626.838326334471
step=5873 tokens=769785856/1000000000 loss=3.2527 lr=2.17e-05 tok/s=41,030 eta=5610.870646801879
step=5874 tokens=769916928/1000000000 loss=3.1719 lr=2.17e-05 tok/s=40,964 eta=5616.776290809103
step=5875 tokens=770048000/1000000000 loss=3.2738 lr=2.17e-05 tok/s=29,556 eta=7780.140346660048
step=5876 tokens=770179072/1000000000 loss=3.3533 lr=2.17e-05 tok/s=40,784 eta=5635.137188233686
step=5877 tokens=770310144/1000000000 loss=3.4156 lr=2.17e-05 tok/s=40,775 eta=5633.098706392964
step=5878 tokens=770441216/1000000000 loss=3.2922 lr=2.16e-05 tok/s=40,617 eta=5651.847242651384
step=5879 tokens=770572288/1000000000 loss=3.2407 lr=2.16e-05 tok/s=40,540 eta=5659.357315569151
step=5880 tokens=770703360/1000000000 loss=3.2000 lr=2.16e-05 tok/s=40,760 eta=5625.5099246322925
step=5881 tokens=770834432/1000000000 loss=3.3260 lr=2.16e-05 tok/s=40,659 eta=5636.30547537955
step=5882 tokens=770965504/1000000000 loss=3.1732 lr=2.16e-05 tok/s=40,600 eta=5641.289247323056
step=5883 tokens=771096576/1000000000 loss=3.3137 lr=2.16e-05 tok/s=40,630 eta=5633.907340913601
step=5884 tokens=771227648/1000000000 loss=3.2281 lr=2.16e-05 tok/s=40,769 eta=5611.39516480205
step=5885 tokens=771358720/1000000000 loss=3.3034 lr=2.16e-05 tok/s=40,867 eta=5594.787931364781
step=5886 tokens=771489792/1000000000 loss=3.2357 lr=2.15e-05 tok/s=40,822 eta=5597.727174233772
step=5887 tokens=771620864/1000000000 loss=3.3008 lr=2.15e-05 tok/s=40,906 eta=5583.07156752684
step=5888 tokens=771751936/1000000000 loss=3.3329 lr=2.15e-05 tok/s=40,947 eta=5574.192507570716
step=5889 tokens=771883008/1000000000 loss=3.3063 lr=2.15e-05 tok/s=40,004 eta=5702.383460682826
step=5890 tokens=772014080/1000000000 loss=3.3060 lr=2.15e-05 tok/s=41,145 eta=5541.078111801724
step=5891 tokens=772145152/1000000000 loss=3.2156 lr=2.15e-05 tok/s=40,975 eta=5560.818712999648
step=5892 tokens=772276224/1000000000 loss=3.2426 lr=2.15e-05 tok/s=41,015 eta=5552.249718593753
step=5893 tokens=772407296/1000000000 loss=3.2642 lr=2.15e-05 tok/s=41,084 eta=5539.636430694297
step=5894 tokens=772538368/1000000000 loss=3.1115 lr=2.14e-05 tok/s=40,884 eta=5563.587979432523
step=5895 tokens=772669440/1000000000 loss=3.3210 lr=2.14e-05 tok/s=40,766 eta=5576.406169992357
step=5896 tokens=772800512/1000000000 loss=3.2712 lr=2.14e-05 tok/s=40,765 eta=5573.360106575583
step=5897 tokens=772931584/1000000000 loss=3.3277 lr=2.14e-05 tok/s=40,840 eta=5559.97094852939
step=5898 tokens=773062656/1000000000 loss=3.3222 lr=2.14e-05 tok/s=40,855 eta=5554.705505483923
step=5899 tokens=773193728/1000000000 loss=3.1425 lr=2.14e-05 tok/s=40,850 eta=5552.173051821008
step=5900 tokens=773324800/1000000000 loss=3.2888 lr=2.14e-05 tok/s=40,909 eta=5541.021938142822
step=5901 tokens=773455872/1000000000 loss=3.4482 lr=2.14e-05 tok/s=40,638 eta=5574.621958153862
step=5902 tokens=773586944/1000000000 loss=3.2523 lr=2.13e-05 tok/s=40,792 eta=5550.484758827705
step=5903 tokens=773718016/1000000000 loss=3.3910 lr=2.13e-05 tok/s=40,726 eta=5556.179026165676
step=5904 tokens=773849088/1000000000 loss=3.4236 lr=2.13e-05 tok/s=40,924 eta=5526.068381144085
step=5905 tokens=773980160/1000000000 loss=3.1932 lr=2.13e-05 tok/s=40,923 eta=5523.1113185351005
step=5906 tokens=774111232/1000000000 loss=3.2427 lr=2.13e-05 tok/s=40,641 eta=5558.217121078735
step=5907 tokens=774242304/1000000000 loss=3.3787 lr=2.13e-05 tok/s=40,873 eta=5523.376274404368
step=5908 tokens=774373376/1000000000 loss=3.2479 lr=2.13e-05 tok/s=40,585 eta=5559.400483533718
step=5909 tokens=774504448/1000000000 loss=3.1979 lr=2.13e-05 tok/s=40,812 eta=5525.20346397997
step=5910 tokens=774635520/1000000000 loss=3.2257 lr=2.12e-05 tok/s=40,838 eta=5518.564811980597
step=5911 tokens=774766592/1000000000 loss=3.1978 lr=2.12e-05 tok/s=40,794 eta=5521.171709940103
step=5912 tokens=774897664/1000000000 loss=3.3108 lr=2.12e-05 tok/s=40,832 eta=5512.9411496824405
step=5913 tokens=775028736/1000000000 loss=3.2429 lr=2.12e-05 tok/s=40,711 eta=5526.065625878391
step=5914 tokens=775159808/1000000000 loss=3.2027 lr=2.12e-05 tok/s=40,768 eta=5515.067795759436
step=5915 tokens=775290880/1000000000 loss=3.1791 lr=2.12e-05 tok/s=40,660 eta=5526.542499120869
step=5916 tokens=775421952/1000000000 loss=3.2380 lr=2.12e-05 tok/s=40,587 eta=5533.204630518959
step=5917 tokens=775553024/1000000000 loss=3.1611 lr=2.12e-05 tok/s=40,650 eta=5521.392128303607
step=5918 tokens=775684096/1000000000 loss=3.3663 lr=2.11e-05 tok/s=40,824 eta=5494.742555327707
step=5919 tokens=775815168/1000000000 loss=3.3656 lr=2.11e-05 tok/s=40,778 eta=5497.634913946452
step=5920 tokens=775946240/1000000000 loss=3.2561 lr=2.11e-05 tok/s=41,139 eta=5446.313630517649
step=5921 tokens=776077312/1000000000 loss=3.3735 lr=2.11e-05 tok/s=40,953 eta=5467.78381666077
step=5922 tokens=776208384/1000000000 loss=3.1290 lr=2.11e-05 tok/s=41,211 eta=5430.396371112185
step=5923 tokens=776339456/1000000000 loss=3.0525 lr=2.11e-05 tok/s=41,134 eta=5437.353169103943
step=5924 tokens=776470528/1000000000 loss=3.1275 lr=2.11e-05 tok/s=41,084 eta=5440.777956957298
step=5925 tokens=776601600/1000000000 loss=3.2099 lr=2.11e-05 tok/s=41,109 eta=5434.314614561385
step=5926 tokens=776732672/1000000000 loss=3.3111 lr=2.1e-05 tok/s=41,152 eta=5425.423237860682
step=5927 tokens=776863744/1000000000 loss=3.2604 lr=2.1e-05 tok/s=41,199 eta=5416.016441215589
step=5928 tokens=776994816/1000000000 loss=3.2870 lr=2.1e-05 tok/s=41,132 eta=5421.7305266538
step=5929 tokens=777125888/1000000000 loss=3.2865 lr=2.1e-05 tok/s=41,216 eta=5407.450042499786
step=5930 tokens=777256960/1000000000 loss=3.3417 lr=2.1e-05 tok/s=41,200 eta=5406.416405618945
step=5931 tokens=777388032/1000000000 loss=3.1895 lr=2.1e-05 tok/s=41,293 eta=5390.982230312708
step=5932 tokens=777519104/1000000000 loss=3.1284 lr=2.1e-05 tok/s=41,442 eta=5368.506367118144
step=5933 tokens=777650176/1000000000 loss=3.1049 lr=2.1e-05 tok/s=41,244 eta=5391.0781529212845
step=5934 tokens=777781248/1000000000 loss=3.2908 lr=2.09e-05 tok/s=41,232 eta=5389.505518862869
step=5935 tokens=777912320/1000000000 loss=3.2709 lr=2.09e-05 tok/s=41,145 eta=5397.69770644566
step=5936 tokens=778043392/1000000000 loss=3.2312 lr=2.09e-05 tok/s=41,492 eta=5349.426296601984
step=5937 tokens=778174464/1000000000 loss=3.2180 lr=2.09e-05 tok/s=41,342 eta=5365.607743510341
step=5938 tokens=778305536/1000000000 loss=3.3756 lr=2.09e-05 tok/s=41,386 eta=5356.7953282365
step=5939 tokens=778436608/1000000000 loss=3.2626 lr=2.09e-05 tok/s=41,208 eta=5376.7305462373115
step=5940 tokens=778567680/1000000000 loss=3.1323 lr=2.09e-05 tok/s=41,442 eta=5343.170374144278
step=5941 tokens=778698752/1000000000 loss=3.3483 lr=2.09e-05 tok/s=41,401 eta=5345.350939947344
step=5942 tokens=778829824/1000000000 loss=3.3495 lr=2.08e-05 tok/s=41,431 eta=5338.33569145757
step=5943 tokens=778960896/1000000000 loss=3.2050 lr=2.08e-05 tok/s=41,220 eta=5362.418051165387
step=5944 tokens=779091968/1000000000 loss=3.2102 lr=2.08e-05 tok/s=41,110 eta=5373.623243024744
step=5945 tokens=779223040/1000000000 loss=3.3078 lr=2.08e-05 tok/s=41,136 eta=5367.060772152134
step=5946 tokens=779354112/1000000000 loss=3.3307 lr=2.08e-05 tok/s=41,169 eta=5359.512585987144
step=5947 tokens=779485184/1000000000 loss=3.2888 lr=2.08e-05 tok/s=41,179 eta=5355.0106431171225
step=5948 tokens=779616256/1000000000 loss=3.1042 lr=2.08e-05 tok/s=41,095 eta=5362.824974024438
step=5949 tokens=779747328/1000000000 loss=3.1562 lr=2.08e-05 tok/s=41,165 eta=5350.495206471088
step=5950 tokens=779878400/1000000000 loss=3.2906 lr=2.07e-05 tok/s=41,129 eta=5352.044452061335
step=5951 tokens=780009472/1000000000 loss=3.2260 lr=2.07e-05 tok/s=29,852 eta=7369.303107349415
step=5952 tokens=780140544/1000000000 loss=3.2697 lr=2.07e-05 tok/s=41,090 eta=5350.699252296115
step=5953 tokens=780271616/1000000000 loss=3.2982 lr=2.07e-05 tok/s=41,197 eta=5333.583329524724
step=5954 tokens=780402688/1000000000 loss=3.1722 lr=2.07e-05 tok/s=40,952 eta=5362.285234503722
step=5955 tokens=780533760/1000000000 loss=3.2428 lr=2.07e-05 tok/s=41,263 eta=5318.763217990918
step=5956 tokens=780664832/1000000000 loss=3.3402 lr=2.07e-05 tok/s=41,227 eta=5320.179375205879
step=5957 tokens=780795904/1000000000 loss=3.2816 lr=2.07e-05 tok/s=41,155 eta=5326.34458073654
step=5958 tokens=780926976/1000000000 loss=3.3544 lr=2.06e-05 tok/s=41,119 eta=5327.7606675000825
step=5959 tokens=781058048/1000000000 loss=3.2195 lr=2.06e-05 tok/s=41,102 eta=5326.81859661257
step=5960 tokens=781189120/1000000000 loss=3.1218 lr=2.06e-05 tok/s=40,853 eta=5356.058383225883
step=5961 tokens=781320192/1000000000 loss=3.1361 lr=2.06e-05 tok/s=40,916 eta=5344.5901301130225
step=5962 tokens=781451264/1000000000 loss=3.2980 lr=2.06e-05 tok/s=40,836 eta=5351.899446204654
step=5963 tokens=781582336/1000000000 loss=3.3639 lr=2.06e-05 tok/s=40,915 eta=5338.334975999876
step=5964 tokens=781713408/1000000000 loss=3.4104 lr=2.06e-05 tok/s=40,967 eta=5328.297477144356
step=5965 tokens=781844480/1000000000 loss=3.2034 lr=2.06e-05 tok/s=41,046 eta=5314.859357201167
step=5966 tokens=781975552/1000000000 loss=3.3188 lr=2.06e-05 tok/s=40,635 eta=5365.395281927432
step=5967 tokens=782106624/1000000000 loss=3.2335 lr=2.05e-05 tok/s=40,802 eta=5340.284753518572
step=5968 tokens=782237696/1000000000 loss=3.1378 lr=2.05e-05 tok/s=40,538 eta=5371.8220365072775
step=5969 tokens=782368768/1000000000 loss=3.3171 lr=2.05e-05 tok/s=40,732 eta=5342.979334769384
step=5970 tokens=782499840/1000000000 loss=3.3763 lr=2.05e-05 tok/s=40,873 eta=5321.350951084008
step=5971 tokens=782630912/1000000000 loss=3.2512 lr=2.05e-05 tok/s=40,866 eta=5319.129627777674
step=5972 tokens=782761984/1000000000 loss=3.3221 lr=2.05e-05 tok/s=40,845 eta=5318.631896797685
step=5973 tokens=782893056/1000000000 loss=3.2134 lr=2.05e-05 tok/s=40,819 eta=5318.786626254005
step=5974 tokens=783024128/1000000000 loss=3.2577 lr=2.05e-05 tok/s=40,868 eta=5309.177958610414
step=5975 tokens=783155200/1000000000 loss=3.2768 lr=2.04e-05 tok/s=40,897 eta=5302.190437764471
step=5976 tokens=783286272/1000000000 loss=3.1408 lr=2.04e-05 tok/s=40,909 eta=5297.408672572445
step=5977 tokens=783417344/1000000000 loss=3.1894 lr=2.04e-05 tok/s=40,922 eta=5292.529519023167
step=5978 tokens=783548416/1000000000 loss=3.2103 lr=2.04e-05 tok/s=40,995 eta=5279.903779168854
step=5979 tokens=783679488/1000000000 loss=3.3210 lr=2.04e-05 tok/s=41,084 eta=5265.309375514618
step=5980 tokens=783810560/1000000000 loss=3.3575 lr=2.04e-05 tok/s=40,987 eta=5274.597611953725
step=5981 tokens=783941632/1000000000 loss=3.3606 lr=2.04e-05 tok/s=41,238 eta=5239.294385692805
step=5982 tokens=784072704/1000000000 loss=3.3534 lr=2.04e-05 tok/s=41,204 eta=5240.383742890179
step=5983 tokens=784203776/1000000000 loss=3.2934 lr=2.03e-05 tok/s=41,156 eta=5243.3582350290135
step=5984 tokens=784334848/1000000000 loss=3.2060 lr=2.03e-05 tok/s=40,923 eta=5270.008392089876
step=5985 tokens=784465920/1000000000 loss=3.2733 lr=2.03e-05 tok/s=41,020 eta=5254.410999058038
step=5986 tokens=784596992/1000000000 loss=3.2618 lr=2.03e-05 tok/s=40,957 eta=5259.268035530743
step=5987 tokens=784728064/1000000000 loss=3.2935 lr=2.03e-05 tok/s=40,854 eta=5269.3523642421815
step=5988 tokens=784859136/1000000000 loss=3.2025 lr=2.03e-05 tok/s=40,768 eta=5277.1635722249775
step=5989 tokens=784990208/1000000000 loss=3.3174 lr=2.03e-05 tok/s=40,962 eta=5249.068150982976
step=5990 tokens=785121280/1000000000 loss=3.2590 lr=2.03e-05 tok/s=40,960 eta=5246.042319042791
step=5991 tokens=785252352/1000000000 loss=3.2481 lr=2.02e-05 tok/s=41,111 eta=5223.6345557384775
step=5992 tokens=785383424/1000000000 loss=3.2007 lr=2.02e-05 tok/s=41,230 eta=5205.373423233304
step=5993 tokens=785514496/1000000000 loss=3.2701 lr=2.02e-05 tok/s=41,237 eta=5201.230387359669
step=5994 tokens=785645568/1000000000 loss=3.2511 lr=2.02e-05 tok/s=40,866 eta=5245.255019822408
step=5995 tokens=785776640/1000000000 loss=3.2549 lr=2.02e-05 tok/s=41,082 eta=5214.47833564969
step=5996 tokens=785907712/1000000000 loss=3.1026 lr=2.02e-05 tok/s=41,008 eta=5220.703699349188
step=5997 tokens=786038784/1000000000 loss=3.2050 lr=2.02e-05 tok/s=40,959 eta=5223.780502565941
step=5998 tokens=786169856/1000000000 loss=3.2132 lr=2.02e-05 tok/s=41,268 eta=5181.492236837498
step=5999 tokens=786300928/1000000000 loss=3.2238 lr=2.02e-05 tok/s=41,075 eta=5202.6022695254405
step=6000 tokens=786432000/1000000000 loss=3.2172 lr=2.01e-05 tok/s=41,081 eta=5198.720873905983
step=6001 tokens=786563072/1000000000 loss=3.3737 lr=2.01e-05 tok/s=41,237 eta=5175.8563588423785
step=6002 tokens=786694144/1000000000 loss=3.2831 lr=2.01e-05 tok/s=41,288 eta=5166.309737768189
step=6003 tokens=786825216/1000000000 loss=3.2030 lr=2.01e-05 tok/s=41,274 eta=5164.81744347157
step=6004 tokens=786956288/1000000000 loss=3.2472 lr=2.01e-05 tok/s=41,207 eta=5170.08468106624
checkpoint saved: runs/20260906-225321/checkpoints/step_000006004 (time)
step=6005 tokens=787087360/1000000000 loss=3.3789 lr=2.01e-05 tok/s=36,547 eta=5825.672607615418
step=6006 tokens=787218432/1000000000 loss=3.1407 lr=2.01e-05 tok/s=41,403 eta=5139.257057055752
step=6007 tokens=787349504/1000000000 loss=3.2436 lr=2.01e-05 tok/s=41,060 eta=5179.015426846647
step=6008 tokens=787480576/1000000000 loss=3.2316 lr=2e-05 tok/s=41,053 eta=5176.693675857398
step=6009 tokens=787611648/1000000000 loss=3.2061 lr=2e-05 tok/s=40,917 eta=5190.714698198875
step=6010 tokens=787742720/1000000000 loss=3.0263 lr=2e-05 tok/s=40,962 eta=5181.8480743845175
step=6011 tokens=787873792/1000000000 loss=3.2484 lr=2e-05 tok/s=40,934 eta=5182.168099928589
step=6012 tokens=788004864/1000000000 loss=3.2482 lr=2e-05 tok/s=40,944 eta=5177.627888277181
step=6013 tokens=788135936/1000000000 loss=3.0541 lr=2e-05 tok/s=40,760 eta=5197.844998713079
step=6014 tokens=788267008/1000000000 loss=3.3146 lr=2e-05 tok/s=40,975 eta=5167.328590060547
step=6015 tokens=788398080/1000000000 loss=3.1176 lr=2e-05 tok/s=40,847 eta=5180.334880993657
step=6016 tokens=788529152/1000000000 loss=3.4539 lr=2e-05 tok/s=41,200 eta=5132.726887718415
step=6017 tokens=788660224/1000000000 loss=3.1343 lr=1.99e-05 tok/s=41,262 eta=5121.9422245415135
step=6018 tokens=788791296/1000000000 loss=3.1896 lr=1.99e-05 tok/s=40,873 eta=5167.458902859167
step=6019 tokens=788922368/1000000000 loss=3.2327 lr=1.99e-05 tok/s=40,887 eta=5162.484433921068
step=6020 tokens=789053440/1000000000 loss=3.1026 lr=1.99e-05 tok/s=40,819 eta=5167.8182948584135
step=6021 tokens=789184512/1000000000 loss=3.1900 lr=1.99e-05 tok/s=40,822 eta=5164.21386984074
step=6022 tokens=789315584/1000000000 loss=3.1995 lr=1.99e-05 tok/s=41,080 eta=5128.626733861163
step=6023 tokens=789446656/1000000000 loss=3.2395 lr=1.99e-05 tok/s=40,965 eta=5139.870443985691
step=6024 tokens=789577728/1000000000 loss=3.1774 lr=1.99e-05 tok/s=40,980 eta=5134.696103460729
step=6025 tokens=789708800/1000000000 loss=3.2170 lr=1.98e-05 tok/s=41,023 eta=5126.139712611265
step=6026 tokens=789839872/1000000000 loss=3.1737 lr=1.98e-05 tok/s=41,083 eta=5115.513738082908
step=6027 tokens=789970944/1000000000 loss=3.2874 lr=1.98e-05 tok/s=41,084 eta=5112.230862234585
step=6028 tokens=790102016/1000000000 loss=2.9900 lr=1.98e-05 tok/s=29,725 eta=7061.314686664764
step=6029 tokens=790233088/1000000000 loss=3.1599 lr=1.98e-05 tok/s=41,042 eta=5111.070336248097
step=6030 tokens=790364160/1000000000 loss=3.1870 lr=1.98e-05 tok/s=41,033 eta=5108.980768389241
step=6031 tokens=790495232/1000000000 loss=3.2019 lr=1.98e-05 tok/s=40,844 eta=5129.366929771773
step=6032 tokens=790626304/1000000000 loss=3.3285 lr=1.98e-05 tok/s=40,779 eta=5134.300912687273
step=6033 tokens=790757376/1000000000 loss=3.1278 lr=1.97e-05 tok/s=40,769 eta=5132.403132305237
step=6034 tokens=790888448/1000000000 loss=3.0007 lr=1.97e-05 tok/s=40,842 eta=5120.011006669978
step=6035 tokens=791019520/1000000000 loss=3.1445 lr=1.97e-05 tok/s=40,893 eta=5110.384772273364
step=6036 tokens=791150592/1000000000 loss=3.2531 lr=1.97e-05 tok/s=40,866 eta=5110.588245778567
step=6037 tokens=791281664/1000000000 loss=3.2617 lr=1.97e-05 tok/s=40,882 eta=5105.342159939607
step=6038 tokens=791412736/1000000000 loss=3.2692 lr=1.97e-05 tok/s=40,891 eta=5101.024441288203
step=6039 tokens=791543808/1000000000 loss=3.2360 lr=1.97e-05 tok/s=40,751 eta=5115.3237321890665
step=6040 tokens=791674880/1000000000 loss=3.2876 lr=1.97e-05 tok/s=40,814 eta=5104.199451327967
step=6041 tokens=791805952/1000000000 loss=3.1808 lr=1.97e-05 tok/s=41,052 eta=5071.521126373711
step=6042 tokens=791937024/1000000000 loss=3.3369 lr=1.96e-05 tok/s=41,151 eta=5056.061316556243
step=6043 tokens=792068096/1000000000 loss=3.2974 lr=1.96e-05 tok/s=41,068 eta=5063.0955032001275
step=6044 tokens=792199168/1000000000 loss=3.1664 lr=1.96e-05 tok/s=41,149 eta=5049.90591601263
step=6045 tokens=792330240/1000000000 loss=3.1518 lr=1.96e-05 tok/s=40,983 eta=5067.244077608049
step=6046 tokens=792461312/1000000000 loss=3.1440 lr=1.96e-05 tok/s=41,007 eta=5061.007756233265
step=6047 tokens=792592384/1000000000 loss=3.2261 lr=1.96e-05 tok/s=40,800 eta=5083.528463245518
step=6048 tokens=792723456/1000000000 loss=3.1558 lr=1.96e-05 tok/s=40,708 eta=5091.77914371735
step=6049 tokens=792854528/1000000000 loss=3.2447 lr=1.96e-05 tok/s=40,843 eta=5071.7591192822565
step=6050 tokens=792985600/1000000000 loss=3.3136 lr=1.96e-05 tok/s=40,637 eta=5094.241172320894
step=6051 tokens=793116672/1000000000 loss=3.4238 lr=1.95e-05 tok/s=40,760 eta=5075.636496014467
step=6052 tokens=793247744/1000000000 loss=3.2259 lr=1.95e-05 tok/s=40,907 eta=5054.203917264617
step=6053 tokens=793378816/1000000000 loss=3.3048 lr=1.95e-05 tok/s=40,905 eta=5051.225781106574
step=6054 tokens=793509888/1000000000 loss=3.2846 lr=1.95e-05 tok/s=40,809 eta=5059.9238075645235
step=6055 tokens=793640960/1000000000 loss=3.2748 lr=1.95e-05 tok/s=40,831 eta=5053.919373502056
step=6056 tokens=793772032/1000000000 loss=3.3049 lr=1.95e-05 tok/s=40,559 eta=5084.689621775603
step=6057 tokens=793903104/1000000000 loss=3.0321 lr=1.95e-05 tok/s=40,919 eta=5036.688157546483
step=6058 tokens=794034176/1000000000 loss=3.2018 lr=1.95e-05 tok/s=40,669 eta=5064.466032232214
step=6059 tokens=794165248/1000000000 loss=3.0975 lr=1.94e-05 tok/s=40,836 eta=5040.540409832991
step=6060 tokens=794296320/1000000000 loss=2.9990 lr=1.94e-05 tok/s=41,116 eta=5002.95000064113
step=6061 tokens=794427392/1000000000 loss=3.0446 lr=1.94e-05 tok/s=41,108 eta=5000.835679097157
step=6062 tokens=794558464/1000000000 loss=3.2749 lr=1.94e-05 tok/s=41,029 eta=5007.229135307025
step=6063 tokens=794689536/1000000000 loss=3.1787 lr=1.94e-05 tok/s=40,890 eta=5021.005322839972
step=6064 tokens=794820608/1000000000 loss=3.2139 lr=1.94e-05 tok/s=40,963 eta=5008.935741103069
step=6065 tokens=794951680/1000000000 loss=3.1873 lr=1.94e-05 tok/s=40,951 eta=5007.162996801155
step=6066 tokens=795082752/1000000000 loss=3.2222 lr=1.94e-05 tok/s=40,860 eta=5015.093415366779
step=6067 tokens=795213824/1000000000 loss=3.1790 lr=1.94e-05 tok/s=41,033 eta=4990.762260212817
step=6068 tokens=795344896/1000000000 loss=3.2374 lr=1.93e-05 tok/s=41,013 eta=4990.062464010638
step=6069 tokens=795475968/1000000000 loss=3.0597 lr=1.93e-05 tok/s=41,044 eta=4983.05200690457
step=6070 tokens=795607040/1000000000 loss=3.2548 lr=1.93e-05 tok/s=41,119 eta=4970.721828647048
step=6071 tokens=795738112/1000000000 loss=2.9795 lr=1.93e-05 tok/s=41,164 eta=4962.0909384333945
step=6072 tokens=795869184/1000000000 loss=3.1049 lr=1.93e-05 tok/s=41,268 eta=4946.426392814142
step=6073 tokens=796000256/1000000000 loss=3.2124 lr=1.93e-05 tok/s=41,315 eta=4937.70413999134
step=6074 tokens=796131328/1000000000 loss=3.2117 lr=1.93e-05 tok/s=41,364 eta=4928.667937034889
step=6075 tokens=796262400/1000000000 loss=3.2340 lr=1.93e-05 tok/s=41,122 eta=4954.427602779583
step=6076 tokens=796393472/1000000000 loss=3.1402 lr=1.92e-05 tok/s=41,170 eta=4945.4928535430845
step=6077 tokens=796524544/1000000000 loss=3.2153 lr=1.92e-05 tok/s=41,123 eta=4947.958752591397
step=6078 tokens=796655616/1000000000 loss=3.3498 lr=1.92e-05 tok/s=41,149 eta=4941.611035661622
step=6079 tokens=796786688/1000000000 loss=3.2903 lr=1.92e-05 tok/s=41,228 eta=4929.0311139646055
step=6080 tokens=796917760/1000000000 loss=3.2419 lr=1.92e-05 tok/s=41,077 eta=4943.945593038284
step=6081 tokens=797048832/1000000000 loss=3.2311 lr=1.92e-05 tok/s=41,122 eta=4935.364368173678
step=6082 tokens=797179904/1000000000 loss=3.1343 lr=1.92e-05 tok/s=41,164 eta=4927.166919631444
step=6083 tokens=797310976/1000000000 loss=3.1983 lr=1.92e-05 tok/s=41,076 eta=4934.543571391974
step=6084 tokens=797442048/1000000000 loss=3.3929 lr=1.92e-05 tok/s=40,773 eta=4967.9538709835615
step=6085 tokens=797573120/1000000000 loss=3.1220 lr=1.91e-05 tok/s=40,871 eta=4952.84480004687
step=6086 tokens=797704192/1000000000 loss=3.3434 lr=1.91e-05 tok/s=41,011 eta=4932.698193042519
step=6087 tokens=797835264/1000000000 loss=3.2790 lr=1.91e-05 tok/s=40,961 eta=4935.583995219464
step=6088 tokens=797966336/1000000000 loss=3.2701 lr=1.91e-05 tok/s=40,905 eta=4939.148821324492
step=6089 tokens=798097408/1000000000 loss=3.3148 lr=1.91e-05 tok/s=40,792 eta=4949.5145397871565
step=6090 tokens=798228480/1000000000 loss=3.1194 lr=1.91e-05 tok/s=40,862 eta=4937.922635873083
step=6091 tokens=798359552/1000000000 loss=3.2883 lr=1.91e-05 tok/s=41,027 eta=4914.840935547002
step=6092 tokens=798490624/1000000000 loss=3.2269 lr=1.91e-05 tok/s=40,974 eta=4917.956440987049
step=6093 tokens=798621696/1000000000 loss=3.1681 lr=1.91e-05 tok/s=41,008 eta=4910.689743361205
step=6094 tokens=798752768/1000000000 loss=3.3207 lr=1.9e-05 tok/s=41,175 eta=4887.563935350996
step=6095 tokens=798883840/1000000000 loss=3.1207 lr=1.9e-05 tok/s=41,149 eta=4887.505364484372
step=6096 tokens=799014912/1000000000 loss=3.2747 lr=1.9e-05 tok/s=41,053 eta=4895.724789994763
step=6097 tokens=799145984/1000000000 loss=3.3540 lr=1.9e-05 tok/s=41,075 eta=4889.967067154852
step=6098 tokens=799277056/1000000000 loss=3.3397 lr=1.9e-05 tok/s=41,252 eta=4865.811649733544
step=6099 tokens=799408128/1000000000 loss=3.3515 lr=1.9e-05 tok/s=41,046 eta=4886.955950884799
step=6100 tokens=799539200/1000000000 loss=3.2916 lr=1.9e-05 tok/s=41,121 eta=4874.869771678376
step=6101 tokens=799670272/1000000000 loss=3.3028 lr=1.9e-05 tok/s=41,040 eta=4881.274457732621
step=6102 tokens=799801344/1000000000 loss=3.1297 lr=1.9e-05 tok/s=40,958 eta=4887.913350119174
step=6103 tokens=799932416/1000000000 loss=3.3404 lr=1.89e-05 tok/s=40,971 eta=4883.176903359181
step=6104 tokens=800063488/1000000000 loss=3.1571 lr=1.89e-05 tok/s=29,624 eta=6749.199628718318
checkpoint saved: runs/20260906-225321/checkpoints/tokens_000800m (permanent_tokens)
step=6105 tokens=800194560/1000000000 loss=3.1533 lr=1.89e-05 tok/s=36,073 eta=5538.91325497576
step=6106 tokens=800325632/1000000000 loss=3.3140 lr=1.89e-05 tok/s=41,211 eta=4845.204538830424
step=6107 tokens=800456704/1000000000 loss=3.3006 lr=1.89e-05 tok/s=41,072 eta=4858.436645779504
step=6108 tokens=800587776/1000000000 loss=3.3083 lr=1.89e-05 tok/s=40,939 eta=4870.985764768832
step=6109 tokens=800718848/1000000000 loss=3.0853 lr=1.89e-05 tok/s=41,027 eta=4857.307379229252
step=6110 tokens=800849920/1000000000 loss=3.2179 lr=1.89e-05 tok/s=41,159 eta=4838.594760148058
step=6111 tokens=800980992/1000000000 loss=3.0730 lr=1.89e-05 tok/s=41,148 eta=4836.697930148358
step=6112 tokens=801112064/1000000000 loss=3.1087 lr=1.88e-05 tok/s=40,933 eta=4858.8844748668425
step=6113 tokens=801243136/1000000000 loss=3.1785 lr=1.88e-05 tok/s=40,899 eta=4859.681050517903
step=6114 tokens=801374208/1000000000 loss=3.1897 lr=1.88e-05 tok/s=41,011 eta=4843.258394703058
step=6115 tokens=801505280/1000000000 loss=3.3279 lr=1.88e-05 tok/s=41,283 eta=4808.119794810924
step=6116 tokens=801636352/1000000000 loss=3.1876 lr=1.88e-05 tok/s=41,117 eta=4824.324095003738
step=6117 tokens=801767424/1000000000 loss=3.1573 lr=1.88e-05 tok/s=41,083 eta=4825.186219472158
step=6118 tokens=801898496/1000000000 loss=3.1460 lr=1.88e-05 tok/s=41,256 eta=4801.710245339839
step=6119 tokens=802029568/1000000000 loss=3.2330 lr=1.88e-05 tok/s=40,918 eta=4838.187731924322
step=6120 tokens=802160640/1000000000 loss=3.1948 lr=1.88e-05 tok/s=41,054 eta=4819.014163734278
step=6121 tokens=802291712/1000000000 loss=3.3694 lr=1.87e-05 tok/s=41,164 eta=4802.980710835095
step=6122 tokens=802422784/1000000000 loss=3.3058 lr=1.87e-05 tok/s=41,206 eta=4794.853704806379
step=6123 tokens=802553856/1000000000 loss=3.1152 lr=1.87e-05 tok/s=41,067 eta=4807.901781680078
step=6124 tokens=802684928/1000000000 loss=3.2785 lr=1.87e-05 tok/s=40,794 eta=4836.8464890958185
step=6125 tokens=802816000/1000000000 loss=3.0975 lr=1.87e-05 tok/s=41,036 eta=4805.106732519206
step=6126 tokens=802947072/1000000000 loss=3.2285 lr=1.87e-05 tok/s=41,012 eta=4804.716433736215
step=6127 tokens=803078144/1000000000 loss=3.3443 lr=1.87e-05 tok/s=41,054 eta=4796.670518876219
step=6128 tokens=803209216/1000000000 loss=3.1783 lr=1.87e-05 tok/s=40,929 eta=4808.13052095574
step=6129 tokens=803340288/1000000000 loss=3.2853 lr=1.87e-05 tok/s=40,862 eta=4812.836012273378
step=6130 tokens=803471360/1000000000 loss=3.0698 lr=1.86e-05 tok/s=40,917 eta=4803.065487769455
step=6131 tokens=803602432/1000000000 loss=3.1105 lr=1.86e-05 tok/s=40,962 eta=4794.603165328042
step=6132 tokens=803733504/1000000000 loss=3.1619 lr=1.86e-05 tok/s=40,995 eta=4787.628179234016
step=6133 tokens=803864576/1000000000 loss=3.4177 lr=1.86e-05 tok/s=40,956 eta=4788.956576540698
step=6134 tokens=803995648/1000000000 loss=3.2075 lr=1.86e-05 tok/s=41,120 eta=4766.591012877133
step=6135 tokens=804126720/1000000000 loss=3.3421 lr=1.86e-05 tok/s=41,106 eta=4765.134299137449
step=6136 tokens=804257792/1000000000 loss=3.3056 lr=1.86e-05 tok/s=41,022 eta=4771.630424846986
step=6137 tokens=804388864/1000000000 loss=3.1608 lr=1.86e-05 tok/s=41,016 eta=4769.125132919381
step=6138 tokens=804519936/1000000000 loss=3.1328 lr=1.86e-05 tok/s=40,987 eta=4769.262435632947
step=6139 tokens=804651008/1000000000 loss=3.3123 lr=1.85e-05 tok/s=40,690 eta=4800.929323954676
step=6140 tokens=804782080/1000000000 loss=3.1422 lr=1.85e-05 tok/s=40,712 eta=4795.117674026816
step=6141 tokens=804913152/1000000000 loss=3.2281 lr=1.85e-05 tok/s=41,094 eta=4747.2853483295685
step=6142 tokens=805044224/1000000000 loss=3.2845 lr=1.85e-05 tok/s=40,960 eta=4759.660425094803
step=6143 tokens=805175296/1000000000 loss=3.2335 lr=1.85e-05 tok/s=41,009 eta=4750.7329425812595
step=6144 tokens=805306368/1000000000 loss=3.2409 lr=1.85e-05 tok/s=41,027 eta=4745.4952516560115
step=6145 tokens=805437440/1000000000 loss=3.3216 lr=1.85e-05 tok/s=41,146 eta=4728.591058192641
step=6146 tokens=805568512/1000000000 loss=3.2262 lr=1.85e-05 tok/s=41,145 eta=4725.5361951826635
step=6147 tokens=805699584/1000000000 loss=3.3896 lr=1.85e-05 tok/s=40,755 eta=4767.570532337443
step=6148 tokens=805830656/1000000000 loss=3.1404 lr=1.84e-05 tok/s=41,123 eta=4721.659966594161
step=6149 tokens=805961728/1000000000 loss=3.2535 lr=1.84e-05 tok/s=40,969 eta=4736.204749208784
step=6150 tokens=806092800/1000000000 loss=3.2624 lr=1.84e-05 tok/s=40,908 eta=4740.064672878958
step=6151 tokens=806223872/1000000000 loss=3.3011 lr=1.84e-05 tok/s=40,836 eta=4745.179339162185
step=6152 tokens=806354944/1000000000 loss=3.3522 lr=1.84e-05 tok/s=40,895 eta=4735.197373124383
step=6153 tokens=806486016/1000000000 loss=3.2508 lr=1.84e-05 tok/s=40,648 eta=4760.669214169245
step=6154 tokens=806617088/1000000000 loss=3.2667 lr=1.84e-05 tok/s=40,898 eta=4728.4568778196335
step=6155 tokens=806748160/1000000000 loss=3.3224 lr=1.84e-05 tok/s=40,740 eta=4743.555579066957
step=6156 tokens=806879232/1000000000 loss=3.2997 lr=1.84e-05 tok/s=40,888 eta=4723.160232226537
step=6157 tokens=807010304/1000000000 loss=3.3598 lr=1.83e-05 tok/s=40,843 eta=4725.148953623477
step=6158 tokens=807141376/1000000000 loss=3.1755 lr=1.83e-05 tok/s=40,671 eta=4741.930990123806
step=6159 tokens=807272448/1000000000 loss=3.2393 lr=1.83e-05 tok/s=40,758 eta=4728.612534240762
step=6160 tokens=807403520/1000000000 loss=3.0368 lr=1.83e-05 tok/s=40,909 eta=4707.877905111198
step=6161 tokens=807534592/1000000000 loss=3.0824 lr=1.83e-05 tok/s=40,857 eta=4710.732165879445
step=6162 tokens=807665664/1000000000 loss=3.3820 lr=1.83e-05 tok/s=41,081 eta=4681.84161861238
step=6163 tokens=807796736/1000000000 loss=3.2269 lr=1.83e-05 tok/s=41,040 eta=4683.269191715713
step=6164 tokens=807927808/1000000000 loss=3.2907 lr=1.83e-05 tok/s=40,877 eta=4698.767538379672
step=6165 tokens=808058880/1000000000 loss=3.1091 lr=1.83e-05 tok/s=40,749 eta=4710.326211122811
step=6166 tokens=808189952/1000000000 loss=3.2788 lr=1.82e-05 tok/s=40,774 eta=4704.199399561712
step=6167 tokens=808321024/1000000000 loss=3.1966 lr=1.82e-05 tok/s=40,801 eta=4697.871856513474
step=6168 tokens=808452096/1000000000 loss=3.0816 lr=1.82e-05 tok/s=40,587 eta=4719.3891799536395
step=6169 tokens=808583168/1000000000 loss=3.2582 lr=1.82e-05 tok/s=40,629 eta=4711.386689236357
step=6170 tokens=808714240/1000000000 loss=3.2622 lr=1.82e-05 tok/s=40,842 eta=4683.583565620111
step=6171 tokens=808845312/1000000000 loss=3.1670 lr=1.82e-05 tok/s=40,728 eta=4693.4824018205245
step=6172 tokens=808976384/1000000000 loss=3.1429 lr=1.82e-05 tok/s=40,741 eta=4688.74316683227
step=6173 tokens=809107456/1000000000 loss=3.1524 lr=1.82e-05 tok/s=40,842 eta=4673.912923933854
step=6174 tokens=809238528/1000000000 loss=3.2514 lr=1.82e-05 tok/s=40,891 eta=4665.096759222362
step=6175 tokens=809369600/1000000000 loss=3.2927 lr=1.81e-05 tok/s=41,057 eta=4643.04632097008
step=6176 tokens=809500672/1000000000 loss=3.2340 lr=1.81e-05 tok/s=40,988 eta=4647.639397053217
step=6177 tokens=809631744/1000000000 loss=3.1843 lr=1.81e-05 tok/s=40,891 eta=4655.493215814362
step=6178 tokens=809762816/1000000000 loss=3.3554 lr=1.81e-05 tok/s=40,873 eta=4654.328265824373
step=6179 tokens=809893888/1000000000 loss=3.1430 lr=1.81e-05 tok/s=40,761 eta=4663.949516122466
step=6180 tokens=810024960/1000000000 loss=3.2128 lr=1.81e-05 tok/s=29,732 eta=6389.683471568777
step=6181 tokens=810156032/1000000000 loss=3.2418 lr=1.81e-05 tok/s=41,027 eta=4627.311864330564
step=6182 tokens=810287104/1000000000 loss=3.2192 lr=1.81e-05 tok/s=40,836 eta=4645.671329403756
step=6183 tokens=810418176/1000000000 loss=3.1799 lr=1.81e-05 tok/s=40,796 eta=4647.017797908078
step=6184 tokens=810549248/1000000000 loss=3.3283 lr=1.8e-05 tok/s=40,806 eta=4642.764035088338
step=6185 tokens=810680320/1000000000 loss=3.3858 lr=1.8e-05 tok/s=40,904 eta=4628.362849301458
step=6186 tokens=810811392/1000000000 loss=3.1526 lr=1.8e-05 tok/s=40,928 eta=4622.468324701785
step=6187 tokens=810942464/1000000000 loss=3.1904 lr=1.8e-05 tok/s=41,043 eta=4606.341134974825
step=6188 tokens=811073536/1000000000 loss=3.1781 lr=1.8e-05 tok/s=41,303 eta=4574.186955732905
step=6189 tokens=811204608/1000000000 loss=3.2790 lr=1.8e-05 tok/s=41,209 eta=4581.423741391478
step=6190 tokens=811335680/1000000000 loss=3.2891 lr=1.8e-05 tok/s=41,219 eta=4577.074884773268
step=6191 tokens=811466752/1000000000 loss=3.2514 lr=1.8e-05 tok/s=41,245 eta=4571.075558765609
step=6192 tokens=811597824/1000000000 loss=3.3736 lr=1.8e-05 tok/s=41,135 eta=4580.148891825382
step=6193 tokens=811728896/1000000000 loss=3.1604 lr=1.8e-05 tok/s=41,104 eta=4580.335288469049
step=6194 tokens=811859968/1000000000 loss=3.2632 lr=1.79e-05 tok/s=41,121 eta=4575.266078858154
step=6195 tokens=811991040/1000000000 loss=3.3380 lr=1.79e-05 tok/s=41,084 eta=4576.178886293165
step=6196 tokens=812122112/1000000000 loss=3.1930 lr=1.79e-05 tok/s=41,206 eta=4559.424155145739
step=6197 tokens=812253184/1000000000 loss=3.1472 lr=1.79e-05 tok/s=41,103 eta=4567.727627929203
step=6198 tokens=812384256/1000000000 loss=2.9990 lr=1.79e-05 tok/s=41,111 eta=4563.654912246893
step=6199 tokens=812515328/1000000000 loss=3.1590 lr=1.79e-05 tok/s=41,112 eta=4560.341427646123
step=6200 tokens=812646400/1000000000 loss=3.1744 lr=1.79e-05 tok/s=41,157 eta=4552.120173274361
step=6201 tokens=812777472/1000000000 loss=3.1794 lr=1.79e-05 tok/s=41,244 eta=4539.425727526103
step=6202 tokens=812908544/1000000000 loss=3.2434 lr=1.79e-05 tok/s=41,359 eta=4523.608058930594
step=6203 tokens=813039616/1000000000 loss=3.1809 lr=1.78e-05 tok/s=41,230 eta=4534.536761264387
step=6204 tokens=813170688/1000000000 loss=3.1481 lr=1.78e-05 tok/s=41,224 eta=4532.007748259605
step=6205 tokens=813301760/1000000000 loss=3.0899 lr=1.78e-05 tok/s=41,168 eta=4534.994776688198
step=6206 tokens=813432832/1000000000 loss=2.9442 lr=1.78e-05 tok/s=41,254 eta=4522.362368986258
step=6207 tokens=813563904/1000000000 loss=3.1152 lr=1.78e-05 tok/s=41,225 eta=4522.416355848449
step=6208 tokens=813694976/1000000000 loss=3.1423 lr=1.78e-05 tok/s=41,153 eta=4527.165421676383
step=6209 tokens=813826048/1000000000 loss=3.2192 lr=1.78e-05 tok/s=41,259 eta=4512.37470348427
step=6210 tokens=813957120/1000000000 loss=3.1808 lr=1.78e-05 tok/s=41,232 eta=4512.140549039691
step=6211 tokens=814088192/1000000000 loss=3.3007 lr=1.78e-05 tok/s=41,130 eta=4520.064114459769
step=6212 tokens=814219264/1000000000 loss=3.3334 lr=1.77e-05 tok/s=41,100 eta=4520.2212339036405
step=6213 tokens=814350336/1000000000 loss=3.2218 lr=1.77e-05 tok/s=40,872 eta=4542.220673610516
step=6214 tokens=814481408/1000000000 loss=3.2398 lr=1.77e-05 tok/s=41,025 eta=4522.1100047289365
step=6215 tokens=814612480/1000000000 loss=3.1597 lr=1.77e-05 tok/s=40,817 eta=4541.922756525088
step=6216 tokens=814743552/1000000000 loss=3.0479 lr=1.77e-05 tok/s=40,897 eta=4529.793792435008
step=6217 tokens=814874624/1000000000 loss=3.2521 lr=1.77e-05 tok/s=40,953 eta=4520.4009224356305
step=6218 tokens=815005696/1000000000 loss=3.0971 lr=1.77e-05 tok/s=40,872 eta=4526.132144583646
step=6219 tokens=815136768/1000000000 loss=3.1474 lr=1.77e-05 tok/s=41,024 eta=4506.231858173501
step=6220 tokens=815267840/1000000000 loss=3.2634 lr=1.77e-05 tok/s=40,911 eta=4515.409432791913
step=6221 tokens=815398912/1000000000 loss=3.2621 lr=1.77e-05 tok/s=40,972 eta=4505.583481992299
step=6222 tokens=815529984/1000000000 loss=3.2420 lr=1.76e-05 tok/s=41,040 eta=4494.896997735371
step=6223 tokens=815661056/1000000000 loss=3.0884 lr=1.76e-05 tok/s=41,085 eta=4486.733178160019
step=6224 tokens=815792128/1000000000 loss=3.2910 lr=1.76e-05 tok/s=41,076 eta=4484.585349414998
step=6225 tokens=815923200/1000000000 loss=3.3417 lr=1.76e-05 tok/s=41,077 eta=4481.246759500428
step=6226 tokens=816054272/1000000000 loss=3.2299 lr=1.76e-05 tok/s=41,120 eta=4473.397591875428
step=6227 tokens=816185344/1000000000 loss=3.1031 lr=1.76e-05 tok/s=41,005 eta=4482.760620639261
step=6228 tokens=816316416/1000000000 loss=3.2415 lr=1.76e-05 tok/s=41,153 eta=4463.438504565003
step=6229 tokens=816447488/1000000000 loss=3.2845 lr=1.76e-05 tok/s=41,194 eta=4455.773814124098
step=6230 tokens=816578560/1000000000 loss=3.2667 lr=1.76e-05 tok/s=41,008 eta=4472.839314481522
step=6231 tokens=816709632/1000000000 loss=3.2198 lr=1.75e-05 tok/s=41,045 eta=4465.569344674935
step=6232 tokens=816840704/1000000000 loss=3.2038 lr=1.75e-05 tok/s=41,361 eta=4428.359774155542
step=6233 tokens=816971776/1000000000 loss=3.4194 lr=1.75e-05 tok/s=41,139 eta=4448.982706946507
step=6234 tokens=817102848/1000000000 loss=3.0723 lr=1.75e-05 tok/s=41,173 eta=4442.126995432198
step=6235 tokens=817233920/1000000000 loss=3.1261 lr=1.75e-05 tok/s=41,001 eta=4457.579987273301
step=6236 tokens=817364992/1000000000 loss=3.3534 lr=1.75e-05 tok/s=41,064 eta=4447.540797425241
step=6237 tokens=817496064/1000000000 loss=3.0637 lr=1.75e-05 tok/s=41,271 eta=4422.086370665778
step=6238 tokens=817627136/1000000000 loss=3.2820 lr=1.75e-05 tok/s=41,065 eta=4441.130493178648
step=6239 tokens=817758208/1000000000 loss=3.2458 lr=1.75e-05 tok/s=40,786 eta=4468.263952835623
step=6240 tokens=817889280/1000000000 loss=3.2151 lr=1.75e-05 tok/s=40,930 eta=4449.318562765523
step=6241 tokens=818020352/1000000000 loss=3.1542 lr=1.74e-05 tok/s=41,071 eta=4430.908915967667
step=6242 tokens=818151424/1000000000 loss=3.2898 lr=1.74e-05 tok/s=41,043 eta=4430.675101107802
step=6243 tokens=818282496/1000000000 loss=3.2351 lr=1.74e-05 tok/s=41,154 eta=4415.572717601991
step=6244 tokens=818413568/1000000000 loss=3.1360 lr=1.74e-05 tok/s=41,012 eta=4427.685608152391
step=6245 tokens=818544640/1000000000 loss=3.1551 lr=1.74e-05 tok/s=41,290 eta=4394.685871825465
step=6246 tokens=818675712/1000000000 loss=3.0963 lr=1.74e-05 tok/s=41,206 eta=4400.432946653783
step=6247 tokens=818806784/1000000000 loss=3.2737 lr=1.74e-05 tok/s=41,107 eta=4407.827939271618
step=6248 tokens=818937856/1000000000 loss=3.3206 lr=1.74e-05 tok/s=41,082 eta=4407.370663475541
step=6249 tokens=819068928/1000000000 loss=3.1914 lr=1.74e-05 tok/s=41,125 eta=4399.492003427224
step=6250 tokens=819200000/1000000000 loss=3.2283 lr=1.73e-05 tok/s=41,187 eta=4389.730799850256
step=6251 tokens=819331072/1000000000 loss=3.2223 lr=1.73e-05 tok/s=41,192 eta=4386.063453866131
step=6252 tokens=819462144/1000000000 loss=3.3428 lr=1.73e-05 tok/s=41,103 eta=4392.31212663214
step=6253 tokens=819593216/1000000000 loss=2.9866 lr=1.73e-05 tok/s=41,066 eta=4393.087854468233
step=6254 tokens=819724288/1000000000 loss=3.1975 lr=1.73e-05 tok/s=41,091 eta=4387.271907053006
step=6255 tokens=819855360/1000000000 loss=3.2817 lr=1.73e-05 tok/s=40,640 eta=4432.691023065947
step=6256 tokens=819986432/1000000000 loss=3.1817 lr=1.73e-05 tok/s=40,761 eta=4416.334847786288
step=6257 tokens=820117504/1000000000 loss=3.2801 lr=1.73e-05 tok/s=29,632 eta=6070.6500532491045
step=6258 tokens=820248576/1000000000 loss=3.1907 lr=1.73e-05 tok/s=41,039 eta=4380.034075144941
step=6259 tokens=820379648/1000000000 loss=3.2781 lr=1.73e-05 tok/s=40,916 eta=4390.006037075185
step=6260 tokens=820510720/1000000000 loss=3.3474 lr=1.72e-05 tok/s=40,793 eta=4399.98351974467
step=6261 tokens=820641792/1000000000 loss=3.1979 lr=1.72e-05 tok/s=40,813 eta=4394.617276448656
step=6262 tokens=820772864/1000000000 loss=3.1690 lr=1.72e-05 tok/s=40,890 eta=4383.2040090130695
step=6263 tokens=820903936/1000000000 loss=3.2003 lr=1.72e-05 tok/s=40,865 eta=4382.623917021508
step=6264 tokens=821035008/1000000000 loss=3.2364 lr=1.72e-05 tok/s=40,908 eta=4374.790867762539
step=6265 tokens=821166080/1000000000 loss=3.2379 lr=1.72e-05 tok/s=40,929 eta=4369.326022567299
step=6266 tokens=821297152/1000000000 loss=3.2041 lr=1.72e-05 tok/s=40,890 eta=4370.291145960441
step=6267 tokens=821428224/1000000000 loss=3.1304 lr=1.72e-05 tok/s=40,782 eta=4378.68853582516
step=6268 tokens=821559296/1000000000 loss=3.3662 lr=1.72e-05 tok/s=40,759 eta=4377.9964587469285
step=6269 tokens=821690368/1000000000 loss=3.2672 lr=1.72e-05 tok/s=41,025 eta=4346.404145776433
step=6270 tokens=821821440/1000000000 loss=3.3647 lr=1.71e-05 tok/s=40,752 eta=4372.282438481277
step=6271 tokens=821952512/1000000000 loss=3.2324 lr=1.71e-05 tok/s=40,774 eta=4366.676878018773
step=6272 tokens=822083584/1000000000 loss=3.1207 lr=1.71e-05 tok/s=40,856 eta=4354.715432489205
step=6273 tokens=822214656/1000000000 loss=3.2010 lr=1.71e-05 tok/s=40,824 eta=4354.926887798558
step=6274 tokens=822345728/1000000000 loss=3.2627 lr=1.71e-05 tok/s=40,861 eta=4347.720420584253
step=6275 tokens=822476800/1000000000 loss=3.1284 lr=1.71e-05 tok/s=40,714 eta=4360.221007837533
step=6276 tokens=822607872/1000000000 loss=3.2581 lr=1.71e-05 tok/s=40,541 eta=4375.5759254886925
step=6277 tokens=822738944/1000000000 loss=3.4514 lr=1.71e-05 tok/s=40,722 eta=4352.910007287003
step=6278 tokens=822870016/1000000000 loss=3.3002 lr=1.71e-05 tok/s=40,969 eta=4323.509249300045
step=6279 tokens=823001088/1000000000 loss=3.1702 lr=1.71e-05 tok/s=40,706 eta=4348.217388966902
step=6280 tokens=823132160/1000000000 loss=3.2701 lr=1.7e-05 tok/s=40,830 eta=4331.784070648761
step=6281 tokens=823263232/1000000000 loss=3.3078 lr=1.7e-05 tok/s=40,859 eta=4325.513798754894
step=6282 tokens=823394304/1000000000 loss=3.1891 lr=1.7e-05 tok/s=40,593 eta=4350.593040995196
step=6283 tokens=823525376/1000000000 loss=3.2430 lr=1.7e-05 tok/s=40,602 eta=4346.42559100265
step=6284 tokens=823656448/1000000000 loss=3.1189 lr=1.7e-05 tok/s=40,836 eta=4318.294662783834
step=6285 tokens=823787520/1000000000 loss=3.2139 lr=1.7e-05 tok/s=40,780 eta=4321.053079725285
step=6286 tokens=823918592/1000000000 loss=3.2520 lr=1.7e-05 tok/s=40,901 eta=4305.033878470888
step=6287 tokens=824049664/1000000000 loss=3.0814 lr=1.7e-05 tok/s=40,739 eta=4318.956601150316
step=6288 tokens=824180736/1000000000 loss=3.1214 lr=1.7e-05 tok/s=40,799 eta=4309.413159400762
step=6289 tokens=824311808/1000000000 loss=3.2953 lr=1.7e-05 tok/s=40,623 eta=4324.826905281691
step=6290 tokens=824442880/1000000000 loss=3.3723 lr=1.69e-05 tok/s=40,989 eta=4283.003065723065
step=6291 tokens=824573952/1000000000 loss=3.2087 lr=1.69e-05 tok/s=40,834 eta=4296.116156626724
step=6292 tokens=824705024/1000000000 loss=3.2018 lr=1.69e-05 tok/s=40,751 eta=4301.633011396343
step=6293 tokens=824836096/1000000000 loss=3.2347 lr=1.69e-05 tok/s=40,940 eta=4278.552988542318
step=6294 tokens=824967168/1000000000 loss=3.1190 lr=1.69e-05 tok/s=41,181 eta=4250.302240572133
step=6295 tokens=825098240/1000000000 loss=3.2935 lr=1.69e-05 tok/s=40,931 eta=4273.055261381885
step=6296 tokens=825229312/1000000000 loss=3.2982 lr=1.69e-05 tok/s=41,202 eta=4241.847769227814
step=6297 tokens=825360384/1000000000 loss=3.2746 lr=1.69e-05 tok/s=41,186 eta=4240.308054148152
step=6298 tokens=825491456/1000000000 loss=3.2683 lr=1.69e-05 tok/s=40,790 eta=4278.217629990899
step=6299 tokens=825622528/1000000000 loss=3.0866 lr=1.68e-05 tok/s=40,749 eta=4279.324407229518
step=6300 tokens=825753600/1000000000 loss=3.2220 lr=1.68e-05 tok/s=40,870 eta=4263.436794688516
step=6301 tokens=825884672/1000000000 loss=3.1577 lr=1.68e-05 tok/s=41,022 eta=4244.488513659736
step=6302 tokens=826015744/1000000000 loss=3.3838 lr=1.68e-05 tok/s=41,008 eta=4242.68602224266
step=6303 tokens=826146816/1000000000 loss=3.1977 lr=1.68e-05 tok/s=40,877 eta=4253.132728525367
step=6304 tokens=826277888/1000000000 loss=3.2288 lr=1.68e-05 tok/s=40,890 eta=4248.534563386341
step=6305 tokens=826408960/1000000000 loss=3.2094 lr=1.68e-05 tok/s=40,813 eta=4253.295089943005
step=6306 tokens=826540032/1000000000 loss=3.1219 lr=1.68e-05 tok/s=40,874 eta=4243.724079475204
step=6307 tokens=826671104/1000000000 loss=3.2945 lr=1.68e-05 tok/s=40,856 eta=4242.433935051082
step=6308 tokens=826802176/1000000000 loss=3.0204 lr=1.68e-05 tok/s=40,856 eta=4239.200614430302
step=6309 tokens=826933248/1000000000 loss=3.1523 lr=1.67e-05 tok/s=40,662 eta=4256.2147621054
step=6310 tokens=827064320/1000000000 loss=3.2873 lr=1.67e-05 tok/s=40,712 eta=4247.796588449198
step=6311 tokens=827195392/1000000000 loss=3.1078 lr=1.67e-05 tok/s=40,906 eta=4224.449075501703
step=6312 tokens=827326464/1000000000 loss=3.3125 lr=1.67e-05 tok/s=40,874 eta=4224.5580787836425
step=6313 tokens=827457536/1000000000 loss=3.1935 lr=1.67e-05 tok/s=40,770 eta=4232.096009734787
step=6314 tokens=827588608/1000000000 loss=3.1472 lr=1.67e-05 tok/s=40,896 eta=4215.862192156677
step=6315 tokens=827719680/1000000000 loss=3.1118 lr=1.67e-05 tok/s=40,738 eta=4228.95067762302
step=6316 tokens=827850752/1000000000 loss=3.2252 lr=1.67e-05 tok/s=41,089 eta=4189.707419542314
step=6317 tokens=827981824/1000000000 loss=3.1985 lr=1.67e-05 tok/s=41,132 eta=4182.069376238897
step=6318 tokens=828112896/1000000000 loss=3.1432 lr=1.67e-05 tok/s=40,888 eta=4203.85808060021
step=6319 tokens=828243968/1000000000 loss=3.1946 lr=1.67e-05 tok/s=40,845 eta=4205.1162502948555
step=6320 tokens=828375040/1000000000 loss=3.1664 lr=1.66e-05 tok/s=41,122 eta=4173.51379971248
step=6321 tokens=828506112/1000000000 loss=3.2320 lr=1.66e-05 tok/s=40,892 eta=4193.83696901981
step=6322 tokens=828637184/1000000000 loss=3.1604 lr=1.66e-05 tok/s=41,193 eta=4160.037399702682
step=6323 tokens=828768256/1000000000 loss=3.2974 lr=1.66e-05 tok/s=41,013 eta=4175.07273941122
step=6324 tokens=828899328/1000000000 loss=3.3777 lr=1.66e-05 tok/s=40,994 eta=4173.831197366651
step=6325 tokens=829030400/1000000000 loss=3.2060 lr=1.66e-05 tok/s=41,011 eta=4168.876694330842
step=6326 tokens=829161472/1000000000 loss=3.1584 lr=1.66e-05 tok/s=40,840 eta=4183.152428618774
step=6327 tokens=829292544/1000000000 loss=3.2469 lr=1.66e-05 tok/s=40,881 eta=4175.666839675335
step=6328 tokens=829423616/1000000000 loss=3.3397 lr=1.66e-05 tok/s=40,850 eta=4175.707401135838
step=6329 tokens=829554688/1000000000 loss=3.3385 lr=1.66e-05 tok/s=40,854 eta=4172.097370329036
step=6330 tokens=829685760/1000000000 loss=3.2151 lr=1.65e-05 tok/s=40,960 eta=4158.104925229262
step=6331 tokens=829816832/1000000000 loss=3.1085 lr=1.65e-05 tok/s=40,816 eta=4169.547569386515
step=6332 tokens=829947904/1000000000 loss=3.3456 lr=1.65e-05 tok/s=40,702 eta=4177.978666420191
step=6333 tokens=830078976/1000000000 loss=3.2238 lr=1.65e-05 tok/s=29,506 eta=5758.776297726793
step=6334 tokens=830210048/1000000000 loss=3.3054 lr=1.65e-05 tok/s=41,093 eta=4131.800883106741
step=6335 tokens=830341120/1000000000 loss=3.2533 lr=1.65e-05 tok/s=41,072 eta=4130.791925911448
step=6336 tokens=830472192/1000000000 loss=3.3112 lr=1.65e-05 tok/s=41,067 eta=4128.097334175839
step=6337 tokens=830603264/1000000000 loss=3.0887 lr=1.65e-05 tok/s=41,083 eta=4123.276241211716
step=6338 tokens=830734336/1000000000 loss=3.1784 lr=1.65e-05 tok/s=41,022 eta=4126.233786494399
step=6339 tokens=830865408/1000000000 loss=3.1047 lr=1.65e-05 tok/s=40,769 eta=4148.60264547497
step=6340 tokens=830996480/1000000000 loss=3.4048 lr=1.64e-05 tok/s=40,763 eta=4146.021307433291
step=6341 tokens=831127552/1000000000 loss=3.2674 lr=1.64e-05 tok/s=40,918 eta=4127.111209029796
step=6342 tokens=831258624/1000000000 loss=3.2249 lr=1.64e-05 tok/s=40,993 eta=4116.342964770646
step=6343 tokens=831389696/1000000000 loss=3.1771 lr=1.64e-05 tok/s=41,017 eta=4110.775444974443
step=6344 tokens=831520768/1000000000 loss=3.2720 lr=1.64e-05 tok/s=40,993 eta=4109.968730494967
step=6345 tokens=831651840/1000000000 loss=3.1533 lr=1.64e-05 tok/s=40,833 eta=4122.844085379396
step=6346 tokens=831782912/1000000000 loss=3.1831 lr=1.64e-05 tok/s=40,605 eta=4142.781739304315
step=6347 tokens=831913984/1000000000 loss=3.1353 lr=1.64e-05 tok/s=40,879 eta=4111.808332924438
step=6348 tokens=832045056/1000000000 loss=3.1180 lr=1.64e-05 tok/s=40,915 eta=4104.981761954993
step=6349 tokens=832176128/1000000000 loss=3.4214 lr=1.64e-05 tok/s=40,627 eta=4130.858701689272
step=6350 tokens=832307200/1000000000 loss=3.2129 lr=1.63e-05 tok/s=40,984 eta=4091.650141479806
step=6351 tokens=832438272/1000000000 loss=3.0888 lr=1.63e-05 tok/s=40,692 eta=4117.833475918837
step=6352 tokens=832569344/1000000000 loss=3.3172 lr=1.63e-05 tok/s=40,760 eta=4107.732599663542
step=6353 tokens=832700416/1000000000 loss=3.2164 lr=1.63e-05 tok/s=40,720 eta=4108.523663989536
step=6354 tokens=832831488/1000000000 loss=3.2933 lr=1.63e-05 tok/s=40,843 eta=4092.973967141438
step=6355 tokens=832962560/1000000000 loss=3.1209 lr=1.63e-05 tok/s=40,861 eta=4087.9677773717553
step=6356 tokens=833093632/1000000000 loss=3.2881 lr=1.63e-05 tok/s=40,728 eta=4098.030812008636
step=6357 tokens=833224704/1000000000 loss=3.2102 lr=1.63e-05 tok/s=40,871 eta=4080.524663018536
step=6358 tokens=833355776/1000000000 loss=3.0871 lr=1.63e-05 tok/s=40,837 eta=4080.6694004586984
step=6359 tokens=833486848/1000000000 loss=3.1793 lr=1.63e-05 tok/s=40,927 eta=4068.537654593531
step=6360 tokens=833617920/1000000000 loss=3.2872 lr=1.63e-05 tok/s=41,162 eta=4042.137612502734
step=6361 tokens=833748992/1000000000 loss=3.3200 lr=1.62e-05 tok/s=40,843 eta=4070.484862500234
step=6362 tokens=833880064/1000000000 loss=3.3164 lr=1.62e-05 tok/s=40,930 eta=4058.6106307923847
step=6363 tokens=834011136/1000000000 loss=3.1643 lr=1.62e-05 tok/s=40,943 eta=4054.1387352467304
step=6364 tokens=834142208/1000000000 loss=3.0811 lr=1.62e-05 tok/s=40,977 eta=4047.5534493088817
step=6365 tokens=834273280/1000000000 loss=3.0640 lr=1.62e-05 tok/s=41,060 eta=4036.1660308888613
step=6366 tokens=834404352/1000000000 loss=3.2628 lr=1.62e-05 tok/s=41,055 eta=4033.4896880493734
step=6367 tokens=834535424/1000000000 loss=3.1568 lr=1.62e-05 tok/s=41,118 eta=4024.1259138424216
step=6368 tokens=834666496/1000000000 loss=3.0584 lr=1.62e-05 tok/s=40,896 eta=4042.8056658343735
step=6369 tokens=834797568/1000000000 loss=3.0914 lr=1.62e-05 tok/s=40,955 eta=4033.7658574798243
step=6370 tokens=834928640/1000000000 loss=3.3238 lr=1.62e-05 tok/s=41,044 eta=4021.8520838829695
step=6371 tokens=835059712/1000000000 loss=3.2359 lr=1.61e-05 tok/s=40,984 eta=4024.504064765789
step=6372 tokens=835190784/1000000000 loss=3.3391 lr=1.61e-05 tok/s=40,991 eta=4020.616040524862
step=6373 tokens=835321856/1000000000 loss=3.3301 lr=1.61e-05 tok/s=41,210 eta=3996.059692274524
step=6374 tokens=835452928/1000000000 loss=3.2740 lr=1.61e-05 tok/s=40,926 eta=4020.562465217835
step=6375 tokens=835584000/1000000000 loss=3.2743 lr=1.61e-05 tok/s=40,889 eta=4021.0342265880568
step=6376 tokens=835715072/1000000000 loss=3.2780 lr=1.61e-05 tok/s=41,070 eta=4000.130414609779
step=6377 tokens=835846144/1000000000 loss=3.0894 lr=1.61e-05 tok/s=40,949 eta=4008.7509347927544
step=6378 tokens=835977216/1000000000 loss=3.2863 lr=1.61e-05 tok/s=41,061 eta=3994.571611523074
step=6379 tokens=836108288/1000000000 loss=3.0921 lr=1.61e-05 tok/s=40,985 eta=3998.862641548759
step=6380 tokens=836239360/1000000000 loss=3.3590 lr=1.61e-05 tok/s=41,027 eta=3991.5215110911095
step=6381 tokens=836370432/1000000000 loss=3.1821 lr=1.61e-05 tok/s=41,173 eta=3974.155258801522
step=6382 tokens=836501504/1000000000 loss=3.2885 lr=1.6e-05 tok/s=41,124 eta=3975.737007780487
step=6383 tokens=836632576/1000000000 loss=3.1939 lr=1.6e-05 tok/s=41,162 eta=3968.8458454575825
step=6384 tokens=836763648/1000000000 loss=3.1614 lr=1.6e-05 tok/s=41,132 eta=3968.584760524163
step=6385 tokens=836894720/1000000000 loss=3.2737 lr=1.6e-05 tok/s=41,229 eta=3956.1052439298073
checkpoint saved: runs/20260906-225321/checkpoints/step_000006385 (time)
step=6386 tokens=837025792/1000000000 loss=3.1811 lr=1.6e-05 tok/s=36,296 eta=4490.0821248304665
step=6387 tokens=837156864/1000000000 loss=3.2573 lr=1.6e-05 tok/s=41,161 eta=3956.2469372206456
step=6388 tokens=837287936/1000000000 loss=3.3198 lr=1.6e-05 tok/s=41,185 eta=3950.7321643442588
step=6389 tokens=837419008/1000000000 loss=3.2893 lr=1.6e-05 tok/s=41,133 eta=3952.6081976887244
step=6390 tokens=837550080/1000000000 loss=3.0362 lr=1.6e-05 tok/s=41,137 eta=3948.9811434899043
step=6391 tokens=837681152/1000000000 loss=3.1732 lr=1.6e-05 tok/s=41,186 eta=3941.122110012046
step=6392 tokens=837812224/1000000000 loss=3.3507 lr=1.59e-05 tok/s=41,199 eta=3936.658329666933
step=6393 tokens=837943296/1000000000 loss=3.1600 lr=1.59e-05 tok/s=40,927 eta=3959.6782892331603
step=6394 tokens=838074368/1000000000 loss=3.2880 lr=1.59e-05 tok/s=40,980 eta=3951.2959162150405
step=6395 tokens=838205440/1000000000 loss=3.3099 lr=1.59e-05 tok/s=41,152 eta=3931.6250845858144
step=6396 tokens=838336512/1000000000 loss=3.1317 lr=1.59e-05 tok/s=41,072 eta=3936.1342518235815
step=6397 tokens=838467584/1000000000 loss=3.1388 lr=1.59e-05 tok/s=41,202 eta=3920.466538959326
step=6398 tokens=838598656/1000000000 loss=3.1092 lr=1.59e-05 tok/s=40,921 eta=3944.190704577785
step=6399 tokens=838729728/1000000000 loss=3.2034 lr=1.59e-05 tok/s=40,909 eta=3942.178234957218
step=6400 tokens=838860800/1000000000 loss=3.2196 lr=1.59e-05 tok/s=41,044 eta=3925.964754839606
step=6401 tokens=838991872/1000000000 loss=3.1055 lr=1.59e-05 tok/s=40,882 eta=3938.37598497019
step=6402 tokens=839122944/1000000000 loss=3.2408 lr=1.59e-05 tok/s=40,862 eta=3937.125321523745
step=6403 tokens=839254016/1000000000 loss=3.0845 lr=1.58e-05 tok/s=40,960 eta=3924.4246424330568
step=6404 tokens=839385088/1000000000 loss=3.0504 lr=1.58e-05 tok/s=41,061 eta=3911.6553370528404
step=6405 tokens=839516160/1000000000 loss=3.1192 lr=1.58e-05 tok/s=40,925 eta=3921.453410444824
step=6406 tokens=839647232/1000000000 loss=3.1444 lr=1.58e-05 tok/s=41,155 eta=3896.3524257332474
step=6407 tokens=839778304/1000000000 loss=3.1805 lr=1.58e-05 tok/s=41,306 eta=3878.9402428066614
step=6408 tokens=839909376/1000000000 loss=3.2113 lr=1.58e-05 tok/s=40,764 eta=3927.2701094979784
step=6409 tokens=840040448/1000000000 loss=3.2099 lr=1.58e-05 tok/s=29,596 eta=5404.8344939626695
step=6410 tokens=840171520/1000000000 loss=3.3500 lr=1.58e-05 tok/s=41,072 eta=3891.4318867749666
step=6411 tokens=840302592/1000000000 loss=3.3329 lr=1.58e-05 tok/s=41,157 eta=3880.1656011372775
step=6412 tokens=840433664/1000000000 loss=3.4279 lr=1.58e-05 tok/s=41,171 eta=3875.692456289543
step=6413 tokens=840564736/1000000000 loss=3.2619 lr=1.58e-05 tok/s=40,663 eta=3920.8567646786755
step=6414 tokens=840695808/1000000000 loss=3.2393 lr=1.57e-05 tok/s=40,566 eta=3927.032480881444
step=6415 tokens=840826880/1000000000 loss=3.2541 lr=1.57e-05 tok/s=40,967 eta=3885.3678335203667
step=6416 tokens=840957952/1000000000 loss=3.1555 lr=1.57e-05 tok/s=40,852 eta=3893.12962208297
step=6417 tokens=841089024/1000000000 loss=3.2669 lr=1.57e-05 tok/s=40,571 eta=3916.839472576739
step=6418 tokens=841220096/1000000000 loss=3.1694 lr=1.57e-05 tok/s=40,836 eta=3888.253953933921
step=6419 tokens=841351168/1000000000 loss=3.1769 lr=1.57e-05 tok/s=40,837 eta=3884.9289978143547
step=6420 tokens=841482240/1000000000 loss=3.2784 lr=1.57e-05 tok/s=40,915 eta=3874.3005268480733
step=6421 tokens=841613312/1000000000 loss=3.2636 lr=1.57e-05 tok/s=40,819 eta=3880.194809919719
step=6422 tokens=841744384/1000000000 loss=3.1272 lr=1.57e-05 tok/s=40,661 eta=3892.0680923618806
step=6423 tokens=841875456/1000000000 loss=3.0672 lr=1.57e-05 tok/s=40,666 eta=3888.370569986345
step=6424 tokens=842006528/1000000000 loss=3.1919 lr=1.56e-05 tok/s=40,775 eta=3874.776338876484
step=6425 tokens=842137600/1000000000 loss=3.2676 lr=1.56e-05 tok/s=41,075 eta=3843.269738750172
step=6426 tokens=842268672/1000000000 loss=3.1513 lr=1.56e-05 tok/s=40,968 eta=3850.1031062970746
step=6427 tokens=842399744/1000000000 loss=3.1099 lr=1.56e-05 tok/s=40,964 eta=3847.2756476243176
step=6428 tokens=842530816/1000000000 loss=3.1987 lr=1.56e-05 tok/s=41,036 eta=3837.350995236165
step=6429 tokens=842661888/1000000000 loss=3.1362 lr=1.56e-05 tok/s=41,108 eta=3827.451111039291
step=6430 tokens=842792960/1000000000 loss=3.2099 lr=1.56e-05 tok/s=41,170 eta=3818.4424240379058
step=6431 tokens=842924032/1000000000 loss=3.0364 lr=1.56e-05 tok/s=41,042 eta=3827.203651627711
step=6432 tokens=843055104/1000000000 loss=3.1627 lr=1.56e-05 tok/s=40,965 eta=3831.2286971554454
step=6433 tokens=843186176/1000000000 loss=3.2200 lr=1.56e-05 tok/s=41,008 eta=3823.940019770976
step=6434 tokens=843317248/1000000000 loss=3.0846 lr=1.56e-05 tok/s=40,910 eta=3829.8946263318444
step=6435 tokens=843448320/1000000000 loss=3.1951 lr=1.55e-05 tok/s=41,037 eta=3814.9070436203783
step=6436 tokens=843579392/1000000000 loss=3.2456 lr=1.55e-05 tok/s=40,824 eta=3831.5652109411517
step=6437 tokens=843710464/1000000000 loss=3.2405 lr=1.55e-05 tok/s=40,879 eta=3823.2432531655163
step=6438 tokens=843841536/1000000000 loss=3.1613 lr=1.55e-05 tok/s=40,747 eta=3832.4266159674344
step=6439 tokens=843972608/1000000000 loss=3.2630 lr=1.55e-05 tok/s=40,790 eta=3825.170520650187
step=6440 tokens=844103680/1000000000 loss=3.2081 lr=1.55e-05 tok/s=40,801 eta=3820.9207530795998
step=6441 tokens=844234752/1000000000 loss=3.2325 lr=1.55e-05 tok/s=40,749 eta=3822.5167177985377
step=6442 tokens=844365824/1000000000 loss=3.1429 lr=1.55e-05 tok/s=40,716 eta=3822.4220022165664
step=6443 tokens=844496896/1000000000 loss=3.2821 lr=1.55e-05 tok/s=40,714 eta=3819.387907427629
step=6444 tokens=844627968/1000000000 loss=3.2815 lr=1.55e-05 tok/s=40,712 eta=3816.3829612715326
step=6445 tokens=844759040/1000000000 loss=3.2713 lr=1.55e-05 tok/s=40,750 eta=3809.559521889946
step=6446 tokens=844890112/1000000000 loss=3.2305 lr=1.54e-05 tok/s=40,566 eta=3823.687410075223
step=6447 tokens=845021184/1000000000 loss=3.2961 lr=1.54e-05 tok/s=41,005 eta=3779.522111452734
step=6448 tokens=845152256/1000000000 loss=3.4015 lr=1.54e-05 tok/s=40,754 eta=3799.535391680118
step=6449 tokens=845283328/1000000000 loss=3.3101 lr=1.54e-05 tok/s=40,928 eta=3780.1747292585374
step=6450 tokens=845414400/1000000000 loss=3.1883 lr=1.54e-05 tok/s=41,057 eta=3765.1427674671168
step=6451 tokens=845545472/1000000000 loss=3.2462 lr=1.54e-05 tok/s=40,700 eta=3794.9606245663704
step=6452 tokens=845676544/1000000000 loss=3.1505 lr=1.54e-05 tok/s=40,632 eta=3798.064891938561
step=6453 tokens=845807616/1000000000 loss=3.3115 lr=1.54e-05 tok/s=40,623 eta=3795.7148241779787
step=6454 tokens=845938688/1000000000 loss=3.2544 lr=1.54e-05 tok/s=40,683 eta=3786.84290620772
step=6455 tokens=846069760/1000000000 loss=3.2082 lr=1.54e-05 tok/s=40,779 eta=3774.787622095007
step=6456 tokens=846200832/1000000000 loss=3.2530 lr=1.54e-05 tok/s=40,676 eta=3781.1159705772857
step=6457 tokens=846331904/1000000000 loss=3.2379 lr=1.54e-05 tok/s=41,046 eta=3743.833472070879
step=6458 tokens=846462976/1000000000 loss=3.3179 lr=1.53e-05 tok/s=41,113 eta=3734.549495731197
step=6459 tokens=846594048/1000000000 loss=3.2149 lr=1.53e-05 tok/s=40,909 eta=3749.95951562815
step=6460 tokens=846725120/1000000000 loss=3.2273 lr=1.53e-05 tok/s=40,769 eta=3759.56484783337
step=6461 tokens=846856192/1000000000 loss=3.1149 lr=1.53e-05 tok/s=40,668 eta=3765.679432839916
step=6462 tokens=846987264/1000000000 loss=3.2579 lr=1.53e-05 tok/s=40,629 eta=3766.1425992176287
step=6463 tokens=847118336/1000000000 loss=3.3409 lr=1.53e-05 tok/s=40,697 eta=3756.547532275608
step=6464 tokens=847249408/1000000000 loss=3.0803 lr=1.53e-05 tok/s=40,913 eta=3733.512189251122
step=6465 tokens=847380480/1000000000 loss=3.2817 lr=1.53e-05 tok/s=40,905 eta=3731.1115568819278
step=6466 tokens=847511552/1000000000 loss=3.1692 lr=1.53e-05 tok/s=40,937 eta=3724.9385903493658
step=6467 tokens=847642624/1000000000 loss=3.2265 lr=1.53e-05 tok/s=40,876 eta=3727.269301645067
step=6468 tokens=847773696/1000000000 loss=3.3784 lr=1.53e-05 tok/s=40,854 eta=3726.1460774976013
step=6469 tokens=847904768/1000000000 loss=3.1850 lr=1.52e-05 tok/s=41,060 eta=3704.228392294801
step=6470 tokens=848035840/1000000000 loss=3.2570 lr=1.52e-05 tok/s=40,987 eta=3707.5894882612197
step=6471 tokens=848166912/1000000000 loss=3.2278 lr=1.52e-05 tok/s=40,939 eta=3708.8012261478884
step=6472 tokens=848297984/1000000000 loss=3.3020 lr=1.52e-05 tok/s=41,056 eta=3694.9728582583352
step=6473 tokens=848429056/1000000000 loss=2.9881 lr=1.52e-05 tok/s=41,125 eta=3685.636283595941
step=6474 tokens=848560128/1000000000 loss=3.1639 lr=1.52e-05 tok/s=41,209 eta=3674.94210318913
step=6475 tokens=848691200/1000000000 loss=3.1504 lr=1.52e-05 tok/s=40,982 eta=3692.039844957657
step=6476 tokens=848822272/1000000000 loss=3.2971 lr=1.52e-05 tok/s=40,990 eta=3688.13919938216
step=6477 tokens=848953344/1000000000 loss=3.2414 lr=1.52e-05 tok/s=40,967 eta=3687.0372118823793
step=6478 tokens=849084416/1000000000 loss=3.1868 lr=1.52e-05 tok/s=40,920 eta=3688.106038511092
step=6479 tokens=849215488/1000000000 loss=3.2219 lr=1.52e-05 tok/s=40,847 eta=3691.4617817028834
step=6480 tokens=849346560/1000000000 loss=3.2487 lr=1.51e-05 tok/s=40,797 eta=3692.775405162869
step=6481 tokens=849477632/1000000000 loss=3.3486 lr=1.51e-05 tok/s=40,971 eta=3673.897296204726
step=6482 tokens=849608704/1000000000 loss=3.0936 lr=1.51e-05 tok/s=40,938 eta=3673.605299422751
step=6483 tokens=849739776/1000000000 loss=3.3614 lr=1.51e-05 tok/s=40,945 eta=3669.845932223981
step=6484 tokens=849870848/1000000000 loss=3.2677 lr=1.51e-05 tok/s=40,571 eta=3700.369428832638
step=6485 tokens=850001920/1000000000 loss=3.1180 lr=1.51e-05 tok/s=29,618 eta=5064.405664257512
checkpoint saved: runs/20260906-225321/checkpoints/tokens_000850m (permanent_tokens)
step=6486 tokens=850132992/1000000000 loss=3.3776 lr=1.51e-05 tok/s=36,070 eta=4154.926934111673
step=6487 tokens=850264064/1000000000 loss=3.1851 lr=1.51e-05 tok/s=41,000 eta=3652.071364503248
step=6488 tokens=850395136/1000000000 loss=3.1107 lr=1.51e-05 tok/s=41,020 eta=3647.1590023289264
step=6489 tokens=850526208/1000000000 loss=3.4549 lr=1.51e-05 tok/s=40,973 eta=3648.1389981317316
step=6490 tokens=850657280/1000000000 loss=3.2281 lr=1.51e-05 tok/s=41,100 eta=3633.647881641235
step=6491 tokens=850788352/1000000000 loss=3.2768 lr=1.51e-05 tok/s=41,005 eta=3638.8341645743412
step=6492 tokens=850919424/1000000000 loss=3.2085 lr=1.5e-05 tok/s=40,951 eta=3640.4968846945467
step=6493 tokens=851050496/1000000000 loss=3.2125 lr=1.5e-05 tok/s=40,913 eta=3640.6778850316678
step=6494 tokens=851181568/1000000000 loss=3.2373 lr=1.5e-05 tok/s=41,019 eta=3628.0525878069975
step=6495 tokens=851312640/1000000000 loss=3.0223 lr=1.5e-05 tok/s=40,596 eta=3662.651363397898
step=6496 tokens=851443712/1000000000 loss=3.1453 lr=1.5e-05 tok/s=40,749 eta=3645.6148899171026
step=6497 tokens=851574784/1000000000 loss=3.1835 lr=1.5e-05 tok/s=40,734 eta=3643.7816426643653
step=6498 tokens=851705856/1000000000 loss=3.2315 lr=1.5e-05 tok/s=40,762 eta=3638.0880191120755
step=6499 tokens=851836928/1000000000 loss=3.1425 lr=1.5e-05 tok/s=40,769 eta=3634.1730303377567
step=6500 tokens=851968000/1000000000 loss=3.2899 lr=1.5e-05 tok/s=40,829 eta=3625.646958357421
step=6501 tokens=852099072/1000000000 loss=3.3207 lr=1.5e-05 tok/s=40,636 eta=3639.680957233317
step=6502 tokens=852230144/1000000000 loss=3.2393 lr=1.5e-05 tok/s=41,012 eta=3603.0654867718226
step=6503 tokens=852361216/1000000000 loss=3.2671 lr=1.49e-05 tok/s=40,664 eta=3630.6773097094433
step=6504 tokens=852492288/1000000000 loss=3.2514 lr=1.49e-05 tok/s=40,661 eta=3627.739632401959
step=6505 tokens=852623360/1000000000 loss=3.3322 lr=1.49e-05 tok/s=40,519 eta=3637.230152716127
step=6506 tokens=852754432/1000000000 loss=3.2108 lr=1.49e-05 tok/s=40,617 eta=3625.18788379586
step=6507 tokens=852885504/1000000000 loss=3.3766 lr=1.49e-05 tok/s=40,784 eta=3607.2029569268484
step=6508 tokens=853016576/1000000000 loss=3.3809 lr=1.49e-05 tok/s=40,612 eta=3619.168874935299
step=6509 tokens=853147648/1000000000 loss=3.4266 lr=1.49e-05 tok/s=40,546 eta=3621.828231472646
step=6510 tokens=853278720/1000000000 loss=3.1881 lr=1.49e-05 tok/s=40,609 eta=3613.063416255436
step=6511 tokens=853409792/1000000000 loss=3.3296 lr=1.49e-05 tok/s=40,659 eta=3605.3624345175076
step=6512 tokens=853540864/1000000000 loss=3.2377 lr=1.49e-05 tok/s=40,808 eta=3588.9900523119313
step=6513 tokens=853671936/1000000000 loss=3.2121 lr=1.49e-05 tok/s=40,840 eta=3582.953020499774
step=6514 tokens=853803008/1000000000 loss=3.2082 lr=1.49e-05 tok/s=40,960 eta=3569.289138992539
step=6515 tokens=853934080/1000000000 loss=3.2011 lr=1.48e-05 tok/s=40,939 eta=3567.863879753329
step=6516 tokens=854065152/1000000000 loss=3.2839 lr=1.48e-05 tok/s=40,925 eta=3565.9465015280207
step=6517 tokens=854196224/1000000000 loss=3.1723 lr=1.48e-05 tok/s=40,725 eta=3580.217408472608
step=6518 tokens=854327296/1000000000 loss=3.1601 lr=1.48e-05 tok/s=40,713 eta=3578.0786746124954
step=6519 tokens=854458368/1000000000 loss=3.1742 lr=1.48e-05 tok/s=40,758 eta=3570.850477595764
step=6520 tokens=854589440/1000000000 loss=3.2026 lr=1.48e-05 tok/s=40,817 eta=3562.4992697685234
step=6521 tokens=854720512/1000000000 loss=3.2529 lr=1.48e-05 tok/s=40,666 eta=3572.47222388732
step=6522 tokens=854851584/1000000000 loss=3.2817 lr=1.48e-05 tok/s=40,667 eta=3569.1897046714703
step=6523 tokens=854982656/1000000000 loss=3.2380 lr=1.48e-05 tok/s=40,689 eta=3564.0150871329956
step=6524 tokens=855113728/1000000000 loss=3.2480 lr=1.48e-05 tok/s=40,644 eta=3564.76272401825
step=6525 tokens=855244800/1000000000 loss=3.1623 lr=1.48e-05 tok/s=40,715 eta=3555.365770224893
step=6526 tokens=855375872/1000000000 loss=3.2252 lr=1.48e-05 tok/s=40,482 eta=3572.5577281327905
step=6527 tokens=855506944/1000000000 loss=3.3690 lr=1.47e-05 tok/s=40,547 eta=3563.629608707664
step=6528 tokens=855638016/1000000000 loss=3.1890 lr=1.47e-05 tok/s=40,630 eta=3553.0819251906946
step=6529 tokens=855769088/1000000000 loss=3.0173 lr=1.47e-05 tok/s=40,517 eta=3559.7344132676017
step=6530 tokens=855900160/1000000000 loss=3.2172 lr=1.47e-05 tok/s=40,820 eta=3530.110838344124
step=6531 tokens=856031232/1000000000 loss=3.2658 lr=1.47e-05 tok/s=40,733 eta=3534.490576295842
step=6532 tokens=856162304/1000000000 loss=3.1582 lr=1.47e-05 tok/s=40,836 eta=3522.341928781636
step=6533 tokens=856293376/1000000000 loss=3.2049 lr=1.47e-05 tok/s=41,076 eta=3498.593569930908
step=6534 tokens=856424448/1000000000 loss=3.3607 lr=1.47e-05 tok/s=41,034 eta=3498.9388158719225
step=6535 tokens=856555520/1000000000 loss=3.2112 lr=1.47e-05 tok/s=40,985 eta=3499.965350045857
step=6536 tokens=856686592/1000000000 loss=3.1192 lr=1.47e-05 tok/s=40,941 eta=3500.4465608145083
step=6537 tokens=856817664/1000000000 loss=3.2658 lr=1.47e-05 tok/s=40,942 eta=3497.2022693931926
step=6538 tokens=856948736/1000000000 loss=3.2665 lr=1.46e-05 tok/s=40,633 eta=3520.56830481604
step=6539 tokens=857079808/1000000000 loss=3.1817 lr=1.46e-05 tok/s=40,499 eta=3528.9690968898717
step=6540 tokens=857210880/1000000000 loss=3.2870 lr=1.46e-05 tok/s=40,795 eta=3500.1794876680624
step=6541 tokens=857341952/1000000000 loss=3.2869 lr=1.46e-05 tok/s=40,987 eta=3480.601563909745
step=6542 tokens=857473024/1000000000 loss=3.1957 lr=1.46e-05 tok/s=40,633 eta=3507.698916056047
step=6543 tokens=857604096/1000000000 loss=3.2681 lr=1.46e-05 tok/s=41,022 eta=3471.183174470385
step=6544 tokens=857735168/1000000000 loss=3.2103 lr=1.46e-05 tok/s=41,064 eta=3464.506750404508
step=6545 tokens=857866240/1000000000 loss=3.2201 lr=1.46e-05 tok/s=40,913 eta=3474.054481573559
step=6546 tokens=857997312/1000000000 loss=3.1519 lr=1.46e-05 tok/s=41,022 eta=3461.653341914234
step=6547 tokens=858128384/1000000000 loss=3.2711 lr=1.46e-05 tok/s=40,954 eta=3464.175170761556
step=6548 tokens=858259456/1000000000 loss=3.2316 lr=1.46e-05 tok/s=40,775 eta=3476.1605053115054
step=6549 tokens=858390528/1000000000 loss=3.2023 lr=1.46e-05 tok/s=40,760 eta=3474.2188935167783
step=6550 tokens=858521600/1000000000 loss=3.2805 lr=1.45e-05 tok/s=40,769 eta=3470.2241588308652
step=6551 tokens=858652672/1000000000 loss=3.1929 lr=1.45e-05 tok/s=40,675 eta=3475.014437434014
step=6552 tokens=858783744/1000000000 loss=3.1757 lr=1.45e-05 tok/s=40,834 eta=3458.334746794952
step=6553 tokens=858914816/1000000000 loss=3.2345 lr=1.45e-05 tok/s=40,956 eta=3444.823565805429
step=6554 tokens=859045888/1000000000 loss=3.1004 lr=1.45e-05 tok/s=40,916 eta=3444.9328731566784
step=6555 tokens=859176960/1000000000 loss=3.3007 lr=1.45e-05 tok/s=40,978 eta=3436.5624045619675
step=6556 tokens=859308032/1000000000 loss=3.2130 lr=1.45e-05 tok/s=41,087 eta=3424.2389683410793
step=6557 tokens=859439104/1000000000 loss=3.2690 lr=1.45e-05 tok/s=40,935 eta=3433.7666163382933
step=6558 tokens=859570176/1000000000 loss=3.1009 lr=1.45e-05 tok/s=40,945 eta=3429.711331415009
step=6559 tokens=859701248/1000000000 loss=3.2626 lr=1.45e-05 tok/s=40,961 eta=3425.1747287059484
step=6560 tokens=859832320/1000000000 loss=3.2662 lr=1.45e-05 tok/s=40,796 eta=3435.8406176486665
step=6561 tokens=859963392/1000000000 loss=3.1784 lr=1.45e-05 tok/s=40,815 eta=3431.0414796873197
step=6562 tokens=860094464/1000000000 loss=3.2266 lr=1.45e-05 tok/s=29,841 eta=4688.344719840014
step=6563 tokens=860225536/1000000000 loss=3.4369 lr=1.44e-05 tok/s=41,081 eta=3402.3951224619086
step=6564 tokens=860356608/1000000000 loss=3.2768 lr=1.44e-05 tok/s=41,070 eta=3400.140623970225
step=6565 tokens=860487680/1000000000 loss=3.2992 lr=1.44e-05 tok/s=41,180 eta=3387.8298644675856
step=6566 tokens=860618752/1000000000 loss=3.2777 lr=1.44e-05 tok/s=41,022 eta=3397.7413759092583
step=6567 tokens=860749824/1000000000 loss=3.3345 lr=1.44e-05 tok/s=40,982 eta=3397.798221773138
step=6568 tokens=860880896/1000000000 loss=3.1787 lr=1.44e-05 tok/s=41,081 eta=3386.431624322651
step=6569 tokens=861011968/1000000000 loss=3.2134 lr=1.44e-05 tok/s=40,963 eta=3393.045070352617
step=6570 tokens=861143040/1000000000 loss=3.3185 lr=1.44e-05 tok/s=41,075 eta=3380.5581674048485
step=6571 tokens=861274112/1000000000 loss=3.2458 lr=1.44e-05 tok/s=41,125 eta=3373.296536564521
step=6572 tokens=861405184/1000000000 loss=3.2232 lr=1.44e-05 tok/s=41,088 eta=3373.1543224840266
step=6573 tokens=861536256/1000000000 loss=3.2567 lr=1.44e-05 tok/s=41,002 eta=3376.9651696501096
step=6574 tokens=861667328/1000000000 loss=3.1748 lr=1.44e-05 tok/s=40,786 eta=3391.663607435748
step=6575 tokens=861798400/1000000000 loss=3.3795 lr=1.43e-05 tok/s=40,876 eta=3380.966951651655
step=6576 tokens=861929472/1000000000 loss=3.2153 lr=1.43e-05 tok/s=40,854 eta=3379.58088929649
step=6577 tokens=862060544/1000000000 loss=3.3042 lr=1.43e-05 tok/s=41,021 eta=3362.6166733754167
step=6578 tokens=862191616/1000000000 loss=3.1765 lr=1.43e-05 tok/s=40,703 eta=3385.7355663760177
step=6579 tokens=862322688/1000000000 loss=3.1623 lr=1.43e-05 tok/s=40,852 eta=3370.108391239263
step=6580 tokens=862453760/1000000000 loss=3.1235 lr=1.43e-05 tok/s=40,792 eta=3371.8774883348397
step=6581 tokens=862584832/1000000000 loss=3.2403 lr=1.43e-05 tok/s=40,686 eta=3377.420203332918
step=6582 tokens=862715904/1000000000 loss=3.1825 lr=1.43e-05 tok/s=40,811 eta=3363.874852105098
step=6583 tokens=862846976/1000000000 loss=3.2242 lr=1.43e-05 tok/s=40,834 eta=3358.8352290033367
step=6584 tokens=862978048/1000000000 loss=3.2503 lr=1.43e-05 tok/s=40,796 eta=3358.734394785539
step=6585 tokens=863109120/1000000000 loss=3.3033 lr=1.43e-05 tok/s=40,914 eta=3345.821881677901
step=6586 tokens=863240192/1000000000 loss=3.1292 lr=1.43e-05 tok/s=40,990 eta=3336.3801329516923
step=6587 tokens=863371264/1000000000 loss=3.2279 lr=1.42e-05 tok/s=41,012 eta=3331.4428702612954
step=6588 tokens=863502336/1000000000 loss=3.1835 lr=1.42e-05 tok/s=40,895 eta=3337.7332497238535
step=6589 tokens=863633408/1000000000 loss=3.2634 lr=1.42e-05 tok/s=40,973 eta=3328.2027104342214
step=6590 tokens=863764480/1000000000 loss=3.1258 lr=1.42e-05 tok/s=40,980 eta=3324.420593418556
step=6591 tokens=863895552/1000000000 loss=3.1204 lr=1.42e-05 tok/s=40,959 eta=3322.9410150831422
step=6592 tokens=864026624/1000000000 loss=3.0398 lr=1.42e-05 tok/s=40,984 eta=3317.7343705098474
step=6593 tokens=864157696/1000000000 loss=3.2588 lr=1.42e-05 tok/s=40,904 eta=3320.9861859291436
step=6594 tokens=864288768/1000000000 loss=3.2317 lr=1.42e-05 tok/s=40,841 eta=3322.894909943483
step=6595 tokens=864419840/1000000000 loss=3.1618 lr=1.42e-05 tok/s=40,833 eta=3320.345665311798
step=6596 tokens=864550912/1000000000 loss=2.9871 lr=1.42e-05 tok/s=40,897 eta=3311.980378149172
step=6597 tokens=864681984/1000000000 loss=3.2218 lr=1.42e-05 tok/s=40,726 eta=3322.6664499648537
step=6598 tokens=864813056/1000000000 loss=3.1337 lr=1.42e-05 tok/s=40,803 eta=3313.1400498741305
step=6599 tokens=864944128/1000000000 loss=3.1904 lr=1.42e-05 tok/s=40,786 eta=3311.3045250134614
step=6600 tokens=865075200/1000000000 loss=3.2545 lr=1.41e-05 tok/s=40,787 eta=3308.014782750854
step=6601 tokens=865206272/1000000000 loss=3.2140 lr=1.41e-05 tok/s=40,662 eta=3314.9767495234064
step=6602 tokens=865337344/1000000000 loss=3.2548 lr=1.41e-05 tok/s=40,688 eta=3309.626706394006
step=6603 tokens=865468416/1000000000 loss=3.1515 lr=1.41e-05 tok/s=40,951 eta=3285.193125583609
step=6604 tokens=865599488/1000000000 loss=3.1248 lr=1.41e-05 tok/s=40,860 eta=3289.2972321388347
step=6605 tokens=865730560/1000000000 loss=3.3587 lr=1.41e-05 tok/s=40,876 eta=3284.765998478274
step=6606 tokens=865861632/1000000000 loss=3.1610 lr=1.41e-05 tok/s=40,784 eta=3288.9649370347342
step=6607 tokens=865992704/1000000000 loss=3.3259 lr=1.41e-05 tok/s=40,662 eta=3295.6766929064884
step=6608 tokens=866123776/1000000000 loss=3.0744 lr=1.41e-05 tok/s=40,415 eta=3312.5487131579375
step=6609 tokens=866254848/1000000000 loss=3.2999 lr=1.41e-05 tok/s=40,738 eta=3283.06567132411
step=6610 tokens=866385920/1000000000 loss=3.1629 lr=1.41e-05 tok/s=40,704 eta=3282.563818653062
step=6611 tokens=866516992/1000000000 loss=3.2325 lr=1.41e-05 tok/s=40,598 eta=3287.945557462806
step=6612 tokens=866648064/1000000000 loss=3.1893 lr=1.4e-05 tok/s=40,550 eta=3288.580112848975
step=6613 tokens=866779136/1000000000 loss=3.1675 lr=1.4e-05 tok/s=40,659 eta=3276.580134525018
step=6614 tokens=866910208/1000000000 loss=3.0619 lr=1.4e-05 tok/s=40,628 eta=3275.7970579369467
step=6615 tokens=867041280/1000000000 loss=3.2313 lr=1.4e-05 tok/s=40,691 eta=3267.5134457085196
step=6616 tokens=867172352/1000000000 loss=3.2219 lr=1.4e-05 tok/s=40,897 eta=3247.8557623765814
step=6617 tokens=867303424/1000000000 loss=3.1980 lr=1.4e-05 tok/s=40,832 eta=3249.7959324796775
step=6618 tokens=867434496/1000000000 loss=2.9911 lr=1.4e-05 tok/s=40,673 eta=3259.275587863461
step=6619 tokens=867565568/1000000000 loss=3.1490 lr=1.4e-05 tok/s=40,875 eta=3239.9496769626594
step=6620 tokens=867696640/1000000000 loss=3.2256 lr=1.4e-05 tok/s=40,801 eta=3242.660069795358
step=6621 tokens=867827712/1000000000 loss=3.3821 lr=1.4e-05 tok/s=40,772 eta=3241.736591612517
step=6622 tokens=867958784/1000000000 loss=3.2262 lr=1.4e-05 tok/s=40,833 eta=3233.680922754119
step=6623 tokens=868089856/1000000000 loss=3.2027 lr=1.4e-05 tok/s=40,795 eta=3233.5230283118926
step=6624 tokens=868220928/1000000000 loss=3.2349 lr=1.4e-05 tok/s=40,779 eta=3231.581384204246
step=6625 tokens=868352000/1000000000 loss=3.2645 lr=1.39e-05 tok/s=40,595 eta=3242.9353525144506
step=6626 tokens=868483072/1000000000 loss=3.1922 lr=1.39e-05 tok/s=40,582 eta=3240.7630610066685
step=6627 tokens=868614144/1000000000 loss=3.2998 lr=1.39e-05 tok/s=40,720 eta=3226.5853651539337
step=6628 tokens=868745216/1000000000 loss=3.2094 lr=1.39e-05 tok/s=40,754 eta=3220.6599353691577
step=6629 tokens=868876288/1000000000 loss=3.2313 lr=1.39e-05 tok/s=40,833 eta=3211.1938456895064
step=6630 tokens=869007360/1000000000 loss=3.2199 lr=1.39e-05 tok/s=40,819 eta=3209.0718231621254
step=6631 tokens=869138432/1000000000 loss=3.3302 lr=1.39e-05 tok/s=40,765 eta=3210.142923293596
step=6632 tokens=869269504/1000000000 loss=3.1677 lr=1.39e-05 tok/s=40,930 eta=3193.990212390217
step=6633 tokens=869400576/1000000000 loss=3.2732 lr=1.39e-05 tok/s=40,956 eta=3188.7768066501335
step=6634 tokens=869531648/1000000000 loss=3.0350 lr=1.39e-05 tok/s=40,810 eta=3196.995719016104
step=6635 tokens=869662720/1000000000 loss=3.3104 lr=1.39e-05 tok/s=40,732 eta=3199.9117376445765
step=6636 tokens=869793792/1000000000 loss=3.2442 lr=1.39e-05 tok/s=40,918 eta=3182.1377495824972
step=6637 tokens=869924864/1000000000 loss=3.3273 lr=1.39e-05 tok/s=40,772 eta=3190.269125402337
step=6638 tokens=870055936/1000000000 loss=3.1649 lr=1.38e-05 tok/s=29,852 eta=4352.9873091055
step=6639 tokens=870187008/1000000000 loss=3.1482 lr=1.38e-05 tok/s=41,017 eta=3164.88873950164
step=6640 tokens=870318080/1000000000 loss=3.2655 lr=1.38e-05 tok/s=40,949 eta=3166.9185320603137
step=6641 tokens=870449152/1000000000 loss=2.9785 lr=1.38e-05 tok/s=41,058 eta=3155.2878248372917
step=6642 tokens=870580224/1000000000 loss=3.2318 lr=1.38e-05 tok/s=40,665 eta=3182.61321116573
step=6643 tokens=870711296/1000000000 loss=3.1833 lr=1.38e-05 tok/s=40,968 eta=3155.8154449031795
step=6644 tokens=870842368/1000000000 loss=3.2349 lr=1.38e-05 tok/s=40,845 eta=3162.148233115158
step=6645 tokens=870973440/1000000000 loss=3.3313 lr=1.38e-05 tok/s=40,699 eta=3170.280947764436
step=6646 tokens=871104512/1000000000 loss=3.2716 lr=1.38e-05 tok/s=40,605 eta=3174.3712204100398
step=6647 tokens=871235584/1000000000 loss=3.1822 lr=1.38e-05 tok/s=40,531 eta=3176.9310402987808
step=6648 tokens=871366656/1000000000 loss=3.3410 lr=1.38e-05 tok/s=40,724 eta=3158.6379836384854
step=6649 tokens=871497728/1000000000 loss=3.1942 lr=1.38e-05 tok/s=40,810 eta=3148.7941867709396
step=6650 tokens=871628800/1000000000 loss=3.2360 lr=1.38e-05 tok/s=40,880 eta=3140.1980796113035
step=6651 tokens=871759872/1000000000 loss=3.2092 lr=1.37e-05 tok/s=40,798 eta=3143.330237276548
step=6652 tokens=871890944/1000000000 loss=3.1794 lr=1.37e-05 tok/s=40,881 eta=3133.7158503393553
step=6653 tokens=872022016/1000000000 loss=3.2878 lr=1.37e-05 tok/s=41,146 eta=3110.3720577610206
step=6654 tokens=872153088/1000000000 loss=3.1774 lr=1.37e-05 tok/s=41,035 eta=3115.594042456057
step=6655 tokens=872284160/1000000000 loss=3.2700 lr=1.37e-05 tok/s=40,843 eta=3127.00580091595
step=6656 tokens=872415232/1000000000 loss=3.1074 lr=1.37e-05 tok/s=41,050 eta=3108.0164478808074
step=6657 tokens=872546304/1000000000 loss=3.1936 lr=1.37e-05 tok/s=41,095 eta=3101.4254959861937
step=6658 tokens=872677376/1000000000 loss=3.2544 lr=1.37e-05 tok/s=41,236 eta=3087.658615427463
step=6659 tokens=872808448/1000000000 loss=3.1518 lr=1.37e-05 tok/s=41,161 eta=3090.0693811925144
step=6660 tokens=872939520/1000000000 loss=3.1144 lr=1.37e-05 tok/s=41,131 eta=3089.1816197482235
step=6661 tokens=873070592/1000000000 loss=3.3450 lr=1.37e-05 tok/s=41,082 eta=3089.650980173881
step=6662 tokens=873201664/1000000000 loss=3.4182 lr=1.37e-05 tok/s=41,119 eta=3083.6639859091383
step=6663 tokens=873332736/1000000000 loss=3.1978 lr=1.37e-05 tok/s=41,120 eta=3080.456859942142
step=6664 tokens=873463808/1000000000 loss=3.2081 lr=1.37e-05 tok/s=41,162 eta=3074.1355660800436
step=6665 tokens=873594880/1000000000 loss=3.1556 lr=1.36e-05 tok/s=41,176 eta=3069.9042538295475
step=6666 tokens=873725952/1000000000 loss=3.2901 lr=1.36e-05 tok/s=41,125 eta=3070.4828378632533
step=6667 tokens=873857024/1000000000 loss=3.1828 lr=1.36e-05 tok/s=40,668 eta=3101.737132019063
step=6668 tokens=873988096/1000000000 loss=3.1074 lr=1.36e-05 tok/s=40,944 eta=3077.6512777938224
step=6669 tokens=874119168/1000000000 loss=3.1333 lr=1.36e-05 tok/s=40,883 eta=3079.0846037124043
step=6670 tokens=874250240/1000000000 loss=3.2777 lr=1.36e-05 tok/s=40,518 eta=3103.538659145519
step=6671 tokens=874381312/1000000000 loss=3.2657 lr=1.36e-05 tok/s=40,828 eta=3076.796220021253
step=6672 tokens=874512384/1000000000 loss=3.2977 lr=1.36e-05 tok/s=40,882 eta=3069.501144690139
step=6673 tokens=874643456/1000000000 loss=3.3135 lr=1.36e-05 tok/s=40,658 eta=3083.20088997505
step=6674 tokens=874774528/1000000000 loss=3.3040 lr=1.36e-05 tok/s=40,754 eta=3072.750130356159
step=6675 tokens=874905600/1000000000 loss=3.1740 lr=1.36e-05 tok/s=40,756 eta=3069.3712927392367
step=6676 tokens=875036672/1000000000 loss=3.1138 lr=1.36e-05 tok/s=40,851 eta=3059.023064281269
step=6677 tokens=875167744/1000000000 loss=3.2535 lr=1.36e-05 tok/s=40,840 eta=3056.6482071617875
step=6678 tokens=875298816/1000000000 loss=3.1545 lr=1.35e-05 tok/s=40,672 eta=3065.9952554532674
step=6679 tokens=875429888/1000000000 loss=3.3514 lr=1.35e-05 tok/s=40,804 eta=3052.9270912565694
step=6680 tokens=875560960/1000000000 loss=3.1973 lr=1.35e-05 tok/s=40,807 eta=3049.4289152501624
step=6681 tokens=875692032/1000000000 loss=3.1615 lr=1.35e-05 tok/s=41,072 eta=3026.576479397955
step=6682 tokens=875823104/1000000000 loss=3.2829 lr=1.35e-05 tok/s=40,970 eta=3030.930385717104
step=6683 tokens=875954176/1000000000 loss=3.2179 lr=1.35e-05 tok/s=40,949 eta=3029.270252461756
step=6684 tokens=876085248/1000000000 loss=3.2168 lr=1.35e-05 tok/s=40,954 eta=3025.719520744448
step=6685 tokens=876216320/1000000000 loss=3.1250 lr=1.35e-05 tok/s=41,024 eta=3017.3473288842756
step=6686 tokens=876347392/1000000000 loss=3.2963 lr=1.35e-05 tok/s=41,017 eta=3014.674096193991
step=6687 tokens=876478464/1000000000 loss=3.0716 lr=1.35e-05 tok/s=41,016 eta=3011.53454337006
step=6688 tokens=876609536/1000000000 loss=3.3572 lr=1.35e-05 tok/s=40,843 eta=3021.1175457498266
step=6689 tokens=876740608/1000000000 loss=3.1499 lr=1.35e-05 tok/s=41,008 eta=3005.737226096213
step=6690 tokens=876871680/1000000000 loss=3.3488 lr=1.35e-05 tok/s=40,773 eta=3019.8722844318468
step=6691 tokens=877002752/1000000000 loss=3.2357 lr=1.35e-05 tok/s=40,978 eta=3001.5491183225963
step=6692 tokens=877133824/1000000000 loss=3.2823 lr=1.34e-05 tok/s=40,932 eta=3001.744723220258
step=6693 tokens=877264896/1000000000 loss=3.1327 lr=1.34e-05 tok/s=40,685 eta=3016.7379230586835
step=6694 tokens=877395968/1000000000 loss=3.1286 lr=1.34e-05 tok/s=40,648 eta=3016.2507747098853
step=6695 tokens=877527040/1000000000 loss=3.2005 lr=1.34e-05 tok/s=40,792 eta=3002.387018086555
step=6696 tokens=877658112/1000000000 loss=3.2346 lr=1.34e-05 tok/s=40,706 eta=3005.5125385319534
step=6697 tokens=877789184/1000000000 loss=3.1314 lr=1.34e-05 tok/s=40,482 eta=3018.914854710844
step=6698 tokens=877920256/1000000000 loss=3.1467 lr=1.34e-05 tok/s=40,512 eta=3013.394274685655
step=6699 tokens=878051328/1000000000 loss=3.2641 lr=1.34e-05 tok/s=40,634 eta=3001.1258013577844
step=6700 tokens=878182400/1000000000 loss=3.2131 lr=1.34e-05 tok/s=40,897 eta=2978.609066461928
step=6701 tokens=878313472/1000000000 loss=3.4125 lr=1.34e-05 tok/s=40,879 eta=2976.760728786386
step=6702 tokens=878444544/1000000000 loss=3.3960 lr=1.34e-05 tok/s=40,855 eta=2975.2569644213186
step=6703 tokens=878575616/1000000000 loss=3.1788 lr=1.34e-05 tok/s=40,836 eta=2973.4892632851574
step=6704 tokens=878706688/1000000000 loss=3.2378 lr=1.34e-05 tok/s=40,831 eta=2970.621535911898
step=6705 tokens=878837760/1000000000 loss=3.2340 lr=1.34e-05 tok/s=40,713 eta=2976.022284932435
step=6706 tokens=878968832/1000000000 loss=3.3408 lr=1.33e-05 tok/s=40,784 eta=2967.613041038167
step=6707 tokens=879099904/1000000000 loss=2.9137 lr=1.33e-05 tok/s=40,870 eta=2958.163586464386
step=6708 tokens=879230976/1000000000 loss=3.2950 lr=1.33e-05 tok/s=40,909 eta=2952.1139533624555
step=6709 tokens=879362048/1000000000 loss=3.3398 lr=1.33e-05 tok/s=40,703 eta=2963.8862783611175
step=6710 tokens=879493120/1000000000 loss=3.2087 lr=1.33e-05 tok/s=40,627 eta=2966.179332860979
step=6711 tokens=879624192/1000000000 loss=3.1526 lr=1.33e-05 tok/s=40,615 eta=2963.8260200327923
step=6712 tokens=879755264/1000000000 loss=3.0840 lr=1.33e-05 tok/s=40,738 eta=2951.676504079665
step=6713 tokens=879886336/1000000000 loss=3.1348 lr=1.33e-05 tok/s=41,026 eta=2927.747856335149
step=6714 tokens=880017408/1000000000 loss=3.3129 lr=1.33e-05 tok/s=29,458 eta=4073.07435944154
step=6715 tokens=880148480/1000000000 loss=3.2257 lr=1.33e-05 tok/s=40,634 eta=2949.5336341918237
step=6716 tokens=880279552/1000000000 loss=3.0876 lr=1.33e-05 tok/s=40,551 eta=2952.3752089617074
step=6717 tokens=880410624/1000000000 loss=3.2720 lr=1.33e-05 tok/s=40,721 eta=2936.766541676978
step=6718 tokens=880541696/1000000000 loss=3.1196 lr=1.33e-05 tok/s=40,410 eta=2956.1493680762933
step=6719 tokens=880672768/1000000000 loss=3.1442 lr=1.33e-05 tok/s=40,807 eta=2924.2200823270755
step=6720 tokens=880803840/1000000000 loss=3.3450 lr=1.32e-05 tok/s=40,865 eta=2916.8530799230507
step=6721 tokens=880934912/1000000000 loss=3.1550 lr=1.32e-05 tok/s=40,660 eta=2928.3452621711576
step=6722 tokens=881065984/1000000000 loss=3.1618 lr=1.32e-05 tok/s=40,690 eta=2922.9272608036167
step=6723 tokens=881197056/1000000000 loss=3.1541 lr=1.32e-05 tok/s=40,689 eta=2919.812086277182
step=6724 tokens=881328128/1000000000 loss=3.2080 lr=1.32e-05 tok/s=40,872 eta=2903.506703681009
step=6725 tokens=881459200/1000000000 loss=3.1782 lr=1.32e-05 tok/s=40,811 eta=2904.6497801084715
step=6726 tokens=881590272/1000000000 loss=3.1492 lr=1.32e-05 tok/s=40,814 eta=2901.185686880912
step=6727 tokens=881721344/1000000000 loss=3.1210 lr=1.32e-05 tok/s=40,463 eta=2923.0984900621906
step=6728 tokens=881852416/1000000000 loss=3.2733 lr=1.32e-05 tok/s=40,835 eta=2893.307660989573
step=6729 tokens=881983488/1000000000 loss=3.1233 lr=1.32e-05 tok/s=40,510 eta=2913.2642404953767
step=6730 tokens=882114560/1000000000 loss=3.0539 lr=1.32e-05 tok/s=40,639 eta=2900.8154853866267
step=6731 tokens=882245632/1000000000 loss=3.3476 lr=1.32e-05 tok/s=41,052 eta=2868.397795784723
step=6732 tokens=882376704/1000000000 loss=3.0872 lr=1.32e-05 tok/s=40,656 eta=2893.14251039636
step=6733 tokens=882507776/1000000000 loss=3.2582 lr=1.32e-05 tok/s=40,527 eta=2899.1387245059327
step=6734 tokens=882638848/1000000000 loss=3.2403 lr=1.31e-05 tok/s=40,376 eta=2906.693730137022
step=6735 tokens=882769920/1000000000 loss=3.1946 lr=1.31e-05 tok/s=40,449 eta=2898.2345937299265
step=6736 tokens=882900992/1000000000 loss=3.1017 lr=1.31e-05 tok/s=40,841 eta=2867.2117614803096
step=6737 tokens=883032064/1000000000 loss=3.2160 lr=1.31e-05 tok/s=40,949 eta=2856.3995089949954
step=6738 tokens=883163136/1000000000 loss=3.1607 lr=1.31e-05 tok/s=40,754 eta=2866.8539996536383
step=6739 tokens=883294208/1000000000 loss=3.2471 lr=1.31e-05 tok/s=40,784 eta=2861.5614332716073
step=6740 tokens=883425280/1000000000 loss=3.3486 lr=1.31e-05 tok/s=40,634 eta=2868.925807698656
step=6741 tokens=883556352/1000000000 loss=3.0487 lr=1.31e-05 tok/s=40,775 eta=2855.772203328858
step=6742 tokens=883687424/1000000000 loss=3.2212 lr=1.31e-05 tok/s=40,985 eta=2837.953018742955
step=6743 tokens=883818496/1000000000 loss=3.2608 lr=1.31e-05 tok/s=40,761 eta=2850.2941229122275
step=6744 tokens=883949568/1000000000 loss=3.2959 lr=1.31e-05 tok/s=40,808 eta=2843.8301804410444
step=6745 tokens=884080640/1000000000 loss=3.1724 lr=1.31e-05 tok/s=40,671 eta=2850.1894012902408
step=6746 tokens=884211712/1000000000 loss=3.1452 lr=1.31e-05 tok/s=40,753 eta=2841.219715912826
step=6747 tokens=884342784/1000000000 loss=3.2167 lr=1.31e-05 tok/s=40,726 eta=2839.905988249204
step=6748 tokens=884473856/1000000000 loss=3.2140 lr=1.31e-05 tok/s=40,694 eta=2838.880181829815
step=6749 tokens=884604928/1000000000 loss=3.2366 lr=1.3e-05 tok/s=40,691 eta=2835.8630504235016
step=6750 tokens=884736000/1000000000 loss=3.2188 lr=1.3e-05 tok/s=40,563 eta=2841.594872415044
step=6751 tokens=884867072/1000000000 loss=3.1922 lr=1.3e-05 tok/s=40,712 eta=2827.978916915551
step=6752 tokens=884998144/1000000000 loss=3.2441 lr=1.3e-05 tok/s=40,705 eta=2825.256435421037
step=6753 tokens=885129216/1000000000 loss=3.2332 lr=1.3e-05 tok/s=40,740 eta=2819.603284734079
step=6754 tokens=885260288/1000000000 loss=3.2006 lr=1.3e-05 tok/s=40,817 eta=2811.0828167765762
step=6755 tokens=885391360/1000000000 loss=3.2071 lr=1.3e-05 tok/s=40,651 eta=2819.347886947291
step=6756 tokens=885522432/1000000000 loss=3.3710 lr=1.3e-05 tok/s=40,449 eta=2830.166893932081
step=6757 tokens=885653504/1000000000 loss=3.1430 lr=1.3e-05 tok/s=40,915 eta=2794.7029833655242
step=6758 tokens=885784576/1000000000 loss=3.1362 lr=1.3e-05 tok/s=40,917 eta=2791.3717926854933
step=6759 tokens=885915648/1000000000 loss=3.1937 lr=1.3e-05 tok/s=40,856 eta=2792.3491756854246
step=6760 tokens=886046720/1000000000 loss=3.2224 lr=1.3e-05 tok/s=40,817 eta=2791.793822501715
step=6761 tokens=886177792/1000000000 loss=3.0888 lr=1.3e-05 tok/s=40,420 eta=2816.0145178291373
step=6762 tokens=886308864/1000000000 loss=3.2242 lr=1.3e-05 tok/s=40,656 eta=2796.4088320005844
step=6763 tokens=886439936/1000000000 loss=3.1055 lr=1.29e-05 tok/s=40,622 eta=2795.5337277490485
step=6764 tokens=886571008/1000000000 loss=3.0532 lr=1.29e-05 tok/s=40,888 eta=2774.147005680128
step=6765 tokens=886702080/1000000000 loss=3.3591 lr=1.29e-05 tok/s=40,916 eta=2769.035167488604
checkpoint saved: runs/20260906-225321/checkpoints/step_000006765 (time)
step=6766 tokens=886833152/1000000000 loss=3.2602 lr=1.29e-05 tok/s=35,803 eta=3160.8369411232165
step=6767 tokens=886964224/1000000000 loss=3.2631 lr=1.29e-05 tok/s=40,728 eta=2775.3732767266156
step=6768 tokens=887095296/1000000000 loss=3.1800 lr=1.29e-05 tok/s=40,948 eta=2757.2459831349306
step=6769 tokens=887226368/1000000000 loss=3.1488 lr=1.29e-05 tok/s=40,885 eta=2758.286808276271
step=6770 tokens=887357440/1000000000 loss=3.1634 lr=1.29e-05 tok/s=40,950 eta=2750.7513571437153
step=6771 tokens=887488512/1000000000 loss=3.2745 lr=1.29e-05 tok/s=40,847 eta=2754.451772044266
step=6772 tokens=887619584/1000000000 loss=3.2525 lr=1.29e-05 tok/s=40,922 eta=2746.1855377516767
step=6773 tokens=887750656/1000000000 loss=3.3202 lr=1.29e-05 tok/s=40,888 eta=2745.2919511197983
step=6774 tokens=887881728/1000000000 loss=3.0460 lr=1.29e-05 tok/s=40,895 eta=2741.631933954959
step=6775 tokens=888012800/1000000000 loss=3.1640 lr=1.29e-05 tok/s=41,255 eta=2714.507546018865
step=6776 tokens=888143872/1000000000 loss=3.1064 lr=1.29e-05 tok/s=41,121 eta=2720.1927599294604
step=6777 tokens=888274944/1000000000 loss=3.2679 lr=1.29e-05 tok/s=41,075 eta=2720.0371762884165
step=6778 tokens=888406016/1000000000 loss=3.2218 lr=1.28e-05 tok/s=40,884 eta=2729.5239689716427
step=6779 tokens=888537088/1000000000 loss=3.1123 lr=1.28e-05 tok/s=41,164 eta=2707.7522786876643
step=6780 tokens=888668160/1000000000 loss=3.2198 lr=1.28e-05 tok/s=41,140 eta=2706.1957389637255
step=6781 tokens=888799232/1000000000 loss=3.2308 lr=1.28e-05 tok/s=41,010 eta=2711.573117439586
step=6782 tokens=888930304/1000000000 loss=3.1241 lr=1.28e-05 tok/s=41,205 eta=2695.534413590507
step=6783 tokens=889061376/1000000000 loss=3.1905 lr=1.28e-05 tok/s=41,185 eta=2693.64899347396
step=6784 tokens=889192448/1000000000 loss=3.4005 lr=1.28e-05 tok/s=41,279 eta=2684.3860273392715
step=6785 tokens=889323520/1000000000 loss=3.2512 lr=1.28e-05 tok/s=40,962 eta=2701.9584055720975
step=6786 tokens=889454592/1000000000 loss=2.9979 lr=1.28e-05 tok/s=41,028 eta=2694.4017238945894
step=6787 tokens=889585664/1000000000 loss=3.2096 lr=1.28e-05 tok/s=41,244 eta=2677.093834922518
step=6788 tokens=889716736/1000000000 loss=3.2510 lr=1.28e-05 tok/s=41,101 eta=2683.231239171609
step=6789 tokens=889847808/1000000000 loss=3.1092 lr=1.28e-05 tok/s=41,000 eta=2686.627611028745
step=6790 tokens=889978880/1000000000 loss=3.1688 lr=1.28e-05 tok/s=41,026 eta=2681.715346236435
step=6791 tokens=890109952/1000000000 loss=3.2764 lr=1.28e-05 tok/s=29,736 eta=3695.465887318449
step=6792 tokens=890241024/1000000000 loss=3.2123 lr=1.28e-05 tok/s=41,153 eta=2667.109759190672
step=6793 tokens=890372096/1000000000 loss=3.0813 lr=1.28e-05 tok/s=41,089 eta=2668.038310869875
step=6794 tokens=890503168/1000000000 loss=3.1922 lr=1.27e-05 tok/s=40,947 eta=2674.1236656040905
step=6795 tokens=890634240/1000000000 loss=3.2979 lr=1.27e-05 tok/s=40,893 eta=2674.413683936822
step=6796 tokens=890765312/1000000000 loss=3.0952 lr=1.27e-05 tok/s=41,047 eta=2661.1961664067
step=6797 tokens=890896384/1000000000 loss=3.1794 lr=1.27e-05 tok/s=40,936 eta=2665.2510250729615
step=6798 tokens=891027456/1000000000 loss=3.2187 lr=1.27e-05 tok/s=40,594 eta=2684.443198125393
step=6799 tokens=891158528/1000000000 loss=3.1289 lr=1.27e-05 tok/s=40,965 eta=2656.9451597372627
step=6800 tokens=891289600/1000000000 loss=3.2790 lr=1.27e-05 tok/s=40,983 eta=2652.563569288236
step=6801 tokens=891420672/1000000000 loss=3.0592 lr=1.27e-05 tok/s=40,998 eta=2648.4258851786653
step=6802 tokens=891551744/1000000000 loss=3.2847 lr=1.27e-05 tok/s=40,963 eta=2647.500260336065
step=6803 tokens=891682816/1000000000 loss=3.3233 lr=1.27e-05 tok/s=40,705 eta=2661.000269338674
step=6804 tokens=891813888/1000000000 loss=3.0580 lr=1.27e-05 tok/s=41,213 eta=2625.077648163421
step=6805 tokens=891944960/1000000000 loss=3.1050 lr=1.27e-05 tok/s=41,087 eta=2629.88113695582
step=6806 tokens=892076032/1000000000 loss=3.2260 lr=1.27e-05 tok/s=41,102 eta=2625.7725528961687
step=6807 tokens=892207104/1000000000 loss=3.1210 lr=1.27e-05 tok/s=41,189 eta=2617.019086915385
step=6808 tokens=892338176/1000000000 loss=3.2699 lr=1.27e-05 tok/s=41,031 eta=2623.9046794871465
step=6809 tokens=892469248/1000000000 loss=3.2773 lr=1.26e-05 tok/s=40,744 eta=2639.1760967241803
step=6810 tokens=892600320/1000000000 loss=3.2714 lr=1.26e-05 tok/s=40,784 eta=2633.350925622623
step=6811 tokens=892731392/1000000000 loss=3.2785 lr=1.26e-05 tok/s=40,708 eta=2635.096953049223
step=6812 tokens=892862464/1000000000 loss=3.2559 lr=1.26e-05 tok/s=40,807 eta=2625.4919136383664
step=6813 tokens=892993536/1000000000 loss=3.2166 lr=1.26e-05 tok/s=40,974 eta=2611.5739361836277
step=6814 tokens=893124608/1000000000 loss=3.3876 lr=1.26e-05 tok/s=40,853 eta=2616.1158478307107
step=6815 tokens=893255680/1000000000 loss=3.1363 lr=1.26e-05 tok/s=41,013 eta=2602.7121566274177
step=6816 tokens=893386752/1000000000 loss=3.3388 lr=1.26e-05 tok/s=40,887 eta=2607.501238576312
step=6817 tokens=893517824/1000000000 loss=3.3006 lr=1.26e-05 tok/s=40,877 eta=2604.9686857655493
step=6818 tokens=893648896/1000000000 loss=3.2516 lr=1.26e-05 tok/s=40,982 eta=2595.0383419288823
step=6819 tokens=893779968/1000000000 loss=3.1236 lr=1.26e-05 tok/s=41,067 eta=2586.495020874828
step=6820 tokens=893911040/1000000000 loss=3.3224 lr=1.26e-05 tok/s=41,069 eta=2583.1749798986643
step=6821 tokens=894042112/1000000000 loss=3.2867 lr=1.26e-05 tok/s=41,040 eta=2581.7888057376394
step=6822 tokens=894173184/1000000000 loss=3.1614 lr=1.26e-05 tok/s=40,736 eta=2597.8475741497937
step=6823 tokens=894304256/1000000000 loss=3.2915 lr=1.26e-05 tok/s=40,919 eta=2583.069639661666
step=6824 tokens=894435328/1000000000 loss=3.0702 lr=1.26e-05 tok/s=40,995 eta=2575.0704649546888
step=6825 tokens=894566400/1000000000 loss=3.2968 lr=1.25e-05 tok/s=41,087 eta=2566.0786147867925
step=6826 tokens=894697472/1000000000 loss=3.2640 lr=1.25e-05 tok/s=40,917 eta=2573.534736431446
step=6827 tokens=894828544/1000000000 loss=3.1265 lr=1.25e-05 tok/s=40,588 eta=2591.222419469484
step=6828 tokens=894959616/1000000000 loss=3.0803 lr=1.25e-05 tok/s=40,801 eta=2574.459690812231
step=6829 tokens=895090688/1000000000 loss=3.3029 lr=1.25e-05 tok/s=40,968 eta=2560.789827822392
step=6830 tokens=895221760/1000000000 loss=3.1706 lr=1.25e-05 tok/s=40,692 eta=2574.929104279037
step=6831 tokens=895352832/1000000000 loss=3.3779 lr=1.25e-05 tok/s=40,602 eta=2577.3652682083225
step=6832 tokens=895483904/1000000000 loss=3.3047 lr=1.25e-05 tok/s=40,918 eta=2554.263606550251
step=6833 tokens=895614976/1000000000 loss=3.2910 lr=1.25e-05 tok/s=41,045 eta=2543.1542349888327
step=6834 tokens=895746048/1000000000 loss=3.1913 lr=1.25e-05 tok/s=41,091 eta=2537.174688191704
step=6835 tokens=895877120/1000000000 loss=3.1822 lr=1.25e-05 tok/s=41,096 eta=2533.636236457897
step=6836 tokens=896008192/1000000000 loss=3.0588 lr=1.25e-05 tok/s=40,872 eta=2544.3054713141532
step=6837 tokens=896139264/1000000000 loss=3.2796 lr=1.25e-05 tok/s=40,941 eta=2536.8155774655006
step=6838 tokens=896270336/1000000000 loss=3.2344 lr=1.25e-05 tok/s=40,779 eta=2543.681882647204
step=6839 tokens=896401408/1000000000 loss=3.1811 lr=1.25e-05 tok/s=40,993 eta=2527.2520082095575
step=6840 tokens=896532480/1000000000 loss=2.9755 lr=1.25e-05 tok/s=40,933 eta=2527.715100601574
step=6841 tokens=896663552/1000000000 loss=3.2321 lr=1.24e-05 tok/s=40,978 eta=2521.7540204450834
step=6842 tokens=896794624/1000000000 loss=3.3450 lr=1.24e-05 tok/s=40,951 eta=2520.225054030253
step=6843 tokens=896925696/1000000000 loss=3.1829 lr=1.24e-05 tok/s=41,216 eta=2500.84012463629
step=6844 tokens=897056768/1000000000 loss=3.1774 lr=1.24e-05 tok/s=40,763 eta=2525.415975373084
step=6845 tokens=897187840/1000000000 loss=3.2248 lr=1.24e-05 tok/s=40,815 eta=2518.978078047829
step=6846 tokens=897318912/1000000000 loss=3.3130 lr=1.24e-05 tok/s=41,057 eta=2500.9467847216574
step=6847 tokens=897449984/1000000000 loss=3.2934 lr=1.24e-05 tok/s=40,974 eta=2502.812149039779
step=6848 tokens=897581056/1000000000 loss=3.2212 lr=1.24e-05 tok/s=40,913 eta=2503.33634327233
step=6849 tokens=897712128/1000000000 loss=3.1980 lr=1.24e-05 tok/s=40,865 eta=2503.071981652971
step=6850 tokens=897843200/1000000000 loss=3.3298 lr=1.24e-05 tok/s=41,080 eta=2486.7470070634768
step=6851 tokens=897974272/1000000000 loss=3.2428 lr=1.24e-05 tok/s=40,974 eta=2489.9843347323385
step=6852 tokens=898105344/1000000000 loss=3.2981 lr=1.24e-05 tok/s=41,164 eta=2475.3095648548865
step=6853 tokens=898236416/1000000000 loss=3.1270 lr=1.24e-05 tok/s=41,134 eta=2473.959517867899
step=6854 tokens=898367488/1000000000 loss=3.2037 lr=1.24e-05 tok/s=40,684 eta=2498.1130188212287
step=6855 tokens=898498560/1000000000 loss=3.2210 lr=1.24e-05 tok/s=40,917 eta=2480.6666718657543
step=6856 tokens=898629632/1000000000 loss=3.3099 lr=1.24e-05 tok/s=41,007 eta=2472.0369804319935
step=6857 tokens=898760704/1000000000 loss=3.2447 lr=1.23e-05 tok/s=41,071 eta=2465.000212514901
step=6858 tokens=898891776/1000000000 loss=3.0719 lr=1.23e-05 tok/s=40,870 eta=2473.889523579846
step=6859 tokens=899022848/1000000000 loss=3.3251 lr=1.23e-05 tok/s=40,986 eta=2463.699193836477
step=6860 tokens=899153920/1000000000 loss=2.9878 lr=1.23e-05 tok/s=40,612 eta=2483.176794837592
step=6861 tokens=899284992/1000000000 loss=3.2177 lr=1.23e-05 tok/s=40,614 eta=2479.840611232206
step=6862 tokens=899416064/1000000000 loss=3.2182 lr=1.23e-05 tok/s=40,928 eta=2457.574710562703
step=6863 tokens=899547136/1000000000 loss=3.1801 lr=1.23e-05 tok/s=40,736 eta=2465.949344668116
step=6864 tokens=899678208/1000000000 loss=3.2270 lr=1.23e-05 tok/s=40,563 eta=2473.263429417261
step=6865 tokens=899809280/1000000000 loss=3.3532 lr=1.23e-05 tok/s=40,545 eta=2471.0711332144097
step=6866 tokens=899940352/1000000000 loss=3.1608 lr=1.23e-05 tok/s=40,632 eta=2462.5983342218283
step=6867 tokens=900071424/1000000000 loss=3.1401 lr=1.23e-05 tok/s=29,605 eta=3375.3551458544325
checkpoint saved: runs/20260906-225321/checkpoints/tokens_000900m (permanent_tokens)
step=6868 tokens=900202496/1000000000 loss=3.2235 lr=1.23e-05 tok/s=35,885 eta=2781.0423246784744
step=6869 tokens=900333568/1000000000 loss=3.2308 lr=1.23e-05 tok/s=41,006 eta=2430.5298770151685
step=6870 tokens=900464640/1000000000 loss=3.1735 lr=1.23e-05 tok/s=40,863 eta=2435.820827752531
step=6871 tokens=900595712/1000000000 loss=3.2690 lr=1.23e-05 tok/s=40,758 eta=2438.8675456732935
step=6872 tokens=900726784/1000000000 loss=3.2004 lr=1.23e-05 tok/s=40,810 eta=2432.5606375433217
step=6873 tokens=900857856/1000000000 loss=3.3403 lr=1.23e-05 tok/s=40,535 eta=2445.8432542034284
step=6874 tokens=900988928/1000000000 loss=3.2774 lr=1.22e-05 tok/s=40,785 eta=2427.614127525761
step=6875 tokens=901120000/1000000000 loss=3.0601 lr=1.22e-05 tok/s=40,889 eta=2418.2724175512503
step=6876 tokens=901251072/1000000000 loss=3.2587 lr=1.22e-05 tok/s=40,818 eta=2419.260463020506
step=6877 tokens=901382144/1000000000 loss=3.2396 lr=1.22e-05 tok/s=40,852 eta=2414.052379831585
step=6878 tokens=901513216/1000000000 loss=3.1597 lr=1.22e-05 tok/s=41,032 eta=2400.263832849349
step=6879 tokens=901644288/1000000000 loss=3.2086 lr=1.22e-05 tok/s=41,086 eta=2393.900217916291
step=6880 tokens=901775360/1000000000 loss=3.4368 lr=1.22e-05 tok/s=41,205 eta=2383.787202648852
step=6881 tokens=901906432/1000000000 loss=3.1956 lr=1.22e-05 tok/s=41,215 eta=2380.0254257440083
step=6882 tokens=902037504/1000000000 loss=3.2641 lr=1.22e-05 tok/s=41,144 eta=2380.9481808396454
step=6883 tokens=902168576/1000000000 loss=3.3205 lr=1.22e-05 tok/s=41,135 eta=2378.3226340197075
step=6884 tokens=902299648/1000000000 loss=3.3855 lr=1.22e-05 tok/s=40,879 eta=2389.975723527183
step=6885 tokens=902430720/1000000000 loss=3.3192 lr=1.22e-05 tok/s=40,995 eta=2380.015288493455
step=6886 tokens=902561792/1000000000 loss=3.2615 lr=1.22e-05 tok/s=41,178 eta=2366.2515834296228
step=6887 tokens=902692864/1000000000 loss=3.1707 lr=1.22e-05 tok/s=41,105 eta=2367.2886779608743
step=6888 tokens=902823936/1000000000 loss=3.2330 lr=1.22e-05 tok/s=41,111 eta=2363.7263309118885
step=6889 tokens=902955008/1000000000 loss=3.3240 lr=1.22e-05 tok/s=40,890 eta=2373.320053792811
step=6890 tokens=903086080/1000000000 loss=3.2414 lr=1.22e-05 tok/s=41,226 eta=2350.7827515811373
step=6891 tokens=903217152/1000000000 loss=3.1735 lr=1.21e-05 tok/s=41,150 eta=2351.9252015723405
step=6892 tokens=903348224/1000000000 loss=3.3110 lr=1.21e-05 tok/s=41,072 eta=2353.2488031042135
step=6893 tokens=903479296/1000000000 loss=3.2284 lr=1.21e-05 tok/s=41,166 eta=2344.678914279763
step=6894 tokens=903610368/1000000000 loss=3.1571 lr=1.21e-05 tok/s=41,167 eta=2341.40804532729
step=6895 tokens=903741440/1000000000 loss=3.3522 lr=1.21e-05 tok/s=41,197 eta=2336.5318271338315
step=6896 tokens=903872512/1000000000 loss=3.2419 lr=1.21e-05 tok/s=41,132 eta=2337.029223145633
step=6897 tokens=904003584/1000000000 loss=3.4229 lr=1.21e-05 tok/s=41,200 eta=2329.9943716247944
step=6898 tokens=904134656/1000000000 loss=3.3779 lr=1.21e-05 tok/s=41,188 eta=2327.5338765661463
step=6899 tokens=904265728/1000000000 loss=3.0738 lr=1.21e-05 tok/s=41,179 eta=2324.8312960926337
step=6900 tokens=904396800/1000000000 loss=3.3785 lr=1.21e-05 tok/s=41,228 eta=2318.8703227973006
step=6901 tokens=904527872/1000000000 loss=3.1297 lr=1.21e-05 tok/s=41,219 eta=2316.2408873626987
step=6902 tokens=904658944/1000000000 loss=3.2127 lr=1.21e-05 tok/s=41,123 eta=2318.451833288592
step=6903 tokens=904790016/1000000000 loss=3.0820 lr=1.21e-05 tok/s=41,213 eta=2310.1961709589523
step=6904 tokens=904921088/1000000000 loss=3.3065 lr=1.21e-05 tok/s=40,941 eta=2322.355736307209
step=6905 tokens=905052160/1000000000 loss=3.1321 lr=1.21e-05 tok/s=40,794 eta=2327.4739510860036
step=6906 tokens=905183232/1000000000 loss=3.3643 lr=1.21e-05 tok/s=41,067 eta=2308.8204072249637
step=6907 tokens=905314304/1000000000 loss=3.2507 lr=1.21e-05 tok/s=41,028 eta=2307.8078352920193
step=6908 tokens=905445376/1000000000 loss=3.0876 lr=1.21e-05 tok/s=40,701 eta=2323.157766123381
step=6909 tokens=905576448/1000000000 loss=3.2751 lr=1.2e-05 tok/s=40,918 eta=2307.603272195595
step=6910 tokens=905707520/1000000000 loss=3.1661 lr=1.2e-05 tok/s=40,783 eta=2312.043822155105
step=6911 tokens=905838592/1000000000 loss=3.2160 lr=1.2e-05 tok/s=40,980 eta=2297.729943116934
step=6912 tokens=905969664/1000000000 loss=3.2192 lr=1.2e-05 tok/s=40,977 eta=2294.7218888777766
step=6913 tokens=906100736/1000000000 loss=3.3415 lr=1.2e-05 tok/s=40,681 eta=2308.191727107365
step=6914 tokens=906231808/1000000000 loss=3.1862 lr=1.2e-05 tok/s=40,988 eta=2287.7009661392103
step=6915 tokens=906362880/1000000000 loss=3.1925 lr=1.2e-05 tok/s=40,840 eta=2292.772749967076
step=6916 tokens=906493952/1000000000 loss=3.3045 lr=1.2e-05 tok/s=40,726 eta=2295.9537462233175
step=6917 tokens=906625024/1000000000 loss=3.1414 lr=1.2e-05 tok/s=40,656 eta=2296.7076540566654
step=6918 tokens=906756096/1000000000 loss=3.3431 lr=1.2e-05 tok/s=40,873 eta=2281.3337327875024
step=6919 tokens=906887168/1000000000 loss=3.1268 lr=1.2e-05 tok/s=41,025 eta=2269.684405430153
step=6920 tokens=907018240/1000000000 loss=3.2348 lr=1.2e-05 tok/s=40,764 eta=2280.9497154910946
step=6921 tokens=907149312/1000000000 loss=3.1036 lr=1.2e-05 tok/s=40,712 eta=2280.675535269534
step=6922 tokens=907280384/1000000000 loss=3.2904 lr=1.2e-05 tok/s=40,832 eta=2270.7857372665244
step=6923 tokens=907411456/1000000000 loss=3.0360 lr=1.2e-05 tok/s=40,768 eta=2271.0902353818606
step=6924 tokens=907542528/1000000000 loss=3.2742 lr=1.2e-05 tok/s=40,818 eta=2265.115690474904
step=6925 tokens=907673600/1000000000 loss=3.1449 lr=1.2e-05 tok/s=40,671 eta=2270.0877658029585
step=6926 tokens=907804672/1000000000 loss=3.3916 lr=1.2e-05 tok/s=40,895 eta=2254.423116870171
step=6927 tokens=907935744/1000000000 loss=3.2203 lr=1.19e-05 tok/s=40,717 eta=2261.0856753142966
step=6928 tokens=908066816/1000000000 loss=3.3294 lr=1.19e-05 tok/s=40,689 eta=2259.4034477892324
step=6929 tokens=908197888/1000000000 loss=3.1089 lr=1.19e-05 tok/s=40,748 eta=2252.9202307820387
step=6930 tokens=908328960/1000000000 loss=3.3467 lr=1.19e-05 tok/s=40,624 eta=2256.571408373353
step=6931 tokens=908460032/1000000000 loss=3.0740 lr=1.19e-05 tok/s=40,591 eta=2255.203912565262
step=6932 tokens=908591104/1000000000 loss=3.1737 lr=1.19e-05 tok/s=40,859 eta=2237.159268859964
step=6933 tokens=908722176/1000000000 loss=3.2345 lr=1.19e-05 tok/s=40,790 eta=2237.7400531897256
step=6934 tokens=908853248/1000000000 loss=3.2612 lr=1.19e-05 tok/s=40,901 eta=2228.484533363716
step=6935 tokens=908984320/1000000000 loss=3.2601 lr=1.19e-05 tok/s=40,760 eta=2232.9758835915154
step=6936 tokens=909115392/1000000000 loss=3.3859 lr=1.19e-05 tok/s=40,652 eta=2235.682670404653
step=6937 tokens=909246464/1000000000 loss=3.1645 lr=1.19e-05 tok/s=40,671 eta=2231.3826863649133
step=6938 tokens=909377536/1000000000 loss=3.0665 lr=1.19e-05 tok/s=40,770 eta=2222.7685326711385
step=6939 tokens=909508608/1000000000 loss=3.2037 lr=1.19e-05 tok/s=40,777 eta=2219.203545380961
step=6940 tokens=909639680/1000000000 loss=3.1664 lr=1.19e-05 tok/s=40,774 eta=2216.106591573822
step=6941 tokens=909770752/1000000000 loss=3.1313 lr=1.19e-05 tok/s=40,935 eta=2204.2038849319233
step=6942 tokens=909901824/1000000000 loss=3.2969 lr=1.19e-05 tok/s=40,510 eta=2224.103555629053
step=6943 tokens=910032896/1000000000 loss=3.2100 lr=1.19e-05 tok/s=29,713 eta=3027.9153965391597
step=6944 tokens=910163968/1000000000 loss=3.3467 lr=1.19e-05 tok/s=41,050 eta=2188.467935642679
step=6945 tokens=910295040/1000000000 loss=3.2499 lr=1.18e-05 tok/s=40,887 eta=2193.9514275171523
step=6946 tokens=910426112/1000000000 loss=3.2798 lr=1.18e-05 tok/s=40,602 eta=2206.138035007266
step=6947 tokens=910557184/1000000000 loss=3.2649 lr=1.18e-05 tok/s=40,491 eta=2208.958330973879
step=6948 tokens=910688256/1000000000 loss=3.1529 lr=1.18e-05 tok/s=40,732 eta=2192.6630550970344
step=6949 tokens=910819328/1000000000 loss=3.1773 lr=1.18e-05 tok/s=40,799 eta=2185.8355751925933
step=6950 tokens=910950400/1000000000 loss=3.1646 lr=1.18e-05 tok/s=40,945 eta=2174.868443305391
step=6951 tokens=911081472/1000000000 loss=3.2019 lr=1.18e-05 tok/s=40,952 eta=2171.289878391094
step=6952 tokens=911212544/1000000000 loss=3.0874 lr=1.18e-05 tok/s=40,925 eta=2169.5410505132318
step=6953 tokens=911343616/1000000000 loss=3.3184 lr=1.18e-05 tok/s=40,799 eta=2173.0051931567564
step=6954 tokens=911474688/1000000000 loss=3.3815 lr=1.18e-05 tok/s=40,879 eta=2165.5276813041182
step=6955 tokens=911605760/1000000000 loss=3.2276 lr=1.18e-05 tok/s=40,906 eta=2160.925217777154
step=6956 tokens=911736832/1000000000 loss=3.3026 lr=1.18e-05 tok/s=40,945 eta=2155.6424646139
step=6957 tokens=911867904/1000000000 loss=3.1965 lr=1.18e-05 tok/s=41,106 eta=2144.023681226658
step=6958 tokens=911998976/1000000000 loss=3.1055 lr=1.18e-05 tok/s=40,976 eta=2147.6047498563935
step=6959 tokens=912130048/1000000000 loss=3.3086 lr=1.18e-05 tok/s=41,110 eta=2137.453732420914
step=6960 tokens=912261120/1000000000 loss=3.0136 lr=1.18e-05 tok/s=41,225 eta=2128.305578200018
step=6961 tokens=912392192/1000000000 loss=3.1834 lr=1.18e-05 tok/s=41,177 eta=2127.5670334581305
step=6962 tokens=912523264/1000000000 loss=3.1676 lr=1.18e-05 tok/s=41,043 eta=2131.329409651174
step=6963 tokens=912654336/1000000000 loss=3.2026 lr=1.18e-05 tok/s=41,019 eta=2129.393921113669
step=6964 tokens=912785408/1000000000 loss=3.3406 lr=1.17e-05 tok/s=41,043 eta=2124.9707817841972
step=6965 tokens=912916480/1000000000 loss=3.1123 lr=1.17e-05 tok/s=40,963 eta=2125.913571977783
step=6966 tokens=913047552/1000000000 loss=3.2603 lr=1.17e-05 tok/s=41,024 eta=2119.5706255540385
step=6967 tokens=913178624/1000000000 loss=3.3560 lr=1.17e-05 tok/s=41,052 eta=2114.9331448063126
step=6968 tokens=913309696/1000000000 loss=3.2487 lr=1.17e-05 tok/s=40,999 eta=2114.4257977099624
step=6969 tokens=913440768/1000000000 loss=3.1755 lr=1.17e-05 tok/s=41,098 eta=2106.189796085394
step=6970 tokens=913571840/1000000000 loss=3.1215 lr=1.17e-05 tok/s=41,078 eta=2103.996607703668
step=6971 tokens=913702912/1000000000 loss=3.3748 lr=1.17e-05 tok/s=41,000 eta=2104.7958087858615
step=6972 tokens=913833984/1000000000 loss=3.1189 lr=1.17e-05 tok/s=40,759 eta=2114.053084027221
step=6973 tokens=913965056/1000000000 loss=3.1466 lr=1.17e-05 tok/s=41,064 eta=2095.1600990312068
step=6974 tokens=914096128/1000000000 loss=3.1719 lr=1.17e-05 tok/s=40,945 eta=2098.048500911963
step=6975 tokens=914227200/1000000000 loss=3.2157 lr=1.17e-05 tok/s=40,635 eta=2110.8082538414833
step=6976 tokens=914358272/1000000000 loss=3.1402 lr=1.17e-05 tok/s=40,946 eta=2091.5996525138853
step=6977 tokens=914489344/1000000000 loss=3.1631 lr=1.17e-05 tok/s=40,894 eta=2091.033870740144
step=6978 tokens=914620416/1000000000 loss=3.1437 lr=1.17e-05 tok/s=40,581 eta=2103.904589847437
step=6979 tokens=914751488/1000000000 loss=3.2549 lr=1.17e-05 tok/s=40,717 eta=2093.701619968433
step=6980 tokens=914882560/1000000000 loss=3.1305 lr=1.17e-05 tok/s=40,797 eta=2086.3813270651553
step=6981 tokens=915013632/1000000000 loss=3.2629 lr=1.17e-05 tok/s=40,784 eta=2083.8068029967835
step=6982 tokens=915144704/1000000000 loss=3.0996 lr=1.17e-05 tok/s=40,950 eta=2072.171557325736
step=6983 tokens=915275776/1000000000 loss=3.1037 lr=1.16e-05 tok/s=40,837 eta=2074.687046623032
step=6984 tokens=915406848/1000000000 loss=3.2068 lr=1.16e-05 tok/s=40,792 eta=2073.751480765055
step=6985 tokens=915537920/1000000000 loss=3.2161 lr=1.16e-05 tok/s=41,088 eta=2055.619958827124
step=6986 tokens=915668992/1000000000 loss=3.1317 lr=1.16e-05 tok/s=41,019 eta=2055.8820559028695
step=6987 tokens=915800064/1000000000 loss=3.2637 lr=1.16e-05 tok/s=40,862 eta=2060.6091036312914
step=6988 tokens=915931136/1000000000 loss=3.3373 lr=1.16e-05 tok/s=40,912 eta=2054.846865559202
step=6989 tokens=916062208/1000000000 loss=3.2529 lr=1.16e-05 tok/s=40,905 eta=2052.037306449741
step=6990 tokens=916193280/1000000000 loss=3.2568 lr=1.16e-05 tok/s=40,817 eta=2053.2305775493714
step=6991 tokens=916324352/1000000000 loss=3.1810 lr=1.16e-05 tok/s=40,871 eta=2047.2966390274134
step=6992 tokens=916455424/1000000000 loss=3.3504 lr=1.16e-05 tok/s=40,947 eta=2040.3042447455427
step=6993 tokens=916586496/1000000000 loss=3.1931 lr=1.16e-05 tok/s=40,907 eta=2039.1235869072734
step=6994 tokens=916717568/1000000000 loss=3.1354 lr=1.16e-05 tok/s=40,973 eta=2032.6403464587179
step=6995 tokens=916848640/1000000000 loss=3.2661 lr=1.16e-05 tok/s=40,883 eta=2033.9034676941208
step=6996 tokens=916979712/1000000000 loss=3.2006 lr=1.16e-05 tok/s=40,859 eta=2031.8628571993331
step=6997 tokens=917110784/1000000000 loss=3.1527 lr=1.16e-05 tok/s=40,824 eta=2030.3906700003245
step=6998 tokens=917241856/1000000000 loss=3.1469 lr=1.16e-05 tok/s=40,776 eta=2029.5665215499318
step=6999 tokens=917372928/1000000000 loss=3.2458 lr=1.16e-05 tok/s=40,811 eta=2024.6266756161544
step=7000 tokens=917504000/1000000000 loss=3.2234 lr=1.16e-05 tok/s=40,923 eta=2015.8739994246703
step=7001 tokens=917635072/1000000000 loss=3.3296 lr=1.16e-05 tok/s=40,942 eta=2011.7549697977545
step=7002 tokens=917766144/1000000000 loss=3.0969 lr=1.16e-05 tok/s=40,848 eta=2013.1522090447172
step=7003 tokens=917897216/1000000000 loss=3.1138 lr=1.15e-05 tok/s=40,924 eta=2006.2289119084473
step=7004 tokens=918028288/1000000000 loss=3.1763 lr=1.15e-05 tok/s=40,692 eta=2014.4250817581185
step=7005 tokens=918159360/1000000000 loss=3.3290 lr=1.15e-05 tok/s=41,052 eta=1993.5957076514512
step=7006 tokens=918290432/1000000000 loss=3.1982 lr=1.15e-05 tok/s=41,068 eta=1989.597966220812
step=7007 tokens=918421504/1000000000 loss=3.3912 lr=1.15e-05 tok/s=40,653 eta=2006.7157366367478
step=7008 tokens=918552576/1000000000 loss=3.1444 lr=1.15e-05 tok/s=40,657 eta=2003.2933120786104
step=7009 tokens=918683648/1000000000 loss=3.2095 lr=1.15e-05 tok/s=40,708 eta=1997.5595974661283
step=7010 tokens=918814720/1000000000 loss=3.2264 lr=1.15e-05 tok/s=40,823 eta=1988.6981497990932
step=7011 tokens=918945792/1000000000 loss=3.2533 lr=1.15e-05 tok/s=41,052 eta=1974.42235678471
step=7012 tokens=919076864/1000000000 loss=3.2419 lr=1.15e-05 tok/s=41,046 eta=1971.528701559979
step=7013 tokens=919207936/1000000000 loss=3.2920 lr=1.15e-05 tok/s=40,907 eta=1974.9977960513127
step=7014 tokens=919339008/1000000000 loss=3.2559 lr=1.15e-05 tok/s=40,863 eta=1973.9574482643725
step=7015 tokens=919470080/1000000000 loss=3.2736 lr=1.15e-05 tok/s=40,962 eta=1965.972194445476
step=7016 tokens=919601152/1000000000 loss=3.2309 lr=1.15e-05 tok/s=41,129 eta=1954.8034920181706
step=7017 tokens=919732224/1000000000 loss=3.1424 lr=1.15e-05 tok/s=41,066 eta=1954.6160095818973
step=7018 tokens=919863296/1000000000 loss=3.2147 lr=1.15e-05 tok/s=41,159 eta=1946.9972689278036
step=7019 tokens=919994368/1000000000 loss=3.3065 lr=1.15e-05 tok/s=40,988 eta=1951.936470375979
step=7020 tokens=920125440/1000000000 loss=3.2230 lr=1.15e-05 tok/s=29,705 eta=2688.8944126652527
step=7021 tokens=920256512/1000000000 loss=3.2446 lr=1.15e-05 tok/s=40,998 eta=1945.070563942124
step=7022 tokens=920387584/1000000000 loss=3.2859 lr=1.15e-05 tok/s=40,877 eta=1947.6183956067478
step=7023 tokens=920518656/1000000000 loss=3.3252 lr=1.15e-05 tok/s=41,083 eta=1934.6548637078292
step=7024 tokens=920649728/1000000000 loss=2.9470 lr=1.14e-05 tok/s=40,917 eta=1939.2875180588808
step=7025 tokens=920780800/1000000000 loss=3.2755 lr=1.14e-05 tok/s=40,882 eta=1937.7462701744746
step=7026 tokens=920911872/1000000000 loss=3.1136 lr=1.14e-05 tok/s=40,911 eta=1933.1931886098216
step=7027 tokens=921042944/1000000000 loss=3.1419 lr=1.14e-05 tok/s=40,934 eta=1928.9038809109372
step=7028 tokens=921174016/1000000000 loss=3.2945 lr=1.14e-05 tok/s=40,958 eta=1924.5402482749148
step=7029 tokens=921305088/1000000000 loss=3.2415 lr=1.14e-05 tok/s=40,843 eta=1926.7736126665045
step=7030 tokens=921436160/1000000000 loss=3.0852 lr=1.14e-05 tok/s=40,829 eta=1924.2271648635542
step=7031 tokens=921567232/1000000000 loss=3.0314 lr=1.14e-05 tok/s=40,925 eta=1916.4820613907443
step=7032 tokens=921698304/1000000000 loss=3.1587 lr=1.14e-05 tok/s=40,865 eta=1916.090964150973
step=7033 tokens=921829376/1000000000 loss=3.1700 lr=1.14e-05 tok/s=40,974 eta=1907.8275366352518
step=7034 tokens=921960448/1000000000 loss=3.1219 lr=1.14e-05 tok/s=40,901 eta=1907.988839533563
step=7035 tokens=922091520/1000000000 loss=3.1827 lr=1.14e-05 tok/s=40,552 eta=1921.2216207177016
step=7036 tokens=922222592/1000000000 loss=3.2715 lr=1.14e-05 tok/s=40,661 eta=1912.835353882876
step=7037 tokens=922353664/1000000000 loss=3.1878 lr=1.14e-05 tok/s=40,793 eta=1903.422516467779
step=7038 tokens=922484736/1000000000 loss=3.3502 lr=1.14e-05 tok/s=40,865 eta=1896.8399733527763
step=7039 tokens=922615808/1000000000 loss=3.3474 lr=1.14e-05 tok/s=40,807 eta=1896.3256814252463
step=7040 tokens=922746880/1000000000 loss=3.2195 lr=1.14e-05 tok/s=41,132 eta=1878.1825568024642
step=7041 tokens=922877952/1000000000 loss=3.3455 lr=1.14e-05 tok/s=40,813 eta=1889.624726541507
step=7042 tokens=923009024/1000000000 loss=3.2815 lr=1.14e-05 tok/s=40,942 eta=1880.4854162311483
step=7043 tokens=923140096/1000000000 loss=3.1256 lr=1.14e-05 tok/s=41,074 eta=1871.2629168312158
step=7044 tokens=923271168/1000000000 loss=3.2676 lr=1.14e-05 tok/s=41,098 eta=1866.9719299804708
step=7045 tokens=923402240/1000000000 loss=3.1728 lr=1.13e-05 tok/s=41,131 eta=1862.3101494719856
step=7046 tokens=923533312/1000000000 loss=3.3302 lr=1.13e-05 tok/s=41,246 eta=1853.9227439514739
step=7047 tokens=923664384/1000000000 loss=3.2427 lr=1.13e-05 tok/s=41,289 eta=1848.8077680477406
step=7048 tokens=923795456/1000000000 loss=3.1578 lr=1.13e-05 tok/s=41,194 eta=1849.8806235941754
step=7049 tokens=923926528/1000000000 loss=3.0942 lr=1.13e-05 tok/s=41,194 eta=1846.7109448360436
step=7050 tokens=924057600/1000000000 loss=3.1648 lr=1.13e-05 tok/s=41,199 eta=1843.3014447808262
step=7051 tokens=924188672/1000000000 loss=2.9941 lr=1.13e-05 tok/s=41,266 eta=1837.1206597364474
step=7052 tokens=924319744/1000000000 loss=3.0641 lr=1.13e-05 tok/s=41,075 eta=1842.495009486851
step=7053 tokens=924450816/1000000000 loss=3.1081 lr=1.13e-05 tok/s=40,925 eta=1846.0181761500887
step=7054 tokens=924581888/1000000000 loss=3.1217 lr=1.13e-05 tok/s=40,673 eta=1854.2536403446366
step=7055 tokens=924712960/1000000000 loss=3.1832 lr=1.13e-05 tok/s=41,052 eta=1833.9387481894114
step=7056 tokens=924844032/1000000000 loss=3.2906 lr=1.13e-05 tok/s=40,855 eta=1839.5650180747107
step=7057 tokens=924975104/1000000000 loss=3.3292 lr=1.13e-05 tok/s=40,965 eta=1831.4280105710611
step=7058 tokens=925106176/1000000000 loss=3.2130 lr=1.13e-05 tok/s=40,786 eta=1836.2411234442238
step=7059 tokens=925237248/1000000000 loss=3.0770 lr=1.13e-05 tok/s=40,911 eta=1827.4510285370684
step=7060 tokens=925368320/1000000000 loss=3.2838 lr=1.13e-05 tok/s=41,055 eta=1817.8380731383493
step=7061 tokens=925499392/1000000000 loss=3.1890 lr=1.13e-05 tok/s=40,796 eta=1826.1672223144496
step=7062 tokens=925630464/1000000000 loss=3.1685 lr=1.13e-05 tok/s=40,647 eta=1829.627875788977
step=7063 tokens=925761536/1000000000 loss=3.4563 lr=1.13e-05 tok/s=40,797 eta=1819.724074938889
step=7064 tokens=925892608/1000000000 loss=3.0913 lr=1.13e-05 tok/s=41,022 eta=1806.524578108728
step=7065 tokens=926023680/1000000000 loss=3.1960 lr=1.13e-05 tok/s=41,058 eta=1801.7515913638
step=7066 tokens=926154752/1000000000 loss=3.2668 lr=1.13e-05 tok/s=40,925 eta=1804.3884783066658
step=7067 tokens=926285824/1000000000 loss=3.0931 lr=1.13e-05 tok/s=40,987 eta=1798.4895980976828
step=7068 tokens=926416896/1000000000 loss=3.2429 lr=1.12e-05 tok/s=41,068 eta=1791.7398555164787
step=7069 tokens=926547968/1000000000 loss=3.1455 lr=1.12e-05 tok/s=41,103 eta=1787.0401850974965
step=7070 tokens=926679040/1000000000 loss=3.2940 lr=1.12e-05 tok/s=41,115 eta=1783.3124702311118
step=7071 tokens=926810112/1000000000 loss=3.3065 lr=1.12e-05 tok/s=40,870 eta=1790.814329018359
step=7072 tokens=926941184/1000000000 loss=3.1308 lr=1.12e-05 tok/s=40,928 eta=1785.0760112762582
step=7073 tokens=927072256/1000000000 loss=3.1809 lr=1.12e-05 tok/s=40,998 eta=1778.8306326839204
step=7074 tokens=927203328/1000000000 loss=3.3259 lr=1.12e-05 tok/s=40,911 eta=1779.3775451253007
step=7075 tokens=927334400/1000000000 loss=3.2141 lr=1.12e-05 tok/s=40,907 eta=1776.382610058721
step=7076 tokens=927465472/1000000000 loss=3.2654 lr=1.12e-05 tok/s=40,869 eta=1774.8092201411152
step=7077 tokens=927596544/1000000000 loss=3.2113 lr=1.12e-05 tok/s=41,011 eta=1765.446772080176
step=7078 tokens=927727616/1000000000 loss=3.2358 lr=1.12e-05 tok/s=41,105 eta=1758.2593374411035
step=7079 tokens=927858688/1000000000 loss=3.2456 lr=1.12e-05 tok/s=40,923 eta=1762.870934437293
step=7080 tokens=927989760/1000000000 loss=3.0971 lr=1.12e-05 tok/s=40,801 eta=1764.8981859854139
step=7081 tokens=928120832/1000000000 loss=3.2532 lr=1.12e-05 tok/s=40,923 eta=1756.4637517068406
step=7082 tokens=928251904/1000000000 loss=3.2728 lr=1.12e-05 tok/s=40,733 eta=1761.4082733699615
step=7083 tokens=928382976/1000000000 loss=3.2308 lr=1.12e-05 tok/s=41,064 eta=1744.0474343869348
step=7084 tokens=928514048/1000000000 loss=3.2875 lr=1.12e-05 tok/s=41,075 eta=1740.3824515335386
step=7085 tokens=928645120/1000000000 loss=3.4117 lr=1.12e-05 tok/s=41,020 eta=1739.530375691318
step=7086 tokens=928776192/1000000000 loss=3.2913 lr=1.12e-05 tok/s=41,017 eta=1736.4309529228958
step=7087 tokens=928907264/1000000000 loss=3.2042 lr=1.12e-05 tok/s=40,826 eta=1741.3554795114592
step=7088 tokens=929038336/1000000000 loss=3.1906 lr=1.12e-05 tok/s=40,660 eta=1745.2365983890659
step=7089 tokens=929169408/1000000000 loss=3.2957 lr=1.12e-05 tok/s=40,562 eta=1746.2338561274128
step=7090 tokens=929300480/1000000000 loss=3.1281 lr=1.12e-05 tok/s=40,900 eta=1728.588436044322
step=7091 tokens=929431552/1000000000 loss=3.2156 lr=1.11e-05 tok/s=40,996 eta=1721.3475697804836
step=7092 tokens=929562624/1000000000 loss=3.2841 lr=1.11e-05 tok/s=40,953 eta=1719.9656528570004
step=7093 tokens=929693696/1000000000 loss=3.3029 lr=1.11e-05 tok/s=41,193 eta=1706.761927727406
step=7094 tokens=929824768/1000000000 loss=3.2662 lr=1.11e-05 tok/s=41,137 eta=1705.899596473582
step=7095 tokens=929955840/1000000000 loss=3.3001 lr=1.11e-05 tok/s=41,311 eta=1695.5330132866816
step=7096 tokens=930086912/1000000000 loss=3.3015 lr=1.11e-05 tok/s=29,702 eta=2353.7823763453703
step=7097 tokens=930217984/1000000000 loss=3.2516 lr=1.11e-05 tok/s=41,021 eta=1701.1148201996755
step=7098 tokens=930349056/1000000000 loss=3.2723 lr=1.11e-05 tok/s=41,200 eta=1690.5417084393434
step=7099 tokens=930480128/1000000000 loss=3.2262 lr=1.11e-05 tok/s=41,102 eta=1691.3867379335445
step=7100 tokens=930611200/1000000000 loss=3.3171 lr=1.11e-05 tok/s=41,339 eta=1678.5363864844894
step=7101 tokens=930742272/1000000000 loss=3.1044 lr=1.11e-05 tok/s=41,247 eta=1679.101346584067
step=7102 tokens=930873344/1000000000 loss=3.1598 lr=1.11e-05 tok/s=41,432 eta=1668.442362582481
step=7103 tokens=931004416/1000000000 loss=3.2286 lr=1.11e-05 tok/s=41,314 eta=1670.022930564193
step=7104 tokens=931135488/1000000000 loss=3.2525 lr=1.11e-05 tok/s=41,035 eta=1678.1743454829127
step=7105 tokens=931266560/1000000000 loss=3.0807 lr=1.11e-05 tok/s=41,029 eta=1675.2260914047856
step=7106 tokens=931397632/1000000000 loss=3.0475 lr=1.11e-05 tok/s=41,113 eta=1668.6273485757113
step=7107 tokens=931528704/1000000000 loss=3.1804 lr=1.11e-05 tok/s=41,302 eta=1657.8363424419183
step=7108 tokens=931659776/1000000000 loss=3.2764 lr=1.11e-05 tok/s=41,004 eta=1666.6751173239984
step=7109 tokens=931790848/1000000000 loss=3.1015 lr=1.11e-05 tok/s=40,981 eta=1664.401114867126
step=7110 tokens=931921920/1000000000 loss=3.2540 lr=1.11e-05 tok/s=41,117 eta=1655.7102544945176
step=7111 tokens=932052992/1000000000 loss=3.0925 lr=1.11e-05 tok/s=41,131 eta=1651.9607621369305
step=7112 tokens=932184064/1000000000 loss=3.2981 lr=1.11e-05 tok/s=41,081 eta=1650.7993478940857
step=7113 tokens=932315136/1000000000 loss=3.0677 lr=1.11e-05 tok/s=41,231 eta=1641.5986755060994
step=7114 tokens=932446208/1000000000 loss=3.1618 lr=1.11e-05 tok/s=41,065 eta=1645.03144024347
step=7115 tokens=932577280/1000000000 loss=3.2279 lr=1.1e-05 tok/s=41,062 eta=1641.9684123089335
step=7116 tokens=932708352/1000000000 loss=3.3448 lr=1.1e-05 tok/s=40,820 eta=1648.496997805609
step=7117 tokens=932839424/1000000000 loss=3.2140 lr=1.1e-05 tok/s=40,797 eta=1646.2138258234709
step=7118 tokens=932970496/1000000000 loss=3.1312 lr=1.1e-05 tok/s=40,900 eta=1638.8546783322308
step=7119 tokens=933101568/1000000000 loss=3.2019 lr=1.1e-05 tok/s=41,096 eta=1627.8389053058925
step=7120 tokens=933232640/1000000000 loss=3.3440 lr=1.1e-05 tok/s=40,701 eta=1640.4489301977374
step=7121 tokens=933363712/1000000000 loss=3.1530 lr=1.1e-05 tok/s=41,009 eta=1624.9170881731316
step=7122 tokens=933494784/1000000000 loss=3.2440 lr=1.1e-05 tok/s=41,070 eta=1619.2973574336697
step=7123 tokens=933625856/1000000000 loss=3.0355 lr=1.1e-05 tok/s=41,161 eta=1612.552660467332
step=7124 tokens=933756928/1000000000 loss=3.0554 lr=1.1e-05 tok/s=41,064 eta=1613.1596874922984
step=7125 tokens=933888000/1000000000 loss=3.1442 lr=1.1e-05 tok/s=40,883 eta=1617.1096709367562
step=7126 tokens=934019072/1000000000 loss=3.2701 lr=1.1e-05 tok/s=41,113 eta=1604.871844822624
step=7127 tokens=934150144/1000000000 loss=3.2016 lr=1.1e-05 tok/s=41,292 eta=1594.7290862958
step=7128 tokens=934281216/1000000000 loss=3.1216 lr=1.1e-05 tok/s=41,350 eta=1589.3226409251488
step=7129 tokens=934412288/1000000000 loss=3.2330 lr=1.1e-05 tok/s=41,219 eta=1591.2056432675329
step=7130 tokens=934543360/1000000000 loss=3.2169 lr=1.1e-05 tok/s=40,921 eta=1599.5760634534292
step=7131 tokens=934674432/1000000000 loss=3.3166 lr=1.1e-05 tok/s=40,953 eta=1595.1217932435848
step=7132 tokens=934805504/1000000000 loss=3.1445 lr=1.1e-05 tok/s=41,048 eta=1588.2468822977369
step=7133 tokens=934936576/1000000000 loss=3.1896 lr=1.1e-05 tok/s=41,088 eta=1583.5115225022053
step=7134 tokens=935067648/1000000000 loss=3.1832 lr=1.1e-05 tok/s=40,838 eta=1590.001363824084
step=7135 tokens=935198720/1000000000 loss=3.2774 lr=1.1e-05 tok/s=40,820 eta=1587.4742438968121
step=7136 tokens=935329792/1000000000 loss=3.3994 lr=1.1e-05 tok/s=40,839 eta=1583.521507627665
step=7137 tokens=935460864/1000000000 loss=3.2806 lr=1.1e-05 tok/s=40,922 eta=1577.1348143006296
step=7138 tokens=935591936/1000000000 loss=3.4044 lr=1.1e-05 tok/s=41,015 eta=1570.3680246595165
step=7139 tokens=935723008/1000000000 loss=3.2446 lr=1.1e-05 tok/s=41,055 eta=1565.6332259194135
step=7140 tokens=935854080/1000000000 loss=3.1197 lr=1.09e-05 tok/s=41,075 eta=1561.6642628937138
step=7141 tokens=935985152/1000000000 loss=3.2951 lr=1.09e-05 tok/s=40,919 eta=1564.4268350096713
step=7142 tokens=936116224/1000000000 loss=3.2434 lr=1.09e-05 tok/s=41,034 eta=1556.8580347888742
step=7143 tokens=936247296/1000000000 loss=3.1952 lr=1.09e-05 tok/s=40,994 eta=1555.1714464608553
step=7144 tokens=936378368/1000000000 loss=3.2869 lr=1.09e-05 tok/s=40,874 eta=1556.5303342290938
step=7145 tokens=936509440/1000000000 loss=3.0902 lr=1.09e-05 tok/s=40,945 eta=1550.633740647529
step=7146 tokens=936640512/1000000000 loss=3.3622 lr=1.09e-05 tok/s=40,753 eta=1554.715929620676
step=7147 tokens=936771584/1000000000 loss=3.2064 lr=1.09e-05 tok/s=40,741 eta=1551.9723550603237
step=7148 tokens=936902656/1000000000 loss=3.1570 lr=1.09e-05 tok/s=40,560 eta=1555.6711141497744
checkpoint saved: runs/20260906-225321/checkpoints/step_000007148 (time)
step=7149 tokens=937033728/1000000000 loss=3.0706 lr=1.09e-05 tok/s=36,139 eta=1742.3435912105026
step=7150 tokens=937164800/1000000000 loss=3.1446 lr=1.09e-05 tok/s=41,145 eta=1527.1482828054532
step=7151 tokens=937295872/1000000000 loss=3.1979 lr=1.09e-05 tok/s=40,653 eta=1542.4315886226302
step=7152 tokens=937426944/1000000000 loss=3.2254 lr=1.09e-05 tok/s=40,574 eta=1542.1962718982993
step=7153 tokens=937558016/1000000000 loss=3.1785 lr=1.09e-05 tok/s=40,925 eta=1525.7510652670271
step=7154 tokens=937689088/1000000000 loss=3.2519 lr=1.09e-05 tok/s=40,755 eta=1528.9155803951417
step=7155 tokens=937820160/1000000000 loss=3.2584 lr=1.09e-05 tok/s=40,950 eta=1518.4376436057512
step=7156 tokens=937951232/1000000000 loss=3.2851 lr=1.09e-05 tok/s=40,850 eta=1518.9349299409287
step=7157 tokens=938082304/1000000000 loss=2.9883 lr=1.09e-05 tok/s=40,953 eta=1511.9046121166143
step=7158 tokens=938213376/1000000000 loss=3.1795 lr=1.09e-05 tok/s=40,885 eta=1511.241160522007
step=7159 tokens=938344448/1000000000 loss=3.1157 lr=1.09e-05 tok/s=40,894 eta=1507.6952963143724
step=7160 tokens=938475520/1000000000 loss=3.1596 lr=1.09e-05 tok/s=41,107 eta=1496.6860963459192
step=7161 tokens=938606592/1000000000 loss=3.3004 lr=1.09e-05 tok/s=40,949 eta=1499.2717236512221
step=7162 tokens=938737664/1000000000 loss=3.2373 lr=1.09e-05 tok/s=40,822 eta=1500.7076916540166
step=7163 tokens=938868736/1000000000 loss=3.0761 lr=1.09e-05 tok/s=40,979 eta=1491.754510295065
step=7164 tokens=938999808/1000000000 loss=3.2247 lr=1.09e-05 tok/s=41,001 eta=1487.7691164403768
step=7165 tokens=939130880/1000000000 loss=3.3106 lr=1.09e-05 tok/s=41,012 eta=1484.17137030228
step=7166 tokens=939261952/1000000000 loss=3.0170 lr=1.09e-05 tok/s=41,145 eta=1476.1870557096165
step=7167 tokens=939393024/1000000000 loss=3.2198 lr=1.08e-05 tok/s=40,999 eta=1478.2475241772784
step=7168 tokens=939524096/1000000000 loss=3.3548 lr=1.08e-05 tok/s=40,848 eta=1480.4956820189664
step=7169 tokens=939655168/1000000000 loss=3.1391 lr=1.08e-05 tok/s=40,717 eta=1482.0666550050694
step=7170 tokens=939786240/1000000000 loss=3.1174 lr=1.08e-05 tok/s=40,880 eta=1472.9532832830623
step=7171 tokens=939917312/1000000000 loss=3.1379 lr=1.08e-05 tok/s=40,603 eta=1479.7578926811782
step=7172 tokens=940048384/1000000000 loss=3.1763 lr=1.08e-05 tok/s=29,606 eta=2024.9793625716266
step=7173 tokens=940179456/1000000000 loss=3.1985 lr=1.08e-05 tok/s=40,808 eta=1465.9076244959206
step=7174 tokens=940310528/1000000000 loss=3.2782 lr=1.08e-05 tok/s=40,684 eta=1467.1363136782463
step=7175 tokens=940441600/1000000000 loss=3.1565 lr=1.08e-05 tok/s=40,841 eta=1458.3080289762308
step=7176 tokens=940572672/1000000000 loss=3.2227 lr=1.08e-05 tok/s=40,827 eta=1455.589747342947
step=7177 tokens=940703744/1000000000 loss=3.0885 lr=1.08e-05 tok/s=40,745 eta=1455.2903970382392
step=7178 tokens=940834816/1000000000 loss=3.2926 lr=1.08e-05 tok/s=40,827 eta=1449.1565937056344
step=7179 tokens=940965888/1000000000 loss=3.2555 lr=1.08e-05 tok/s=41,091 eta=1436.667738035074
step=7180 tokens=941096960/1000000000 loss=3.3691 lr=1.08e-05 tok/s=41,128 eta=1432.1965095950986
step=7181 tokens=941228032/1000000000 loss=3.3217 lr=1.08e-05 tok/s=41,057 eta=1431.4777849086051
step=7182 tokens=941359104/1000000000 loss=3.1196 lr=1.08e-05 tok/s=40,727 eta=1439.855146148305
step=7183 tokens=941490176/1000000000 loss=3.2325 lr=1.08e-05 tok/s=40,851 eta=1432.2677205545021
step=7184 tokens=941621248/1000000000 loss=3.2147 lr=1.08e-05 tok/s=41,009 eta=1423.5615115590433
step=7185 tokens=941752320/1000000000 loss=3.0982 lr=1.08e-05 tok/s=41,013 eta=1420.2230897106385
step=7186 tokens=941883392/1000000000 loss=3.2578 lr=1.08e-05 tok/s=40,998 eta=1417.545377036216
step=7187 tokens=942014464/1000000000 loss=3.2132 lr=1.08e-05 tok/s=41,058 eta=1412.2936417487656
step=7188 tokens=942145536/1000000000 loss=3.1030 lr=1.08e-05 tok/s=41,119 eta=1407.0035173793042
step=7189 tokens=942276608/1000000000 loss=3.1441 lr=1.08e-05 tok/s=41,491 eta=1391.2155452031118
step=7190 tokens=942407680/1000000000 loss=3.1726 lr=1.08e-05 tok/s=41,114 eta=1400.8010123668173
step=7191 tokens=942538752/1000000000 loss=3.2968 lr=1.08e-05 tok/s=41,213 eta=1394.249384565906
step=7192 tokens=942669824/1000000000 loss=3.2651 lr=1.08e-05 tok/s=41,241 eta=1390.1382957500784
step=7193 tokens=942800896/1000000000 loss=3.2840 lr=1.08e-05 tok/s=41,267 eta=1386.0762630308498
step=7194 tokens=942931968/1000000000 loss=3.1558 lr=1.08e-05 tok/s=41,448 eta=1376.8711602876408
step=7195 tokens=943063040/1000000000 loss=3.2725 lr=1.07e-05 tok/s=41,408 eta=1375.0164938965304
step=7196 tokens=943194112/1000000000 loss=3.2393 lr=1.07e-05 tok/s=41,182 eta=1379.384375318505
step=7197 tokens=943325184/1000000000 loss=3.1206 lr=1.07e-05 tok/s=41,150 eta=1377.2807164635672
step=7198 tokens=943456256/1000000000 loss=3.2178 lr=1.07e-05 tok/s=41,168 eta=1373.488860733599
step=7199 tokens=943587328/1000000000 loss=3.0342 lr=1.07e-05 tok/s=41,219 eta=1368.6131511903561
step=7200 tokens=943718400/1000000000 loss=3.0381 lr=1.07e-05 tok/s=41,299 eta=1362.7964301689417
step=7201 tokens=943849472/1000000000 loss=3.0546 lr=1.07e-05 tok/s=41,285 eta=1360.0773519482834
step=7202 tokens=943980544/1000000000 loss=3.3046 lr=1.07e-05 tok/s=41,261 eta=1357.6849853479498
step=7203 tokens=944111616/1000000000 loss=3.3392 lr=1.07e-05 tok/s=41,071 eta=1360.7808578273882
step=7204 tokens=944242688/1000000000 loss=3.2701 lr=1.07e-05 tok/s=41,125 eta=1355.7910274687333
step=7205 tokens=944373760/1000000000 loss=3.3010 lr=1.07e-05 tok/s=41,144 eta=1351.985296357521
step=7206 tokens=944504832/1000000000 loss=3.1593 lr=1.07e-05 tok/s=41,180 eta=1347.6297587595316
step=7207 tokens=944635904/1000000000 loss=3.2605 lr=1.07e-05 tok/s=41,176 eta=1344.562005276441
step=7208 tokens=944766976/1000000000 loss=3.3062 lr=1.07e-05 tok/s=41,177 eta=1341.3655608241536
step=7209 tokens=944898048/1000000000 loss=3.1294 lr=1.07e-05 tok/s=41,031 eta=1342.920866307586
step=7210 tokens=945029120/1000000000 loss=3.3465 lr=1.07e-05 tok/s=40,991 eta=1341.0521546642583
step=7211 tokens=945160192/1000000000 loss=3.2937 lr=1.07e-05 tok/s=41,029 eta=1336.6176715003912
step=7212 tokens=945291264/1000000000 loss=3.2325 lr=1.07e-05 tok/s=41,124 eta=1330.3348327982476
step=7213 tokens=945422336/1000000000 loss=3.1215 lr=1.07e-05 tok/s=41,122 eta=1327.2210264071284
step=7214 tokens=945553408/1000000000 loss=3.1424 lr=1.07e-05 tok/s=41,110 eta=1324.426491827794
step=7215 tokens=945684480/1000000000 loss=3.3554 lr=1.07e-05 tok/s=41,102 eta=1321.477300341212
step=7216 tokens=945815552/1000000000 loss=3.3496 lr=1.07e-05 tok/s=40,992 eta=1321.82765938926
step=7217 tokens=945946624/1000000000 loss=3.1888 lr=1.07e-05 tok/s=41,053 eta=1316.6735176446164
step=7218 tokens=946077696/1000000000 loss=3.2178 lr=1.07e-05 tok/s=41,014 eta=1314.7341883664965
step=7219 tokens=946208768/1000000000 loss=3.3058 lr=1.07e-05 tok/s=41,112 eta=1308.4083021944227
step=7220 tokens=946339840/1000000000 loss=3.1907 lr=1.07e-05 tok/s=40,993 eta=1309.0165546878382
step=7221 tokens=946470912/1000000000 loss=3.2427 lr=1.07e-05 tok/s=40,809 eta=1311.6961735447703
step=7222 tokens=946601984/1000000000 loss=3.2633 lr=1.07e-05 tok/s=40,796 eta=1308.8947861118147
step=7223 tokens=946733056/1000000000 loss=3.2687 lr=1.07e-05 tok/s=40,834 eta=1304.46385689319
step=7224 tokens=946864128/1000000000 loss=3.2729 lr=1.07e-05 tok/s=40,907 eta=1298.9521702230222
step=7225 tokens=946995200/1000000000 loss=3.1333 lr=1.06e-05 tok/s=40,946 eta=1294.489727049043
step=7226 tokens=947126272/1000000000 loss=3.2325 lr=1.06e-05 tok/s=40,914 eta=1292.3068819574892
step=7227 tokens=947257344/1000000000 loss=3.0842 lr=1.06e-05 tok/s=40,633 eta=1298.0198125059721
step=7228 tokens=947388416/1000000000 loss=3.2463 lr=1.06e-05 tok/s=40,754 eta=1290.9646972380056
step=7229 tokens=947519488/1000000000 loss=3.1740 lr=1.06e-05 tok/s=40,715 eta=1288.9682805481536
step=7230 tokens=947650560/1000000000 loss=3.2463 lr=1.06e-05 tok/s=40,774 eta=1283.8821124545268
step=7231 tokens=947781632/1000000000 loss=3.2789 lr=1.06e-05 tok/s=40,713 eta=1282.604904108461
step=7232 tokens=947912704/1000000000 loss=3.1748 lr=1.06e-05 tok/s=40,811 eta=1276.2973994361676
step=7233 tokens=948043776/1000000000 loss=3.3743 lr=1.06e-05 tok/s=40,838 eta=1272.262915526458
step=7234 tokens=948174848/1000000000 loss=3.2924 lr=1.06e-05 tok/s=40,978 eta=1264.6932089826983
step=7235 tokens=948305920/1000000000 loss=3.3488 lr=1.06e-05 tok/s=40,970 eta=1261.7525820088656
step=7236 tokens=948436992/1000000000 loss=3.3646 lr=1.06e-05 tok/s=40,964 eta=1258.740341164978
step=7237 tokens=948568064/1000000000 loss=3.1580 lr=1.06e-05 tok/s=40,963 eta=1255.585393697915
step=7238 tokens=948699136/1000000000 loss=3.2691 lr=1.06e-05 tok/s=41,102 eta=1248.150194105806
step=7239 tokens=948830208/1000000000 loss=3.2373 lr=1.06e-05 tok/s=40,942 eta=1249.8211498907597
step=7240 tokens=948961280/1000000000 loss=3.2916 lr=1.06e-05 tok/s=40,985 eta=1245.3040595307846
step=7241 tokens=949092352/1000000000 loss=3.1428 lr=1.06e-05 tok/s=40,933 eta=1243.677549805935
step=7242 tokens=949223424/1000000000 loss=3.2640 lr=1.06e-05 tok/s=40,923 eta=1240.7724930273548
step=7243 tokens=949354496/1000000000 loss=3.2017 lr=1.06e-05 tok/s=40,968 eta=1236.2107589467716
step=7244 tokens=949485568/1000000000 loss=3.1476 lr=1.06e-05 tok/s=41,141 eta=1227.8465922730886
step=7245 tokens=949616640/1000000000 loss=3.2708 lr=1.06e-05 tok/s=41,080 eta=1226.472122460522
step=7246 tokens=949747712/1000000000 loss=3.3305 lr=1.06e-05 tok/s=41,044 eta=1224.3578797578514
step=7247 tokens=949878784/1000000000 loss=3.2815 lr=1.06e-05 tok/s=40,957 eta=1223.7629041846187
step=7248 tokens=950009856/1000000000 loss=3.2064 lr=1.06e-05 tok/s=29,852 eta=1674.5926076259798
checkpoint saved: runs/20260906-225321/checkpoints/tokens_000950m (permanent_tokens)
step=7249 tokens=950140928/1000000000 loss=3.2772 lr=1.06e-05 tok/s=36,132 eta=1379.9086787051021
step=7250 tokens=950272000/1000000000 loss=3.1248 lr=1.06e-05 tok/s=41,373 eta=1201.9533161829088
step=7251 tokens=950403072/1000000000 loss=3.2677 lr=1.06e-05 tok/s=41,093 eta=1206.9310871597154
step=7252 tokens=950534144/1000000000 loss=3.3946 lr=1.06e-05 tok/s=41,125 eta=1202.8055659788156
step=7253 tokens=950665216/1000000000 loss=3.1166 lr=1.06e-05 tok/s=41,090 eta=1200.6610386909335
step=7254 tokens=950796288/1000000000 loss=3.3726 lr=1.06e-05 tok/s=40,799 eta=1206.0001749339006
step=7255 tokens=950927360/1000000000 loss=3.2325 lr=1.06e-05 tok/s=40,867 eta=1200.798836194653
step=7256 tokens=951058432/1000000000 loss=3.1262 lr=1.06e-05 tok/s=40,594 eta=1205.6301464207036
step=7257 tokens=951189504/1000000000 loss=3.2473 lr=1.05e-05 tok/s=40,649 eta=1200.7718455852582
step=7258 tokens=951320576/1000000000 loss=3.3193 lr=1.05e-05 tok/s=40,623 eta=1198.3300270795837
step=7259 tokens=951451648/1000000000 loss=3.2720 lr=1.05e-05 tok/s=40,854 eta=1188.3473712285745
step=7260 tokens=951582720/1000000000 loss=3.0786 lr=1.05e-05 tok/s=40,850 eta=1185.2312804268138
step=7261 tokens=951713792/1000000000 loss=3.1898 lr=1.05e-05 tok/s=40,858 eta=1181.7991338041124
step=7262 tokens=951844864/1000000000 loss=3.3765 lr=1.05e-05 tok/s=40,984 eta=1174.9620358684167
step=7263 tokens=951975936/1000000000 loss=3.1082 lr=1.05e-05 tok/s=40,602 eta=1182.8107851935872
step=7264 tokens=952107008/1000000000 loss=3.1018 lr=1.05e-05 tok/s=40,512 eta=1182.2024215189444
step=7265 tokens=952238080/1000000000 loss=3.1649 lr=1.05e-05 tok/s=40,559 eta=1177.5817705404836
step=7266 tokens=952369152/1000000000 loss=3.2812 lr=1.05e-05 tok/s=40,757 eta=1168.65724878553
step=7267 tokens=952500224/1000000000 loss=3.1201 lr=1.05e-05 tok/s=40,996 eta=1158.6514384687366
step=7268 tokens=952631296/1000000000 loss=3.2614 lr=1.05e-05 tok/s=41,066 eta=1153.4740462229863
step=7269 tokens=952762368/1000000000 loss=3.1097 lr=1.05e-05 tok/s=40,848 eta=1156.430548129849
step=7270 tokens=952893440/1000000000 loss=3.2214 lr=1.05e-05 tok/s=40,956 eta=1150.1677242442213
step=7271 tokens=953024512/1000000000 loss=3.1786 lr=1.05e-05 tok/s=41,025 eta=1145.0451637619838
step=7272 tokens=953155584/1000000000 loss=3.1759 lr=1.05e-05 tok/s=41,074 eta=1140.4895745847878
step=7273 tokens=953286656/1000000000 loss=3.2332 lr=1.05e-05 tok/s=41,020 eta=1138.7936826106181
step=7274 tokens=953417728/1000000000 loss=3.1339 lr=1.05e-05 tok/s=41,114 eta=1132.9899490766625
step=7275 tokens=953548800/1000000000 loss=3.1348 lr=1.05e-05 tok/s=40,861 eta=1136.7979880985986
step=7276 tokens=953679872/1000000000 loss=3.3164 lr=1.05e-05 tok/s=41,018 eta=1129.2583796772346
step=7277 tokens=953810944/1000000000 loss=3.3316 lr=1.05e-05 tok/s=41,097 eta=1123.891968378326
step=7278 tokens=953942016/1000000000 loss=3.2349 lr=1.05e-05 tok/s=40,746 eta=1130.3761154002
step=7279 tokens=954073088/1000000000 loss=3.2232 lr=1.05e-05 tok/s=41,063 eta=1118.4451758975763
step=7280 tokens=954204160/1000000000 loss=3.1276 lr=1.05e-05 tok/s=41,029 eta=1116.1828489588531
step=7281 tokens=954335232/1000000000 loss=3.1917 lr=1.05e-05 tok/s=41,072 eta=1111.832394655342
step=7282 tokens=954466304/1000000000 loss=3.2986 lr=1.05e-05 tok/s=41,195 eta=1105.313171543064
step=7283 tokens=954597376/1000000000 loss=3.2753 lr=1.05e-05 tok/s=41,006 eta=1107.207030434746
step=7284 tokens=954728448/1000000000 loss=3.3352 lr=1.05e-05 tok/s=40,886 eta=1107.2694677648967
step=7285 tokens=954859520/1000000000 loss=3.2321 lr=1.05e-05 tok/s=40,855 eta=1104.898179135634
step=7286 tokens=954990592/1000000000 loss=3.0014 lr=1.05e-05 tok/s=41,028 eta=1097.039958598461
step=7287 tokens=955121664/1000000000 loss=3.3393 lr=1.05e-05 tok/s=40,997 eta=1094.6851046821043
step=7288 tokens=955252736/1000000000 loss=3.1119 lr=1.05e-05 tok/s=40,850 eta=1095.3954842568528
step=7289 tokens=955383808/1000000000 loss=3.2214 lr=1.05e-05 tok/s=40,846 eta=1092.315334137558
step=7290 tokens=955514880/1000000000 loss=3.0521 lr=1.05e-05 tok/s=41,065 eta=1083.2749383373873
step=7291 tokens=955645952/1000000000 loss=2.9830 lr=1.05e-05 tok/s=41,018 eta=1081.3407073107946
step=7292 tokens=955777024/1000000000 loss=3.2293 lr=1.05e-05 tok/s=41,040 eta=1077.5614909461221
step=7293 tokens=955908096/1000000000 loss=3.2735 lr=1.04e-05 tok/s=40,790 eta=1080.9366784576089
step=7294 tokens=956039168/1000000000 loss=3.1731 lr=1.04e-05 tok/s=40,677 eta=1080.7267820948032
step=7295 tokens=956170240/1000000000 loss=3.2351 lr=1.04e-05 tok/s=40,738 eta=1075.8946756961473
step=7296 tokens=956301312/1000000000 loss=3.3830 lr=1.04e-05 tok/s=40,953 eta=1067.0398875535577
step=7297 tokens=956432384/1000000000 loss=3.1487 lr=1.04e-05 tok/s=40,957 eta=1063.74809625242
step=7298 tokens=956563456/1000000000 loss=3.3147 lr=1.04e-05 tok/s=41,029 eta=1058.672288841962
step=7299 tokens=956694528/1000000000 loss=3.1027 lr=1.04e-05 tok/s=41,139 eta=1052.6745744728664
step=7300 tokens=956825600/1000000000 loss=3.2006 lr=1.04e-05 tok/s=41,015 eta=1052.6583112074861
step=7301 tokens=956956672/1000000000 loss=3.1136 lr=1.04e-05 tok/s=40,989 eta=1050.1219450372387
step=7302 tokens=957087744/1000000000 loss=3.1869 lr=1.04e-05 tok/s=40,882 eta=1049.659872487344
step=7303 tokens=957218816/1000000000 loss=3.0905 lr=1.04e-05 tok/s=40,891 eta=1046.2229829944456
step=7304 tokens=957349888/1000000000 loss=3.2532 lr=1.04e-05 tok/s=40,697 eta=1047.981549873795
step=7305 tokens=957480960/1000000000 loss=2.9875 lr=1.04e-05 tok/s=40,571 eta=1048.01916017015
step=7306 tokens=957612032/1000000000 loss=3.1984 lr=1.04e-05 tok/s=40,857 eta=1037.4740169140425
step=7307 tokens=957743104/1000000000 loss=3.3171 lr=1.04e-05 tok/s=40,858 eta=1034.2325353845729
step=7308 tokens=957874176/1000000000 loss=3.2995 lr=1.04e-05 tok/s=40,653 eta=1036.2177503625187
step=7309 tokens=958005248/1000000000 loss=3.2528 lr=1.04e-05 tok/s=40,830 eta=1028.5190476854727
step=7310 tokens=958136320/1000000000 loss=3.2508 lr=1.04e-05 tok/s=40,837 eta=1025.1363807565308
step=7311 tokens=958267392/1000000000 loss=3.1186 lr=1.04e-05 tok/s=41,019 eta=1017.3943856798926
step=7312 tokens=958398464/1000000000 loss=3.2331 lr=1.04e-05 tok/s=41,057 eta=1013.2586369735023
step=7313 tokens=958529536/1000000000 loss=3.3117 lr=1.04e-05 tok/s=40,907 eta=1013.762120593469
step=7314 tokens=958660608/1000000000 loss=3.1760 lr=1.04e-05 tok/s=40,811 eta=1012.9391265961535
step=7315 tokens=958791680/1000000000 loss=3.1824 lr=1.04e-05 tok/s=40,786 eta=1010.3558242412146
step=7316 tokens=958922752/1000000000 loss=3.1847 lr=1.04e-05 tok/s=40,755 eta=1007.911709607162
step=7317 tokens=959053824/1000000000 loss=3.1783 lr=1.04e-05 tok/s=40,791 eta=1003.8018924841218
step=7318 tokens=959184896/1000000000 loss=2.9832 lr=1.04e-05 tok/s=40,955 eta=996.5942522777092
step=7319 tokens=959315968/1000000000 loss=3.2891 lr=1.04e-05 tok/s=40,436 eta=1006.1334112001903
step=7320 tokens=959447040/1000000000 loss=3.2383 lr=1.04e-05 tok/s=41,027 eta=988.4512685749557
step=7321 tokens=959578112/1000000000 loss=3.2273 lr=1.04e-05 tok/s=41,048 eta=984.7585698998936
step=7322 tokens=959709184/1000000000 loss=3.3293 lr=1.04e-05 tok/s=40,960 eta=983.6517743935149
step=7323 tokens=959840256/1000000000 loss=3.2036 lr=1.04e-05 tok/s=40,706 eta=986.5794308915597
step=7324 tokens=959971328/1000000000 loss=3.1488 lr=1.04e-05 tok/s=40,894 eta=978.8343913037235
step=7325 tokens=960102400/1000000000 loss=3.2862 lr=1.04e-05 tok/s=29,646 eta=1345.7830632840057
step=7326 tokens=960233472/1000000000 loss=3.0939 lr=1.04e-05 tok/s=41,078 eta=968.0778330385897
step=7327 tokens=960364544/1000000000 loss=3.3265 lr=1.04e-05 tok/s=40,980 eta=967.1953164771182
step=7328 tokens=960495616/1000000000 loss=3.1811 lr=1.04e-05 tok/s=40,897 eta=965.9488810826298
step=7329 tokens=960626688/1000000000 loss=3.1189 lr=1.04e-05 tok/s=40,588 eta=970.0781527758636
step=7330 tokens=960757760/1000000000 loss=3.3365 lr=1.04e-05 tok/s=40,857 eta=960.484147277661
step=7331 tokens=960888832/1000000000 loss=3.3110 lr=1.04e-05 tok/s=40,830 eta=957.9008518880668
step=7332 tokens=961019904/1000000000 loss=3.2184 lr=1.04e-05 tok/s=40,778 eta=955.9106797658403
step=7333 tokens=961150976/1000000000 loss=3.2915 lr=1.03e-05 tok/s=40,869 eta=950.5721846946735
step=7334 tokens=961282048/1000000000 loss=3.4093 lr=1.03e-05 tok/s=40,846 eta=947.8959062143001
step=7335 tokens=961413120/1000000000 loss=3.3000 lr=1.03e-05 tok/s=41,085 eta=939.1995226000819
step=7336 tokens=961544192/1000000000 loss=3.3827 lr=1.03e-05 tok/s=40,935 eta=939.4296885503948
step=7337 tokens=961675264/1000000000 loss=3.2348 lr=1.03e-05 tok/s=40,862 eta=937.9149138964196
step=7338 tokens=961806336/1000000000 loss=3.1401 lr=1.03e-05 tok/s=40,854 eta=934.8784441935182
step=7339 tokens=961937408/1000000000 loss=3.3261 lr=1.03e-05 tok/s=41,050 eta=927.2167532870563
step=7340 tokens=962068480/1000000000 loss=3.1515 lr=1.03e-05 tok/s=40,884 eta=927.7901370262078
step=7341 tokens=962199552/1000000000 loss=3.2340 lr=1.03e-05 tok/s=41,169 eta=918.1724899922945
step=7342 tokens=962330624/1000000000 loss=3.2716 lr=1.03e-05 tok/s=41,036 eta=917.9616733022206
step=7343 tokens=962461696/1000000000 loss=3.2862 lr=1.03e-05 tok/s=40,964 eta=916.3660308633587
step=7344 tokens=962592768/1000000000 loss=3.2548 lr=1.03e-05 tok/s=41,126 eta=909.5777500885824
step=7345 tokens=962723840/1000000000 loss=3.3611 lr=1.03e-05 tok/s=41,222 eta=904.2774084421524
step=7346 tokens=962854912/1000000000 loss=3.2937 lr=1.03e-05 tok/s=41,281 eta=899.8069051353613
step=7347 tokens=962985984/1000000000 loss=3.2532 lr=1.03e-05 tok/s=41,210 eta=898.18803350645
step=7348 tokens=963117056/1000000000 loss=3.1468 lr=1.03e-05 tok/s=41,091 eta=897.5817198332687
step=7349 tokens=963248128/1000000000 loss=3.1955 lr=1.03e-05 tok/s=41,029 eta=895.7518290319194
step=7350 tokens=963379200/1000000000 loss=3.1680 lr=1.03e-05 tok/s=41,059 eta=891.9007865146938
step=7351 tokens=963510272/1000000000 loss=3.3020 lr=1.03e-05 tok/s=40,923 eta=891.6736567579102
step=7352 tokens=963641344/1000000000 loss=3.2369 lr=1.03e-05 tok/s=40,865 eta=889.736484038425
step=7353 tokens=963772416/1000000000 loss=3.2507 lr=1.03e-05 tok/s=41,015 eta=883.2689648466413
step=7354 tokens=963903488/1000000000 loss=3.1440 lr=1.03e-05 tok/s=40,973 eta=880.9829888723959
step=7355 tokens=964034560/1000000000 loss=3.1466 lr=1.03e-05 tok/s=40,873 eta=879.9404762006674
step=7356 tokens=964165632/1000000000 loss=3.1950 lr=1.03e-05 tok/s=41,068 eta=872.5585053151617
step=7357 tokens=964296704/1000000000 loss=3.2522 lr=1.03e-05 tok/s=40,933 eta=872.2402496198855
step=7358 tokens=964427776/1000000000 loss=3.2474 lr=1.03e-05 tok/s=40,969 eta=868.2785780990191
step=7359 tokens=964558848/1000000000 loss=3.0659 lr=1.03e-05 tok/s=40,910 eta=866.314587543821
step=7360 tokens=964689920/1000000000 loss=3.2824 lr=1.03e-05 tok/s=40,813 eta=865.1707856827147
step=7361 tokens=964820992/1000000000 loss=3.2329 lr=1.03e-05 tok/s=40,985 eta=858.3466559089395
step=7362 tokens=964952064/1000000000 loss=3.2981 lr=1.03e-05 tok/s=41,046 eta=853.8625393333875
step=7363 tokens=965083136/1000000000 loss=3.2625 lr=1.03e-05 tok/s=41,141 eta=848.7196725473677
step=7364 tokens=965214208/1000000000 loss=3.1808 lr=1.03e-05 tok/s=40,828 eta=852.0045095866325
step=7365 tokens=965345280/1000000000 loss=3.3257 lr=1.03e-05 tok/s=40,997 eta=845.2960670537016
step=7366 tokens=965476352/1000000000 loss=3.2015 lr=1.03e-05 tok/s=41,180 eta=838.3667780994914
step=7367 tokens=965607424/1000000000 loss=3.0747 lr=1.03e-05 tok/s=41,047 eta=837.8881359618955
step=7368 tokens=965738496/1000000000 loss=3.1006 lr=1.03e-05 tok/s=40,978 eta=836.0906900699443
step=7369 tokens=965869568/1000000000 loss=3.1833 lr=1.03e-05 tok/s=40,991 eta=832.6403291934656
step=7370 tokens=966000640/1000000000 loss=3.1999 lr=1.03e-05 tok/s=41,040 eta=828.4409101323411
step=7371 tokens=966131712/1000000000 loss=3.1889 lr=1.03e-05 tok/s=41,058 eta=824.892799827053
step=7372 tokens=966262784/1000000000 loss=3.2544 lr=1.03e-05 tok/s=40,909 eta=824.6923823707089
step=7373 tokens=966393856/1000000000 loss=3.1315 lr=1.03e-05 tok/s=40,693 eta=825.8540988037996
step=7374 tokens=966524928/1000000000 loss=3.2568 lr=1.03e-05 tok/s=40,801 eta=820.4479430297315
step=7375 tokens=966656000/1000000000 loss=3.1108 lr=1.03e-05 tok/s=40,772 eta=817.8126338324034
step=7376 tokens=966787072/1000000000 loss=3.1804 lr=1.03e-05 tok/s=40,705 eta=815.9419514922022
step=7377 tokens=966918144/1000000000 loss=3.2872 lr=1.03e-05 tok/s=40,708 eta=812.6553542344404
step=7378 tokens=967049216/1000000000 loss=3.2496 lr=1.03e-05 tok/s=40,941 eta=804.8298150640899
step=7379 tokens=967180288/1000000000 loss=3.1875 lr=1.02e-05 tok/s=40,934 eta=801.7801706625492
step=7380 tokens=967311360/1000000000 loss=3.2588 lr=1.02e-05 tok/s=41,066 eta=796.0052542393237
step=7381 tokens=967442432/1000000000 loss=3.1084 lr=1.02e-05 tok/s=40,879 eta=796.4372078085516
step=7382 tokens=967573504/1000000000 loss=3.1445 lr=1.02e-05 tok/s=40,869 eta=793.4288652830177
step=7383 tokens=967704576/1000000000 loss=3.2718 lr=1.02e-05 tok/s=40,993 eta=787.8236854701128
step=7384 tokens=967835648/1000000000 loss=3.2487 lr=1.02e-05 tok/s=41,038 eta=783.7611443529626
step=7385 tokens=967966720/1000000000 loss=3.1602 lr=1.02e-05 tok/s=41,147 eta=778.5084805121164
step=7386 tokens=968097792/1000000000 loss=3.2633 lr=1.02e-05 tok/s=41,105 eta=776.1212367246793
step=7387 tokens=968228864/1000000000 loss=3.2622 lr=1.02e-05 tok/s=41,000 eta=774.8970129780566
step=7388 tokens=968359936/1000000000 loss=3.1624 lr=1.02e-05 tok/s=40,944 eta=772.7643855882014
step=7389 tokens=968491008/1000000000 loss=3.3230 lr=1.02e-05 tok/s=40,758 eta=773.0664739747135
step=7390 tokens=968622080/1000000000 loss=3.1256 lr=1.02e-05 tok/s=40,567 eta=773.4798869867046
step=7391 tokens=968753152/1000000000 loss=3.2663 lr=1.02e-05 tok/s=40,807 eta=765.7286256707989
step=7392 tokens=968884224/1000000000 loss=3.1669 lr=1.02e-05 tok/s=41,032 eta=758.3236071819722
step=7393 tokens=969015296/1000000000 loss=3.3040 lr=1.02e-05 tok/s=40,852 eta=758.4578045922326
step=7394 tokens=969146368/1000000000 loss=3.3247 lr=1.02e-05 tok/s=40,981 eta=752.87746751816
step=7395 tokens=969277440/1000000000 loss=3.3331 lr=1.02e-05 tok/s=41,134 eta=746.8854333130173
step=7396 tokens=969408512/1000000000 loss=3.4330 lr=1.02e-05 tok/s=40,963 eta=746.8045203656098
step=7397 tokens=969539584/1000000000 loss=3.1378 lr=1.02e-05 tok/s=41,012 eta=742.7245298786806
step=7398 tokens=969670656/1000000000 loss=3.1813 lr=1.02e-05 tok/s=40,915 eta=741.2808052341293
step=7399 tokens=969801728/1000000000 loss=3.2640 lr=1.02e-05 tok/s=41,075 eta=735.2066204845215
step=7400 tokens=969932800/1000000000 loss=3.1051 lr=1.02e-05 tok/s=41,230 eta=729.2494691908557
step=7401 tokens=970063872/1000000000 loss=3.2564 lr=1.02e-05 tok/s=29,502 eta=1014.6986820670106
step=7402 tokens=970194944/1000000000 loss=3.1536 lr=1.02e-05 tok/s=40,838 eta=729.8428469970137
step=7403 tokens=970326016/1000000000 loss=3.1551 lr=1.02e-05 tok/s=41,041 eta=723.026392098195
step=7404 tokens=970457088/1000000000 loss=2.9998 lr=1.02e-05 tok/s=40,978 eta=720.9385433682623
step=7405 tokens=970588160/1000000000 loss=3.1813 lr=1.02e-05 tok/s=40,911 eta=718.9306736944866
step=7406 tokens=970719232/1000000000 loss=3.3375 lr=1.02e-05 tok/s=40,878 eta=716.2893919043572
step=7407 tokens=970850304/1000000000 loss=3.1087 lr=1.02e-05 tok/s=41,035 eta=710.3592527020305
step=7408 tokens=970981376/1000000000 loss=3.1833 lr=1.02e-05 tok/s=41,173 eta=704.8034326603675
step=7409 tokens=971112448/1000000000 loss=3.0750 lr=1.02e-05 tok/s=40,928 eta=705.8156113714426
step=7410 tokens=971243520/1000000000 loss=3.2392 lr=1.02e-05 tok/s=41,242 eta=697.2645116368636
step=7411 tokens=971374592/1000000000 loss=3.1765 lr=1.02e-05 tok/s=41,063 eta=697.1020173130286
step=7412 tokens=971505664/1000000000 loss=3.1134 lr=1.02e-05 tok/s=41,069 eta=693.8124527539322
step=7413 tokens=971636736/1000000000 loss=3.1913 lr=1.02e-05 tok/s=41,117 eta=689.8184353835562
step=7414 tokens=971767808/1000000000 loss=3.2096 lr=1.02e-05 tok/s=40,963 eta=689.2118911173802
step=7415 tokens=971898880/1000000000 loss=3.3965 lr=1.02e-05 tok/s=41,173 eta=682.5160193240322
step=7416 tokens=972029952/1000000000 loss=3.2526 lr=1.02e-05 tok/s=40,935 eta=683.2821542133438
step=7417 tokens=972161024/1000000000 loss=3.3575 lr=1.02e-05 tok/s=41,263 eta=674.6739363319186
step=7418 tokens=972292096/1000000000 loss=3.4256 lr=1.02e-05 tok/s=41,215 eta=672.2740137433897
step=7419 tokens=972423168/1000000000 loss=3.4517 lr=1.02e-05 tok/s=41,289 eta=667.9044918738563
step=7420 tokens=972554240/1000000000 loss=3.2973 lr=1.02e-05 tok/s=41,106 eta=667.6872147094753
step=7421 tokens=972685312/1000000000 loss=3.1502 lr=1.02e-05 tok/s=41,155 eta=663.6951744559791
step=7422 tokens=972816384/1000000000 loss=3.3060 lr=1.02e-05 tok/s=41,328 eta=657.7603946672323
step=7423 tokens=972947456/1000000000 loss=3.3388 lr=1.02e-05 tok/s=41,400 eta=653.4358832176982
step=7424 tokens=973078528/1000000000 loss=3.1127 lr=1.02e-05 tok/s=41,294 eta=651.9539199859161
step=7425 tokens=973209600/1000000000 loss=3.2518 lr=1.02e-05 tok/s=41,101 eta=651.8150864669934
step=7426 tokens=973340672/1000000000 loss=3.3093 lr=1.02e-05 tok/s=41,198 eta=647.098293075541
step=7427 tokens=973471744/1000000000 loss=3.1725 lr=1.02e-05 tok/s=41,385 eta=641.0098613803895
step=7428 tokens=973602816/1000000000 loss=3.0802 lr=1.02e-05 tok/s=41,246 eta=639.9915206639183
step=7429 tokens=973733888/1000000000 loss=3.2364 lr=1.02e-05 tok/s=41,237 eta=636.9563688042541
step=7430 tokens=973864960/1000000000 loss=3.1318 lr=1.02e-05 tok/s=41,249 eta=633.5959833441973
step=7431 tokens=973996032/1000000000 loss=3.2334 lr=1.02e-05 tok/s=41,239 eta=630.563061358274
step=7432 tokens=974127104/1000000000 loss=3.1306 lr=1.02e-05 tok/s=41,250 eta=627.2240255365625
step=7433 tokens=974258176/1000000000 loss=3.1850 lr=1.02e-05 tok/s=41,407 eta=621.674308032229
step=7434 tokens=974389248/1000000000 loss=3.2328 lr=1.02e-05 tok/s=41,199 eta=621.6326671269748
step=7435 tokens=974520320/1000000000 loss=3.1978 lr=1.02e-05 tok/s=41,242 eta=617.8130864775238
step=7436 tokens=974651392/1000000000 loss=3.2099 lr=1.01e-05 tok/s=41,124 eta=616.3911089662316
step=7437 tokens=974782464/1000000000 loss=3.1690 lr=1.01e-05 tok/s=41,264 eta=611.1291386337009
step=7438 tokens=974913536/1000000000 loss=3.2563 lr=1.01e-05 tok/s=41,151 eta=609.6129318968351
step=7439 tokens=975044608/1000000000 loss=3.0851 lr=1.01e-05 tok/s=41,192 eta=605.8354125289304
step=7440 tokens=975175680/1000000000 loss=3.1233 lr=1.01e-05 tok/s=41,272 eta=601.4843756537698
step=7441 tokens=975306752/1000000000 loss=3.1548 lr=1.01e-05 tok/s=41,159 eta=599.9461362694013
step=7442 tokens=975437824/1000000000 loss=3.2077 lr=1.01e-05 tok/s=41,256 eta=595.3655894957611
step=7443 tokens=975568896/1000000000 loss=3.1933 lr=1.01e-05 tok/s=41,267 eta=592.0314814860009
step=7444 tokens=975699968/1000000000 loss=3.1980 lr=1.01e-05 tok/s=41,281 eta=588.6499693467696
step=7445 tokens=975831040/1000000000 loss=3.0628 lr=1.01e-05 tok/s=41,297 eta=585.2538750875061
step=7446 tokens=975962112/1000000000 loss=3.3661 lr=1.01e-05 tok/s=41,251 eta=582.7195650883242
step=7447 tokens=976093184/1000000000 loss=3.2480 lr=1.01e-05 tok/s=41,204 eta=580.2112350527268
step=7448 tokens=976224256/1000000000 loss=3.1515 lr=1.01e-05 tok/s=41,239 eta=576.5335318222186
step=7449 tokens=976355328/1000000000 loss=3.2248 lr=1.01e-05 tok/s=41,216 eta=573.6784409380638
step=7450 tokens=976486400/1000000000 loss=3.1524 lr=1.01e-05 tok/s=41,243 eta=570.1246890405173
step=7451 tokens=976617472/1000000000 loss=3.1768 lr=1.01e-05 tok/s=41,346 eta=565.5393193926016
step=7452 tokens=976748544/1000000000 loss=3.3771 lr=1.01e-05 tok/s=41,245 eta=563.741064923757
step=7453 tokens=976879616/1000000000 loss=3.3909 lr=1.01e-05 tok/s=41,318 eta=559.5681162200518
step=7454 tokens=977010688/1000000000 loss=3.0807 lr=1.01e-05 tok/s=41,251 eta=557.3068309948842
step=7455 tokens=977141760/1000000000 loss=3.1900 lr=1.01e-05 tok/s=41,232 eta=554.3788823835564
step=7456 tokens=977272832/1000000000 loss=3.2027 lr=1.01e-05 tok/s=41,228 eta=551.2540266382787
step=7457 tokens=977403904/1000000000 loss=3.2372 lr=1.01e-05 tok/s=41,306 eta=547.0395080844339
step=7458 tokens=977534976/1000000000 loss=3.2765 lr=1.01e-05 tok/s=41,217 eta=545.0462115849573
step=7459 tokens=977666048/1000000000 loss=3.3299 lr=1.01e-05 tok/s=41,286 eta=540.9537019606473
step=7460 tokens=977797120/1000000000 loss=3.1984 lr=1.01e-05 tok/s=41,316 eta=537.3920949224993
step=7461 tokens=977928192/1000000000 loss=3.2646 lr=1.01e-05 tok/s=41,229 eta=535.343252163383
step=7462 tokens=978059264/1000000000 loss=3.1217 lr=1.01e-05 tok/s=41,227 eta=532.1987608068753
step=7463 tokens=978190336/1000000000 loss=3.1204 lr=1.01e-05 tok/s=41,171 eta=529.7330045440802
step=7464 tokens=978321408/1000000000 loss=3.3442 lr=1.01e-05 tok/s=41,508 eta=522.2703901219791
step=7465 tokens=978452480/1000000000 loss=3.2525 lr=1.01e-05 tok/s=41,243 eta=522.4525756131857
step=7466 tokens=978583552/1000000000 loss=3.2238 lr=1.01e-05 tok/s=41,415 eta=517.1124895861761
step=7467 tokens=978714624/1000000000 loss=3.1371 lr=1.01e-05 tok/s=41,237 eta=516.1737605840163
step=7468 tokens=978845696/1000000000 loss=3.2168 lr=1.01e-05 tok/s=41,252 eta=512.8118213900916
step=7469 tokens=978976768/1000000000 loss=3.2275 lr=1.01e-05 tok/s=41,470 eta=506.9531754888453
step=7470 tokens=979107840/1000000000 loss=3.0568 lr=1.01e-05 tok/s=41,224 eta=506.79013234286856
step=7471 tokens=979238912/1000000000 loss=3.2990 lr=1.01e-05 tok/s=41,256 eta=503.22849751385877
step=7472 tokens=979369984/1000000000 loss=3.1437 lr=1.01e-05 tok/s=41,325 eta=499.215954335452
step=7473 tokens=979501056/1000000000 loss=3.3552 lr=1.01e-05 tok/s=41,030 eta=499.6063397231732
step=7474 tokens=979632128/1000000000 loss=3.0322 lr=1.01e-05 tok/s=41,070 eta=495.93471728512054
step=7475 tokens=979763200/1000000000 loss=3.0580 lr=1.01e-05 tok/s=41,231 eta=490.820126839671
step=7476 tokens=979894272/1000000000 loss=3.3261 lr=1.01e-05 tok/s=41,300 eta=486.81847898006447
step=7477 tokens=980025344/1000000000 loss=3.2386 lr=1.01e-05 tok/s=29,832 eta=669.5647318777601
step=7478 tokens=980156416/1000000000 loss=3.2853 lr=1.01e-05 tok/s=40,963 eta=484.4287347810516
step=7479 tokens=980287488/1000000000 loss=3.2052 lr=1.01e-05 tok/s=41,156 eta=478.9673126649137
step=7480 tokens=980418560/1000000000 loss=3.2301 lr=1.01e-05 tok/s=41,119 eta=476.21209515245033
step=7481 tokens=980549632/1000000000 loss=3.1623 lr=1.01e-05 tok/s=41,119 eta=473.0298125493939
step=7482 tokens=980680704/1000000000 loss=2.9687 lr=1.01e-05 tok/s=41,230 eta=468.5683741051089
step=7483 tokens=980811776/1000000000 loss=3.2810 lr=1.01e-05 tok/s=41,119 eta=466.65278046401033
step=7484 tokens=980942848/1000000000 loss=3.2155 lr=1.01e-05 tok/s=41,033 eta=464.43165487269994
step=7485 tokens=981073920/1000000000 loss=3.2811 lr=1.01e-05 tok/s=41,241 eta=458.91162361628346
step=7486 tokens=981204992/1000000000 loss=3.2780 lr=1.01e-05 tok/s=41,055 eta=457.8035617862891
step=7487 tokens=981336064/1000000000 loss=3.2494 lr=1.01e-05 tok/s=41,152 eta=453.53805290947776
step=7488 tokens=981467136/1000000000 loss=3.2128 lr=1.01e-05 tok/s=41,214 eta=449.6696286999437
step=7489 tokens=981598208/1000000000 loss=3.3013 lr=1.01e-05 tok/s=41,173 eta=446.9362992216071
step=7490 tokens=981729280/1000000000 loss=3.2650 lr=1.01e-05 tok/s=41,314 eta=442.2385096181062
step=7491 tokens=981860352/1000000000 loss=3.2280 lr=1.01e-05 tok/s=41,322 eta=438.9814438956706
step=7492 tokens=981991424/1000000000 loss=3.1232 lr=1.01e-05 tok/s=41,362 eta=435.3850511528246
step=7493 tokens=982122496/1000000000 loss=3.2214 lr=1.01e-05 tok/s=41,371 eta=432.12381846620667
step=7494 tokens=982253568/1000000000 loss=3.1981 lr=1.01e-05 tok/s=41,428 eta=428.3631428724903
step=7495 tokens=982384640/1000000000 loss=3.0488 lr=1.01e-05 tok/s=41,103 eta=428.56805431755726
step=7496 tokens=982515712/1000000000 loss=3.2811 lr=1.01e-05 tok/s=41,178 eta=424.6029504428718
step=7497 tokens=982646784/1000000000 loss=3.2048 lr=1.01e-05 tok/s=41,114 eta=422.0791356813855
step=7498 tokens=982777856/1000000000 loss=3.0681 lr=1.01e-05 tok/s=41,125 eta=418.7800546494093
step=7499 tokens=982908928/1000000000 loss=3.2685 lr=1.01e-05 tok/s=41,315 eta=413.6743231095261
step=7500 tokens=983040000/1000000000 loss=3.0289 lr=1.01e-05 tok/s=41,142 eta=412.2355760276974
step=7501 tokens=983171072/1000000000 loss=3.3137 lr=1.01e-05 tok/s=41,250 eta=407.97716365273027
step=7502 tokens=983302144/1000000000 loss=3.3511 lr=1.01e-05 tok/s=40,698 eta=410.28481667501
step=7503 tokens=983433216/1000000000 loss=3.2539 lr=1.01e-05 tok/s=41,342 eta=400.7240357973229
step=7504 tokens=983564288/1000000000 loss=3.2762 lr=1.01e-05 tok/s=41,154 eta=399.36618157484827
step=7505 tokens=983695360/1000000000 loss=3.1786 lr=1.01e-05 tok/s=41,146 eta=396.261531404686
step=7506 tokens=983826432/1000000000 loss=3.1943 lr=1.01e-05 tok/s=41,123 eta=393.3014820566391
step=7507 tokens=983957504/1000000000 loss=3.1597 lr=1.01e-05 tok/s=41,226 eta=389.1393368624447
step=7508 tokens=984088576/1000000000 loss=3.3262 lr=1.01e-05 tok/s=41,023 eta=387.8625948106646
step=7509 tokens=984219648/1000000000 loss=3.1392 lr=1.01e-05 tok/s=41,028 eta=384.6211749466253
step=7510 tokens=984350720/1000000000 loss=3.3491 lr=1.01e-05 tok/s=41,016 eta=381.5412009113618
step=7511 tokens=984481792/1000000000 loss=3.2972 lr=1.01e-05 tok/s=41,041 eta=378.11096206054424
step=7512 tokens=984612864/1000000000 loss=3.2672 lr=1.01e-05 tok/s=41,010 eta=375.2013800338633
step=7513 tokens=984743936/1000000000 loss=3.2997 lr=1.01e-05 tok/s=40,937 eta=372.66865461910476
step=7514 tokens=984875008/1000000000 loss=3.2552 lr=1.01e-05 tok/s=41,163 eta=367.4428446735479
step=7515 tokens=985006080/1000000000 loss=3.1379 lr=1.01e-05 tok/s=40,898 eta=366.6198136830161
step=7516 tokens=985137152/1000000000 loss=3.3066 lr=1.01e-05 tok/s=40,857 eta=363.7788270347461
step=7517 tokens=985268224/1000000000 loss=3.2876 lr=1.01e-05 tok/s=40,982 eta=359.46845780825777
step=7518 tokens=985399296/1000000000 loss=3.3551 lr=1e-05 tok/s=41,141 eta=354.8947849449056
step=7519 tokens=985530368/1000000000 loss=3.0205 lr=1e-05 tok/s=41,103 eta=352.03344058949887
step=7520 tokens=985661440/1000000000 loss=3.1806 lr=1e-05 tok/s=41,199 eta=348.0340435916776
step=7521 tokens=985792512/1000000000 loss=3.1683 lr=1e-05 tok/s=41,061 eta=346.00518857322317
step=7522 tokens=985923584/1000000000 loss=3.2494 lr=1e-05 tok/s=41,198 eta=341.6733261412601
step=7523 tokens=986054656/1000000000 loss=3.1483 lr=1e-05 tok/s=41,115 eta=339.18071092915363
step=7524 tokens=986185728/1000000000 loss=3.3511 lr=1e-05 tok/s=41,150 eta=335.7062923044207
step=7525 tokens=986316800/1000000000 loss=3.3123 lr=1e-05 tok/s=41,033 eta=333.46541537520125
step=7526 tokens=986447872/1000000000 loss=3.2422 lr=1e-05 tok/s=41,151 eta=329.32817168348475
step=7527 tokens=986578944/1000000000 loss=3.3022 lr=1e-05 tok/s=41,478 eta=323.5692328443081
step=7528 tokens=986710016/1000000000 loss=3.2705 lr=1e-05 tok/s=41,181 eta=322.7231935216421
step=7529 tokens=986841088/1000000000 loss=3.3193 lr=1e-05 tok/s=41,029 eta=320.7215713517269
checkpoint saved: runs/20260906-225321/checkpoints/step_000007529 (time)
step=7530 tokens=986972160/1000000000 loss=3.2163 lr=1e-05 tok/s=36,376 eta=358.1452418704947
step=7531 tokens=987103232/1000000000 loss=3.2511 lr=1e-05 tok/s=41,112 eta=313.70122698244177
step=7532 tokens=987234304/1000000000 loss=3.3360 lr=1e-05 tok/s=40,930 eta=311.8902929520698
step=7533 tokens=987365376/1000000000 loss=3.2070 lr=1e-05 tok/s=41,098 eta=307.4285815105661
step=7534 tokens=987496448/1000000000 loss=3.3173 lr=1e-05 tok/s=41,011 eta=304.88262180647496
step=7535 tokens=987627520/1000000000 loss=3.0881 lr=1e-05 tok/s=41,130 eta=300.8160021862011
step=7536 tokens=987758592/1000000000 loss=3.1783 lr=1e-05 tok/s=41,151 eta=297.474136403806
step=7537 tokens=987889664/1000000000 loss=3.3310 lr=1e-05 tok/s=41,161 eta=294.2217481858697
step=7538 tokens=988020736/1000000000 loss=3.3253 lr=1e-05 tok/s=41,167 eta=290.9940970595477
step=7539 tokens=988151808/1000000000 loss=3.2758 lr=1e-05 tok/s=40,894 eta=289.72587728272924
step=7540 tokens=988282880/1000000000 loss=3.2533 lr=1e-05 tok/s=41,329 eta=283.5078378846839
step=7541 tokens=988413952/1000000000 loss=3.2469 lr=1e-05 tok/s=41,044 eta=282.2850424839829
step=7542 tokens=988545024/1000000000 loss=3.3079 lr=1e-05 tok/s=41,336 eta=277.12088516261235
step=7543 tokens=988676096/1000000000 loss=3.2065 lr=1e-05 tok/s=41,167 eta=275.07018793647694
step=7544 tokens=988807168/1000000000 loss=3.1325 lr=1e-05 tok/s=41,190 eta=271.73668528968585
step=7545 tokens=988938240/1000000000 loss=3.3252 lr=1e-05 tok/s=41,239 eta=268.2376613552435
step=7546 tokens=989069312/1000000000 loss=3.2098 lr=1e-05 tok/s=41,354 eta=264.316965161492
step=7547 tokens=989200384/1000000000 loss=3.2536 lr=1e-05 tok/s=41,253 eta=261.7912529620555
step=7548 tokens=989331456/1000000000 loss=3.2126 lr=1e-05 tok/s=41,216 eta=258.84249455100735
step=7549 tokens=989462528/1000000000 loss=3.2540 lr=1e-05 tok/s=41,173 eta=255.93057550324124
step=7550 tokens=989593600/1000000000 loss=3.3877 lr=1e-05 tok/s=41,178 eta=252.71505047251708
step=7551 tokens=989724672/1000000000 loss=3.1376 lr=1e-05 tok/s=41,352 eta=248.48428602624267
step=7552 tokens=989855744/1000000000 loss=3.1898 lr=1e-05 tok/s=41,230 eta=246.0404096902887
step=7553 tokens=989986816/1000000000 loss=3.3306 lr=1e-05 tok/s=41,274 eta=242.60521533196322
step=7554 tokens=990117888/1000000000 loss=3.3489 lr=1e-05 tok/s=29,865 eta=330.8907023029028
step=7555 tokens=990248960/1000000000 loss=3.2142 lr=1e-05 tok/s=41,122 eta=237.12589003746473
step=7556 tokens=990380032/1000000000 loss=3.3202 lr=1e-05 tok/s=41,096 eta=234.08304516062867
step=7557 tokens=990511104/1000000000 loss=3.1899 lr=1e-05 tok/s=41,066 eta=231.06174491384093
step=7558 tokens=990642176/1000000000 loss=3.1049 lr=1e-05 tok/s=41,192 eta=227.17669148709228
step=7559 tokens=990773248/1000000000 loss=3.1924 lr=1e-05 tok/s=41,157 eta=224.18327292540562
step=7560 tokens=990904320/1000000000 loss=3.3084 lr=1e-05 tok/s=41,005 eta=221.81834949719305
step=7561 tokens=991035392/1000000000 loss=3.2198 lr=1e-05 tok/s=41,272 eta=217.20952387054
step=7562 tokens=991166464/1000000000 loss=3.1407 lr=1e-05 tok/s=41,120 eta=214.82225949074018
step=7563 tokens=991297536/1000000000 loss=3.2970 lr=1e-05 tok/s=40,993 eta=212.29011609331224
step=7564 tokens=991428608/1000000000 loss=3.2937 lr=1e-05 tok/s=41,321 eta=207.4363329962962
step=7565 tokens=991559680/1000000000 loss=3.2547 lr=1e-05 tok/s=40,970 eta=206.01073252804667
step=7566 tokens=991690752/1000000000 loss=3.3433 lr=1e-05 tok/s=41,089 eta=202.2235865849791
step=7567 tokens=991821824/1000000000 loss=3.2108 lr=1e-05 tok/s=41,046 eta=199.24344927990387
step=7568 tokens=991952896/1000000000 loss=3.1901 lr=1e-05 tok/s=41,178 eta=195.42007844825662
step=7569 tokens=992083968/1000000000 loss=3.3315 lr=1e-05 tok/s=41,209 eta=192.0958171670444
step=7570 tokens=992215040/1000000000 loss=3.2643 lr=1e-05 tok/s=41,417 eta=187.96588848989984
step=7571 tokens=992346112/1000000000 loss=3.2134 lr=1e-05 tok/s=41,258 eta=185.5145327273091
step=7572 tokens=992477184/1000000000 loss=3.1761 lr=1e-05 tok/s=41,235 eta=182.43970601111047
step=7573 tokens=992608256/1000000000 loss=3.2258 lr=1e-05 tok/s=41,193 eta=179.4407794680186
step=7574 tokens=992739328/1000000000 loss=3.2352 lr=1e-05 tok/s=41,125 eta=176.55214462746005
step=7575 tokens=992870400/1000000000 loss=3.1757 lr=1e-05 tok/s=41,128 eta=173.35053215705614
step=7576 tokens=993001472/1000000000 loss=3.0045 lr=1e-05 tok/s=41,254 eta=169.6450352743767
step=7577 tokens=993132544/1000000000 loss=3.2336 lr=1e-05 tok/s=41,289 eta=166.32613713587818
step=7578 tokens=993263616/1000000000 loss=3.0650 lr=1e-05 tok/s=41,261 eta=163.26296808806092
step=7579 tokens=993394688/1000000000 loss=3.3258 lr=1e-05 tok/s=41,256 eta=160.10512896490934
step=7580 tokens=993525760/1000000000 loss=3.1878 lr=1e-05 tok/s=41,310 eta=156.72336269009918
step=7581 tokens=993656832/1000000000 loss=3.2787 lr=1e-05 tok/s=41,252 eta=153.76779039197856
step=7582 tokens=993787904/1000000000 loss=3.1443 lr=1e-05 tok/s=41,285 eta=150.46745002340674
step=7583 tokens=993918976/1000000000 loss=3.1813 lr=1e-05 tok/s=41,285 eta=147.29432175166164
step=7584 tokens=994050048/1000000000 loss=3.2196 lr=1e-05 tok/s=41,128 eta=144.66951723064437
step=7585 tokens=994181120/1000000000 loss=3.1910 lr=1e-05 tok/s=41,120 eta=141.50966062909674
step=7586 tokens=994312192/1000000000 loss=3.3173 lr=1e-05 tok/s=41,207 eta=138.0286233963543
step=7587 tokens=994443264/1000000000 loss=3.3241 lr=1e-05 tok/s=41,216 eta=134.82140309947988
step=7588 tokens=994574336/1000000000 loss=3.3410 lr=1e-05 tok/s=41,456 eta=130.87681219185833
step=7589 tokens=994705408/1000000000 loss=3.0120 lr=1e-05 tok/s=41,508 eta=127.55554114347795
step=7590 tokens=994836480/1000000000 loss=3.2583 lr=1e-05 tok/s=41,398 eta=124.7298321715408
step=7591 tokens=994967552/1000000000 loss=3.2352 lr=1e-05 tok/s=41,151 eta=122.29083702909611
step=7592 tokens=995098624/1000000000 loss=3.2949 lr=1e-05 tok/s=41,236 eta=118.8625697616966
step=7593 tokens=995229696/1000000000 loss=3.1860 lr=1e-05 tok/s=41,251 eta=115.63988674766996
step=7594 tokens=995360768/1000000000 loss=3.1364 lr=1e-05 tok/s=41,057 eta=112.9935549019258
step=7595 tokens=995491840/1000000000 loss=3.1910 lr=1e-05 tok/s=41,156 eta=109.53933857782431
step=7596 tokens=995622912/1000000000 loss=3.3503 lr=1e-05 tok/s=41,077 eta=106.5571897627293
step=7597 tokens=995753984/1000000000 loss=3.1373 lr=1e-05 tok/s=41,021 eta=103.50842516349132
step=7598 tokens=995885056/1000000000 loss=3.2479 lr=1e-05 tok/s=41,142 eta=100.01737232422225
step=7599 tokens=996016128/1000000000 loss=3.2461 lr=1e-05 tok/s=40,787 eta=97.67568526410162
step=7600 tokens=996147200/1000000000 loss=3.3119 lr=1e-05 tok/s=40,917 eta=94.1609481937121
step=7601 tokens=996278272/1000000000 loss=3.3205 lr=1e-05 tok/s=40,997 eta=90.78099869387688
step=7602 tokens=996409344/1000000000 loss=3.2632 lr=1e-05 tok/s=40,789 eta=88.02941889987233
step=7603 tokens=996540416/1000000000 loss=3.2463 lr=1e-05 tok/s=40,823 eta=84.7449284263297
step=7604 tokens=996671488/1000000000 loss=3.1490 lr=1e-05 tok/s=40,733 eta=81.71495223022589
step=7605 tokens=996802560/1000000000 loss=3.2482 lr=1e-05 tok/s=41,087 eta=77.82146422330243
step=7606 tokens=996933632/1000000000 loss=3.2767 lr=1e-05 tok/s=41,007 eta=74.77655296017122
step=7607 tokens=997064704/1000000000 loss=3.1252 lr=1e-05 tok/s=40,826 eta=71.89775703651765
step=7608 tokens=997195776/1000000000 loss=3.0712 lr=1e-05 tok/s=40,754 eta=68.80774690964586
step=7609 tokens=997326848/1000000000 loss=3.2987 lr=1e-05 tok/s=41,016 eta=65.17295195788006
step=7610 tokens=997457920/1000000000 loss=3.2707 lr=1e-05 tok/s=40,908 eta=62.14118136327329
step=7611 tokens=997588992/1000000000 loss=3.0979 lr=1e-05 tok/s=40,933 eta=58.900894702450046
step=7612 tokens=997720064/1000000000 loss=3.1415 lr=1e-05 tok/s=41,026 eta=55.57337976305121
step=7613 tokens=997851136/1000000000 loss=3.1132 lr=1e-05 tok/s=41,224 eta=52.12657712041664
step=7614 tokens=997982208/1000000000 loss=3.3111 lr=1e-05 tok/s=41,203 eta=48.97245777889293
step=7615 tokens=998113280/1000000000 loss=3.2180 lr=1e-05 tok/s=41,266 eta=45.7212713319052
step=7616 tokens=998244352/1000000000 loss=3.3409 lr=1e-05 tok/s=41,342 eta=42.466882205780166
step=7617 tokens=998375424/1000000000 loss=3.0892 lr=1e-05 tok/s=41,109 eta=39.518338203253506
step=7618 tokens=998506496/1000000000 loss=3.2244 lr=1e-05 tok/s=41,298 eta=36.16385171734146
step=7619 tokens=998637568/1000000000 loss=3.1480 lr=1e-05 tok/s=41,017 eta=33.21631381287739
step=7620 tokens=998768640/1000000000 loss=3.1896 lr=1e-05 tok/s=41,187 eta=29.897034440519974
step=7621 tokens=998899712/1000000000 loss=3.2089 lr=1e-05 tok/s=41,042 eta=26.808730240378964
step=7622 tokens=999030784/1000000000 loss=3.2696 lr=1e-05 tok/s=41,109 eta=23.576968921121416
step=7623 tokens=999161856/1000000000 loss=3.2150 lr=1e-05 tok/s=41,113 eta=20.38645537123182
step=7624 tokens=999292928/1000000000 loss=3.1247 lr=1e-05 tok/s=41,154 eta=17.18094991625901
step=7625 tokens=999424000/1000000000 loss=3.1273 lr=1e-05 tok/s=41,186 eta=13.985392644926264
step=7626 tokens=999555072/1000000000 loss=3.3044 lr=1e-05 tok/s=41,234 eta=10.790288486419627
step=7627 tokens=999686144/1000000000 loss=3.2998 lr=1e-05 tok/s=41,303 eta=7.598930441722359
step=7628 tokens=999817216/1000000000 loss=3.2374 lr=1e-05 tok/s=41,321 eta=4.423499475038398
step=7629 tokens=999948288/1000000000 loss=3.2206 lr=1e-05 tok/s=41,274 eta=1.2528996556742413
step=7630 tokens=1000079360/1000000000 loss=3.2842 lr=1e-05 tok/s=29,828 eta=0.0
checkpoint saved: runs/20260906-225321/checkpoints/tokens_001000m (permanent_tokens)
checkpoint saved: runs/20260906-225321/checkpoints/step_000007630 (final)
