step=1 tokens=131072/1100000000 loss=9.7814 lr=1.97e-06 tok/s=17,737 eta=62010.86553415201
step=2 tokens=262144/1100000000 loss=9.7749 lr=3.93e-06 tok/s=44,946 eta=24468.03303190921
step=3 tokens=393216/1100000000 loss=9.7466 lr=5.9e-06 tok/s=44,901 eta=24489.617151885635
step=4 tokens=524288/1100000000 loss=9.7153 lr=7.86e-06 tok/s=44,898 eta=24488.192060884452
step=5 tokens=655360/1100000000 loss=9.6562 lr=9.83e-06 tok/s=44,578 eta=24661.174547425788
step=6 tokens=786432/1100000000 loss=9.5924 lr=1.18e-05 tok/s=44,900 eta=24481.540123520805
step=7 tokens=917504/1100000000 loss=9.5236 lr=1.38e-05 tok/s=44,912 eta=24471.781080441055
step=8 tokens=1048576/1100000000 loss=9.4545 lr=1.57e-05 tok/s=44,892 eta=24479.627726657247
step=9 tokens=1179648/1100000000 loss=9.4188 lr=1.77e-05 tok/s=44,924 eta=24459.641190004128
step=10 tokens=1310720/1100000000 loss=9.3629 lr=1.97e-05 tok/s=44,943 eta=24446.417250018316
step=11 tokens=1441792/1100000000 loss=9.3154 lr=2.16e-05 tok/s=44,896 eta=24468.849796207614
step=12 tokens=1572864/1100000000 loss=9.2657 lr=2.36e-05 tok/s=44,900 eta=24463.92705673981
step=13 tokens=1703936/1100000000 loss=9.2409 lr=2.56e-05 tok/s=44,850 eta=24488.432111400653
step=14 tokens=1835008/1100000000 loss=9.1987 lr=2.75e-05 tok/s=44,760 eta=24534.379398366465
step=15 tokens=1966080/1100000000 loss=9.1540 lr=2.95e-05 tok/s=44,755 eta=24534.346786767914
step=16 tokens=2097152/1100000000 loss=9.1350 lr=3.15e-05 tok/s=44,806 eta=24503.701970395257
step=17 tokens=2228224/1100000000 loss=9.1087 lr=3.34e-05 tok/s=44,757 eta=24527.360961402763
step=18 tokens=2359296/1100000000 loss=9.1046 lr=3.54e-05 tok/s=44,759 eta=24523.204953350774
step=19 tokens=2490368/1100000000 loss=9.0666 lr=3.74e-05 tok/s=44,774 eta=24512.300641029466
step=20 tokens=2621440/1100000000 loss=9.0607 lr=3.93e-05 tok/s=44,768 eta=24512.701370223054
step=21 tokens=2752512/1100000000 loss=9.0409 lr=4.13e-05 tok/s=44,779 eta=24503.765308207785
step=22 tokens=2883584/1100000000 loss=9.0226 lr=4.33e-05 tok/s=44,803 eta=24487.434947412097
step=23 tokens=3014656/1100000000 loss=9.0174 lr=4.52e-05 tok/s=44,762 eta=24507.266634661344
step=24 tokens=3145728/1100000000 loss=8.9942 lr=4.72e-05 tok/s=44,488 eta=24654.799375743394
step=25 tokens=3276800/1100000000 loss=8.9843 lr=4.92e-05 tok/s=44,252 eta=24783.409218623274
step=26 tokens=3407872/1100000000 loss=8.9653 lr=5.11e-05 tok/s=43,920 eta=24968.010814142563
step=27 tokens=3538944/1100000000 loss=8.9411 lr=5.31e-05 tok/s=43,833 eta=25014.48798885647
step=28 tokens=3670016/1100000000 loss=8.9324 lr=5.51e-05 tok/s=43,690 eta=25093.43476560848
step=29 tokens=3801088/1100000000 loss=8.9030 lr=5.7e-05 tok/s=43,639 eta=25119.935002883212
step=30 tokens=3932160/1100000000 loss=8.8859 lr=5.9e-05 tok/s=43,591 eta=25144.407017761696
step=31 tokens=4063232/1100000000 loss=8.8504 lr=6.09e-05 tok/s=43,460 eta=25216.86052328704
step=32 tokens=4194304/1100000000 loss=8.8252 lr=6.29e-05 tok/s=43,386 eta=25256.871719587627
step=33 tokens=4325376/1100000000 loss=9.1719 lr=6.49e-05 tok/s=43,228 eta=25346.597936973754
step=34 tokens=4456448/1100000000 loss=9.1050 lr=6.68e-05 tok/s=43,297 eta=25302.79807345201
step=35 tokens=4587520/1100000000 loss=9.0648 lr=6.88e-05 tok/s=43,093 eta=25419.745221413214
step=36 tokens=4718592/1100000000 loss=8.9814 lr=7.08e-05 tok/s=43,256 eta=25320.93880450519
step=37 tokens=4849664/1100000000 loss=8.9648 lr=7.27e-05 tok/s=43,278 eta=25305.23932876264
step=38 tokens=4980736/1100000000 loss=8.9634 lr=7.47e-05 tok/s=43,143 eta=25381.15021284731
step=39 tokens=5111808/1100000000 loss=8.9195 lr=7.67e-05 tok/s=42,915 eta=25513.04549787271
step=40 tokens=5242880/1100000000 loss=8.8729 lr=7.86e-05 tok/s=42,921 eta=25506.528702560572
step=41 tokens=5373952/1100000000 loss=8.8511 lr=8.06e-05 tok/s=42,806 eta=25571.65246688639
step=42 tokens=5505024/1100000000 loss=8.8305 lr=8.26e-05 tok/s=42,583 eta=25702.405570203908
step=43 tokens=5636096/1100000000 loss=8.8044 lr=8.45e-05 tok/s=43,000 eta=25450.38685793008
step=44 tokens=5767168/1100000000 loss=8.7633 lr=8.65e-05 tok/s=42,952 eta=25475.913508822305
step=45 tokens=5898240/1100000000 loss=8.7150 lr=8.85e-05 tok/s=42,717 eta=25612.862801948268
step=46 tokens=6029312/1100000000 loss=8.6812 lr=9.04e-05 tok/s=42,594 eta=25683.60422499457
step=47 tokens=6160384/1100000000 loss=8.6931 lr=9.24e-05 tok/s=42,406 eta=25794.31547176792
step=48 tokens=6291456/1100000000 loss=8.6333 lr=9.44e-05 tok/s=42,680 eta=25625.851787868167
step=49 tokens=6422528/1100000000 loss=8.6035 lr=9.63e-05 tok/s=42,588 eta=25677.964718612326
step=50 tokens=6553600/1100000000 loss=8.6115 lr=9.83e-05 tok/s=42,323 eta=25835.962492721777
step=51 tokens=6684672/1100000000 loss=8.5339 lr=0.0001 tok/s=42,616 eta=25655.1500900845
step=52 tokens=6815744/1100000000 loss=8.5102 lr=0.000102 tok/s=42,629 eta=25644.411626378987
step=53 tokens=6946816/1100000000 loss=8.4907 lr=0.000104 tok/s=42,639 eta=25634.786775132015
step=54 tokens=7077888/1100000000 loss=8.4690 lr=0.000106 tok/s=42,381 eta=25787.759231457334
step=55 tokens=7208960/1100000000 loss=8.4519 lr=0.000108 tok/s=42,280 eta=25846.785297047547
step=56 tokens=7340032/1100000000 loss=8.3722 lr=0.00011 tok/s=42,376 eta=25784.85013517785
step=57 tokens=7471104/1100000000 loss=8.3955 lr=0.000112 tok/s=42,272 eta=25845.375561664605
step=58 tokens=7602176/1100000000 loss=8.2948 lr=0.000114 tok/s=42,242 eta=25860.27127168571
step=59 tokens=7733248/1100000000 loss=8.2633 lr=0.000116 tok/s=42,187 eta=25891.359781099432
step=60 tokens=7864320/1100000000 loss=8.2214 lr=0.000118 tok/s=42,209 eta=25874.475862201107
step=61 tokens=7995392/1100000000 loss=8.1866 lr=0.00012 tok/s=42,316 eta=25806.167558409405
step=62 tokens=8126464/1100000000 loss=8.2022 lr=0.000122 tok/s=42,434 eta=25731.05834472163
step=63 tokens=8257536/1100000000 loss=8.1464 lr=0.000124 tok/s=42,319 eta=25797.755489805935
step=64 tokens=8388608/1100000000 loss=8.1226 lr=0.000126 tok/s=42,316 eta=25796.534429786177
step=65 tokens=8519680/1100000000 loss=8.1671 lr=0.000128 tok/s=42,157 eta=25891.017494789467
step=66 tokens=8650752/1100000000 loss=8.1237 lr=0.00013 tok/s=42,304 eta=25797.500691863206
step=67 tokens=8781824/1100000000 loss=8.0701 lr=0.000132 tok/s=42,348 eta=25768.048961003602
step=68 tokens=8912896/1100000000 loss=8.0246 lr=0.000134 tok/s=42,441 eta=25708.51016136289
step=69 tokens=9043968/1100000000 loss=7.9299 lr=0.000136 tok/s=42,232 eta=25832.227631783506
step=70 tokens=9175040/1100000000 loss=7.9153 lr=0.000138 tok/s=42,361 eta=25750.982858590756
step=71 tokens=9306112/1100000000 loss=7.8705 lr=0.00014 tok/s=42,431 eta=25705.2022103208
step=72 tokens=9437184/1100000000 loss=7.8121 lr=0.000142 tok/s=42,373 eta=25737.50317939981
step=73 tokens=9568256/1100000000 loss=7.7777 lr=0.000144 tok/s=42,326 eta=25762.863631492688
step=74 tokens=9699328/1100000000 loss=7.7329 lr=0.000145 tok/s=42,249 eta=25806.557006778927
step=75 tokens=9830400/1100000000 loss=7.7112 lr=0.000147 tok/s=42,359 eta=25736.43633662412
step=76 tokens=9961472/1100000000 loss=7.6374 lr=0.000149 tok/s=42,118 eta=25880.802550619206
step=77 tokens=10092544/1100000000 loss=7.6242 lr=0.000151 tok/s=5,440 eta=200344.15656745472
step=78 tokens=10223616/1100000000 loss=7.6081 lr=0.000153 tok/s=44,764 eta=24345.096304723837
step=79 tokens=10354688/1100000000 loss=7.5903 lr=0.000155 tok/s=44,776 eta=24335.30278342064
step=80 tokens=10485760/1100000000 loss=7.5419 lr=0.000157 tok/s=44,427 eta=24523.817168541176
step=81 tokens=10616832/1100000000 loss=7.4920 lr=0.000159 tok/s=43,844 eta=24846.728724097797
step=82 tokens=10747904/1100000000 loss=7.4472 lr=0.000161 tok/s=44,042 eta=24731.920938485426
step=83 tokens=10878976/1100000000 loss=7.4209 lr=0.000163 tok/s=43,294 eta=25156.64928146985
step=84 tokens=11010048/1100000000 loss=7.3940 lr=0.000165 tok/s=43,008 eta=25320.86820366829
step=85 tokens=11141120/1100000000 loss=7.3678 lr=0.000167 tok/s=42,821 eta=25428.187094063167
step=86 tokens=11272192/1100000000 loss=7.3054 lr=0.000169 tok/s=43,099 eta=25260.942474887706
step=87 tokens=11403264/1100000000 loss=7.2891 lr=0.000171 tok/s=42,816 eta=25425.249203820487
step=88 tokens=11534336/1100000000 loss=7.2673 lr=0.000173 tok/s=42,649 eta=25521.767025425506
step=89 tokens=11665408/1100000000 loss=7.2499 lr=0.000175 tok/s=42,560 eta=25571.954565895827
step=90 tokens=11796480/1100000000 loss=7.2287 lr=0.000177 tok/s=42,273 eta=25742.01655778595
step=91 tokens=11927552/1100000000 loss=7.1879 lr=0.000179 tok/s=42,238 eta=25760.348457300377
step=92 tokens=12058624/1100000000 loss=7.1731 lr=0.000181 tok/s=42,050 eta=25872.74989198286
step=93 tokens=12189696/1100000000 loss=7.0942 lr=0.000183 tok/s=42,045 eta=25872.36687652984
step=94 tokens=12320768/1100000000 loss=7.1556 lr=0.000185 tok/s=41,952 eta=25926.546009520967
step=95 tokens=12451840/1100000000 loss=7.1555 lr=0.000187 tok/s=42,192 eta=25776.468657066507
step=96 tokens=12582912/1100000000 loss=7.1124 lr=0.000189 tok/s=41,891 eta=25958.455204856826
step=97 tokens=12713984/1100000000 loss=7.1212 lr=0.000191 tok/s=42,088 eta=25833.797166662604
step=98 tokens=12845056/1100000000 loss=7.1062 lr=0.000193 tok/s=41,843 eta=25981.79918926285
step=99 tokens=12976128/1100000000 loss=7.0618 lr=0.000195 tok/s=42,215 eta=25749.697084016338
step=100 tokens=13107200/1100000000 loss=7.0686 lr=0.000197 tok/s=42,198 eta=25756.707396933514
step=101 tokens=13238272/1100000000 loss=7.0672 lr=0.000199 tok/s=41,773 eta=26016.096992960847
step=102 tokens=13369344/1100000000 loss=6.9944 lr=0.000201 tok/s=41,727 eta=26041.386611861897
step=103 tokens=13500416/1100000000 loss=7.0102 lr=0.000203 tok/s=42,156 eta=25773.444387264946
step=104 tokens=13631488/1100000000 loss=7.0658 lr=0.000204 tok/s=41,692 eta=26056.963119029446
step=105 tokens=13762560/1100000000 loss=7.0017 lr=0.000206 tok/s=42,016 eta=25853.041113588104
step=106 tokens=13893632/1100000000 loss=6.9838 lr=0.000208 tok/s=41,635 eta=26086.39688660518
step=107 tokens=14024704/1100000000 loss=7.0391 lr=0.00021 tok/s=41,765 eta=26002.248182091807
step=108 tokens=14155776/1100000000 loss=6.9209 lr=0.000212 tok/s=41,548 eta=26134.566516757364
step=109 tokens=14286848/1100000000 loss=6.9282 lr=0.000214 tok/s=41,970 eta=25868.8450006294
step=110 tokens=14417920/1100000000 loss=6.9225 lr=0.000216 tok/s=41,608 eta=26090.93169891831
step=111 tokens=14548992/1100000000 loss=7.0048 lr=0.000218 tok/s=41,666 eta=26051.506863785256
step=112 tokens=14680064/1100000000 loss=6.8955 lr=0.00022 tok/s=41,578 eta=26103.534748642396
step=113 tokens=14811136/1100000000 loss=6.8765 lr=0.000222 tok/s=41,819 eta=25949.6517672242
step=114 tokens=14942208/1100000000 loss=6.9078 lr=0.000224 tok/s=41,541 eta=26120.100354583425
step=115 tokens=15073280/1100000000 loss=6.8837 lr=0.000226 tok/s=41,624 eta=26064.725404746772
step=116 tokens=15204352/1100000000 loss=6.8958 lr=0.000228 tok/s=41,510 eta=26133.21751652361
step=117 tokens=15335424/1100000000 loss=6.8710 lr=0.00023 tok/s=41,540 eta=26111.05168102816
step=118 tokens=15466496/1100000000 loss=6.8262 lr=0.000232 tok/s=41,588 eta=26078.30511702275
step=119 tokens=15597568/1100000000 loss=6.8208 lr=0.000234 tok/s=41,979 eta=25831.87079200294
step=120 tokens=15728640/1100000000 loss=6.7992 lr=0.000236 tok/s=41,743 eta=25974.937835062963
step=121 tokens=15859712/1100000000 loss=6.7952 lr=0.000238 tok/s=41,654 eta=26027.06795404427
step=122 tokens=15990784/1100000000 loss=6.8565 lr=0.00024 tok/s=41,773 eta=25950.15821103875
step=123 tokens=16121856/1100000000 loss=6.7953 lr=0.000242 tok/s=41,785 eta=25939.1547796862
step=124 tokens=16252928/1100000000 loss=6.7534 lr=0.000244 tok/s=42,032 eta=25784.160139996802
step=125 tokens=16384000/1100000000 loss=6.7379 lr=0.000246 tok/s=41,905 eta=25859.028189801076
step=126 tokens=16515072/1100000000 loss=6.7468 lr=0.000248 tok/s=41,628 eta=26027.668124634063
step=127 tokens=16646144/1100000000 loss=6.7275 lr=0.00025 tok/s=41,752 eta=25947.142458015427
step=128 tokens=16777216/1100000000 loss=6.6982 lr=0.000252 tok/s=42,130 eta=25711.34934858061
step=129 tokens=16908288/1100000000 loss=7.8297 lr=0.000254 tok/s=42,040 eta=25763.134909317487
step=130 tokens=17039360/1100000000 loss=7.7810 lr=0.000256 tok/s=41,793 eta=25912.478118210718
step=131 tokens=17170432/1100000000 loss=7.6523 lr=0.000258 tok/s=41,765 eta=25926.573440391992
step=132 tokens=17301504/1100000000 loss=7.5840 lr=0.00026 tok/s=41,694 eta=25967.96207904557
step=133 tokens=17432576/1100000000 loss=7.5707 lr=0.000261 tok/s=41,825 eta=25883.375322723085
step=134 tokens=17563648/1100000000 loss=7.4651 lr=0.000263 tok/s=41,662 eta=25981.216155574813
step=135 tokens=17694720/1100000000 loss=7.4131 lr=0.000265 tok/s=41,523 eta=26065.328225390298
step=136 tokens=17825792/1100000000 loss=7.3625 lr=0.000267 tok/s=41,701 eta=25950.790622248456
step=137 tokens=17956864/1100000000 loss=7.3728 lr=0.000269 tok/s=41,950 eta=25793.47735623332
step=138 tokens=18087936/1100000000 loss=7.3320 lr=0.000271 tok/s=41,764 eta=25905.412771382766
step=139 tokens=18219008/1100000000 loss=7.2197 lr=0.000273 tok/s=41,471 eta=26085.501941614726
step=140 tokens=18350080/1100000000 loss=7.2181 lr=0.000275 tok/s=41,748 eta=25909.068048746554
step=141 tokens=18481152/1100000000 loss=7.2654 lr=0.000277 tok/s=41,610 eta=25991.852076544637
step=142 tokens=18612224/1100000000 loss=7.1623 lr=0.000279 tok/s=41,531 eta=26037.814662999128
step=143 tokens=18743296/1100000000 loss=7.1963 lr=0.000281 tok/s=41,544 eta=26026.911833175684
step=144 tokens=18874368/1100000000 loss=7.1840 lr=0.000283 tok/s=41,702 eta=25925.074253177772
step=145 tokens=19005440/1100000000 loss=7.1664 lr=0.000285 tok/s=41,472 eta=26065.512272006843
step=146 tokens=19136512/1100000000 loss=7.1192 lr=0.000287 tok/s=41,331 eta=26151.677346052576
step=147 tokens=19267584/1100000000 loss=7.1841 lr=0.000289 tok/s=41,466 eta=26063.21616165312
step=148 tokens=19398656/1100000000 loss=7.1045 lr=0.000291 tok/s=41,504 eta=26036.251553219532
step=149 tokens=19529728/1100000000 loss=7.0229 lr=0.000293 tok/s=41,162 eta=26249.10398326841
step=150 tokens=19660800/1100000000 loss=7.0478 lr=0.000295 tok/s=41,382 eta=26106.500077385677
step=151 tokens=19791872/1100000000 loss=6.9226 lr=0.000297 tok/s=41,656 eta=25931.73335972498
step=152 tokens=19922944/1100000000 loss=6.9758 lr=0.000299 tok/s=41,695 eta=25903.96613822656
step=153 tokens=20054016/1100000000 loss=6.8598 lr=0.0003 tok/s=30,321 eta=35616.53912512814
step=154 tokens=20185088/1100000000 loss=6.9535 lr=0.0003 tok/s=41,957 eta=25736.33675478934
step=155 tokens=20316160/1100000000 loss=6.8784 lr=0.0003 tok/s=41,880 eta=25780.203023669248
step=156 tokens=20447232/1100000000 loss=6.8676 lr=0.0003 tok/s=41,937 eta=25742.114020214292
step=157 tokens=20578304/1100000000 loss=6.8410 lr=0.0003 tok/s=41,880 eta=25773.9727959929
step=158 tokens=20709376/1100000000 loss=6.8222 lr=0.0003 tok/s=41,763 eta=25843.294713640204
step=159 tokens=20840448/1100000000 loss=6.8472 lr=0.0003 tok/s=41,454 eta=26032.5573925553
step=160 tokens=20971520/1100000000 loss=6.8187 lr=0.0003 tok/s=41,800 eta=25813.93654423133
step=161 tokens=21102592/1100000000 loss=6.7900 lr=0.0003 tok/s=41,677 eta=25887.195458615035
step=162 tokens=21233664/1100000000 loss=6.8682 lr=0.0003 tok/s=41,945 eta=25718.39333457235
step=163 tokens=21364736/1100000000 loss=6.8926 lr=0.0003 tok/s=41,807 eta=25800.24276399776
step=164 tokens=21495808/1100000000 loss=6.7522 lr=0.0003 tok/s=41,617 eta=25914.927254911712
step=165 tokens=21626880/1100000000 loss=6.7840 lr=0.0003 tok/s=41,809 eta=25793.086623957795
step=166 tokens=21757952/1100000000 loss=6.7358 lr=0.0003 tok/s=41,575 eta=25934.95866234869
step=167 tokens=21889024/1100000000 loss=6.8305 lr=0.0003 tok/s=41,550 eta=25947.02908164298
step=168 tokens=22020096/1100000000 loss=6.7125 lr=0.0003 tok/s=41,784 eta=25799.10875153436
step=169 tokens=22151168/1100000000 loss=6.7506 lr=0.0003 tok/s=41,773 eta=25802.236347156348
step=170 tokens=22282240/1100000000 loss=6.8004 lr=0.0003 tok/s=41,784 eta=25792.71950358349
step=171 tokens=22413312/1100000000 loss=6.7216 lr=0.0003 tok/s=41,901 eta=25717.14190434777
step=172 tokens=22544384/1100000000 loss=6.6871 lr=0.0003 tok/s=41,882 eta=25726.226295807057
step=173 tokens=22675456/1100000000 loss=6.7748 lr=0.0003 tok/s=41,796 eta=25775.629746504612
step=174 tokens=22806528/1100000000 loss=6.6450 lr=0.0003 tok/s=41,874 eta=25724.537828080018
step=175 tokens=22937600/1100000000 loss=6.6695 lr=0.0003 tok/s=41,901 eta=25704.80507402574
step=176 tokens=23068672/1100000000 loss=6.6592 lr=0.0003 tok/s=41,869 eta=25721.70292902601
step=177 tokens=23199744/1100000000 loss=6.6508 lr=0.0003 tok/s=41,778 eta=25774.24908689786
step=178 tokens=23330816/1100000000 loss=6.6602 lr=0.0003 tok/s=41,893 eta=25700.209786362127
step=179 tokens=23461888/1100000000 loss=6.6738 lr=0.0003 tok/s=41,913 eta=25684.970391118142
step=180 tokens=23592960/1100000000 loss=6.7041 lr=0.0003 tok/s=41,779 eta=25764.29661390094
step=181 tokens=23724032/1100000000 loss=6.6012 lr=0.0003 tok/s=41,767 eta=25768.851099014057
step=182 tokens=23855104/1100000000 loss=6.5723 lr=0.0003 tok/s=41,829 eta=25727.172083644604
step=183 tokens=23986176/1100000000 loss=6.5071 lr=0.0003 tok/s=41,894 eta=25684.50287158827
step=184 tokens=24117248/1100000000 loss=6.6199 lr=0.0003 tok/s=41,970 eta=25634.408453467662
step=185 tokens=24248320/1100000000 loss=6.8993 lr=0.0003 tok/s=41,727 eta=25780.67308345621
step=186 tokens=24379392/1100000000 loss=6.6219 lr=0.0003 tok/s=42,063 eta=25571.42755719447
step=187 tokens=24510464/1100000000 loss=6.5336 lr=0.0003 tok/s=41,778 eta=25743.122814759605
step=188 tokens=24641536/1100000000 loss=6.5321 lr=0.0003 tok/s=41,935 eta=25643.521114674193
step=189 tokens=24772608/1100000000 loss=6.6804 lr=0.0003 tok/s=41,977 eta=25614.795724621774
step=190 tokens=24903680/1100000000 loss=6.5755 lr=0.0003 tok/s=41,954 eta=25625.42875775012
step=191 tokens=25034752/1100000000 loss=6.5422 lr=0.0003 tok/s=41,826 eta=25700.761016018765
step=192 tokens=25165824/1100000000 loss=6.5519 lr=0.0003 tok/s=41,775 eta=25728.830221675562
step=193 tokens=25296896/1100000000 loss=6.5364 lr=0.0003 tok/s=41,900 eta=25649.093164431415
step=194 tokens=25427968/1100000000 loss=6.6057 lr=0.0003 tok/s=41,926 eta=25629.933540068134
step=195 tokens=25559040/1100000000 loss=6.5121 lr=0.0003 tok/s=41,780 eta=25716.55928997683
step=196 tokens=25690112/1100000000 loss=6.4441 lr=0.0003 tok/s=41,773 eta=25717.799446564022
step=197 tokens=25821184/1100000000 loss=6.4275 lr=0.0003 tok/s=41,665 eta=25781.181605444952
step=198 tokens=25952256/1100000000 loss=6.5644 lr=0.0003 tok/s=41,727 eta=25740.160254313258
step=199 tokens=26083328/1100000000 loss=6.5021 lr=0.0003 tok/s=41,797 eta=25693.34959390943
step=200 tokens=26214400/1100000000 loss=6.5524 lr=0.0003 tok/s=41,290 eta=26005.933702198876
step=201 tokens=26345472/1100000000 loss=6.4580 lr=0.0003 tok/s=41,571 eta=25827.112340715965
step=202 tokens=26476544/1100000000 loss=6.5108 lr=0.0003 tok/s=41,594 eta=25809.84443400175
step=203 tokens=26607616/1100000000 loss=6.4687 lr=0.0003 tok/s=41,693 eta=25745.351093945912
step=204 tokens=26738688/1100000000 loss=6.4841 lr=0.0003 tok/s=41,613 eta=25791.357442241282
step=205 tokens=26869760/1100000000 loss=6.4016 lr=0.0003 tok/s=41,399 eta=25921.44777382363
step=206 tokens=27000832/1100000000 loss=6.4384 lr=0.0003 tok/s=41,813 eta=25662.026875011605
step=207 tokens=27131904/1100000000 loss=6.4604 lr=0.0003 tok/s=41,566 eta=25811.29900230807
step=208 tokens=27262976/1100000000 loss=6.5174 lr=0.0003 tok/s=41,461 eta=25873.364906415827
step=209 tokens=27394048/1100000000 loss=6.4284 lr=0.0003 tok/s=41,595 eta=25787.01726327966
step=210 tokens=27525120/1100000000 loss=6.4603 lr=0.0003 tok/s=41,664 eta=25741.3478538456
step=211 tokens=27656192/1100000000 loss=6.4031 lr=0.0003 tok/s=41,628 eta=25760.38036310233
step=212 tokens=27787264/1100000000 loss=6.4368 lr=0.0003 tok/s=41,812 eta=25643.8432338571
step=213 tokens=27918336/1100000000 loss=6.4224 lr=0.0003 tok/s=41,618 eta=25760.223537181286
step=214 tokens=28049408/1100000000 loss=6.3134 lr=0.0003 tok/s=41,668 eta=25725.69290931617
step=215 tokens=28180480/1100000000 loss=6.3960 lr=0.0003 tok/s=41,352 eta=25919.347731926468
step=216 tokens=28311552/1100000000 loss=6.4334 lr=0.0003 tok/s=41,672 eta=25717.395966509055
step=217 tokens=28442624/1100000000 loss=6.4498 lr=0.0003 tok/s=41,522 eta=25807.21944806646
step=218 tokens=28573696/1100000000 loss=6.3596 lr=0.0003 tok/s=41,440 eta=25854.976234648617
step=219 tokens=28704768/1100000000 loss=6.3382 lr=0.0003 tok/s=41,773 eta=25645.34083055557
step=220 tokens=28835840/1100000000 loss=6.4114 lr=0.0003 tok/s=41,555 eta=25776.79186004231
step=221 tokens=28966912/1100000000 loss=6.5189 lr=0.0003 tok/s=41,417 eta=25859.495147109516
step=222 tokens=29097984/1100000000 loss=6.2822 lr=0.0003 tok/s=41,692 eta=25685.904477238237
step=223 tokens=29229056/1100000000 loss=6.4496 lr=0.0003 tok/s=41,435 eta=25842.1851962111
step=224 tokens=29360128/1100000000 loss=6.3546 lr=0.0003 tok/s=41,609 eta=25731.12902761321
step=225 tokens=29491200/1100000000 loss=6.9208 lr=0.0003 tok/s=41,345 eta=25892.201383195275
step=226 tokens=29622272/1100000000 loss=6.8931 lr=0.0003 tok/s=41,467 eta=25812.62765008584
step=227 tokens=29753344/1100000000 loss=6.6833 lr=0.0003 tok/s=41,411 eta=25844.710055024818
step=228 tokens=29884416/1100000000 loss=6.5983 lr=0.0003 tok/s=41,811 eta=25593.97037563686
step=229 tokens=30015488/1100000000 loss=6.5181 lr=0.0003 tok/s=30,127 eta=35516.19021047926
step=230 tokens=30146560/1100000000 loss=6.4420 lr=0.0003 tok/s=41,436 eta=25819.176882629192
step=231 tokens=30277632/1100000000 loss=6.4269 lr=0.0003 tok/s=41,559 eta=25739.864892705406
step=232 tokens=30408704/1100000000 loss=6.3434 lr=0.0003 tok/s=41,542 eta=25747.451587528372
step=233 tokens=30539776/1100000000 loss=6.3664 lr=0.0003 tok/s=41,170 eta=25976.376212106887
step=234 tokens=30670848/1100000000 loss=6.3342 lr=0.0003 tok/s=41,336 eta=25868.886722720927
step=235 tokens=30801920/1100000000 loss=6.3334 lr=0.0003 tok/s=41,683 eta=25650.67826659279
step=236 tokens=30932992/1100000000 loss=6.3245 lr=0.0003 tok/s=41,312 eta=25878.015116876195
step=237 tokens=31064064/1100000000 loss=6.2340 lr=0.0003 tok/s=41,303 eta=25880.038210938954
step=238 tokens=31195136/1100000000 loss=6.2951 lr=0.0003 tok/s=41,606 eta=25688.846837991874
step=239 tokens=31326208/1100000000 loss=6.2108 lr=0.0003 tok/s=41,494 eta=25754.858924182816
step=240 tokens=31457280/1100000000 loss=6.1679 lr=0.0003 tok/s=41,254 eta=25901.465831552887
step=241 tokens=31588352/1100000000 loss=6.1810 lr=0.0003 tok/s=41,436 eta=25784.917840242666
step=242 tokens=31719424/1100000000 loss=6.1829 lr=0.0003 tok/s=41,415 eta=25794.337970939854
step=243 tokens=31850496/1100000000 loss=6.1773 lr=0.0003 tok/s=41,317 eta=25852.32848349953
step=244 tokens=31981568/1100000000 loss=6.1490 lr=0.0003 tok/s=41,759 eta=25576.064835546156
step=245 tokens=32112640/1100000000 loss=6.1261 lr=0.0003 tok/s=41,407 eta=25790.178679370663
step=246 tokens=32243712/1100000000 loss=6.1528 lr=0.0003 tok/s=41,262 eta=25877.59098891744
step=247 tokens=32374784/1100000000 loss=6.1081 lr=0.0003 tok/s=41,452 eta=25755.49192469347
step=248 tokens=32505856/1100000000 loss=6.1252 lr=0.0003 tok/s=41,559 eta=25686.29140374908
step=249 tokens=32636928/1100000000 loss=6.0494 lr=0.0003 tok/s=41,746 eta=25567.77369960165
step=250 tokens=32768000/1100000000 loss=6.1152 lr=0.0003 tok/s=41,573 eta=25671.042423145384
step=251 tokens=32899072/1100000000 loss=6.1074 lr=0.0003 tok/s=41,471 eta=25731.523743865484
step=252 tokens=33030144/1100000000 loss=6.0452 lr=0.0003 tok/s=41,403 eta=25770.298665805218
step=253 tokens=33161216/1100000000 loss=6.0716 lr=0.0003 tok/s=41,358 eta=25795.34810789591
step=254 tokens=33292288/1100000000 loss=6.0852 lr=0.0003 tok/s=41,449 eta=25735.36849780688
step=255 tokens=33423360/1100000000 loss=6.0655 lr=0.0003 tok/s=41,289 eta=25831.685612901245
step=256 tokens=33554432/1100000000 loss=5.9947 lr=0.0003 tok/s=41,486 eta=25706.16336033671
step=257 tokens=33685504/1100000000 loss=6.9095 lr=0.0003 tok/s=41,413 eta=25748.564609047215
step=258 tokens=33816576/1100000000 loss=6.7231 lr=0.0003 tok/s=41,428 eta=25735.98835941208
step=259 tokens=33947648/1100000000 loss=6.6770 lr=0.0003 tok/s=41,544 eta=25660.84785737761
step=260 tokens=34078720/1100000000 loss=6.4568 lr=0.0003 tok/s=41,436 eta=25724.314403618773
step=261 tokens=34209792/1100000000 loss=6.5023 lr=0.0003 tok/s=41,873 eta=25453.188216914466
step=262 tokens=34340864/1100000000 loss=6.4872 lr=0.0003 tok/s=41,729 eta=25537.626857510368
step=263 tokens=34471936/1100000000 loss=6.4106 lr=0.0003 tok/s=41,315 eta=25790.071827353735
step=264 tokens=34603008/1100000000 loss=6.3916 lr=0.0003 tok/s=41,507 eta=25668.138715632635
step=265 tokens=34734080/1100000000 loss=6.4141 lr=0.0003 tok/s=41,632 eta=25587.68010818047
step=266 tokens=34865152/1100000000 loss=6.3865 lr=0.0003 tok/s=41,575 eta=25619.596362586093
step=267 tokens=34996224/1100000000 loss=6.3289 lr=0.0003 tok/s=41,614 eta=25592.485054909706
step=268 tokens=35127296/1100000000 loss=6.4183 lr=0.0003 tok/s=41,619 eta=25586.145856540283
step=269 tokens=35258368/1100000000 loss=6.3590 lr=0.0003 tok/s=41,323 eta=25766.385819204646
step=270 tokens=35389440/1100000000 loss=6.3501 lr=0.0003 tok/s=41,642 eta=25565.567198597848
step=271 tokens=35520512/1100000000 loss=6.3050 lr=0.0003 tok/s=41,498 eta=25651.496098525957
step=272 tokens=35651584/1100000000 loss=6.3006 lr=0.0003 tok/s=41,342 eta=25744.739377927126
step=273 tokens=35782656/1100000000 loss=6.3871 lr=0.0003 tok/s=41,596 eta=25584.624294018093
step=274 tokens=35913728/1100000000 loss=6.2827 lr=0.0003 tok/s=41,612 eta=25571.613486893704
step=275 tokens=36044800/1100000000 loss=6.2951 lr=0.0003 tok/s=41,474 eta=25653.60027964922
step=276 tokens=36175872/1100000000 loss=6.2702 lr=0.0003 tok/s=41,869 eta=25408.342528966794
step=277 tokens=36306944/1100000000 loss=6.2764 lr=0.0003 tok/s=41,828 eta=25430.34107614279
step=278 tokens=36438016/1100000000 loss=6.2747 lr=0.0003 tok/s=41,706 eta=25501.355473141808
step=279 tokens=36569088/1100000000 loss=6.2426 lr=0.0003 tok/s=41,506 eta=25621.08422132813
step=280 tokens=36700160/1100000000 loss=6.2645 lr=0.0003 tok/s=41,872 eta=25394.200668961093
step=281 tokens=36831232/1100000000 loss=6.2530 lr=0.0003 tok/s=41,766 eta=25455.112380726547
checkpoint saved: runs/20260905-021323/checkpoints/step_000000281 (time)
step=282 tokens=36962304/1100000000 loss=6.2275 lr=0.0003 tok/s=34,870 eta=30485.788492723394
step=283 tokens=37093376/1100000000 loss=6.2185 lr=0.0003 tok/s=41,990 eta=25313.465337736947
step=284 tokens=37224448/1100000000 loss=6.1777 lr=0.0003 tok/s=41,519 eta=25597.246834951526
step=285 tokens=37355520/1100000000 loss=6.2561 lr=0.0003 tok/s=41,759 eta=25447.34107920298
step=286 tokens=37486592/1100000000 loss=6.2424 lr=0.0003 tok/s=41,799 eta=25419.30698478595
step=287 tokens=37617664/1100000000 loss=6.2614 lr=0.0003 tok/s=41,857 eta=25380.943451079926
step=288 tokens=37748736/1100000000 loss=6.2295 lr=0.0003 tok/s=41,648 eta=25505.440330511916
step=289 tokens=37879808/1100000000 loss=6.2041 lr=0.0003 tok/s=41,604 eta=25529.47480750668
step=290 tokens=38010880/1100000000 loss=6.3262 lr=0.0003 tok/s=41,719 eta=25455.66101058906
step=291 tokens=38141952/1100000000 loss=6.2625 lr=0.0003 tok/s=41,926 eta=25326.875636669993
step=292 tokens=38273024/1100000000 loss=6.1978 lr=0.0003 tok/s=41,699 eta=25461.952123393057
step=293 tokens=38404096/1100000000 loss=6.3007 lr=0.0003 tok/s=41,733 eta=25437.76121678601
step=294 tokens=38535168/1100000000 loss=6.1991 lr=0.0003 tok/s=41,670 eta=25472.88742214983
step=295 tokens=38666240/1100000000 loss=6.2365 lr=0.0003 tok/s=41,785 eta=25399.999596266123
step=296 tokens=38797312/1100000000 loss=6.2290 lr=0.0003 tok/s=41,485 eta=25580.540420357764
step=297 tokens=38928384/1100000000 loss=6.1677 lr=0.0003 tok/s=41,505 eta=25564.7907441944
step=298 tokens=39059456/1100000000 loss=6.1532 lr=0.0003 tok/s=41,388 eta=25633.748291531218
step=299 tokens=39190528/1100000000 loss=6.2273 lr=0.0003 tok/s=41,581 eta=25511.83337324713
step=300 tokens=39321600/1100000000 loss=6.2152 lr=0.0003 tok/s=41,404 eta=25617.484591145854
step=301 tokens=39452672/1100000000 loss=6.1338 lr=0.0003 tok/s=41,413 eta=25609.32402469356
step=302 tokens=39583744/1100000000 loss=6.1499 lr=0.0003 tok/s=41,187 eta=25746.62499832324
step=303 tokens=39714816/1100000000 loss=6.2056 lr=0.0003 tok/s=41,346 eta=25644.155527233772
step=304 tokens=39845888/1100000000 loss=6.1518 lr=0.0003 tok/s=41,641 eta=25459.179751153402
step=305 tokens=39976960/1100000000 loss=6.2051 lr=0.0003 tok/s=41,527 eta=25525.936234022007
step=306 tokens=40108032/1100000000 loss=6.0901 lr=0.0003 tok/s=30,142 eta=35163.70189714469
step=307 tokens=40239104/1100000000 loss=6.1203 lr=0.0003 tok/s=41,546 eta=25508.193482625313
step=308 tokens=40370176/1100000000 loss=6.1114 lr=0.0003 tok/s=41,750 eta=25380.41719562981
step=309 tokens=40501248/1100000000 loss=6.0729 lr=0.0003 tok/s=41,680 eta=25419.679287575746
step=310 tokens=40632320/1100000000 loss=6.2419 lr=0.0003 tok/s=41,780 eta=25356.10350747781
step=311 tokens=40763392/1100000000 loss=6.0831 lr=0.0003 tok/s=41,683 eta=25411.65096567684
step=312 tokens=40894464/1100000000 loss=6.0817 lr=0.0003 tok/s=41,813 eta=25329.645820711878
step=313 tokens=41025536/1100000000 loss=6.1348 lr=0.0003 tok/s=41,698 eta=25396.285885724956
step=314 tokens=41156608/1100000000 loss=6.0724 lr=0.0003 tok/s=41,734 eta=25371.469103102307
step=315 tokens=41287680/1100000000 loss=6.0731 lr=0.0003 tok/s=41,835 eta=25306.848747756303
step=316 tokens=41418752/1100000000 loss=6.1149 lr=0.0003 tok/s=41,640 eta=25422.11760969109
step=317 tokens=41549824/1100000000 loss=6.0170 lr=0.0003 tok/s=41,644 eta=25416.493853180647
step=318 tokens=41680896/1100000000 loss=6.1273 lr=0.0003 tok/s=41,518 eta=25490.591411185767
step=319 tokens=41811968/1100000000 loss=6.0782 lr=0.0003 tok/s=41,845 eta=25288.49820362114
step=320 tokens=41943040/1100000000 loss=6.1354 lr=0.0003 tok/s=41,535 eta=25473.977359066266
step=321 tokens=42074112/1100000000 loss=6.1032 lr=0.0003 tok/s=41,816 eta=25299.698888087343
step=322 tokens=42205184/1100000000 loss=6.0619 lr=0.0003 tok/s=41,725 eta=25351.37620332024
step=323 tokens=42336256/1100000000 loss=6.1109 lr=0.0003 tok/s=41,651 eta=25393.76008007778
step=324 tokens=42467328/1100000000 loss=6.1543 lr=0.0003 tok/s=41,458 eta=25508.828644796224
step=325 tokens=42598400/1100000000 loss=6.0780 lr=0.0003 tok/s=41,442 eta=25515.273071480733
step=326 tokens=42729472/1100000000 loss=6.0909 lr=0.0003 tok/s=41,536 eta=25454.454998987454
step=327 tokens=42860544/1100000000 loss=6.1134 lr=0.0003 tok/s=41,535 eta=25451.563352474386
step=328 tokens=42991616/1100000000 loss=6.0959 lr=0.0003 tok/s=41,632 eta=25389.41892223396
step=329 tokens=43122688/1100000000 loss=6.0714 lr=0.0003 tok/s=41,658 eta=25370.49238448943
step=330 tokens=43253760/1100000000 loss=6.0803 lr=0.0003 tok/s=41,154 eta=25677.793335791284
step=331 tokens=43384832/1100000000 loss=6.0425 lr=0.0003 tok/s=41,520 eta=25448.282719391013
step=332 tokens=43515904/1100000000 loss=6.0224 lr=0.0003 tok/s=41,377 eta=25533.033936505584
step=333 tokens=43646976/1100000000 loss=5.9999 lr=0.0003 tok/s=41,543 eta=25427.7121164333
step=334 tokens=43778048/1100000000 loss=5.9858 lr=0.0003 tok/s=41,651 eta=25359.013102434845
step=335 tokens=43909120/1100000000 loss=6.1256 lr=0.0003 tok/s=41,139 eta=25671.539521445884
step=336 tokens=44040192/1100000000 loss=6.1099 lr=0.0003 tok/s=41,583 eta=25394.118567514386
step=337 tokens=44171264/1100000000 loss=6.0384 lr=0.0003 tok/s=41,269 eta=25583.85971972186
step=338 tokens=44302336/1100000000 loss=6.0319 lr=0.0003 tok/s=41,300 eta=25561.892943733084
step=339 tokens=44433408/1100000000 loss=6.0384 lr=0.0003 tok/s=41,602 eta=25372.959240282944
step=340 tokens=44564480/1100000000 loss=6.1237 lr=0.0003 tok/s=41,515 eta=25423.264438391223
step=341 tokens=44695552/1100000000 loss=6.0914 lr=0.0003 tok/s=41,617 eta=25357.25905098141
step=342 tokens=44826624/1100000000 loss=5.9904 lr=0.0003 tok/s=41,466 eta=25446.488344458026
step=343 tokens=44957696/1100000000 loss=6.0835 lr=0.0003 tok/s=41,748 eta=25271.66515937457
step=344 tokens=45088768/1100000000 loss=5.9604 lr=0.0003 tok/s=41,554 eta=25386.724183981973
step=345 tokens=45219840/1100000000 loss=5.8955 lr=0.0003 tok/s=41,505 eta=25413.147313544687
step=346 tokens=45350912/1100000000 loss=5.9649 lr=0.0003 tok/s=41,769 eta=25249.67301388931
step=347 tokens=45481984/1100000000 loss=6.0478 lr=0.0003 tok/s=41,632 eta=25329.64850093323
step=348 tokens=45613056/1100000000 loss=5.9230 lr=0.0003 tok/s=41,639 eta=25321.80056352432
step=349 tokens=45744128/1100000000 loss=6.0142 lr=0.0003 tok/s=41,494 eta=25407.201645483223
step=350 tokens=45875200/1100000000 loss=5.9528 lr=0.0003 tok/s=41,613 eta=25331.87275991911
step=351 tokens=46006272/1100000000 loss=5.9762 lr=0.0003 tok/s=41,815 eta=25206.40394502589
step=352 tokens=46137344/1100000000 loss=5.9664 lr=0.0003 tok/s=41,281 eta=25528.69187213361
step=353 tokens=46268416/1100000000 loss=6.4813 lr=0.0003 tok/s=41,492 eta=25395.912214325646
step=354 tokens=46399488/1100000000 loss=6.3282 lr=0.0003 tok/s=41,565 eta=25348.140495456224
step=355 tokens=46530560/1100000000 loss=6.2760 lr=0.0003 tok/s=41,451 eta=25414.897490953594
step=356 tokens=46661632/1100000000 loss=6.1057 lr=0.0003 tok/s=41,418 eta=25432.066916729833
step=357 tokens=46792704/1100000000 loss=6.1135 lr=0.0003 tok/s=41,372 eta=25456.896251961072
step=358 tokens=46923776/1100000000 loss=5.9776 lr=0.0003 tok/s=41,503 eta=25373.38315388177
step=359 tokens=47054848/1100000000 loss=5.9837 lr=0.0003 tok/s=41,539 eta=25348.3295725338
step=360 tokens=47185920/1100000000 loss=5.9897 lr=0.0003 tok/s=41,307 eta=25487.27909126433
step=361 tokens=47316992/1100000000 loss=5.9435 lr=0.0003 tok/s=41,515 eta=25356.40433435483
step=362 tokens=47448064/1100000000 loss=5.8780 lr=0.0003 tok/s=41,543 eta=25336.34750457047
step=363 tokens=47579136/1100000000 loss=5.8907 lr=0.0003 tok/s=41,254 eta=25510.63683524966
step=364 tokens=47710208/1100000000 loss=5.8875 lr=0.0003 tok/s=41,479 eta=25369.381246635086
step=365 tokens=47841280/1100000000 loss=5.8823 lr=0.0003 tok/s=41,450 eta=25383.563911479858
step=366 tokens=47972352/1100000000 loss=5.8509 lr=0.0003 tok/s=41,643 eta=25263.18716323172
step=367 tokens=48103424/1100000000 loss=5.8830 lr=0.0003 tok/s=41,231 eta=25512.282622125676
step=368 tokens=48234496/1100000000 loss=5.7890 lr=0.0003 tok/s=41,324 eta=25451.915629775238
step=369 tokens=48365568/1100000000 loss=5.8632 lr=0.0003 tok/s=41,229 eta=25507.07352261013
step=370 tokens=48496640/1100000000 loss=5.8268 lr=0.0003 tok/s=41,685 eta=25224.703927537066
step=371 tokens=48627712/1100000000 loss=5.8047 lr=0.0003 tok/s=41,823 eta=25138.49363469531
step=372 tokens=48758784/1100000000 loss=5.8311 lr=0.0003 tok/s=41,692 eta=25214.660267607094
step=373 tokens=48889856/1100000000 loss=5.7878 lr=0.0003 tok/s=41,345 eta=25422.92267781956
step=374 tokens=49020928/1100000000 loss=5.7937 lr=0.0003 tok/s=41,430 eta=25367.429044099204
step=375 tokens=49152000/1100000000 loss=5.8095 lr=0.0003 tok/s=41,623 eta=25246.711855664493
step=376 tokens=49283072/1100000000 loss=5.7971 lr=0.0003 tok/s=41,491 eta=25324.22789797443
step=377 tokens=49414144/1100000000 loss=5.8224 lr=0.0003 tok/s=41,582 eta=25265.25874632075
step=378 tokens=49545216/1100000000 loss=5.7188 lr=0.0003 tok/s=41,617 eta=25240.78507220333
step=379 tokens=49676288/1100000000 loss=5.7791 lr=0.000299 tok/s=41,570 eta=25266.604124048077
step=380 tokens=49807360/1100000000 loss=5.7644 lr=0.000299 tok/s=41,606 eta=25241.142977342417
step=381 tokens=49938432/1100000000 loss=5.7582 lr=0.000299 tok/s=41,506 eta=25299.213222819686
step=382 tokens=50069504/1100000000 loss=5.7562 lr=0.000299 tok/s=30,085 eta=34898.45296358239
checkpoint saved: runs/20260905-021323/checkpoints/tokens_000050m (permanent_tokens)
step=383 tokens=50200576/1100000000 loss=5.6966 lr=0.000299 tok/s=35,233 eta=29795.99572174366
step=384 tokens=50331648/1100000000 loss=5.6962 lr=0.000299 tok/s=41,340 eta=25390.95381798036
step=385 tokens=50462720/1100000000 loss=6.5331 lr=0.000299 tok/s=41,185 eta=25483.354850532374
step=386 tokens=50593792/1100000000 loss=6.3889 lr=0.000299 tok/s=41,482 eta=25297.783897232654
step=387 tokens=50724864/1100000000 loss=6.2775 lr=0.000299 tok/s=41,680 eta=25174.40187937906
step=388 tokens=50855936/1100000000 loss=6.2551 lr=0.000299 tok/s=41,465 eta=25302.05425256327
step=389 tokens=50987008/1100000000 loss=6.1871 lr=0.000299 tok/s=41,601 eta=25215.76414681032
step=390 tokens=51118080/1100000000 loss=6.0598 lr=0.000299 tok/s=41,171 eta=25476.096649634328
step=391 tokens=51249152/1100000000 loss=6.0315 lr=0.000299 tok/s=41,520 eta=25258.735030530577
step=392 tokens=51380224/1100000000 loss=6.0912 lr=0.000299 tok/s=41,645 eta=25179.928240941605
step=393 tokens=51511296/1100000000 loss=6.1052 lr=0.000299 tok/s=41,267 eta=25407.67207355848
step=394 tokens=51642368/1100000000 loss=5.9794 lr=0.000299 tok/s=41,359 eta=25348.044816628015
step=395 tokens=51773440/1100000000 loss=6.0176 lr=0.000299 tok/s=41,573 eta=25214.11556960545
step=396 tokens=51904512/1100000000 loss=6.0477 lr=0.000299 tok/s=41,439 eta=25292.428437562034
step=397 tokens=52035584/1100000000 loss=6.0208 lr=0.000299 tok/s=41,313 eta=25366.340734010788
step=398 tokens=52166656/1100000000 loss=6.0140 lr=0.000299 tok/s=41,298 eta=25372.217700984456
step=399 tokens=52297728/1100000000 loss=6.0780 lr=0.000299 tok/s=41,480 eta=25257.92345850354
step=400 tokens=52428800/1100000000 loss=5.9072 lr=0.000299 tok/s=41,598 eta=25183.45654878904
step=401 tokens=52559872/1100000000 loss=5.9561 lr=0.000299 tok/s=41,252 eta=25391.52649572276
step=402 tokens=52690944/1100000000 loss=5.9602 lr=0.000299 tok/s=41,504 eta=25233.99540480675
step=403 tokens=52822016/1100000000 loss=6.0071 lr=0.000299 tok/s=41,346 eta=25327.34433968045
step=404 tokens=52953088/1100000000 loss=6.0047 lr=0.000299 tok/s=41,141 eta=25450.40804542168
step=405 tokens=53084160/1100000000 loss=5.9920 lr=0.000299 tok/s=41,431 eta=25269.14356088194
step=406 tokens=53215232/1100000000 loss=6.0040 lr=0.000299 tok/s=41,402 eta=25283.494817930834
step=407 tokens=53346304/1100000000 loss=5.9287 lr=0.000299 tok/s=41,391 eta=25286.909630887025
step=408 tokens=53477376/1100000000 loss=5.9866 lr=0.000299 tok/s=41,315 eta=25330.35898480766
step=409 tokens=53608448/1100000000 loss=6.0053 lr=0.000299 tok/s=41,344 eta=25309.089145419468
step=410 tokens=53739520/1100000000 loss=6.0108 lr=0.000299 tok/s=41,222 eta=25380.98514882049
step=411 tokens=53870592/1100000000 loss=6.0049 lr=0.000299 tok/s=41,377 eta=25282.72378470134
step=412 tokens=54001664/1100000000 loss=5.8612 lr=0.000299 tok/s=41,478 eta=25218.173901713184
step=413 tokens=54132736/1100000000 loss=5.9119 lr=0.000299 tok/s=41,149 eta=25416.743154545184
step=414 tokens=54263808/1100000000 loss=5.9580 lr=0.000299 tok/s=41,346 eta=25292.40496463313
step=415 tokens=54394880/1100000000 loss=5.9070 lr=0.000299 tok/s=41,350 eta=25286.59127571713
step=416 tokens=54525952/1100000000 loss=5.8748 lr=0.000299 tok/s=41,483 eta=25202.45143930253
step=417 tokens=54657024/1100000000 loss=6.3056 lr=0.000299 tok/s=41,461 eta=25212.573149474556
step=418 tokens=54788096/1100000000 loss=6.2566 lr=0.000299 tok/s=41,025 eta=25477.38123023291
step=419 tokens=54919168/1100000000 loss=6.2369 lr=0.000299 tok/s=41,371 eta=25260.981238440945
step=420 tokens=55050240/1100000000 loss=6.2079 lr=0.000299 tok/s=41,412 eta=25232.810420894988
step=421 tokens=55181312/1100000000 loss=6.2016 lr=0.000299 tok/s=41,584 eta=25125.487157339867
step=422 tokens=55312384/1100000000 loss=6.1346 lr=0.000299 tok/s=41,264 eta=25317.40248600228
step=423 tokens=55443456/1100000000 loss=6.1534 lr=0.000299 tok/s=41,277 eta=25305.90746547692
step=424 tokens=55574528/1100000000 loss=6.0985 lr=0.000299 tok/s=41,419 eta=25215.950315954575
step=425 tokens=55705600/1100000000 loss=6.0856 lr=0.000299 tok/s=41,410 eta=25218.392162138884
step=426 tokens=55836672/1100000000 loss=6.0340 lr=0.000299 tok/s=41,229 eta=25325.997912604125
step=427 tokens=55967744/1100000000 loss=5.9987 lr=0.000299 tok/s=41,241 eta=25315.09632920801
step=428 tokens=56098816/1100000000 loss=5.9737 lr=0.000299 tok/s=41,421 eta=25202.438332946524
step=429 tokens=56229888/1100000000 loss=6.0086 lr=0.000299 tok/s=41,053 eta=25424.987678085483
step=430 tokens=56360960/1100000000 loss=5.9651 lr=0.000299 tok/s=41,326 eta=25253.696061246494
step=431 tokens=56492032/1100000000 loss=5.9678 lr=0.000299 tok/s=41,457 eta=25170.610480363146
step=432 tokens=56623104/1100000000 loss=5.8692 lr=0.000299 tok/s=41,152 eta=25354.06517195715
step=433 tokens=56754176/1100000000 loss=5.8901 lr=0.000299 tok/s=41,157 eta=25347.72782721807
step=434 tokens=56885248/1100000000 loss=5.9102 lr=0.000299 tok/s=41,316 eta=25247.28165155286
step=435 tokens=57016320/1100000000 loss=5.8531 lr=0.000299 tok/s=41,343 eta=25227.350030705926
step=436 tokens=57147392/1100000000 loss=5.8877 lr=0.000299 tok/s=41,675 eta=25023.490535641995
step=437 tokens=57278464/1100000000 loss=5.8579 lr=0.000299 tok/s=41,387 eta=25194.645240939022
step=438 tokens=57409536/1100000000 loss=5.8388 lr=0.000299 tok/s=41,034 eta=25407.82170715848
step=439 tokens=57540608/1100000000 loss=5.8079 lr=0.000299 tok/s=40,996 eta=25428.075881200104
step=440 tokens=57671680/1100000000 loss=5.7862 lr=0.000299 tok/s=41,131 eta=25341.74220722153
step=441 tokens=57802752/1100000000 loss=5.7878 lr=0.000299 tok/s=41,364 eta=25195.591288543936
step=442 tokens=57933824/1100000000 loss=5.7905 lr=0.000299 tok/s=41,164 eta=25314.783363219085
step=443 tokens=58064896/1100000000 loss=5.7439 lr=0.000299 tok/s=41,142 eta=25325.51876981021
step=444 tokens=58195968/1100000000 loss=5.7531 lr=0.000299 tok/s=41,215 eta=25277.076377045752
step=445 tokens=58327040/1100000000 loss=5.7498 lr=0.000299 tok/s=41,183 eta=25294.061205052527
step=446 tokens=58458112/1100000000 loss=5.7402 lr=0.000299 tok/s=41,772 eta=24933.689510853626
step=447 tokens=58589184/1100000000 loss=5.7394 lr=0.000299 tok/s=41,240 eta=25252.58981104803
step=448 tokens=58720256/1100000000 loss=5.7477 lr=0.000299 tok/s=41,687 eta=24978.445254225655
step=449 tokens=58851328/1100000000 loss=5.9782 lr=0.000299 tok/s=41,356 eta=25175.185395255055
step=450 tokens=58982400/1100000000 loss=5.9770 lr=0.000299 tok/s=41,308 eta=25201.185206522674
step=451 tokens=59113472/1100000000 loss=5.9352 lr=0.000299 tok/s=41,455 eta=25109.07239064823
step=452 tokens=59244544/1100000000 loss=5.9934 lr=0.000299 tok/s=41,556 eta=25044.788094477677
step=453 tokens=59375616/1100000000 loss=5.9849 lr=0.000299 tok/s=41,731 eta=24936.52480359259
step=454 tokens=59506688/1100000000 loss=5.9396 lr=0.000299 tok/s=41,801 eta=24891.333818549574
step=455 tokens=59637760/1100000000 loss=5.9897 lr=0.000299 tok/s=41,701 eta=24948.406982038898
step=456 tokens=59768832/1100000000 loss=5.8573 lr=0.000299 tok/s=41,553 eta=25033.96257212485
step=457 tokens=59899904/1100000000 loss=5.9058 lr=0.000299 tok/s=41,837 eta=24860.604729034523
step=458 tokens=60030976/1100000000 loss=5.9039 lr=0.000299 tok/s=30,278 eta=34347.74441806176
step=459 tokens=60162048/1100000000 loss=5.9641 lr=0.000299 tok/s=41,521 eta=25043.820257430343
step=460 tokens=60293120/1100000000 loss=5.9082 lr=0.000299 tok/s=41,440 eta=25089.57506192518
step=461 tokens=60424192/1100000000 loss=5.8543 lr=0.000299 tok/s=41,593 eta=24994.249218054905
step=462 tokens=60555264/1100000000 loss=5.8341 lr=0.000299 tok/s=41,545 eta=25019.977214517083
step=463 tokens=60686336/1100000000 loss=5.8229 lr=0.000299 tok/s=41,684 eta=24933.412333962442
step=464 tokens=60817408/1100000000 loss=5.8241 lr=0.000299 tok/s=41,330 eta=25143.603413270725
step=465 tokens=60948480/1100000000 loss=5.8296 lr=0.000299 tok/s=41,402 eta=25096.649981960083
step=466 tokens=61079552/1100000000 loss=5.8433 lr=0.000299 tok/s=41,777 eta=24868.056495284494
step=467 tokens=61210624/1100000000 loss=5.8667 lr=0.000299 tok/s=41,520 eta=25018.840457092614
step=468 tokens=61341696/1100000000 loss=5.7819 lr=0.000299 tok/s=41,377 eta=25102.067080759658
step=469 tokens=61472768/1100000000 loss=5.7217 lr=0.000299 tok/s=41,432 eta=25065.945240702313
step=470 tokens=61603840/1100000000 loss=5.8186 lr=0.000299 tok/s=41,569 eta=24979.96099088175
step=471 tokens=61734912/1100000000 loss=5.7887 lr=0.000299 tok/s=41,680 eta=24910.22092139423
step=472 tokens=61865984/1100000000 loss=5.7944 lr=0.000299 tok/s=41,793 eta=24839.825457323343
step=473 tokens=61997056/1100000000 loss=5.8413 lr=0.000299 tok/s=41,844 eta=24806.746008559967
step=474 tokens=62128128/1100000000 loss=5.7889 lr=0.000299 tok/s=41,763 eta=24851.663757095845
step=475 tokens=62259200/1100000000 loss=5.7472 lr=0.000299 tok/s=41,727 eta=24869.834179111323
step=476 tokens=62390272/1100000000 loss=5.7609 lr=0.000299 tok/s=41,826 eta=24807.786647502482
step=477 tokens=62521344/1100000000 loss=5.8335 lr=0.000299 tok/s=41,284 eta=25130.43258088067
step=478 tokens=62652416/1100000000 loss=5.7683 lr=0.000299 tok/s=41,748 eta=24847.947462395125
step=479 tokens=62783488/1100000000 loss=5.7795 lr=0.000299 tok/s=41,859 eta=24778.568614406006
step=480 tokens=62914560/1100000000 loss=5.6938 lr=0.000299 tok/s=41,789 eta=24817.4032123728
step=481 tokens=63045632/1100000000 loss=5.7917 lr=0.000299 tok/s=41,743 eta=24841.686036163246
step=482 tokens=63176704/1100000000 loss=5.8291 lr=0.000299 tok/s=41,751 eta=24833.70414005143
step=483 tokens=63307776/1100000000 loss=5.8200 lr=0.000299 tok/s=41,826 eta=24785.99572196129
step=484 tokens=63438848/1100000000 loss=5.8158 lr=0.000299 tok/s=41,561 eta=24940.6871546042
step=485 tokens=63569920/1100000000 loss=5.8281 lr=0.000299 tok/s=41,531 eta=24955.577652354397
step=486 tokens=63700992/1100000000 loss=5.8234 lr=0.000299 tok/s=41,861 eta=24755.913915466703
step=487 tokens=63832064/1100000000 loss=5.8562 lr=0.000299 tok/s=41,455 eta=24995.05226374281
step=488 tokens=63963136/1100000000 loss=5.8108 lr=0.000299 tok/s=41,726 eta=24829.53597742866
step=489 tokens=64094208/1100000000 loss=5.7595 lr=0.000299 tok/s=41,282 eta=25093.6410679653
step=490 tokens=64225280/1100000000 loss=5.9655 lr=0.000299 tok/s=41,536 eta=24936.832289498074
step=491 tokens=64356352/1100000000 loss=5.7655 lr=0.000299 tok/s=41,349 eta=25046.19445377053
step=492 tokens=64487424/1100000000 loss=5.7742 lr=0.000299 tok/s=41,669 eta=24850.953071082316
step=493 tokens=64618496/1100000000 loss=5.7877 lr=0.000299 tok/s=41,618 eta=24878.129849830315
step=494 tokens=64749568/1100000000 loss=5.7751 lr=0.000299 tok/s=41,778 eta=24780.08865310327
step=495 tokens=64880640/1100000000 loss=5.6668 lr=0.000299 tok/s=41,609 eta=24877.122879970077
step=496 tokens=65011712/1100000000 loss=5.7494 lr=0.000299 tok/s=41,667 eta=24839.576130522735
step=497 tokens=65142784/1100000000 loss=5.8018 lr=0.000299 tok/s=41,324 eta=25042.277876103573
step=498 tokens=65273856/1100000000 loss=5.7001 lr=0.000299 tok/s=41,140 eta=25151.34717427896
step=499 tokens=65404928/1100000000 loss=5.7103 lr=0.000299 tok/s=41,540 eta=24906.154364412057
step=500 tokens=65536000/1100000000 loss=5.7160 lr=0.000299 tok/s=41,411 eta=24980.49086043822
step=501 tokens=65667072/1100000000 loss=5.7460 lr=0.000299 tok/s=41,484 eta=24933.57874213624
step=502 tokens=65798144/1100000000 loss=5.7054 lr=0.000299 tok/s=41,732 eta=24781.78357188855
step=503 tokens=65929216/1100000000 loss=5.7945 lr=0.000299 tok/s=41,473 eta=24933.881637275714
step=504 tokens=66060288/1100000000 loss=5.6863 lr=0.000299 tok/s=41,438 eta=24951.354642718623
step=505 tokens=66191360/1100000000 loss=5.7044 lr=0.000299 tok/s=41,296 eta=25034.035872145476
step=506 tokens=66322432/1100000000 loss=5.7537 lr=0.000299 tok/s=41,497 eta=24909.683814386546
step=507 tokens=66453504/1100000000 loss=5.6381 lr=0.000299 tok/s=41,237 eta=25063.65244400864
step=508 tokens=66584576/1100000000 loss=5.7694 lr=0.000299 tok/s=41,115 eta=25134.75398972205
step=509 tokens=66715648/1100000000 loss=5.7104 lr=0.000299 tok/s=41,317 eta=25008.872507949192
step=510 tokens=66846720/1100000000 loss=5.7585 lr=0.000299 tok/s=41,225 eta=25061.2292392299
step=511 tokens=66977792/1100000000 loss=5.7968 lr=0.000299 tok/s=41,071 eta=25152.33335346381
step=512 tokens=67108864/1100000000 loss=5.7231 lr=0.000299 tok/s=41,299 eta=25009.786533129383
step=513 tokens=67239936/1100000000 loss=5.8529 lr=0.000299 tok/s=41,318 eta=24995.694372892758
step=514 tokens=67371008/1100000000 loss=5.7985 lr=0.000299 tok/s=41,421 eta=24929.896736439627
step=515 tokens=67502080/1100000000 loss=5.7936 lr=0.000299 tok/s=41,352 eta=24968.255661403375
step=516 tokens=67633152/1100000000 loss=5.7210 lr=0.000299 tok/s=41,359 eta=24961.095539172562
step=517 tokens=67764224/1100000000 loss=5.6974 lr=0.000299 tok/s=41,010 eta=25170.475518810665
step=518 tokens=67895296/1100000000 loss=5.6391 lr=0.000299 tok/s=41,077 eta=25126.16551356934
step=519 tokens=68026368/1100000000 loss=5.6546 lr=0.000299 tok/s=41,550 eta=24836.798266125097
step=520 tokens=68157440/1100000000 loss=5.6477 lr=0.000299 tok/s=41,319 eta=24972.626383109713
step=521 tokens=68288512/1100000000 loss=5.6132 lr=0.000299 tok/s=41,195 eta=25044.660811085065
step=522 tokens=68419584/1100000000 loss=5.6275 lr=0.000299 tok/s=41,567 eta=24817.589878091192
step=523 tokens=68550656/1100000000 loss=5.5519 lr=0.000299 tok/s=41,401 eta=24913.490237399532
step=524 tokens=68681728/1100000000 loss=5.5813 lr=0.000299 tok/s=41,287 eta=24979.287291232475
step=525 tokens=68812800/1100000000 loss=5.4817 lr=0.000299 tok/s=41,585 eta=24796.985811516646
step=526 tokens=68943872/1100000000 loss=5.5656 lr=0.000299 tok/s=41,304 eta=24962.36752938247
step=527 tokens=69074944/1100000000 loss=5.5417 lr=0.000299 tok/s=41,216 eta=25012.55076667667
step=528 tokens=69206016/1100000000 loss=5.5232 lr=0.000299 tok/s=41,145 eta=25052.73167061125
step=529 tokens=69337088/1100000000 loss=5.5073 lr=0.000299 tok/s=41,110 eta=25070.615946636695
step=530 tokens=69468160/1100000000 loss=5.4921 lr=0.000299 tok/s=41,286 eta=24960.88498448737
step=531 tokens=69599232/1100000000 loss=5.4724 lr=0.000299 tok/s=41,370 eta=24906.93644876593
step=532 tokens=69730304/1100000000 loss=5.3982 lr=0.000299 tok/s=41,306 eta=24942.292172800557
step=533 tokens=69861376/1100000000 loss=5.4197 lr=0.000299 tok/s=41,477 eta=24836.251018416577
step=534 tokens=69992448/1100000000 loss=5.4435 lr=0.000299 tok/s=41,460 eta=24843.150297025495
step=535 tokens=70123520/1100000000 loss=5.4446 lr=0.000299 tok/s=30,118 eta=34194.56837449968
step=536 tokens=70254592/1100000000 loss=5.4023 lr=0.000299 tok/s=41,412 eta=24865.879427005617
step=537 tokens=70385664/1100000000 loss=5.4212 lr=0.000299 tok/s=41,233 eta=24970.68799233881
step=538 tokens=70516736/1100000000 loss=5.4375 lr=0.000299 tok/s=41,355 eta=24893.695987906893
step=539 tokens=70647808/1100000000 loss=5.4088 lr=0.000299 tok/s=41,215 eta=24975.02984570347
step=540 tokens=70778880/1100000000 loss=5.4270 lr=0.000299 tok/s=41,463 eta=24822.677391110166
step=541 tokens=70909952/1100000000 loss=5.3998 lr=0.000299 tok/s=41,649 eta=24708.517948680492
step=542 tokens=71041024/1100000000 loss=5.3354 lr=0.000299 tok/s=41,373 eta=24870.412351061117
step=543 tokens=71172096/1100000000 loss=5.3677 lr=0.000299 tok/s=41,471 eta=24808.116181578822
step=544 tokens=71303168/1100000000 loss=5.3391 lr=0.000298 tok/s=41,364 eta=24869.178757098984
step=545 tokens=71434240/1100000000 loss=5.7612 lr=0.000298 tok/s=41,509 eta=24779.35964101361
step=546 tokens=71565312/1100000000 loss=5.7354 lr=0.000298 tok/s=41,801 eta=24603.145307103132
step=547 tokens=71696384/1100000000 loss=5.6843 lr=0.000298 tok/s=41,757 eta=24625.966622753425
step=548 tokens=71827456/1100000000 loss=5.7469 lr=0.000298 tok/s=41,639 eta=24692.59595848456
step=549 tokens=71958528/1100000000 loss=5.6042 lr=0.000298 tok/s=41,604 eta=24710.076830644688
step=550 tokens=72089600/1100000000 loss=5.6720 lr=0.000298 tok/s=41,316 eta=24878.95887950595
step=551 tokens=72220672/1100000000 loss=5.7292 lr=0.000298 tok/s=41,874 eta=24544.486174494
step=552 tokens=72351744/1100000000 loss=5.6095 lr=0.000298 tok/s=41,860 eta=24549.78716732421
step=553 tokens=72482816/1100000000 loss=5.6650 lr=0.000298 tok/s=41,777 eta=24595.391537456017
step=554 tokens=72613888/1100000000 loss=5.6295 lr=0.000298 tok/s=41,841 eta=24554.489496514972
step=555 tokens=72744960/1100000000 loss=5.5956 lr=0.000298 tok/s=41,608 eta=24688.60254136656
step=556 tokens=72876032/1100000000 loss=5.6243 lr=0.000298 tok/s=41,604 eta=24688.19013879651
step=557 tokens=73007104/1100000000 loss=5.5046 lr=0.000298 tok/s=41,832 eta=24550.64324157376
step=558 tokens=73138176/1100000000 loss=5.6117 lr=0.000298 tok/s=41,752 eta=24594.286617941765
step=559 tokens=73269248/1100000000 loss=5.5602 lr=0.000298 tok/s=41,828 eta=24546.6356009875
step=560 tokens=73400320/1100000000 loss=5.5659 lr=0.000298 tok/s=41,914 eta=24493.235110324353
step=561 tokens=73531392/1100000000 loss=5.5716 lr=0.000298 tok/s=41,853 eta=24525.8299031814
step=562 tokens=73662464/1100000000 loss=5.5265 lr=0.000298 tok/s=41,726 eta=24597.261546964408
step=563 tokens=73793536/1100000000 loss=5.6684 lr=0.000298 tok/s=41,741 eta=24585.317763672563
step=564 tokens=73924608/1100000000 loss=5.6235 lr=0.000298 tok/s=41,791 eta=24552.4223152935
step=565 tokens=74055680/1100000000 loss=5.5789 lr=0.000298 tok/s=41,591 eta=24667.651156859225
step=566 tokens=74186752/1100000000 loss=5.6086 lr=0.000298 tok/s=41,519 eta=24706.871508284337
step=567 tokens=74317824/1100000000 loss=5.5716 lr=0.000298 tok/s=41,744 eta=24570.719115988075
step=568 tokens=74448896/1100000000 loss=5.4979 lr=0.000298 tok/s=42,051 eta=24388.358885142705
step=569 tokens=74579968/1100000000 loss=5.5365 lr=0.000298 tok/s=41,726 eta=24574.80897729098
step=570 tokens=74711040/1100000000 loss=5.5197 lr=0.000298 tok/s=41,730 eta=24569.51117162168
step=571 tokens=74842112/1100000000 loss=5.5654 lr=0.000298 tok/s=41,962 eta=24430.682440887525
step=572 tokens=74973184/1100000000 loss=5.5133 lr=0.000298 tok/s=41,580 eta=24651.747722675005
step=573 tokens=75104256/1100000000 loss=5.5048 lr=0.000298 tok/s=41,811 eta=24512.577167795436
step=574 tokens=75235328/1100000000 loss=5.4761 lr=0.000298 tok/s=41,482 eta=24703.97990803914
step=575 tokens=75366400/1100000000 loss=5.5173 lr=0.000298 tok/s=41,859 eta=24478.343757837847
step=576 tokens=75497472/1100000000 loss=5.5648 lr=0.000298 tok/s=41,550 eta=24657.36904341783
step=577 tokens=75628544/1100000000 loss=6.2376 lr=0.000298 tok/s=41,727 eta=24549.286641702434
step=578 tokens=75759616/1100000000 loss=6.0282 lr=0.000298 tok/s=41,600 eta=24621.41534107232
step=579 tokens=75890688/1100000000 loss=5.9323 lr=0.000298 tok/s=41,480 eta=24689.014896020395
step=580 tokens=76021760/1100000000 loss=5.8155 lr=0.000298 tok/s=41,522 eta=24660.825516616165
step=581 tokens=76152832/1100000000 loss=5.7297 lr=0.000298 tok/s=41,369 eta=24749.148224184064
step=582 tokens=76283904/1100000000 loss=5.6793 lr=0.000298 tok/s=41,110 eta=24901.828600244775
step=583 tokens=76414976/1100000000 loss=5.6829 lr=0.000298 tok/s=41,680 eta=24558.39712008411
step=584 tokens=76546048/1100000000 loss=5.6229 lr=0.000298 tok/s=41,712 eta=24536.369664148624
step=585 tokens=76677120/1100000000 loss=5.6407 lr=0.000298 tok/s=41,703 eta=24538.148280207966
step=586 tokens=76808192/1100000000 loss=5.5493 lr=0.000298 tok/s=41,624 eta=24581.8588339782
step=587 tokens=76939264/1100000000 loss=5.5847 lr=0.000298 tok/s=41,847 eta=24447.457989321054
step=588 tokens=77070336/1100000000 loss=5.5482 lr=0.000298 tok/s=41,592 eta=24594.59882324583
step=589 tokens=77201408/1100000000 loss=5.5185 lr=0.000298 tok/s=41,728 eta=24511.293751012596
step=590 tokens=77332480/1100000000 loss=5.5458 lr=0.000298 tok/s=41,461 eta=24665.569732976153
step=591 tokens=77463552/1100000000 loss=5.5595 lr=0.000298 tok/s=41,845 eta=24436.39311640005
step=592 tokens=77594624/1100000000 loss=5.5142 lr=0.000298 tok/s=41,442 eta=24670.62594281585
step=593 tokens=77725696/1100000000 loss=5.5244 lr=0.000298 tok/s=41,796 eta=24458.87562899913
step=594 tokens=77856768/1100000000 loss=5.4889 lr=0.000298 tok/s=41,450 eta=24659.741654254958
step=595 tokens=77987840/1100000000 loss=5.5088 lr=0.000298 tok/s=41,612 eta=24560.51582754703
step=596 tokens=78118912/1100000000 loss=5.4408 lr=0.000298 tok/s=41,316 eta=24733.269395852156
step=597 tokens=78249984/1100000000 loss=5.4385 lr=0.000298 tok/s=41,649 eta=24532.481101386595
step=598 tokens=78381056/1100000000 loss=5.4610 lr=0.000298 tok/s=41,524 eta=24603.009690354727
step=599 tokens=78512128/1100000000 loss=5.4496 lr=0.000298 tok/s=41,220 eta=24781.487514081702
step=600 tokens=78643200/1100000000 loss=5.4269 lr=0.000298 tok/s=41,523 eta=24597.28395643892
step=601 tokens=78774272/1100000000 loss=5.4383 lr=0.000298 tok/s=41,376 eta=24681.603000142768
step=602 tokens=78905344/1100000000 loss=5.4341 lr=0.000298 tok/s=41,339 eta=24700.480415419624
step=603 tokens=79036416/1100000000 loss=5.4000 lr=0.000298 tok/s=41,582 eta=24552.7486769992
step=604 tokens=79167488/1100000000 loss=5.3833 lr=0.000298 tok/s=41,274 eta=24733.256763420355
step=605 tokens=79298560/1100000000 loss=5.4151 lr=0.000298 tok/s=41,309 eta=24709.02973141465
step=606 tokens=79429632/1100000000 loss=5.3544 lr=0.000298 tok/s=41,510 eta=24586.296358320647
step=607 tokens=79560704/1100000000 loss=5.3871 lr=0.000298 tok/s=41,272 eta=24724.983995138216
step=608 tokens=79691776/1100000000 loss=5.3971 lr=0.000298 tok/s=41,709 eta=24462.310756186358
step=609 tokens=79822848/1100000000 loss=6.1526 lr=0.000298 tok/s=41,495 eta=24585.48290400648
step=610 tokens=79953920/1100000000 loss=5.9309 lr=0.000298 tok/s=41,657 eta=24487.046945969494
step=611 tokens=80084992/1100000000 loss=5.8872 lr=0.000298 tok/s=29,819 eta=34203.83691773312
step=612 tokens=80216064/1100000000 loss=5.8890 lr=0.000298 tok/s=41,097 eta=24813.912548147964
step=613 tokens=80347136/1100000000 loss=5.8222 lr=0.000298 tok/s=41,388 eta=24636.44224123085
step=614 tokens=80478208/1100000000 loss=5.8499 lr=0.000298 tok/s=41,189 eta=24752.094766519993
step=615 tokens=80609280/1100000000 loss=5.7439 lr=0.000298 tok/s=41,661 eta=24468.930005067232
step=616 tokens=80740352/1100000000 loss=5.7592 lr=0.000298 tok/s=41,616 eta=24491.942171309744
step=617 tokens=80871424/1100000000 loss=5.6891 lr=0.000298 tok/s=41,443 eta=24591.26112121255
step=618 tokens=81002496/1100000000 loss=5.6472 lr=0.000298 tok/s=41,224 eta=24718.37617371848
step=619 tokens=81133568/1100000000 loss=5.7509 lr=0.000298 tok/s=41,714 eta=24424.86676115608
step=620 tokens=81264640/1100000000 loss=5.7509 lr=0.000298 tok/s=41,634 eta=24469.023801787807
step=621 tokens=81395712/1100000000 loss=5.7054 lr=0.000298 tok/s=41,509 eta=24539.509374507117
step=622 tokens=81526784/1100000000 loss=5.5232 lr=0.000298 tok/s=42,036 eta=24228.431556434312
step=623 tokens=81657856/1100000000 loss=5.6871 lr=0.000298 tok/s=41,457 eta=24563.559484544094
step=624 tokens=81788928/1100000000 loss=5.6877 lr=0.000298 tok/s=41,415 eta=24585.2807240739
step=625 tokens=81920000/1100000000 loss=5.6986 lr=0.000298 tok/s=41,866 eta=24317.763706857266
step=626 tokens=82051072/1100000000 loss=5.6145 lr=0.000298 tok/s=41,704 eta=24408.687827717768
step=627 tokens=82182144/1100000000 loss=5.6044 lr=0.000298 tok/s=41,683 eta=24418.133054829934
step=628 tokens=82313216/1100000000 loss=5.6279 lr=0.000298 tok/s=41,737 eta=24383.08321638008
step=629 tokens=82444288/1100000000 loss=5.5595 lr=0.000298 tok/s=41,749 eta=24373.101320179816
step=630 tokens=82575360/1100000000 loss=5.6055 lr=0.000298 tok/s=41,714 eta=24390.707085532733
step=631 tokens=82706432/1100000000 loss=5.5682 lr=0.000298 tok/s=41,829 eta=24320.089102423302
step=632 tokens=82837504/1100000000 loss=5.6015 lr=0.000298 tok/s=41,664 eta=24413.3081717825
step=633 tokens=82968576/1100000000 loss=5.6364 lr=0.000298 tok/s=41,712 eta=24381.970755250324
step=634 tokens=83099648/1100000000 loss=5.5649 lr=0.000298 tok/s=41,668 eta=24404.692887025223
step=635 tokens=83230720/1100000000 loss=5.5765 lr=0.000298 tok/s=41,802 eta=24323.544219649873
step=636 tokens=83361792/1100000000 loss=5.5627 lr=0.000298 tok/s=41,787 eta=24329.158313948225
step=637 tokens=83492864/1100000000 loss=5.5396 lr=0.000298 tok/s=41,861 eta=24283.074321147134
step=638 tokens=83623936/1100000000 loss=5.5509 lr=0.000298 tok/s=41,560 eta=24455.820171378346
step=639 tokens=83755008/1100000000 loss=5.5377 lr=0.000298 tok/s=41,616 eta=24419.801505550513
step=640 tokens=83886080/1100000000 loss=5.4067 lr=0.000298 tok/s=41,459 eta=24508.838061421113
step=641 tokens=84017152/1100000000 loss=5.5483 lr=0.000298 tok/s=41,131 eta=24701.032631588743
step=642 tokens=84148224/1100000000 loss=5.5153 lr=0.000298 tok/s=41,443 eta=24512.24312963803
step=643 tokens=84279296/1100000000 loss=5.5275 lr=0.000298 tok/s=41,677 eta=24371.25131511337
step=644 tokens=84410368/1100000000 loss=5.5390 lr=0.000298 tok/s=41,605 eta=24410.106575737176
step=645 tokens=84541440/1100000000 loss=5.5149 lr=0.000298 tok/s=41,787 eta=24300.708176741886
step=646 tokens=84672512/1100000000 loss=5.4653 lr=0.000298 tok/s=41,608 eta=24402.326815901775
step=647 tokens=84803584/1100000000 loss=5.4732 lr=0.000298 tok/s=41,504 eta=24460.27755667828
step=648 tokens=84934656/1100000000 loss=5.4820 lr=0.000298 tok/s=41,322 eta=24564.618621542675
step=649 tokens=85065728/1100000000 loss=5.4491 lr=0.000298 tok/s=41,215 eta=24625.626361071096
step=650 tokens=85196800/1100000000 loss=5.4172 lr=0.000298 tok/s=41,466 eta=24472.85223230604
step=651 tokens=85327872/1100000000 loss=5.4318 lr=0.000298 tok/s=41,535 eta=24429.127533255854
step=652 tokens=85458944/1100000000 loss=5.4422 lr=0.000298 tok/s=41,634 eta=24368.321511003775
step=653 tokens=85590016/1100000000 loss=5.3844 lr=0.000298 tok/s=41,689 eta=24332.5153232266
step=654 tokens=85721088/1100000000 loss=5.3502 lr=0.000298 tok/s=41,587 eta=24389.16857305135
step=655 tokens=85852160/1100000000 loss=5.4301 lr=0.000298 tok/s=41,514 eta=24428.784318396454
step=656 tokens=85983232/1100000000 loss=5.3608 lr=0.000298 tok/s=41,400 eta=24492.9387175915
step=657 tokens=86114304/1100000000 loss=5.4042 lr=0.000298 tok/s=41,748 eta=24285.903526515325
step=658 tokens=86245376/1100000000 loss=5.4662 lr=0.000298 tok/s=41,560 eta=24392.812556480265
step=659 tokens=86376448/1100000000 loss=5.3463 lr=0.000297 tok/s=41,443 eta=24458.232653204603
step=660 tokens=86507520/1100000000 loss=5.3893 lr=0.000297 tok/s=41,344 eta=24513.408895295976
step=661 tokens=86638592/1100000000 loss=5.4322 lr=0.000297 tok/s=41,486 eta=24426.29585194476
step=662 tokens=86769664/1100000000 loss=5.3992 lr=0.000297 tok/s=41,742 eta=24273.438938948544
step=663 tokens=86900736/1100000000 loss=5.3749 lr=0.000297 tok/s=41,541 eta=24387.830525424983
step=664 tokens=87031808/1100000000 loss=5.3831 lr=0.000297 tok/s=41,460 eta=24432.140318736423
step=665 tokens=87162880/1100000000 loss=5.3468 lr=0.000297 tok/s=41,467 eta=24425.15050071775
step=666 tokens=87293952/1100000000 loss=5.3981 lr=0.000297 tok/s=41,393 eta=24465.484487977843
checkpoint saved: runs/20260905-021323/checkpoints/step_000000666 (time)
step=667 tokens=87425024/1100000000 loss=5.3688 lr=0.000297 tok/s=33,855 eta=29909.55334252008
step=668 tokens=87556096/1100000000 loss=5.3351 lr=0.000297 tok/s=41,456 eta=24422.08164753676
step=669 tokens=87687168/1100000000 loss=5.3985 lr=0.000297 tok/s=41,261 eta=24534.436711473798
step=670 tokens=87818240/1100000000 loss=5.3777 lr=0.000297 tok/s=41,605 eta=24328.304855053713
step=671 tokens=87949312/1100000000 loss=5.3181 lr=0.000297 tok/s=41,833 eta=24192.363596260882
step=672 tokens=88080384/1100000000 loss=5.3808 lr=0.000297 tok/s=41,323 eta=24487.783385599683
step=673 tokens=88211456/1100000000 loss=5.9431 lr=0.000297 tok/s=41,467 eta=24399.68271514548
step=674 tokens=88342528/1100000000 loss=5.6580 lr=0.000297 tok/s=41,259 eta=24519.930481380365
step=675 tokens=88473600/1100000000 loss=5.5378 lr=0.000297 tok/s=41,465 eta=24394.648537612695
step=676 tokens=88604672/1100000000 loss=5.5074 lr=0.000297 tok/s=41,265 eta=24509.999527369004
step=677 tokens=88735744/1100000000 loss=5.4377 lr=0.000297 tok/s=41,227 eta=24529.066711052597
step=678 tokens=88866816/1100000000 loss=5.4996 lr=0.000297 tok/s=41,390 eta=24429.342582589772
step=679 tokens=88997888/1100000000 loss=5.3916 lr=0.000297 tok/s=41,431 eta=24402.300467638142
step=680 tokens=89128960/1100000000 loss=5.4460 lr=0.000297 tok/s=41,380 eta=24428.851482767073
step=681 tokens=89260032/1100000000 loss=5.3352 lr=0.000297 tok/s=41,274 eta=24488.392515478376
step=682 tokens=89391104/1100000000 loss=5.4090 lr=0.000297 tok/s=41,720 eta=24223.37362857476
step=683 tokens=89522176/1100000000 loss=5.3537 lr=0.000297 tok/s=41,594 eta=24293.85784187262
step=684 tokens=89653248/1100000000 loss=5.4017 lr=0.000297 tok/s=41,533 eta=24326.384169008317
step=685 tokens=89784320/1100000000 loss=5.3219 lr=0.000297 tok/s=41,265 eta=24481.044000623744
step=686 tokens=89915392/1100000000 loss=5.3111 lr=0.000297 tok/s=41,427 eta=24382.35584405873
step=687 tokens=90046464/1100000000 loss=5.3393 lr=0.000297 tok/s=29,938 eta=33735.13335736123
step=688 tokens=90177536/1100000000 loss=5.2960 lr=0.000297 tok/s=41,316 eta=24441.483652361687
step=689 tokens=90308608/1100000000 loss=5.2843 lr=0.000297 tok/s=41,570 eta=24289.137913129085
step=690 tokens=90439680/1100000000 loss=5.3116 lr=0.000297 tok/s=41,586 eta=24276.642483719173
step=691 tokens=90570752/1100000000 loss=5.2812 lr=0.000297 tok/s=41,482 eta=24333.986023857644
step=692 tokens=90701824/1100000000 loss=5.2724 lr=0.000297 tok/s=41,135 eta=24536.501687386615
step=693 tokens=90832896/1100000000 loss=5.2115 lr=0.000297 tok/s=41,031 eta=24595.43924483942
step=694 tokens=90963968/1100000000 loss=5.2281 lr=0.000297 tok/s=41,069 eta=24569.100938598436
step=695 tokens=91095040/1100000000 loss=5.3198 lr=0.000297 tok/s=41,355 eta=24396.093382731462
step=696 tokens=91226112/1100000000 loss=5.2625 lr=0.000297 tok/s=41,012 eta=24597.334351473666
step=697 tokens=91357184/1100000000 loss=5.2656 lr=0.000297 tok/s=40,909 eta=24655.712131675693
step=698 tokens=91488256/1100000000 loss=5.2864 lr=0.000297 tok/s=41,223 eta=24464.57653501717
step=699 tokens=91619328/1100000000 loss=5.2498 lr=0.000297 tok/s=41,194 eta=24478.692800252527
step=700 tokens=91750400/1100000000 loss=5.1900 lr=0.000297 tok/s=41,414 eta=24345.65201240261
step=701 tokens=91881472/1100000000 loss=5.1815 lr=0.000297 tok/s=41,385 eta=24359.24711280956
step=702 tokens=92012544/1100000000 loss=5.2105 lr=0.000297 tok/s=41,453 eta=24316.473205547332
step=703 tokens=92143616/1100000000 loss=5.1781 lr=0.000297 tok/s=41,408 eta=24339.85437228166
step=704 tokens=92274688/1100000000 loss=5.2229 lr=0.000297 tok/s=41,241 eta=24434.947336641115
step=705 tokens=92405760/1100000000 loss=6.0180 lr=0.000297 tok/s=41,014 eta=24567.094588427375
step=706 tokens=92536832/1100000000 loss=5.6987 lr=0.000297 tok/s=41,428 eta=24318.5125488967
step=707 tokens=92667904/1100000000 loss=5.7065 lr=0.000297 tok/s=41,391 eta=24336.906615808177
step=708 tokens=92798976/1100000000 loss=5.7031 lr=0.000297 tok/s=41,152 eta=24475.12005060103
step=709 tokens=92930048/1100000000 loss=5.6202 lr=0.000297 tok/s=41,431 eta=24307.33207666616
step=710 tokens=93061120/1100000000 loss=5.5484 lr=0.000297 tok/s=41,397 eta=24324.00173013752
step=711 tokens=93192192/1100000000 loss=5.4938 lr=0.000297 tok/s=41,460 eta=24283.57349937012
step=712 tokens=93323264/1100000000 loss=5.5606 lr=0.000297 tok/s=41,256 eta=24400.893792908835
step=713 tokens=93454336/1100000000 loss=5.5157 lr=0.000297 tok/s=41,355 eta=24338.859067405032
step=714 tokens=93585408/1100000000 loss=5.5310 lr=0.000297 tok/s=41,472 eta=24267.11873087409
step=715 tokens=93716480/1100000000 loss=5.5259 lr=0.000297 tok/s=41,561 eta=24211.983680445042
step=716 tokens=93847552/1100000000 loss=5.4739 lr=0.000297 tok/s=41,451 eta=24273.14103552456
step=717 tokens=93978624/1100000000 loss=5.4732 lr=0.000297 tok/s=41,360 eta=24323.368729926453
step=718 tokens=94109696/1100000000 loss=5.4808 lr=0.000297 tok/s=41,622 eta=24167.08203989198
step=719 tokens=94240768/1100000000 loss=5.4110 lr=0.000297 tok/s=41,661 eta=24141.430057484475
step=720 tokens=94371840/1100000000 loss=5.4652 lr=0.000297 tok/s=41,609 eta=24168.645715351176
step=721 tokens=94502912/1100000000 loss=5.4514 lr=0.000297 tok/s=41,642 eta=24146.190638615397
step=722 tokens=94633984/1100000000 loss=5.4254 lr=0.000297 tok/s=41,389 eta=24290.38011166969
step=723 tokens=94765056/1100000000 loss=5.3709 lr=0.000297 tok/s=41,678 eta=24118.959195262378
step=724 tokens=94896128/1100000000 loss=5.5227 lr=0.000297 tok/s=41,750 eta=24074.08479837322
step=725 tokens=95027200/1100000000 loss=5.4588 lr=0.000297 tok/s=41,516 eta=24206.61080721321
step=726 tokens=95158272/1100000000 loss=5.5102 lr=0.000297 tok/s=41,538 eta=24190.63376296678
step=727 tokens=95289344/1100000000 loss=5.3941 lr=0.000297 tok/s=41,734 eta=24073.897301026198
step=728 tokens=95420416/1100000000 loss=5.4747 lr=0.000297 tok/s=41,681 eta=24101.902864068474
step=729 tokens=95551488/1100000000 loss=5.4375 lr=0.000297 tok/s=41,662 eta=24109.331788415744
step=730 tokens=95682560/1100000000 loss=5.4060 lr=0.000297 tok/s=41,675 eta=24098.86349175524
step=731 tokens=95813632/1100000000 loss=5.3901 lr=0.000297 tok/s=41,569 eta=24156.951075244124
step=732 tokens=95944704/1100000000 loss=5.4507 lr=0.000297 tok/s=41,673 eta=24093.913789382023
step=733 tokens=96075776/1100000000 loss=5.3658 lr=0.000297 tok/s=41,772 eta=24033.57801409425
step=734 tokens=96206848/1100000000 loss=5.3913 lr=0.000297 tok/s=41,543 eta=24162.80747871808
step=735 tokens=96337920/1100000000 loss=5.3446 lr=0.000297 tok/s=41,618 eta=24115.953459424472
step=736 tokens=96468992/1100000000 loss=5.3657 lr=0.000297 tok/s=41,458 eta=24206.078649194602
step=737 tokens=96600064/1100000000 loss=5.4686 lr=0.000297 tok/s=41,081 eta=24424.66060512887
step=738 tokens=96731136/1100000000 loss=5.3764 lr=0.000297 tok/s=41,522 eta=24162.35989719601
step=739 tokens=96862208/1100000000 loss=5.4208 lr=0.000297 tok/s=41,782 eta=24008.571037764126
step=740 tokens=96993280/1100000000 loss=5.2802 lr=0.000297 tok/s=41,485 eta=24177.521629321043
step=741 tokens=97124352/1100000000 loss=5.3522 lr=0.000297 tok/s=41,548 eta=24137.565796592746
step=742 tokens=97255424/1100000000 loss=5.5431 lr=0.000297 tok/s=41,554 eta=24130.902276031462
step=743 tokens=97386496/1100000000 loss=5.4705 lr=0.000297 tok/s=41,601 eta=24100.709640586894
step=744 tokens=97517568/1100000000 loss=5.3952 lr=0.000297 tok/s=41,612 eta=24091.04910549771
step=745 tokens=97648640/1100000000 loss=5.4370 lr=0.000297 tok/s=41,451 eta=24181.72866301879
step=746 tokens=97779712/1100000000 loss=5.4207 lr=0.000297 tok/s=41,356 eta=24233.82734818106
step=747 tokens=97910784/1100000000 loss=5.4162 lr=0.000297 tok/s=41,375 eta=24219.902377052644
step=748 tokens=98041856/1100000000 loss=5.3881 lr=0.000297 tok/s=41,512 eta=24136.321509104375
step=749 tokens=98172928/1100000000 loss=5.4031 lr=0.000297 tok/s=41,707 eta=24020.483138802498
step=750 tokens=98304000/1100000000 loss=5.4279 lr=0.000297 tok/s=41,466 eta=24156.965306058402
step=751 tokens=98435072/1100000000 loss=5.2968 lr=0.000297 tok/s=41,256 eta=24276.93650782859
step=752 tokens=98566144/1100000000 loss=5.2860 lr=0.000296 tok/s=41,329 eta=24230.777447676654
step=753 tokens=98697216/1100000000 loss=5.3990 lr=0.000296 tok/s=41,257 eta=24269.98150358728
step=754 tokens=98828288/1100000000 loss=5.3551 lr=0.000296 tok/s=41,229 eta=24282.97330697361
step=755 tokens=98959360/1100000000 loss=5.3761 lr=0.000296 tok/s=41,260 eta=24262.021908825853
step=756 tokens=99090432/1100000000 loss=5.4232 lr=0.000296 tok/s=41,328 eta=24218.929452482895
step=757 tokens=99221504/1100000000 loss=5.3323 lr=0.000296 tok/s=41,130 eta=24331.96660507724
step=758 tokens=99352576/1100000000 loss=5.2652 lr=0.000296 tok/s=41,365 eta=24190.464693568556
step=759 tokens=99483648/1100000000 loss=5.3356 lr=0.000296 tok/s=41,352 eta=24194.881624651516
step=760 tokens=99614720/1100000000 loss=5.3202 lr=0.000296 tok/s=41,316 eta=24212.974199233693
step=761 tokens=99745792/1100000000 loss=5.3057 lr=0.000296 tok/s=41,158 eta=24302.89194985347
step=762 tokens=99876864/1100000000 loss=5.3003 lr=0.000296 tok/s=40,989 eta=24400.004561055826
step=763 tokens=100007936/1100000000 loss=5.3044 lr=0.000296 tok/s=29,973 eta=33363.63118204911
checkpoint saved: runs/20260905-021323/checkpoints/tokens_000100m (permanent_tokens)
step=764 tokens=100139008/1100000000 loss=5.3322 lr=0.000296 tok/s=33,517 eta=29831.550215954914
step=765 tokens=100270080/1100000000 loss=5.2962 lr=0.000296 tok/s=41,510 eta=24084.032369324155
step=766 tokens=100401152/1100000000 loss=5.2897 lr=0.000296 tok/s=41,403 eta=24142.982982371588
step=767 tokens=100532224/1100000000 loss=5.2591 lr=0.000296 tok/s=41,531 eta=24065.662753828234
step=768 tokens=100663296/1100000000 loss=5.2967 lr=0.000296 tok/s=41,126 eta=24299.48060075807
step=769 tokens=100794368/1100000000 loss=5.4644 lr=0.000296 tok/s=41,139 eta=24288.32573374799
step=770 tokens=100925440/1100000000 loss=5.4019 lr=0.000296 tok/s=40,911 eta=24420.42457905281
step=771 tokens=101056512/1100000000 loss=5.3815 lr=0.000296 tok/s=40,958 eta=24389.645551562156
step=772 tokens=101187584/1100000000 loss=5.3199 lr=0.000296 tok/s=41,209 eta=24237.777958668772
step=773 tokens=101318656/1100000000 loss=5.3013 lr=0.000296 tok/s=41,113 eta=24290.890427822378
step=774 tokens=101449728/1100000000 loss=5.2759 lr=0.000296 tok/s=41,336 eta=24157.097688149446
step=775 tokens=101580800/1100000000 loss=5.2419 lr=0.000296 tok/s=41,333 eta=24155.67389907455
step=776 tokens=101711872/1100000000 loss=5.2577 lr=0.000296 tok/s=41,369 eta=24131.462326271583
step=777 tokens=101842944/1100000000 loss=5.2102 lr=0.000296 tok/s=41,374 eta=24125.304346109897
step=778 tokens=101974016/1100000000 loss=5.1876 lr=0.000296 tok/s=41,428 eta=24090.60172100083
step=779 tokens=102105088/1100000000 loss=5.1838 lr=0.000296 tok/s=41,583 eta=23997.598856189208
step=780 tokens=102236160/1100000000 loss=5.1865 lr=0.000296 tok/s=41,124 eta=24262.40167941063
step=781 tokens=102367232/1100000000 loss=5.1328 lr=0.000296 tok/s=40,820 eta=24440.101793978607
step=782 tokens=102498304/1100000000 loss=5.1298 lr=0.000296 tok/s=41,176 eta=24225.221341494806
step=783 tokens=102629376/1100000000 loss=5.1538 lr=0.000296 tok/s=40,971 eta=24343.35449809516
step=784 tokens=102760448/1100000000 loss=5.1262 lr=0.000296 tok/s=41,349 eta=24117.55618886367
step=785 tokens=102891520/1100000000 loss=5.0775 lr=0.000296 tok/s=41,380 eta=24096.529751717502
step=786 tokens=103022592/1100000000 loss=5.0471 lr=0.000296 tok/s=40,891 eta=24381.32262179451
step=787 tokens=103153664/1100000000 loss=5.0781 lr=0.000296 tok/s=41,066 eta=24274.497613833384
step=788 tokens=103284736/1100000000 loss=5.0726 lr=0.000296 tok/s=41,244 eta=24166.486621702083
step=789 tokens=103415808/1100000000 loss=5.0329 lr=0.000296 tok/s=41,261 eta=24153.211200296275
step=790 tokens=103546880/1100000000 loss=5.0560 lr=0.000296 tok/s=41,325 eta=24112.46439052323
step=791 tokens=103677952/1100000000 loss=5.0313 lr=0.000296 tok/s=41,324 eta=24110.172336266627
step=792 tokens=103809024/1100000000 loss=5.0319 lr=0.000296 tok/s=41,463 eta=24026.26541455423
step=793 tokens=103940096/1100000000 loss=5.0267 lr=0.000296 tok/s=41,002 eta=24293.204822766504
step=794 tokens=104071168/1100000000 loss=5.0048 lr=0.000296 tok/s=41,354 eta=24082.80946361336
step=795 tokens=104202240/1100000000 loss=5.0050 lr=0.000296 tok/s=41,403 eta=24051.309405720116
step=796 tokens=104333312/1100000000 loss=4.9428 lr=0.000296 tok/s=41,326 eta=24092.810427306893
step=797 tokens=104464384/1100000000 loss=5.0017 lr=0.000296 tok/s=41,128 eta=24205.598334539063
step=798 tokens=104595456/1100000000 loss=4.9802 lr=0.000296 tok/s=41,472 eta=24001.9095005453
step=799 tokens=104726528/1100000000 loss=4.9614 lr=0.000296 tok/s=41,456 eta=24007.905139212136
step=800 tokens=104857600/1100000000 loss=4.9530 lr=0.000296 tok/s=41,369 eta=24055.335890073216
step=801 tokens=104988672/1100000000 loss=5.9333 lr=0.000296 tok/s=41,295 eta=24095.118693992037
step=802 tokens=105119744/1100000000 loss=5.6785 lr=0.000296 tok/s=41,192 eta=24152.390425664267
step=803 tokens=105250816/1100000000 loss=5.4950 lr=0.000296 tok/s=41,206 eta=24141.087329177026
step=804 tokens=105381888/1100000000 loss=5.4696 lr=0.000296 tok/s=41,343 eta=24057.6011467464
step=805 tokens=105512960/1100000000 loss=5.4166 lr=0.000296 tok/s=41,512 eta=23956.557900684944
step=806 tokens=105644032/1100000000 loss=5.3193 lr=0.000296 tok/s=41,350 eta=24047.21083551938
step=807 tokens=105775104/1100000000 loss=5.3408 lr=0.000296 tok/s=41,124 eta=24176.46789844762
step=808 tokens=105906176/1100000000 loss=5.2615 lr=0.000296 tok/s=41,172 eta=24144.770993256585
step=809 tokens=106037248/1100000000 loss=5.2239 lr=0.000296 tok/s=41,061 eta=24206.95823040071
step=810 tokens=106168320/1100000000 loss=5.2621 lr=0.000296 tok/s=41,111 eta=24174.536775464156
step=811 tokens=106299392/1100000000 loss=5.2349 lr=0.000296 tok/s=41,061 eta=24200.407370802255
step=812 tokens=106430464/1100000000 loss=5.2713 lr=0.000296 tok/s=41,286 eta=24065.724253986005
step=813 tokens=106561536/1100000000 loss=5.2073 lr=0.000296 tok/s=41,367 eta=24014.951551645256
step=814 tokens=106692608/1100000000 loss=5.2621 lr=0.000296 tok/s=41,194 eta=24113.119305426142
step=815 tokens=106823680/1100000000 loss=5.2125 lr=0.000296 tok/s=41,481 eta=23943.02206364542
step=816 tokens=106954752/1100000000 loss=5.1664 lr=0.000296 tok/s=41,485 eta=23937.40109286608
step=817 tokens=107085824/1100000000 loss=5.1533 lr=0.000296 tok/s=41,394 eta=23987.143706361585
step=818 tokens=107216896/1100000000 loss=5.1445 lr=0.000296 tok/s=41,572 eta=23880.91496044319
step=819 tokens=107347968/1100000000 loss=5.1546 lr=0.000296 tok/s=41,438 eta=23954.940131415613
step=820 tokens=107479040/1100000000 loss=5.1643 lr=0.000296 tok/s=41,431 eta=23956.12236033339
step=821 tokens=107610112/1100000000 loss=5.1167 lr=0.000296 tok/s=41,021 eta=24191.945638623645
step=822 tokens=107741184/1100000000 loss=5.1073 lr=0.000296 tok/s=41,417 eta=23958.01367398199
step=823 tokens=107872256/1100000000 loss=5.1454 lr=0.000296 tok/s=41,610 eta=23843.725147773242
step=824 tokens=108003328/1100000000 loss=5.0735 lr=0.000296 tok/s=41,128 eta=24119.64572013657
step=825 tokens=108134400/1100000000 loss=5.1045 lr=0.000296 tok/s=41,126 eta=24117.55385781449
step=826 tokens=108265472/1100000000 loss=5.0632 lr=0.000296 tok/s=41,275 eta=24027.406549666568
step=827 tokens=108396544/1100000000 loss=5.0531 lr=0.000296 tok/s=41,450 eta=23922.760039565754
step=828 tokens=108527616/1100000000 loss=5.1025 lr=0.000296 tok/s=41,323 eta=23993.053361630016
step=829 tokens=108658688/1100000000 loss=5.0867 lr=0.000296 tok/s=41,143 eta=24094.971412099716
step=830 tokens=108789760/1100000000 loss=5.0858 lr=0.000296 tok/s=41,575 eta=23841.3966975903
step=831 tokens=108920832/1100000000 loss=5.1161 lr=0.000296 tok/s=41,497 eta=23882.98988923122
step=832 tokens=109051904/1100000000 loss=5.0614 lr=0.000295 tok/s=41,496 eta=23880.85255577453
step=833 tokens=109182976/1100000000 loss=5.9378 lr=0.000295 tok/s=41,498 eta=23876.282222314712
step=834 tokens=109314048/1100000000 loss=5.6324 lr=0.000295 tok/s=41,211 eta=24039.390636624805
step=835 tokens=109445120/1100000000 loss=5.6046 lr=0.000295 tok/s=41,242 eta=24018.073510589707
step=836 tokens=109576192/1100000000 loss=5.6763 lr=0.000295 tok/s=41,313 eta=23973.472117156492
step=837 tokens=109707264/1100000000 loss=5.5042 lr=0.000295 tok/s=41,401 eta=23919.487022637
step=838 tokens=109838336/1100000000 loss=5.4775 lr=0.000295 tok/s=41,501 eta=23858.73379281945
step=839 tokens=109969408/1100000000 loss=5.4746 lr=0.000295 tok/s=41,328 eta=23955.61008882345
step=840 tokens=110100480/1100000000 loss=5.4749 lr=0.000295 tok/s=30,109 eta=32877.426730545536
step=841 tokens=110231552/1100000000 loss=5.4324 lr=0.000295 tok/s=41,480 eta=23861.079579396956
step=842 tokens=110362624/1100000000 loss=5.4223 lr=0.000295 tok/s=41,356 eta=23930.00578088942
step=843 tokens=110493696/1100000000 loss=5.3313 lr=0.000295 tok/s=41,348 eta=23931.43296959296
step=844 tokens=110624768/1100000000 loss=5.4234 lr=0.000295 tok/s=41,543 eta=23815.600674692138
step=845 tokens=110755840/1100000000 loss=5.3369 lr=0.000295 tok/s=41,227 eta=23995.246770647143
step=846 tokens=110886912/1100000000 loss=5.5327 lr=0.000295 tok/s=41,282 eta=23959.816634165294
step=847 tokens=111017984/1100000000 loss=5.3480 lr=0.000295 tok/s=41,455 eta=23856.916685614626
step=848 tokens=111149056/1100000000 loss=5.3220 lr=0.000295 tok/s=41,422 eta=23872.730700740693
step=849 tokens=111280128/1100000000 loss=5.3742 lr=0.000295 tok/s=41,293 eta=23943.842823810617
step=850 tokens=111411200/1100000000 loss=5.3408 lr=0.000295 tok/s=41,337 eta=23915.18995329032
step=851 tokens=111542272/1100000000 loss=5.4032 lr=0.000295 tok/s=41,124 eta=24035.78950815895
step=852 tokens=111673344/1100000000 loss=5.3499 lr=0.000295 tok/s=41,247 eta=23961.231675536983
step=853 tokens=111804416/1100000000 loss=5.3324 lr=0.000295 tok/s=41,281 eta=23937.99233189714
step=854 tokens=111935488/1100000000 loss=5.2737 lr=0.000295 tok/s=41,030 eta=24081.717263208502
step=855 tokens=112066560/1100000000 loss=5.3133 lr=0.000295 tok/s=41,274 eta=23936.213654372597
step=856 tokens=112197632/1100000000 loss=5.3226 lr=0.000295 tok/s=41,243 eta=23950.56845988362
step=857 tokens=112328704/1100000000 loss=5.3499 lr=0.000295 tok/s=41,439 eta=23834.115493445966
step=858 tokens=112459776/1100000000 loss=5.3333 lr=0.000295 tok/s=41,234 eta=23949.40604595631
step=859 tokens=112590848/1100000000 loss=5.3028 lr=0.000295 tok/s=41,501 eta=23792.418359511474
step=860 tokens=112721920/1100000000 loss=5.2975 lr=0.000295 tok/s=41,357 eta=23871.999832894402
step=861 tokens=112852992/1100000000 loss=5.2645 lr=0.000295 tok/s=41,175 eta=23974.348408103695
step=862 tokens=112984064/1100000000 loss=5.2728 lr=0.000295 tok/s=41,333 eta=23879.63142549614
step=863 tokens=113115136/1100000000 loss=5.2604 lr=0.000295 tok/s=41,180 eta=23965.248826955554
step=864 tokens=113246208/1100000000 loss=5.2604 lr=0.000295 tok/s=41,302 eta=23891.147565341318
step=865 tokens=113377280/1100000000 loss=5.3671 lr=0.000295 tok/s=41,211 eta=23941.044881461337
step=866 tokens=113508352/1100000000 loss=5.2813 lr=0.000295 tok/s=41,213 eta=23936.329345466223
step=867 tokens=113639424/1100000000 loss=5.2669 lr=0.000295 tok/s=41,218 eta=23930.077499013805
step=868 tokens=113770496/1100000000 loss=5.2582 lr=0.000295 tok/s=41,354 eta=23848.645686354663
step=869 tokens=113901568/1100000000 loss=5.2922 lr=0.000295 tok/s=41,290 eta=23882.14116387974
step=870 tokens=114032640/1100000000 loss=5.2744 lr=0.000295 tok/s=41,263 eta=23894.442828433566
step=871 tokens=114163712/1100000000 loss=5.2878 lr=0.000295 tok/s=41,210 eta=23921.978232382025
step=872 tokens=114294784/1100000000 loss=5.2747 lr=0.000295 tok/s=41,357 eta=23834.065695872836
step=873 tokens=114425856/1100000000 loss=5.3087 lr=0.000295 tok/s=41,405 eta=23803.46658200186
step=874 tokens=114556928/1100000000 loss=5.2794 lr=0.000295 tok/s=41,423 eta=23789.751784641627
step=875 tokens=114688000/1100000000 loss=5.3063 lr=0.000295 tok/s=40,985 eta=24040.532867276466
step=876 tokens=114819072/1100000000 loss=5.2731 lr=0.000295 tok/s=41,207 eta=23908.206243224296
step=877 tokens=114950144/1100000000 loss=5.1828 lr=0.000295 tok/s=41,168 eta=23927.49422921482
step=878 tokens=115081216/1100000000 loss=5.3876 lr=0.000295 tok/s=41,329 eta=23830.900554456603
step=879 tokens=115212288/1100000000 loss=5.3197 lr=0.000295 tok/s=41,172 eta=23918.72428461775
step=880 tokens=115343360/1100000000 loss=5.3017 lr=0.000295 tok/s=41,228 eta=23883.44523569682
step=881 tokens=115474432/1100000000 loss=5.2900 lr=0.000295 tok/s=41,226 eta=23881.06641997465
step=882 tokens=115605504/1100000000 loss=5.3525 lr=0.000295 tok/s=41,329 eta=23818.578185223563
step=883 tokens=115736576/1100000000 loss=5.2766 lr=0.000295 tok/s=41,363 eta=23795.54549484151
step=884 tokens=115867648/1100000000 loss=5.2643 lr=0.000295 tok/s=41,197 eta=23888.501056279005
step=885 tokens=115998720/1100000000 loss=5.2714 lr=0.000295 tok/s=41,283 eta=23835.373300299278
step=886 tokens=116129792/1100000000 loss=5.2408 lr=0.000295 tok/s=41,457 eta=23732.039854589537
step=887 tokens=116260864/1100000000 loss=5.2815 lr=0.000295 tok/s=41,292 eta=23823.81115075945
step=888 tokens=116391936/1100000000 loss=5.3119 lr=0.000295 tok/s=41,207 eta=23869.9871489553
step=889 tokens=116523008/1100000000 loss=5.3144 lr=0.000295 tok/s=41,243 eta=23845.93243710359
step=890 tokens=116654080/1100000000 loss=5.2880 lr=0.000295 tok/s=41,261 eta=23832.229922975777
step=891 tokens=116785152/1100000000 loss=5.2096 lr=0.000295 tok/s=41,411 eta=23742.976651186673
step=892 tokens=116916224/1100000000 loss=5.2555 lr=0.000295 tok/s=41,488 eta=23695.834348108707
step=893 tokens=117047296/1100000000 loss=5.3043 lr=0.000295 tok/s=41,393 eta=23746.67576098949
step=894 tokens=117178368/1100000000 loss=5.2328 lr=0.000295 tok/s=41,356 eta=23765.092453337405
step=895 tokens=117309440/1100000000 loss=5.3034 lr=0.000295 tok/s=41,619 eta=23611.4979107936
step=896 tokens=117440512/1100000000 loss=5.2364 lr=0.000295 tok/s=41,522 eta=23663.60283245779
step=897 tokens=117571584/1100000000 loss=5.4877 lr=0.000295 tok/s=41,144 eta=23877.92314557583
step=898 tokens=117702656/1100000000 loss=5.3932 lr=0.000295 tok/s=41,100 eta=23900.45035058626
step=899 tokens=117833728/1100000000 loss=5.3127 lr=0.000295 tok/s=41,237 eta=23817.80154131284
step=900 tokens=117964800/1100000000 loss=5.2452 lr=0.000295 tok/s=41,347 eta=23751.16804273105
step=901 tokens=118095872/1100000000 loss=5.1421 lr=0.000295 tok/s=41,572 eta=23619.083164514606
step=902 tokens=118226944/1100000000 loss=5.1626 lr=0.000295 tok/s=41,436 eta=23693.707886112235
step=903 tokens=118358016/1100000000 loss=5.1275 lr=0.000295 tok/s=41,386 eta=23719.115364013098
step=904 tokens=118489088/1100000000 loss=5.1473 lr=0.000294 tok/s=41,417 eta=23698.048295094377
step=905 tokens=118620160/1100000000 loss=5.0233 lr=0.000294 tok/s=41,379 eta=23716.698788964983
step=906 tokens=118751232/1100000000 loss=5.0715 lr=0.000294 tok/s=41,230 eta=23799.664891854816
step=907 tokens=118882304/1100000000 loss=5.0719 lr=0.000294 tok/s=41,346 eta=23729.368510883778
step=908 tokens=119013376/1100000000 loss=4.9899 lr=0.000294 tok/s=41,449 eta=23667.067517289728
step=909 tokens=119144448/1100000000 loss=5.0215 lr=0.000294 tok/s=41,556 eta=23603.30170232944
step=910 tokens=119275520/1100000000 loss=5.0344 lr=0.000294 tok/s=41,254 eta=23772.650073029887
step=911 tokens=119406592/1100000000 loss=5.0058 lr=0.000294 tok/s=41,200 eta=23801.09357619484
step=912 tokens=119537664/1100000000 loss=4.9717 lr=0.000294 tok/s=41,206 eta=23794.170231883425
step=913 tokens=119668736/1100000000 loss=5.0255 lr=0.000294 tok/s=41,028 eta=23894.440677987583
step=914 tokens=119799808/1100000000 loss=4.9938 lr=0.000294 tok/s=40,967 eta=23926.687494387566
step=915 tokens=119930880/1100000000 loss=4.9888 lr=0.000294 tok/s=41,154 eta=23814.73490720799
step=916 tokens=120061952/1100000000 loss=4.9800 lr=0.000294 tok/s=29,722 eta=32969.671220121105
step=917 tokens=120193024/1100000000 loss=4.9118 lr=0.000294 tok/s=41,146 eta=23812.99457240283
step=918 tokens=120324096/1100000000 loss=5.0381 lr=0.000294 tok/s=41,396 eta=23665.685506207887
step=919 tokens=120455168/1100000000 loss=4.9739 lr=0.000294 tok/s=41,023 eta=23878.202250606784
step=920 tokens=120586240/1100000000 loss=4.9549 lr=0.000294 tok/s=41,026 eta=23873.170370698714
step=921 tokens=120717312/1100000000 loss=4.9761 lr=0.000294 tok/s=41,106 eta=23823.42753131912
step=922 tokens=120848384/1100000000 loss=4.9292 lr=0.000294 tok/s=41,208 eta=23761.061059961834
step=923 tokens=120979456/1100000000 loss=4.8739 lr=0.000294 tok/s=41,197 eta=23764.276006748216
step=924 tokens=121110528/1100000000 loss=5.0183 lr=0.000294 tok/s=40,907 eta=23929.54066194447
step=925 tokens=121241600/1100000000 loss=4.9788 lr=0.000294 tok/s=41,252 eta=23726.605677710617
step=926 tokens=121372672/1100000000 loss=4.9366 lr=0.000294 tok/s=41,480 eta=23592.52252838582
step=927 tokens=121503744/1100000000 loss=4.9988 lr=0.000294 tok/s=41,181 eta=23760.70317571866
step=928 tokens=121634816/1100000000 loss=4.9563 lr=0.000294 tok/s=41,095 eta=23807.234708473086
step=929 tokens=121765888/1100000000 loss=5.7313 lr=0.000294 tok/s=41,004 eta=23857.01833090824
step=930 tokens=121896960/1100000000 loss=5.4423 lr=0.000294 tok/s=41,209 eta=23735.14011407306
step=931 tokens=122028032/1100000000 loss=5.5316 lr=0.000294 tok/s=41,356 eta=23647.912414828414
step=932 tokens=122159104/1100000000 loss=5.4698 lr=0.000294 tok/s=41,240 eta=23710.91256433618
step=933 tokens=122290176/1100000000 loss=5.3736 lr=0.000294 tok/s=41,233 eta=23712.030428939594
step=934 tokens=122421248/1100000000 loss=5.3176 lr=0.000294 tok/s=41,312 eta=23663.032298432117
step=935 tokens=122552320/1100000000 loss=5.3560 lr=0.000294 tok/s=41,344 eta=23641.91031328154
step=936 tokens=122683392/1100000000 loss=5.3009 lr=0.000294 tok/s=41,845 eta=23355.798566508543
step=937 tokens=122814464/1100000000 loss=5.2452 lr=0.000294 tok/s=41,546 eta=23520.385129233775
step=938 tokens=122945536/1100000000 loss=5.3181 lr=0.000294 tok/s=41,729 eta=23414.526480849992
step=939 tokens=123076608/1100000000 loss=5.4111 lr=0.000294 tok/s=41,699 eta=23427.899852773873
step=940 tokens=123207680/1100000000 loss=5.2908 lr=0.000294 tok/s=41,712 eta=23417.67335501652
step=941 tokens=123338752/1100000000 loss=5.3058 lr=0.000294 tok/s=41,540 eta=23511.195931579787
step=942 tokens=123469824/1100000000 loss=5.2838 lr=0.000294 tok/s=41,491 eta=23536.011829973897
step=943 tokens=123600896/1100000000 loss=5.3491 lr=0.000294 tok/s=41,572 eta=23487.203547284713
step=944 tokens=123731968/1100000000 loss=5.5048 lr=0.000294 tok/s=41,409 eta=23576.498775926935
step=945 tokens=123863040/1100000000 loss=5.2304 lr=0.000294 tok/s=41,293 eta=23639.45136000893
step=946 tokens=123994112/1100000000 loss=5.2013 lr=0.000294 tok/s=41,413 eta=23567.451169874992
step=947 tokens=124125184/1100000000 loss=5.3196 lr=0.000294 tok/s=41,520 eta=23503.471636024482
step=948 tokens=124256256/1100000000 loss=5.3180 lr=0.000294 tok/s=41,488 eta=23518.96692939058
step=949 tokens=124387328/1100000000 loss=5.2145 lr=0.000294 tok/s=41,496 eta=23510.83480873954
step=950 tokens=124518400/1100000000 loss=5.2145 lr=0.000294 tok/s=41,698 eta=23393.97991223948
step=951 tokens=124649472/1100000000 loss=5.2486 lr=0.000294 tok/s=41,603 eta=23444.220646466707
step=952 tokens=124780544/1100000000 loss=5.2392 lr=0.000294 tok/s=41,489 eta=23505.256096906276
step=953 tokens=124911616/1100000000 loss=5.2003 lr=0.000294 tok/s=41,343 eta=23585.611094303415
step=954 tokens=125042688/1100000000 loss=5.3714 lr=0.000294 tok/s=41,380 eta=23561.145071069805
step=955 tokens=125173760/1100000000 loss=5.2762 lr=0.000294 tok/s=41,537 eta=23469.138311655333
step=956 tokens=125304832/1100000000 loss=5.2442 lr=0.000294 tok/s=41,379 eta=23555.055075733868
step=957 tokens=125435904/1100000000 loss=5.1759 lr=0.000294 tok/s=41,200 eta=23654.519472640844
step=958 tokens=125566976/1100000000 loss=5.2591 lr=0.000294 tok/s=41,177 eta=23664.41561296533
step=959 tokens=125698048/1100000000 loss=5.2690 lr=0.000294 tok/s=41,335 eta=23571.14608464646
step=960 tokens=125829120/1100000000 loss=5.2012 lr=0.000294 tok/s=41,279 eta=23599.724872408773
step=961 tokens=125960192/1100000000 loss=5.2313 lr=0.000294 tok/s=41,160 eta=23664.94571987415
step=962 tokens=126091264/1100000000 loss=5.1730 lr=0.000294 tok/s=41,245 eta=23612.70573504155
step=963 tokens=126222336/1100000000 loss=5.2080 lr=0.000294 tok/s=41,004 eta=23748.20577992414
step=964 tokens=126353408/1100000000 loss=5.1848 lr=0.000294 tok/s=41,412 eta=23511.213586816248
step=965 tokens=126484480/1100000000 loss=5.1766 lr=0.000294 tok/s=41,344 eta=23546.529576495377
step=966 tokens=126615552/1100000000 loss=5.1400 lr=0.000294 tok/s=41,091 eta=23688.698278877913
step=967 tokens=126746624/1100000000 loss=5.1869 lr=0.000294 tok/s=41,420 eta=23497.37733426401
step=968 tokens=126877696/1100000000 loss=5.1564 lr=0.000294 tok/s=41,601 eta=23391.959276525704
step=969 tokens=127008768/1100000000 loss=5.1087 lr=0.000294 tok/s=41,289 eta=23565.61225254928
step=970 tokens=127139840/1100000000 loss=5.2995 lr=0.000293 tok/s=41,576 eta=23399.429059741866
step=971 tokens=127270912/1100000000 loss=5.1589 lr=0.000293 tok/s=41,186 eta=23618.225790719873
step=972 tokens=127401984/1100000000 loss=5.1729 lr=0.000293 tok/s=41,456 eta=23460.870782047616
step=973 tokens=127533056/1100000000 loss=5.1066 lr=0.000293 tok/s=41,253 eta=23572.9637018415
step=974 tokens=127664128/1100000000 loss=5.1032 lr=0.000293 tok/s=41,501 eta=23428.959678500963
step=975 tokens=127795200/1100000000 loss=5.1540 lr=0.000293 tok/s=41,441 eta=23460.11922162717
step=976 tokens=127926272/1100000000 loss=5.1156 lr=0.000293 tok/s=41,286 eta=23545.038251608938
step=977 tokens=128057344/1100000000 loss=5.1163 lr=0.000293 tok/s=41,058 eta=23672.687511248867
step=978 tokens=128188416/1100000000 loss=5.1275 lr=0.000293 tok/s=41,373 eta=23489.082807881096
step=979 tokens=128319488/1100000000 loss=5.0826 lr=0.000293 tok/s=41,411 eta=23464.310405844084
step=980 tokens=128450560/1100000000 loss=5.1478 lr=0.000293 tok/s=41,586 eta=23362.211596803823
step=981 tokens=128581632/1100000000 loss=5.0906 lr=0.000293 tok/s=41,201 eta=23577.58404426128
step=982 tokens=128712704/1100000000 loss=5.0531 lr=0.000293 tok/s=41,228 eta=23558.959294664073
step=983 tokens=128843776/1100000000 loss=5.1050 lr=0.000293 tok/s=41,365 eta=23477.563760818506
step=984 tokens=128974848/1100000000 loss=5.1250 lr=0.000293 tok/s=41,442 eta=23431.169714914013
step=985 tokens=129105920/1100000000 loss=5.0922 lr=0.000293 tok/s=41,244 eta=23540.063591921677
step=986 tokens=129236992/1100000000 loss=5.1452 lr=0.000293 tok/s=41,696 eta=23281.70552477548
step=987 tokens=129368064/1100000000 loss=5.1515 lr=0.000293 tok/s=41,216 eta=23549.765578715993
step=988 tokens=129499136/1100000000 loss=5.1033 lr=0.000293 tok/s=41,485 eta=23394.10592499528
step=989 tokens=129630208/1100000000 loss=5.0343 lr=0.000293 tok/s=41,330 eta=23478.791942543532
step=990 tokens=129761280/1100000000 loss=5.0474 lr=0.000293 tok/s=41,544 eta=23354.469500066258
step=991 tokens=129892352/1100000000 loss=5.1190 lr=0.000293 tok/s=41,404 eta=23430.132638396415
step=992 tokens=130023424/1100000000 loss=5.0691 lr=0.000293 tok/s=30,240 eta=32076.426969212713
step=993 tokens=130154496/1100000000 loss=5.3633 lr=0.000293 tok/s=41,572 eta=23329.30784300567
step=994 tokens=130285568/1100000000 loss=5.2725 lr=0.000293 tok/s=41,420 eta=23411.555465575788
step=995 tokens=130416640/1100000000 loss=5.1702 lr=0.000293 tok/s=41,146 eta=23564.257050687957
step=996 tokens=130547712/1100000000 loss=5.1564 lr=0.000293 tok/s=41,448 eta=23389.506321480894
step=997 tokens=130678784/1100000000 loss=5.0947 lr=0.000293 tok/s=41,384 eta=23422.4279085342
step=998 tokens=130809856/1100000000 loss=5.0009 lr=0.000293 tok/s=41,265 eta=23486.736234426466
step=999 tokens=130940928/1100000000 loss=4.9765 lr=0.000293 tok/s=41,277 eta=23476.961368535
step=1000 tokens=131072000/1100000000 loss=4.9641 lr=0.000293 tok/s=41,280 eta=23472.35970579498
step=1001 tokens=131203072/1100000000 loss=5.0162 lr=0.000293 tok/s=41,526 eta=23329.782963445552
step=1002 tokens=131334144/1100000000 loss=5.0010 lr=0.000293 tok/s=41,126 eta=23553.821386567506
step=1003 tokens=131465216/1100000000 loss=4.9131 lr=0.000293 tok/s=41,243 eta=23483.61973975237
step=1004 tokens=131596288/1100000000 loss=4.9344 lr=0.000293 tok/s=41,072 eta=23578.000834820443
step=1005 tokens=131727360/1100000000 loss=4.9344 lr=0.000293 tok/s=41,180 eta=23513.245141733718
step=1006 tokens=131858432/1100000000 loss=4.8921 lr=0.000293 tok/s=41,302 eta=23440.82661130081
step=1007 tokens=131989504/1100000000 loss=4.9086 lr=0.000293 tok/s=41,319 eta=23427.52012716539
step=1008 tokens=132120576/1100000000 loss=4.9246 lr=0.000293 tok/s=41,246 eta=23466.022201172073
step=1009 tokens=132251648/1100000000 loss=4.9041 lr=0.000293 tok/s=41,239 eta=23466.603931604408
step=1010 tokens=132382720/1100000000 loss=4.9257 lr=0.000293 tok/s=41,257 eta=23453.572166007496
step=1011 tokens=132513792/1100000000 loss=4.8598 lr=0.000293 tok/s=41,581 eta=23267.44449904143
step=1012 tokens=132644864/1100000000 loss=4.8832 lr=0.000293 tok/s=41,304 eta=23420.541836508317
step=1013 tokens=132775936/1100000000 loss=4.8905 lr=0.000293 tok/s=41,366 eta=23381.891239394812
step=1014 tokens=132907008/1100000000 loss=4.7911 lr=0.000293 tok/s=41,283 eta=23426.11936651709
step=1015 tokens=133038080/1100000000 loss=4.8403 lr=0.000293 tok/s=41,185 eta=23478.336176249013
step=1016 tokens=133169152/1100000000 loss=4.8458 lr=0.000293 tok/s=41,434 eta=23334.19856175347
step=1017 tokens=133300224/1100000000 loss=4.8529 lr=0.000293 tok/s=41,325 eta=23392.463129398242
step=1018 tokens=133431296/1100000000 loss=4.8698 lr=0.000293 tok/s=41,597 eta=23236.358994733448
step=1019 tokens=133562368/1100000000 loss=4.8311 lr=0.000293 tok/s=41,238 eta=23435.57718349158
step=1020 tokens=133693440/1100000000 loss=4.8559 lr=0.000293 tok/s=41,516 eta=23275.578187245555
step=1021 tokens=133824512/1100000000 loss=4.8537 lr=0.000293 tok/s=41,495 eta=23284.062450414054
step=1022 tokens=133955584/1100000000 loss=4.8416 lr=0.000293 tok/s=41,727 eta=23151.55124011532
step=1023 tokens=134086656/1100000000 loss=4.9199 lr=0.000293 tok/s=41,518 eta=23265.13207820125
step=1024 tokens=134217728/1100000000 loss=4.8918 lr=0.000293 tok/s=41,475 eta=23286.013761842012
step=1025 tokens=134348800/1100000000 loss=5.6258 lr=0.000293 tok/s=41,242 eta=23414.03279552376
step=1026 tokens=134479872/1100000000 loss=5.4648 lr=0.000293 tok/s=41,535 eta=23246.177210510148
step=1027 tokens=134610944/1100000000 loss=5.4722 lr=0.000293 tok/s=41,728 eta=23135.032542308385
step=1028 tokens=134742016/1100000000 loss=5.4409 lr=0.000293 tok/s=41,597 eta=23204.739368
step=1029 tokens=134873088/1100000000 loss=5.3391 lr=0.000293 tok/s=41,664 eta=23164.5842946299
step=1030 tokens=135004160/1100000000 loss=5.2538 lr=0.000293 tok/s=41,628 eta=23181.239656842856
step=1031 tokens=135135232/1100000000 loss=5.2640 lr=0.000292 tok/s=41,550 eta=23221.67707661102
step=1032 tokens=135266304/1100000000 loss=5.2946 lr=0.000292 tok/s=41,592 eta=23195.328821429077
step=1033 tokens=135397376/1100000000 loss=5.3951 lr=0.000292 tok/s=41,576 eta=23200.885776626328
step=1034 tokens=135528448/1100000000 loss=5.2973 lr=0.000292 tok/s=41,696 eta=23131.063740463942
step=1035 tokens=135659520/1100000000 loss=5.1997 lr=0.000292 tok/s=41,566 eta=23200.14099624487
step=1036 tokens=135790592/1100000000 loss=5.1797 lr=0.000292 tok/s=41,552 eta=23204.607726887414
step=1037 tokens=135921664/1100000000 loss=5.2291 lr=0.000292 tok/s=41,857 eta=23032.784632075847
step=1038 tokens=136052736/1100000000 loss=5.1275 lr=0.000292 tok/s=41,648 eta=23145.022188834293
step=1039 tokens=136183808/1100000000 loss=5.1706 lr=0.000292 tok/s=41,715 eta=23104.869077726777
step=1040 tokens=136314880/1100000000 loss=5.1271 lr=0.000292 tok/s=41,634 eta=23146.698100295893
step=1041 tokens=136445952/1100000000 loss=5.1819 lr=0.000292 tok/s=41,544 eta=23193.594161710473
step=1042 tokens=136577024/1100000000 loss=5.1708 lr=0.000292 tok/s=41,780 eta=23059.50061704127
step=1043 tokens=136708096/1100000000 loss=5.1528 lr=0.000292 tok/s=41,693 eta=23104.672569242855
step=1044 tokens=136839168/1100000000 loss=5.1431 lr=0.000292 tok/s=41,531 eta=23191.394389529694
step=1045 tokens=136970240/1100000000 loss=5.1477 lr=0.000292 tok/s=41,674 eta=23108.508119044596
step=1046 tokens=137101312/1100000000 loss=5.0827 lr=0.000292 tok/s=41,581 eta=23157.013531765893
checkpoint saved: runs/20260905-021323/checkpoints/step_000001046 (time)
step=1047 tokens=137232384/1100000000 loss=5.1677 lr=0.000292 tok/s=33,355 eta=28863.97260491879
step=1048 tokens=137363456/1100000000 loss=5.1186 lr=0.000292 tok/s=41,930 eta=22958.317345965974
step=1049 tokens=137494528/1100000000 loss=5.1355 lr=0.000292 tok/s=41,685 eta=23090.02416870126
step=1050 tokens=137625600/1100000000 loss=5.1080 lr=0.000292 tok/s=41,610 eta=23128.230836183244
step=1051 tokens=137756672/1100000000 loss=5.1093 lr=0.000292 tok/s=41,591 eta=23135.892244356834
step=1052 tokens=137887744/1100000000 loss=5.1222 lr=0.000292 tok/s=41,705 eta=23069.25391663399
step=1053 tokens=138018816/1100000000 loss=5.0948 lr=0.000292 tok/s=41,608 eta=23119.95923778359
step=1054 tokens=138149888/1100000000 loss=5.0874 lr=0.000292 tok/s=41,610 eta=23115.961354762858
step=1055 tokens=138280960/1100000000 loss=5.1203 lr=0.000292 tok/s=41,640 eta=23096.05125585087
step=1056 tokens=138412032/1100000000 loss=5.1136 lr=0.000292 tok/s=41,627 eta=23099.85597920944
step=1057 tokens=138543104/1100000000 loss=5.0998 lr=0.000292 tok/s=41,576 eta=23125.16982815253
step=1058 tokens=138674176/1100000000 loss=5.1024 lr=0.000292 tok/s=41,721 eta=23041.594941661686
step=1059 tokens=138805248/1100000000 loss=5.0911 lr=0.000292 tok/s=41,641 eta=23082.67587591027
step=1060 tokens=138936320/1100000000 loss=5.0846 lr=0.000292 tok/s=41,514 eta=23150.12171380209
step=1061 tokens=139067392/1100000000 loss=5.1006 lr=0.000292 tok/s=41,736 eta=23024.203695209944
step=1062 tokens=139198464/1100000000 loss=5.1583 lr=0.000292 tok/s=41,664 eta=23060.964499081038
step=1063 tokens=139329536/1100000000 loss=5.1265 lr=0.000292 tok/s=41,546 eta=23122.835224865972
step=1064 tokens=139460608/1100000000 loss=5.1435 lr=0.000292 tok/s=41,364 eta=23221.882625945782
step=1065 tokens=139591680/1100000000 loss=5.0686 lr=0.000292 tok/s=41,488 eta=23149.09263930934
step=1066 tokens=139722752/1100000000 loss=5.0270 lr=0.000292 tok/s=41,501 eta=23138.74846844249
step=1067 tokens=139853824/1100000000 loss=5.1133 lr=0.000292 tok/s=41,434 eta=23172.801343108073
step=1068 tokens=139984896/1100000000 loss=5.0540 lr=0.000292 tok/s=41,367 eta=23207.18075778607
step=1069 tokens=140115968/1100000000 loss=5.1271 lr=0.000292 tok/s=30,043 eta=31950.555553547405
step=1070 tokens=140247040/1100000000 loss=5.0778 lr=0.000292 tok/s=41,095 eta=23354.511495779057
step=1071 tokens=140378112/1100000000 loss=5.0696 lr=0.000292 tok/s=41,470 eta=23140.38727194693
step=1072 tokens=140509184/1100000000 loss=5.0709 lr=0.000292 tok/s=41,624 eta=23051.29155240838
step=1073 tokens=140640256/1100000000 loss=5.0607 lr=0.000292 tok/s=41,833 eta=22933.15429471246
step=1074 tokens=140771328/1100000000 loss=5.0849 lr=0.000292 tok/s=41,543 eta=23090.18287013402
step=1075 tokens=140902400/1100000000 loss=5.1210 lr=0.000292 tok/s=41,634 eta=23036.63247875193
step=1076 tokens=141033472/1100000000 loss=5.0690 lr=0.000292 tok/s=41,682 eta=23006.88358994796
step=1077 tokens=141164544/1100000000 loss=5.1030 lr=0.000292 tok/s=41,660 eta=23015.830089398263
step=1078 tokens=141295616/1100000000 loss=5.0617 lr=0.000292 tok/s=41,618 eta=23036.00003254108
step=1079 tokens=141426688/1100000000 loss=5.0354 lr=0.000292 tok/s=41,564 eta=23062.337158348262
step=1080 tokens=141557760/1100000000 loss=5.1028 lr=0.000292 tok/s=41,532 eta=23077.476572454412
step=1081 tokens=141688832/1100000000 loss=5.0827 lr=0.000292 tok/s=41,815 eta=22917.694190408252
step=1082 tokens=141819904/1100000000 loss=5.0315 lr=0.000292 tok/s=41,596 eta=23035.38565115537
step=1083 tokens=141950976/1100000000 loss=4.9948 lr=0.000292 tok/s=41,544 eta=23060.84148550287
step=1084 tokens=142082048/1100000000 loss=5.0390 lr=0.000292 tok/s=41,665 eta=22991.14675015806
step=1085 tokens=142213120/1100000000 loss=5.0151 lr=0.000292 tok/s=41,571 eta=23039.816933685506
step=1086 tokens=142344192/1100000000 loss=5.0596 lr=0.000292 tok/s=41,590 eta=23026.345942562562
step=1087 tokens=142475264/1100000000 loss=5.0103 lr=0.000292 tok/s=41,520 eta=23061.87979378092
step=1088 tokens=142606336/1100000000 loss=5.0542 lr=0.000292 tok/s=41,442 eta=23102.059515845594
step=1089 tokens=142737408/1100000000 loss=5.0120 lr=0.000291 tok/s=41,555 eta=23035.781125731835
step=1090 tokens=142868480/1100000000 loss=5.0421 lr=0.000291 tok/s=41,601 eta=23007.45903300391
step=1091 tokens=142999552/1100000000 loss=5.0567 lr=0.000291 tok/s=41,542 eta=23036.839449085128
step=1092 tokens=143130624/1100000000 loss=5.0008 lr=0.000291 tok/s=41,462 eta=23078.43594018255
step=1093 tokens=143261696/1100000000 loss=5.0976 lr=0.000291 tok/s=41,385 eta=23118.10170172439
step=1094 tokens=143392768/1100000000 loss=5.2988 lr=0.000291 tok/s=41,279 eta=23174.43237089796
step=1095 tokens=143523840/1100000000 loss=5.0000 lr=0.000291 tok/s=41,348 eta=23132.55468507066
step=1096 tokens=143654912/1100000000 loss=5.0112 lr=0.000291 tok/s=41,224 eta=23198.69362608384
step=1097 tokens=143785984/1100000000 loss=5.0392 lr=0.000291 tok/s=41,276 eta=23166.10936324736
step=1098 tokens=143917056/1100000000 loss=5.0949 lr=0.000291 tok/s=41,492 eta=23042.48723251212
step=1099 tokens=144048128/1100000000 loss=5.0028 lr=0.000291 tok/s=41,277 eta=23159.400387552017
step=1100 tokens=144179200/1100000000 loss=4.9762 lr=0.000291 tok/s=41,356 eta=23111.8818156789
step=1101 tokens=144310272/1100000000 loss=5.0155 lr=0.000291 tok/s=41,210 eta=23190.54833817306
step=1102 tokens=144441344/1100000000 loss=5.2217 lr=0.000291 tok/s=41,276 eta=23150.30819328707
step=1103 tokens=144572416/1100000000 loss=5.0185 lr=0.000291 tok/s=41,174 eta=23204.50558157576
step=1104 tokens=144703488/1100000000 loss=5.0500 lr=0.000291 tok/s=41,373 eta=23089.851747025175
step=1105 tokens=144834560/1100000000 loss=5.0362 lr=0.000291 tok/s=41,228 eta=23167.789444455022
step=1106 tokens=144965632/1100000000 loss=4.9956 lr=0.000291 tok/s=41,362 eta=23089.703029089887
step=1107 tokens=145096704/1100000000 loss=5.0773 lr=0.000291 tok/s=41,408 eta=23060.613488282084
step=1108 tokens=145227776/1100000000 loss=5.0260 lr=0.000291 tok/s=41,455 eta=23031.7329193958
step=1109 tokens=145358848/1100000000 loss=5.0084 lr=0.000291 tok/s=41,334 eta=23095.61164229105
step=1110 tokens=145489920/1100000000 loss=5.0073 lr=0.000291 tok/s=41,516 eta=22991.642835427007
step=1111 tokens=145620992/1100000000 loss=4.9736 lr=0.000291 tok/s=41,425 eta=23038.451042415727
step=1112 tokens=145752064/1100000000 loss=5.0043 lr=0.000291 tok/s=41,432 eta=23031.409705094462
step=1113 tokens=145883136/1100000000 loss=4.9601 lr=0.000291 tok/s=41,345 eta=23076.724339173674
step=1114 tokens=146014208/1100000000 loss=4.9671 lr=0.000291 tok/s=41,293 eta=23103.058570261677
step=1115 tokens=146145280/1100000000 loss=5.1134 lr=0.000291 tok/s=41,337 eta=23075.205408152167
step=1116 tokens=146276352/1100000000 loss=5.0341 lr=0.000291 tok/s=41,396 eta=23038.95564843311
step=1117 tokens=146407424/1100000000 loss=5.0410 lr=0.000291 tok/s=41,362 eta=23054.823971393496
step=1118 tokens=146538496/1100000000 loss=5.0339 lr=0.000291 tok/s=41,188 eta=23149.00714599146
step=1119 tokens=146669568/1100000000 loss=5.0216 lr=0.000291 tok/s=41,209 eta=23134.275395350876
step=1120 tokens=146800640/1100000000 loss=5.0007 lr=0.000291 tok/s=41,348 eta=23053.045318694003
step=1121 tokens=146931712/1100000000 loss=5.0437 lr=0.000291 tok/s=41,505 eta=22962.705591085334
step=1122 tokens=147062784/1100000000 loss=4.9994 lr=0.000291 tok/s=41,174 eta=23144.12837268671
step=1123 tokens=147193856/1100000000 loss=4.9405 lr=0.000291 tok/s=41,186 eta=23134.377251503018
step=1124 tokens=147324928/1100000000 loss=5.0397 lr=0.000291 tok/s=41,340 eta=23044.760401588566
step=1125 tokens=147456000/1100000000 loss=4.8971 lr=0.000291 tok/s=41,365 eta=23027.633018643002
step=1126 tokens=147587072/1100000000 loss=4.9947 lr=0.000291 tok/s=41,372 eta=23020.653700279356
step=1127 tokens=147718144/1100000000 loss=4.9092 lr=0.000291 tok/s=41,196 eta=23115.697560996632
step=1128 tokens=147849216/1100000000 loss=5.1056 lr=0.000291 tok/s=41,209 eta=23105.55739811308
step=1129 tokens=147980288/1100000000 loss=4.9239 lr=0.000291 tok/s=41,065 eta=23182.967020945303
step=1130 tokens=148111360/1100000000 loss=4.9846 lr=0.000291 tok/s=41,305 eta=23045.461213019255
step=1131 tokens=148242432/1100000000 loss=4.9586 lr=0.000291 tok/s=41,235 eta=23081.367816852046
step=1132 tokens=148373504/1100000000 loss=4.9800 lr=0.000291 tok/s=41,135 eta=23133.97590010783
step=1133 tokens=148504576/1100000000 loss=5.0267 lr=0.000291 tok/s=41,220 eta=23083.29325080083
step=1134 tokens=148635648/1100000000 loss=4.9411 lr=0.000291 tok/s=41,423 eta=22967.176617924255
step=1135 tokens=148766720/1100000000 loss=4.9731 lr=0.000291 tok/s=41,173 eta=23103.320494228654
step=1136 tokens=148897792/1100000000 loss=5.0141 lr=0.000291 tok/s=41,578 eta=22875.244501897345
step=1137 tokens=149028864/1100000000 loss=5.0076 lr=0.000291 tok/s=41,530 eta=22898.371152579166
step=1138 tokens=149159936/1100000000 loss=5.0829 lr=0.000291 tok/s=41,456 eta=22936.036412813926
step=1139 tokens=149291008/1100000000 loss=5.1087 lr=0.000291 tok/s=41,324 eta=23006.450993853632
step=1140 tokens=149422080/1100000000 loss=5.1232 lr=0.000291 tok/s=41,485 eta=22913.86425290082
step=1141 tokens=149553152/1100000000 loss=4.9380 lr=0.000291 tok/s=41,549 eta=22875.334100370077
step=1142 tokens=149684224/1100000000 loss=5.0088 lr=0.000291 tok/s=41,578 eta=22856.019171136035
step=1143 tokens=149815296/1100000000 loss=5.0299 lr=0.00029 tok/s=41,703 eta=22784.558861354024
step=1144 tokens=149946368/1100000000 loss=4.9950 lr=0.00029 tok/s=41,367 eta=22966.406238495245
step=1145 tokens=150077440/1100000000 loss=4.9740 lr=0.00029 tok/s=30,071 eta=31588.937084638634
checkpoint saved: runs/20260905-021323/checkpoints/tokens_000150m (permanent_tokens)
step=1146 tokens=150208512/1100000000 loss=5.0094 lr=0.00029 tok/s=33,552 eta=28307.97789734086
step=1147 tokens=150339584/1100000000 loss=5.0365 lr=0.00029 tok/s=41,765 eta=22738.211957769177
step=1148 tokens=150470656/1100000000 loss=4.8025 lr=0.00029 tok/s=41,740 eta=22748.601042942395
step=1149 tokens=150601728/1100000000 loss=4.9593 lr=0.00029 tok/s=41,844 eta=22689.197145806032
step=1150 tokens=150732800/1100000000 loss=4.9969 lr=0.00029 tok/s=41,721 eta=22752.661212333038
step=1151 tokens=150863872/1100000000 loss=4.9640 lr=0.00029 tok/s=41,560 eta=22837.472060100637
step=1152 tokens=150994944/1100000000 loss=4.9612 lr=0.00029 tok/s=41,634 eta=22794.113190230277
step=1153 tokens=151126016/1100000000 loss=4.8897 lr=0.00029 tok/s=41,629 eta=22793.607529603814
step=1154 tokens=151257088/1100000000 loss=5.0438 lr=0.00029 tok/s=41,797 eta=22698.82510337109
step=1155 tokens=151388160/1100000000 loss=4.9945 lr=0.00029 tok/s=41,655 eta=22773.199490277042
step=1156 tokens=151519232/1100000000 loss=4.9775 lr=0.00029 tok/s=41,429 eta=22894.080001148264
step=1157 tokens=151650304/1100000000 loss=4.9183 lr=0.00029 tok/s=41,228 eta=23002.72705475224
step=1158 tokens=151781376/1100000000 loss=4.9214 lr=0.00029 tok/s=41,231 eta=22997.724188153315
step=1159 tokens=151912448/1100000000 loss=4.8541 lr=0.00029 tok/s=41,432 eta=22882.788212663625
step=1160 tokens=152043520/1100000000 loss=4.8640 lr=0.00029 tok/s=41,464 eta=22861.96771695954
step=1161 tokens=152174592/1100000000 loss=4.8730 lr=0.00029 tok/s=41,269 eta=22966.77459227091
step=1162 tokens=152305664/1100000000 loss=4.7824 lr=0.00029 tok/s=41,357 eta=22915.168252759187
step=1163 tokens=152436736/1100000000 loss=4.7948 lr=0.00029 tok/s=41,628 eta=22762.44890617552
step=1164 tokens=152567808/1100000000 loss=4.7719 lr=0.00029 tok/s=41,439 eta=22863.42175228514
step=1165 tokens=152698880/1100000000 loss=4.7559 lr=0.00029 tok/s=41,481 eta=22836.793746397812
step=1166 tokens=152829952/1100000000 loss=4.7398 lr=0.00029 tok/s=41,117 eta=23036.087219942026
step=1167 tokens=152961024/1100000000 loss=4.7430 lr=0.00029 tok/s=41,285 eta=22939.307056138867
step=1168 tokens=153092096/1100000000 loss=4.7044 lr=0.00029 tok/s=40,989 eta=23101.548293227755
step=1169 tokens=153223168/1100000000 loss=4.6935 lr=0.00029 tok/s=41,158 eta=23003.304609092433
step=1170 tokens=153354240/1100000000 loss=4.6936 lr=0.00029 tok/s=41,177 eta=22989.740947408784
step=1171 tokens=153485312/1100000000 loss=4.6518 lr=0.00029 tok/s=41,432 eta=22844.90906097583
step=1172 tokens=153616384/1100000000 loss=4.6772 lr=0.00029 tok/s=41,192 eta=22974.728450585375
step=1173 tokens=153747456/1100000000 loss=4.6350 lr=0.00029 tok/s=41,128 eta=23007.74204118574
step=1174 tokens=153878528/1100000000 loss=4.6444 lr=0.00029 tok/s=40,972 eta=23091.935480832515
step=1175 tokens=154009600/1100000000 loss=4.6244 lr=0.00029 tok/s=40,930 eta=23112.561453798204
step=1176 tokens=154140672/1100000000 loss=4.6062 lr=0.00029 tok/s=40,887 eta=23133.606205884284
step=1177 tokens=154271744/1100000000 loss=4.6202 lr=0.00029 tok/s=41,299 eta=22899.49148469723
step=1178 tokens=154402816/1100000000 loss=4.6284 lr=0.00029 tok/s=40,970 eta=23079.995971951914
step=1179 tokens=154533888/1100000000 loss=4.5455 lr=0.00029 tok/s=41,316 eta=22883.65866489025
step=1180 tokens=154664960/1100000000 loss=4.5945 lr=0.00029 tok/s=41,359 eta=22856.70273171056
step=1181 tokens=154796032/1100000000 loss=4.5878 lr=0.00029 tok/s=41,424 eta=22817.602137367357
step=1182 tokens=154927104/1100000000 loss=4.5563 lr=0.00029 tok/s=41,402 eta=22826.49230805029
step=1183 tokens=155058176/1100000000 loss=4.5596 lr=0.00029 tok/s=41,085 eta=22999.7812847776
step=1184 tokens=155189248/1100000000 loss=4.5199 lr=0.00029 tok/s=41,211 eta=22926.227568026323
step=1185 tokens=155320320/1100000000 loss=4.4946 lr=0.00029 tok/s=41,514 eta=22755.834509831893
step=1186 tokens=155451392/1100000000 loss=4.7520 lr=0.00029 tok/s=41,428 eta=22799.814083432328
step=1187 tokens=155582464/1100000000 loss=5.0181 lr=0.00029 tok/s=41,433 eta=22793.91153602354
step=1188 tokens=155713536/1100000000 loss=4.9641 lr=0.00029 tok/s=41,377 eta=22821.41607988142
step=1189 tokens=155844608/1100000000 loss=4.9885 lr=0.00029 tok/s=41,190 eta=22922.05402851802
step=1190 tokens=155975680/1100000000 loss=4.9679 lr=0.00029 tok/s=41,424 eta=22789.459013900596
step=1191 tokens=156106752/1100000000 loss=4.8946 lr=0.00029 tok/s=41,389 eta=22805.549720564646
step=1192 tokens=156237824/1100000000 loss=4.9276 lr=0.00029 tok/s=41,720 eta=22621.338593831155
step=1193 tokens=156368896/1100000000 loss=4.9726 lr=0.00029 tok/s=41,377 eta=22805.577069848383
step=1194 tokens=156499968/1100000000 loss=4.9023 lr=0.000289 tok/s=41,453 eta=22760.81789451693
step=1195 tokens=156631040/1100000000 loss=4.9243 lr=0.000289 tok/s=41,319 eta=22831.62185991884
step=1196 tokens=156762112/1100000000 loss=4.9653 lr=0.000289 tok/s=41,548 eta=22702.30162684038
step=1197 tokens=156893184/1100000000 loss=4.9354 lr=0.000289 tok/s=41,202 eta=22889.608903101936
step=1198 tokens=157024256/1100000000 loss=4.8678 lr=0.000289 tok/s=41,116 eta=22934.428066582423
step=1199 tokens=157155328/1100000000 loss=4.8851 lr=0.000289 tok/s=41,042 eta=22972.64659041529
step=1200 tokens=157286400/1100000000 loss=4.8554 lr=0.000289 tok/s=41,409 eta=22765.857547617856
step=1201 tokens=157417472/1100000000 loss=4.8980 lr=0.000289 tok/s=41,556 eta=22682.446184764554
step=1202 tokens=157548544/1100000000 loss=4.9020 lr=0.000289 tok/s=41,380 eta=22775.675729082144
step=1203 tokens=157679616/1100000000 loss=4.8611 lr=0.000289 tok/s=41,298 eta=22817.78575822074
step=1204 tokens=157810688/1100000000 loss=4.9162 lr=0.000289 tok/s=41,433 eta=22739.979013276985
step=1205 tokens=157941760/1100000000 loss=4.8280 lr=0.000289 tok/s=41,199 eta=22865.845768005107
step=1206 tokens=158072832/1100000000 loss=4.8859 lr=0.000289 tok/s=41,345 eta=22782.048912874285
step=1207 tokens=158203904/1100000000 loss=4.8363 lr=0.000289 tok/s=41,232 eta=22841.266311376807
step=1208 tokens=158334976/1100000000 loss=4.7754 lr=0.000289 tok/s=41,171 eta=22871.999534889535
step=1209 tokens=158466048/1100000000 loss=4.8060 lr=0.000289 tok/s=41,492 eta=22691.97351488179
step=1210 tokens=158597120/1100000000 loss=4.7914 lr=0.000289 tok/s=41,513 eta=22677.46638021162
step=1211 tokens=158728192/1100000000 loss=4.7940 lr=0.000289 tok/s=41,639 eta=22605.44353974302
step=1212 tokens=158859264/1100000000 loss=4.8509 lr=0.000289 tok/s=41,412 eta=22726.097092445096
step=1213 tokens=158990336/1100000000 loss=4.8701 lr=0.000289 tok/s=41,065 eta=22914.898870876972
step=1214 tokens=159121408/1100000000 loss=4.7978 lr=0.000289 tok/s=41,177 eta=22849.43111082352
step=1215 tokens=159252480/1100000000 loss=4.7846 lr=0.000289 tok/s=41,310 eta=22772.96818109862
step=1216 tokens=159383552/1100000000 loss=4.8457 lr=0.000289 tok/s=41,304 eta=22773.046905928084
step=1217 tokens=159514624/1100000000 loss=4.8263 lr=0.000289 tok/s=41,541 eta=22639.85424013677
step=1218 tokens=159645696/1100000000 loss=4.9259 lr=0.000289 tok/s=41,321 eta=22757.550239289238
step=1219 tokens=159776768/1100000000 loss=4.8966 lr=0.000289 tok/s=41,497 eta=22657.675851352782
step=1220 tokens=159907840/1100000000 loss=4.8587 lr=0.000289 tok/s=41,673 eta=22558.70888644915
step=1221 tokens=160038912/1100000000 loss=4.8925 lr=0.000289 tok/s=30,042 eta=31287.872677226096
step=1222 tokens=160169984/1100000000 loss=4.8938 lr=0.000289 tok/s=41,349 eta=22729.214277695693
step=1223 tokens=160301056/1100000000 loss=4.8721 lr=0.000289 tok/s=41,524 eta=22630.030216088322
step=1224 tokens=160432128/1100000000 loss=4.8998 lr=0.000289 tok/s=41,550 eta=22613.19066732898
step=1225 tokens=160563200/1100000000 loss=4.8405 lr=0.000289 tok/s=41,728 eta=22513.115103219694
step=1226 tokens=160694272/1100000000 loss=4.9066 lr=0.000289 tok/s=41,505 eta=22631.13657960742
step=1227 tokens=160825344/1100000000 loss=4.9249 lr=0.000289 tok/s=41,468 eta=22648.25137913227
step=1228 tokens=160956416/1100000000 loss=4.9038 lr=0.000289 tok/s=41,428 eta=22666.890979433352
step=1229 tokens=161087488/1100000000 loss=4.9520 lr=0.000289 tok/s=41,587 eta=22577.318451563024
step=1230 tokens=161218560/1100000000 loss=4.8861 lr=0.000289 tok/s=41,249 eta=22759.080578143326
step=1231 tokens=161349632/1100000000 loss=4.8719 lr=0.000289 tok/s=41,323 eta=22714.88689654248
step=1232 tokens=161480704/1100000000 loss=4.8628 lr=0.000289 tok/s=41,403 eta=22667.72514739008
step=1233 tokens=161611776/1100000000 loss=4.8194 lr=0.000289 tok/s=41,398 eta=22667.658028651273
step=1234 tokens=161742848/1100000000 loss=4.8582 lr=0.000289 tok/s=41,670 eta=22516.539862844824
step=1235 tokens=161873920/1100000000 loss=4.7920 lr=0.000289 tok/s=41,448 eta=22633.781815461
step=1236 tokens=162004992/1100000000 loss=4.8176 lr=0.000289 tok/s=41,467 eta=22620.131773274006
step=1237 tokens=162136064/1100000000 loss=4.8035 lr=0.000289 tok/s=41,358 eta=22676.59396263894
step=1238 tokens=162267136/1100000000 loss=4.8615 lr=0.000289 tok/s=41,427 eta=22635.836834569272
step=1239 tokens=162398208/1100000000 loss=4.8778 lr=0.000289 tok/s=41,270 eta=22718.830946152902
step=1240 tokens=162529280/1100000000 loss=4.8319 lr=0.000289 tok/s=41,416 eta=22635.691995821686
step=1241 tokens=162660352/1100000000 loss=4.7847 lr=0.000289 tok/s=41,400 eta=22641.297929965036
step=1242 tokens=162791424/1100000000 loss=4.7701 lr=0.000289 tok/s=41,451 eta=22609.960283300286
step=1243 tokens=162922496/1100000000 loss=4.8746 lr=0.000289 tok/s=41,544 eta=22556.102821974848
step=1244 tokens=163053568/1100000000 loss=4.9034 lr=0.000288 tok/s=41,329 eta=22670.226898439225
step=1245 tokens=163184640/1100000000 loss=4.8689 lr=0.000288 tok/s=41,335 eta=22663.77224898528
step=1246 tokens=163315712/1100000000 loss=4.7626 lr=0.000288 tok/s=41,388 eta=22631.63346481164
step=1247 tokens=163446784/1100000000 loss=4.7897 lr=0.000288 tok/s=41,340 eta=22654.681314671037
step=1248 tokens=163577856/1100000000 loss=4.8583 lr=0.000288 tok/s=41,544 eta=22540.46891894229
step=1249 tokens=163708928/1100000000 loss=4.8461 lr=0.000288 tok/s=41,534 eta=22542.61213785794
step=1250 tokens=163840000/1100000000 loss=4.8097 lr=0.000288 tok/s=41,433 eta=22594.36348245637
step=1251 tokens=163971072/1100000000 loss=4.8117 lr=0.000288 tok/s=41,531 eta=22538.255210936055
step=1252 tokens=164102144/1100000000 loss=4.8211 lr=0.000288 tok/s=41,313 eta=22653.933133061928
step=1253 tokens=164233216/1100000000 loss=4.8000 lr=0.000288 tok/s=41,295 eta=22660.582943041118
step=1254 tokens=164364288/1100000000 loss=4.8187 lr=0.000288 tok/s=41,309 eta=22649.62972502789
step=1255 tokens=164495360/1100000000 loss=4.8035 lr=0.000288 tok/s=41,249 eta=22679.601647407133
step=1256 tokens=164626432/1100000000 loss=4.8116 lr=0.000288 tok/s=41,439 eta=22572.443435204415
step=1257 tokens=164757504/1100000000 loss=4.8036 lr=0.000288 tok/s=41,445 eta=22565.994576049983
step=1258 tokens=164888576/1100000000 loss=4.7749 lr=0.000288 tok/s=41,403 eta=22585.68182939815
step=1259 tokens=165019648/1100000000 loss=4.8115 lr=0.000288 tok/s=41,200 eta=22693.862770328073
step=1260 tokens=165150720/1100000000 loss=4.7847 lr=0.000288 tok/s=41,200 eta=22690.6281237742
step=1261 tokens=165281792/1100000000 loss=4.7276 lr=0.000288 tok/s=41,531 eta=22506.579973657146
step=1262 tokens=165412864/1100000000 loss=4.8011 lr=0.000288 tok/s=41,430 eta=22558.33598217909
step=1263 tokens=165543936/1100000000 loss=4.8179 lr=0.000288 tok/s=41,207 eta=22677.353731980096
step=1264 tokens=165675008/1100000000 loss=4.8635 lr=0.000288 tok/s=41,397 eta=22569.92803854752
step=1265 tokens=165806080/1100000000 loss=4.7579 lr=0.000288 tok/s=41,263 eta=22640.09552049813
step=1266 tokens=165937152/1100000000 loss=4.8263 lr=0.000288 tok/s=41,187 eta=22678.656160361228
step=1267 tokens=166068224/1100000000 loss=4.9625 lr=0.000288 tok/s=41,299 eta=22613.659640611313
step=1268 tokens=166199296/1100000000 loss=4.8296 lr=0.000288 tok/s=41,211 eta=22659.1423935432
step=1269 tokens=166330368/1100000000 loss=4.8091 lr=0.000288 tok/s=41,011 eta=22766.295363880894
step=1270 tokens=166461440/1100000000 loss=4.7899 lr=0.000288 tok/s=40,993 eta=22773.043407301167
step=1271 tokens=166592512/1100000000 loss=4.7991 lr=0.000288 tok/s=41,384 eta=22554.52647934129
step=1272 tokens=166723584/1100000000 loss=4.7733 lr=0.000288 tok/s=41,619 eta=22424.42275143575
step=1273 tokens=166854656/1100000000 loss=4.7717 lr=0.000288 tok/s=41,262 eta=22614.98659207866
step=1274 tokens=166985728/1100000000 loss=4.7716 lr=0.000288 tok/s=41,263 eta=22611.24196841135
step=1275 tokens=167116800/1100000000 loss=4.7231 lr=0.000288 tok/s=41,448 eta=22507.44713337827
step=1276 tokens=167247872/1100000000 loss=4.7209 lr=0.000288 tok/s=41,266 eta=22603.57344833824
step=1277 tokens=167378944/1100000000 loss=4.6591 lr=0.000288 tok/s=41,516 eta=22464.028184648083
step=1278 tokens=167510016/1100000000 loss=4.7438 lr=0.000288 tok/s=41,461 eta=22490.578209168867
step=1279 tokens=167641088/1100000000 loss=4.7448 lr=0.000288 tok/s=41,542 eta=22443.51473719256
step=1280 tokens=167772160/1100000000 loss=4.8900 lr=0.000288 tok/s=41,266 eta=22590.89674760977
step=1281 tokens=167903232/1100000000 loss=4.7613 lr=0.000288 tok/s=41,228 eta=22608.17509174838
step=1282 tokens=168034304/1100000000 loss=4.7546 lr=0.000288 tok/s=41,563 eta=22422.987116187265
step=1283 tokens=168165376/1100000000 loss=4.7305 lr=0.000288 tok/s=41,322 eta=22550.496549898588
step=1284 tokens=168296448/1100000000 loss=4.7921 lr=0.000288 tok/s=41,424 eta=22491.823958739846
step=1285 tokens=168427520/1100000000 loss=4.7505 lr=0.000288 tok/s=41,483 eta=22456.852692597833
step=1286 tokens=168558592/1100000000 loss=4.8312 lr=0.000288 tok/s=41,287 eta=22560.032535069062
step=1287 tokens=168689664/1100000000 loss=4.7589 lr=0.000288 tok/s=41,499 eta=22441.502111433194
step=1288 tokens=168820736/1100000000 loss=4.6794 lr=0.000288 tok/s=41,666 eta=22348.67147716333
step=1289 tokens=168951808/1100000000 loss=4.6429 lr=0.000288 tok/s=41,709 eta=22322.347973081825
step=1290 tokens=169082880/1100000000 loss=4.7712 lr=0.000288 tok/s=41,583 eta=22387.042411829698
step=1291 tokens=169213952/1100000000 loss=4.7259 lr=0.000287 tok/s=41,783 eta=22276.485003313737
step=1292 tokens=169345024/1100000000 loss=4.6866 lr=0.000287 tok/s=41,610 eta=22365.887053199498
step=1293 tokens=169476096/1100000000 loss=4.8018 lr=0.000287 tok/s=41,552 eta=22393.94174466562
step=1294 tokens=169607168/1100000000 loss=4.7195 lr=0.000287 tok/s=41,754 eta=22282.7881373711
step=1295 tokens=169738240/1100000000 loss=4.6778 lr=0.000287 tok/s=41,599 eta=22362.609745293124
step=1296 tokens=169869312/1100000000 loss=4.6894 lr=0.000287 tok/s=41,570 eta=22375.19699926775
step=1297 tokens=170000384/1100000000 loss=4.4898 lr=0.000287 tok/s=30,106 eta=30890.41268958797
step=1298 tokens=170131456/1100000000 loss=4.6874 lr=0.000287 tok/s=41,485 eta=22414.628070351206
step=1299 tokens=170262528/1100000000 loss=4.6886 lr=0.000287 tok/s=41,680 eta=22306.59739694211
step=1300 tokens=170393600/1100000000 loss=4.6890 lr=0.000287 tok/s=41,575 eta=22359.53110950639
step=1301 tokens=170524672/1100000000 loss=4.6721 lr=0.000287 tok/s=41,852 eta=22208.60998154235
step=1302 tokens=170655744/1100000000 loss=4.6642 lr=0.000287 tok/s=41,606 eta=22336.550716685426
step=1303 tokens=170786816/1100000000 loss=4.6708 lr=0.000287 tok/s=41,515 eta=22382.472088585644
step=1304 tokens=170917888/1100000000 loss=4.6282 lr=0.000287 tok/s=41,579 eta=22345.176390938243
step=1305 tokens=171048960/1100000000 loss=4.8497 lr=0.000287 tok/s=41,535 eta=22365.492873456806
step=1306 tokens=171180032/1100000000 loss=4.6897 lr=0.000287 tok/s=41,618 eta=22317.899638593113
step=1307 tokens=171311104/1100000000 loss=4.6603 lr=0.000287 tok/s=41,756 eta=22241.06936885247
step=1308 tokens=171442176/1100000000 loss=4.6952 lr=0.000287 tok/s=41,783 eta=22223.382426182226
step=1309 tokens=171573248/1100000000 loss=4.7326 lr=0.000287 tok/s=41,775 eta=22224.673618128443
step=1310 tokens=171704320/1100000000 loss=4.6449 lr=0.000287 tok/s=41,649 eta=22288.524209661722
step=1311 tokens=171835392/1100000000 loss=4.7474 lr=0.000287 tok/s=41,643 eta=22288.568728966686
step=1312 tokens=171966464/1100000000 loss=4.6364 lr=0.000287 tok/s=41,598 eta=22309.544115225664
step=1313 tokens=172097536/1100000000 loss=4.6803 lr=0.000287 tok/s=41,401 eta=22412.691252851575
step=1314 tokens=172228608/1100000000 loss=4.6835 lr=0.000287 tok/s=41,520 eta=22345.025630287324
step=1315 tokens=172359680/1100000000 loss=4.6502 lr=0.000287 tok/s=41,450 eta=22379.955306276897
step=1316 tokens=172490752/1100000000 loss=4.7382 lr=0.000287 tok/s=41,453 eta=22375.220219780484
step=1317 tokens=172621824/1100000000 loss=4.6916 lr=0.000287 tok/s=41,556 eta=22316.09077820459
step=1318 tokens=172752896/1100000000 loss=4.7746 lr=0.000287 tok/s=41,583 eta=22298.610199657265
step=1319 tokens=172883968/1100000000 loss=4.6591 lr=0.000287 tok/s=41,402 eta=22393.258230657004
step=1320 tokens=173015040/1100000000 loss=4.6848 lr=0.000287 tok/s=41,722 eta=22218.042567029683
step=1321 tokens=173146112/1100000000 loss=4.7199 lr=0.000287 tok/s=41,606 eta=22276.890055853644
step=1322 tokens=173277184/1100000000 loss=4.9183 lr=0.000287 tok/s=41,636 eta=22257.917809636307
step=1323 tokens=173408256/1100000000 loss=4.6902 lr=0.000287 tok/s=41,556 eta=22297.663225886008
step=1324 tokens=173539328/1100000000 loss=4.8047 lr=0.000287 tok/s=41,816 eta=22155.396845170337
step=1325 tokens=173670400/1100000000 loss=4.6762 lr=0.000287 tok/s=41,594 eta=22270.823444799986
step=1326 tokens=173801472/1100000000 loss=4.7658 lr=0.000287 tok/s=41,390 eta=22377.54504092287
step=1327 tokens=173932544/1100000000 loss=4.6899 lr=0.000287 tok/s=41,818 eta=22145.084826422102
step=1328 tokens=174063616/1100000000 loss=4.6985 lr=0.000287 tok/s=41,785 eta=22159.719394968943
step=1329 tokens=174194688/1100000000 loss=4.7307 lr=0.000287 tok/s=41,753 eta=22173.181067177014
step=1330 tokens=174325760/1100000000 loss=4.5550 lr=0.000287 tok/s=41,719 eta=22188.34331065409
step=1331 tokens=174456832/1100000000 loss=4.6097 lr=0.000287 tok/s=41,495 eta=22305.09643676004
step=1332 tokens=174587904/1100000000 loss=4.7963 lr=0.000287 tok/s=41,524 eta=22286.282305790253
step=1333 tokens=174718976/1100000000 loss=4.7362 lr=0.000287 tok/s=41,511 eta=22289.859021190678
step=1334 tokens=174850048/1100000000 loss=4.6058 lr=0.000287 tok/s=41,334 eta=22382.19583756248
step=1335 tokens=174981120/1100000000 loss=4.6954 lr=0.000287 tok/s=41,595 eta=22238.73111146617
step=1336 tokens=175112192/1100000000 loss=4.6623 lr=0.000286 tok/s=41,701 eta=22178.876064184253
step=1337 tokens=175243264/1100000000 loss=4.6986 lr=0.000286 tok/s=41,408 eta=22332.57196439105
step=1338 tokens=175374336/1100000000 loss=4.6870 lr=0.000286 tok/s=41,478 eta=22292.17040829557
step=1339 tokens=175505408/1100000000 loss=4.7070 lr=0.000286 tok/s=41,561 eta=22244.46199841103
step=1340 tokens=175636480/1100000000 loss=4.7417 lr=0.000286 tok/s=41,588 eta=22226.90684504553
step=1341 tokens=175767552/1100000000 loss=4.6364 lr=0.000286 tok/s=41,305 eta=22376.062567714605
step=1342 tokens=175898624/1100000000 loss=4.6372 lr=0.000286 tok/s=41,155 eta=22454.32060195834
step=1343 tokens=176029696/1100000000 loss=4.6802 lr=0.000286 tok/s=41,176 eta=22439.63579073348
step=1344 tokens=176160768/1100000000 loss=4.8308 lr=0.000286 tok/s=41,100 eta=22477.956198296342
step=1345 tokens=176291840/1100000000 loss=4.6220 lr=0.000286 tok/s=41,243 eta=22396.682071878728
step=1346 tokens=176422912/1100000000 loss=4.6165 lr=0.000286 tok/s=41,438 eta=22288.32435249685
step=1347 tokens=176553984/1100000000 loss=4.5834 lr=0.000286 tok/s=41,359 eta=22327.46045625961
step=1348 tokens=176685056/1100000000 loss=4.7160 lr=0.000286 tok/s=41,477 eta=22260.69070731678
step=1349 tokens=176816128/1100000000 loss=4.6322 lr=0.000286 tok/s=41,346 eta=22328.398226407862
step=1350 tokens=176947200/1100000000 loss=4.7067 lr=0.000286 tok/s=41,225 eta=22390.657644754418
step=1351 tokens=177078272/1100000000 loss=4.5193 lr=0.000286 tok/s=41,449 eta=22266.512434338427
step=1352 tokens=177209344/1100000000 loss=4.6156 lr=0.000286 tok/s=41,398 eta=22290.554555145838
step=1353 tokens=177340416/1100000000 loss=4.6171 lr=0.000286 tok/s=41,218 eta=22385.110100946942
step=1354 tokens=177471488/1100000000 loss=4.5859 lr=0.000286 tok/s=41,539 eta=22208.550360648765
step=1355 tokens=177602560/1100000000 loss=4.6366 lr=0.000286 tok/s=41,573 eta=22187.666601894904
step=1356 tokens=177733632/1100000000 loss=4.5914 lr=0.000286 tok/s=41,405 eta=22274.007010996353
step=1357 tokens=177864704/1100000000 loss=4.5741 lr=0.000286 tok/s=41,298 eta=22329.06685715
step=1358 tokens=177995776/1100000000 loss=4.5892 lr=0.000286 tok/s=41,254 eta=22349.66493082657
step=1359 tokens=178126848/1100000000 loss=4.6645 lr=0.000286 tok/s=41,190 eta=22381.078746093335
step=1360 tokens=178257920/1100000000 loss=4.6466 lr=0.000286 tok/s=41,306 eta=22315.05942837555
step=1361 tokens=178388992/1100000000 loss=4.6188 lr=0.000286 tok/s=41,218 eta=22359.415478530966
step=1362 tokens=178520064/1100000000 loss=4.5280 lr=0.000286 tok/s=41,196 eta=22367.97175347978
step=1363 tokens=178651136/1100000000 loss=4.6295 lr=0.000286 tok/s=41,458 eta=22223.415595917846
step=1364 tokens=178782208/1100000000 loss=4.5441 lr=0.000286 tok/s=41,206 eta=22356.311153561048
step=1365 tokens=178913280/1100000000 loss=4.6348 lr=0.000286 tok/s=41,169 eta=22373.2165199844
step=1366 tokens=179044352/1100000000 loss=4.6305 lr=0.000286 tok/s=41,320 eta=22288.305349130533
step=1367 tokens=179175424/1100000000 loss=4.5714 lr=0.000286 tok/s=41,194 eta=22353.5685698813
step=1368 tokens=179306496/1100000000 loss=4.6466 lr=0.000286 tok/s=41,393 eta=22242.575252688435
step=1369 tokens=179437568/1100000000 loss=4.6426 lr=0.000286 tok/s=41,329 eta=22274.021137064636
step=1370 tokens=179568640/1100000000 loss=4.5964 lr=0.000286 tok/s=41,439 eta=22211.579332063204
step=1371 tokens=179699712/1100000000 loss=4.6084 lr=0.000286 tok/s=41,239 eta=22316.455867857945
step=1372 tokens=179830784/1100000000 loss=4.5478 lr=0.000286 tok/s=41,198 eta=22335.18162659658
step=1373 tokens=179961856/1100000000 loss=4.5893 lr=0.000286 tok/s=41,394 eta=22226.48215847562
step=1374 tokens=180092928/1100000000 loss=4.6141 lr=0.000286 tok/s=30,009 eta=30654.09874671272
step=1375 tokens=180224000/1100000000 loss=4.5936 lr=0.000286 tok/s=41,351 eta=22242.906623132018
step=1376 tokens=180355072/1100000000 loss=4.5846 lr=0.000286 tok/s=41,566 eta=22124.839330244562
step=1377 tokens=180486144/1100000000 loss=4.6443 lr=0.000286 tok/s=41,416 eta=22202.12755559632
step=1378 tokens=180617216/1100000000 loss=4.6498 lr=0.000286 tok/s=41,377 eta=22219.552154795518
step=1379 tokens=180748288/1100000000 loss=4.6359 lr=0.000286 tok/s=41,303 eta=22256.28392899035
step=1380 tokens=180879360/1100000000 loss=4.6074 lr=0.000285 tok/s=41,567 eta=22111.843986220345
step=1381 tokens=181010432/1100000000 loss=4.6426 lr=0.000285 tok/s=41,534 eta=22126.14694490395
step=1382 tokens=181141504/1100000000 loss=4.6277 lr=0.000285 tok/s=41,603 eta=22086.383114199853
step=1383 tokens=181272576/1100000000 loss=4.6166 lr=0.000285 tok/s=41,538 eta=22117.74954223157
step=1384 tokens=181403648/1100000000 loss=4.6261 lr=0.000285 tok/s=41,481 eta=22144.77645682832
step=1385 tokens=181534720/1100000000 loss=4.6577 lr=0.000285 tok/s=41,682 eta=22035.310013014685
step=1386 tokens=181665792/1100000000 loss=4.6832 lr=0.000285 tok/s=41,570 eta=22091.24256221234
step=1387 tokens=181796864/1100000000 loss=4.6127 lr=0.000285 tok/s=41,653 eta=22044.118225929655
step=1388 tokens=181927936/1100000000 loss=4.8109 lr=0.000285 tok/s=41,451 eta=22148.516638388952
step=1389 tokens=182059008/1100000000 loss=4.6050 lr=0.000285 tok/s=41,420 eta=22161.896698393637
step=1390 tokens=182190080/1100000000 loss=4.7363 lr=0.000285 tok/s=41,378 eta=22181.23712655949
step=1391 tokens=182321152/1100000000 loss=4.6306 lr=0.000285 tok/s=41,633 eta=22041.862976780365
step=1392 tokens=182452224/1100000000 loss=4.5847 lr=0.000285 tok/s=41,295 eta=22219.60201123232
step=1393 tokens=182583296/1100000000 loss=4.6281 lr=0.000285 tok/s=41,251 eta=22239.94984666057
step=1394 tokens=182714368/1100000000 loss=4.8084 lr=0.000285 tok/s=41,322 eta=22198.36494283036
step=1395 tokens=182845440/1100000000 loss=4.5441 lr=0.000285 tok/s=41,338 eta=22186.657784944728
step=1396 tokens=182976512/1100000000 loss=4.5551 lr=0.000285 tok/s=41,322 eta=22192.15467998779
step=1397 tokens=183107584/1100000000 loss=4.6374 lr=0.000285 tok/s=41,301 eta=22200.0609135849
step=1398 tokens=183238656/1100000000 loss=4.6522 lr=0.000285 tok/s=41,400 eta=22143.954486138937
step=1399 tokens=183369728/1100000000 loss=4.6609 lr=0.000285 tok/s=41,582 eta=22043.71436807068
step=1400 tokens=183500800/1100000000 loss=4.6235 lr=0.000285 tok/s=41,125 eta=22285.96488916211
step=1401 tokens=183631872/1100000000 loss=4.6487 lr=0.000285 tok/s=41,245 eta=22217.88063873587
step=1402 tokens=183762944/1100000000 loss=4.6399 lr=0.000285 tok/s=41,390 eta=22136.569402877914
step=1403 tokens=183894016/1100000000 loss=4.5794 lr=0.000285 tok/s=41,361 eta=22148.85819118111
step=1404 tokens=184025088/1100000000 loss=4.5038 lr=0.000285 tok/s=41,333 eta=22160.893918972208
step=1405 tokens=184156160/1100000000 loss=4.5910 lr=0.000285 tok/s=41,322 eta=22163.45089666857
step=1406 tokens=184287232/1100000000 loss=4.6146 lr=0.000285 tok/s=41,604 eta=22010.450408585104
step=1407 tokens=184418304/1100000000 loss=4.5909 lr=0.000285 tok/s=41,346 eta=22144.502492047264
step=1408 tokens=184549376/1100000000 loss=4.6644 lr=0.000285 tok/s=41,270 eta=22182.044507480517
step=1409 tokens=184680448/1100000000 loss=4.6329 lr=0.000285 tok/s=41,702 eta=21949.030115056066
step=1410 tokens=184811520/1100000000 loss=4.5559 lr=0.000285 tok/s=41,510 eta=22047.249123811554
step=1411 tokens=184942592/1100000000 loss=4.6065 lr=0.000285 tok/s=41,654 eta=21968.301159998326
step=1412 tokens=185073664/1100000000 loss=4.6006 lr=0.000285 tok/s=41,559 eta=22015.154565586006
step=1413 tokens=185204736/1100000000 loss=4.5295 lr=0.000285 tok/s=41,496 eta=22045.43511258853
step=1414 tokens=185335808/1100000000 loss=4.6008 lr=0.000285 tok/s=41,463 eta=22059.8419109163
step=1415 tokens=185466880/1100000000 loss=4.5418 lr=0.000285 tok/s=41,644 eta=21960.782058395027
step=1416 tokens=185597952/1100000000 loss=4.5883 lr=0.000285 tok/s=41,632 eta=21963.741171925543
step=1417 tokens=185729024/1100000000 loss=4.5376 lr=0.000285 tok/s=41,454 eta=22054.992975049743
step=1418 tokens=185860096/1100000000 loss=4.5680 lr=0.000285 tok/s=41,633 eta=21957.08335636379
step=1419 tokens=185991168/1100000000 loss=4.4951 lr=0.000285 tok/s=41,580 eta=21982.168965551988
step=1420 tokens=186122240/1100000000 loss=4.5786 lr=0.000285 tok/s=41,480 eta=22031.512416453294
step=1421 tokens=186253312/1100000000 loss=4.6053 lr=0.000285 tok/s=41,555 eta=21989.040184844092
step=1422 tokens=186384384/1100000000 loss=4.5945 lr=0.000284 tok/s=41,510 eta=22009.510020589027
step=1423 tokens=186515456/1100000000 loss=4.8320 lr=0.000284 tok/s=41,726 eta=21892.461859915595
step=1424 tokens=186646528/1100000000 loss=4.5289 lr=0.000284 tok/s=41,611 eta=21950.000347571066
step=1425 tokens=186777600/1100000000 loss=4.5803 lr=0.000284 tok/s=41,604 eta=21950.255772682187
step=1426 tokens=186908672/1100000000 loss=4.5674 lr=0.000284 tok/s=41,721 eta=21885.79949113833
step=1427 tokens=187039744/1100000000 loss=4.5308 lr=0.000284 tok/s=41,471 eta=22014.304462047905
step=1428 tokens=187170816/1100000000 loss=4.5937 lr=0.000284 tok/s=41,479 eta=22006.819315713114
step=1429 tokens=187301888/1100000000 loss=4.6040 lr=0.000284 tok/s=41,369 eta=22062.243020034854
checkpoint saved: runs/20260905-021323/checkpoints/step_000001429 (time)
step=1430 tokens=187432960/1100000000 loss=4.5696 lr=0.000284 tok/s=33,335 eta=27376.036515036092
step=1431 tokens=187564032/1100000000 loss=4.6166 lr=0.000284 tok/s=41,670 eta=21896.50756355714
step=1432 tokens=187695104/1100000000 loss=4.4797 lr=0.000284 tok/s=41,563 eta=21949.776806664315
step=1433 tokens=187826176/1100000000 loss=4.5714 lr=0.000284 tok/s=41,745 eta=21851.045369121748
step=1434 tokens=187957248/1100000000 loss=4.5483 lr=0.000284 tok/s=41,748 eta=21846.52324283137
step=1435 tokens=188088320/1100000000 loss=4.5642 lr=0.000284 tok/s=41,924 eta=21751.324374545038
step=1436 tokens=188219392/1100000000 loss=4.5377 lr=0.000284 tok/s=41,827 eta=21798.770110385212
step=1437 tokens=188350464/1100000000 loss=4.5933 lr=0.000284 tok/s=41,736 eta=21843.262747365843
step=1438 tokens=188481536/1100000000 loss=4.4518 lr=0.000284 tok/s=41,648 eta=21886.33473727677
step=1439 tokens=188612608/1100000000 loss=4.5468 lr=0.000284 tok/s=41,521 eta=21949.865505373902
step=1440 tokens=188743680/1100000000 loss=4.5272 lr=0.000284 tok/s=41,622 eta=21893.700243312447
step=1441 tokens=188874752/1100000000 loss=4.4991 lr=0.000284 tok/s=41,719 eta=21839.7114417606
step=1442 tokens=189005824/1100000000 loss=4.5868 lr=0.000284 tok/s=41,814 eta=21786.604113268426
step=1443 tokens=189136896/1100000000 loss=4.5241 lr=0.000284 tok/s=41,497 eta=21950.031255783488
step=1444 tokens=189267968/1100000000 loss=4.5261 lr=0.000284 tok/s=41,412 eta=21991.890347460732
step=1445 tokens=189399040/1100000000 loss=4.5401 lr=0.000284 tok/s=41,401 eta=21994.735815649692
step=1446 tokens=189530112/1100000000 loss=4.4030 lr=0.000284 tok/s=41,149 eta=22125.92750839322
step=1447 tokens=189661184/1100000000 loss=4.4742 lr=0.000284 tok/s=41,367 eta=22006.286388674314
step=1448 tokens=189792256/1100000000 loss=4.4190 lr=0.000284 tok/s=41,279 eta=22050.249688187934
step=1449 tokens=189923328/1100000000 loss=4.5460 lr=0.000284 tok/s=41,136 eta=22123.56124543102
step=1450 tokens=190054400/1100000000 loss=4.4868 lr=0.000284 tok/s=29,952 eta=30379.893616262125
step=1451 tokens=190185472/1100000000 loss=4.5454 lr=0.000284 tok/s=41,334 eta=22011.220778481547
step=1452 tokens=190316544/1100000000 loss=4.4739 lr=0.000284 tok/s=41,618 eta=21857.763868251604
step=1453 tokens=190447616/1100000000 loss=4.4540 lr=0.000284 tok/s=41,558 eta=21886.570008098686
step=1454 tokens=190578688/1100000000 loss=4.4860 lr=0.000284 tok/s=41,657 eta=21831.312810069474
step=1455 tokens=190709760/1100000000 loss=4.4729 lr=0.000284 tok/s=41,399 eta=21963.9474267142
step=1456 tokens=190840832/1100000000 loss=4.4567 lr=0.000284 tok/s=41,547 eta=21882.831784663147
step=1457 tokens=190971904/1100000000 loss=4.5234 lr=0.000284 tok/s=41,594 eta=21854.82511157021
step=1458 tokens=191102976/1100000000 loss=4.5024 lr=0.000284 tok/s=41,463 eta=21920.44407206708
step=1459 tokens=191234048/1100000000 loss=4.5815 lr=0.000284 tok/s=41,604 eta=21843.311331077253
step=1460 tokens=191365120/1100000000 loss=4.5539 lr=0.000284 tok/s=41,604 eta=21840.052383562783
step=1461 tokens=191496192/1100000000 loss=4.5039 lr=0.000284 tok/s=41,749 eta=21760.976075592873
step=1462 tokens=191627264/1100000000 loss=4.4683 lr=0.000284 tok/s=41,614 eta=21828.683695117386
step=1463 tokens=191758336/1100000000 loss=4.5271 lr=0.000283 tok/s=41,344 eta=21967.897831259103
step=1464 tokens=191889408/1100000000 loss=4.5157 lr=0.000283 tok/s=41,814 eta=21717.736190518684
step=1465 tokens=192020480/1100000000 loss=4.5263 lr=0.000283 tok/s=41,692 eta=21778.0112902055
step=1466 tokens=192151552/1100000000 loss=4.5748 lr=0.000283 tok/s=41,240 eta=22013.979312791966
step=1467 tokens=192282624/1100000000 loss=4.4552 lr=0.000283 tok/s=41,460 eta=21893.725546107114
step=1468 tokens=192413696/1100000000 loss=4.5019 lr=0.000283 tok/s=41,557 eta=21839.728542501773
step=1469 tokens=192544768/1100000000 loss=4.4785 lr=0.000283 tok/s=41,673 eta=21775.653565693854
step=1470 tokens=192675840/1100000000 loss=4.6119 lr=0.000283 tok/s=41,257 eta=21992.153213148078
step=1471 tokens=192806912/1100000000 loss=4.5289 lr=0.000283 tok/s=41,577 eta=21819.791901314125
step=1472 tokens=192937984/1100000000 loss=4.4718 lr=0.000283 tok/s=41,688 eta=21758.13391521606
step=1473 tokens=193069056/1100000000 loss=4.5273 lr=0.000283 tok/s=41,572 eta=21816.120531470526
step=1474 tokens=193200128/1100000000 loss=4.5137 lr=0.000283 tok/s=41,546 eta=21826.4332333748
step=1475 tokens=193331200/1100000000 loss=4.5272 lr=0.000283 tok/s=41,775 eta=21703.7245322542
step=1476 tokens=193462272/1100000000 loss=4.4959 lr=0.000283 tok/s=41,582 eta=21801.227332034054
step=1477 tokens=193593344/1100000000 loss=4.5217 lr=0.000283 tok/s=41,595 eta=21791.421475833256
step=1478 tokens=193724416/1100000000 loss=4.4418 lr=0.000283 tok/s=41,789 eta=21687.17452459555
step=1479 tokens=193855488/1100000000 loss=4.4990 lr=0.000283 tok/s=41,633 eta=21765.169036221112
step=1480 tokens=193986560/1100000000 loss=4.5037 lr=0.000283 tok/s=41,684 eta=21735.414496975358
step=1481 tokens=194117632/1100000000 loss=4.3919 lr=0.000283 tok/s=41,505 eta=21826.015467847752
step=1482 tokens=194248704/1100000000 loss=4.4944 lr=0.000283 tok/s=41,568 eta=21789.86274819596
step=1483 tokens=194379776/1100000000 loss=4.5485 lr=0.000283 tok/s=41,572 eta=21784.300891191917
step=1484 tokens=194510848/1100000000 loss=4.4804 lr=0.000283 tok/s=41,586 eta=21773.89376310173
step=1485 tokens=194641920/1100000000 loss=4.5017 lr=0.000283 tok/s=41,662 eta=21730.95656667379
step=1486 tokens=194772992/1100000000 loss=4.5915 lr=0.000283 tok/s=41,490 eta=21817.96609127319
step=1487 tokens=194904064/1100000000 loss=4.5124 lr=0.000283 tok/s=41,663 eta=21724.248642619314
step=1488 tokens=195035136/1100000000 loss=4.5552 lr=0.000283 tok/s=41,703 eta=21700.300737526224
step=1489 tokens=195166208/1100000000 loss=4.4737 lr=0.000283 tok/s=41,339 eta=21887.887580447627
step=1490 tokens=195297280/1100000000 loss=4.5964 lr=0.000283 tok/s=41,341 eta=21883.812217633327
step=1491 tokens=195428352/1100000000 loss=4.5031 lr=0.000283 tok/s=41,561 eta=21764.803460190138
step=1492 tokens=195559424/1100000000 loss=4.5619 lr=0.000283 tok/s=41,475 eta=21806.986083353517
step=1493 tokens=195690496/1100000000 loss=4.4579 lr=0.000283 tok/s=41,441 eta=21821.56976598391
step=1494 tokens=195821568/1100000000 loss=4.5257 lr=0.000283 tok/s=41,374 eta=21853.737766598482
step=1495 tokens=195952640/1100000000 loss=4.4758 lr=0.000283 tok/s=41,494 eta=21787.576110969654
step=1496 tokens=196083712/1100000000 loss=4.4548 lr=0.000283 tok/s=41,590 eta=21733.88439036586
step=1497 tokens=196214784/1100000000 loss=4.5326 lr=0.000283 tok/s=41,599 eta=21726.36665563955
step=1498 tokens=196345856/1100000000 loss=4.4051 lr=0.000283 tok/s=41,550 eta=21748.696744981604
step=1499 tokens=196476928/1100000000 loss=4.4321 lr=0.000283 tok/s=41,406 eta=21821.32660104293
step=1500 tokens=196608000/1100000000 loss=4.4346 lr=0.000283 tok/s=41,306 eta=21870.773132452403
step=1501 tokens=196739072/1100000000 loss=4.5128 lr=0.000283 tok/s=41,510 eta=21759.92792887597
step=1502 tokens=196870144/1100000000 loss=4.4404 lr=0.000283 tok/s=41,628 eta=21695.146186787784
step=1503 tokens=197001216/1100000000 loss=4.4870 lr=0.000282 tok/s=41,608 eta=21702.76418926054
step=1504 tokens=197132288/1100000000 loss=4.4332 lr=0.000282 tok/s=41,650 eta=21677.30198197775
step=1505 tokens=197263360/1100000000 loss=4.5367 lr=0.000282 tok/s=41,632 eta=21683.733734662055
step=1506 tokens=197394432/1100000000 loss=4.5431 lr=0.000282 tok/s=41,550 eta=21723.11901306099
step=1507 tokens=197525504/1100000000 loss=4.5741 lr=0.000282 tok/s=41,488 eta=21752.728410876283
step=1508 tokens=197656576/1100000000 loss=4.5292 lr=0.000282 tok/s=41,410 eta=21790.575035335227
step=1509 tokens=197787648/1100000000 loss=4.5354 lr=0.000282 tok/s=41,675 eta=21648.906521305937
step=1510 tokens=197918720/1100000000 loss=4.5243 lr=0.000282 tok/s=41,542 eta=21715.003566328684
step=1511 tokens=198049792/1100000000 loss=4.5542 lr=0.000282 tok/s=41,603 eta=21680.051352033937
step=1512 tokens=198180864/1100000000 loss=4.5607 lr=0.000282 tok/s=41,499 eta=21730.856564384827
step=1513 tokens=198311936/1100000000 loss=4.6135 lr=0.000282 tok/s=41,453 eta=21751.810923389097
step=1514 tokens=198443008/1100000000 loss=4.5633 lr=0.000282 tok/s=41,719 eta=21610.276279062684
step=1515 tokens=198574080/1100000000 loss=4.5325 lr=0.000282 tok/s=41,775 eta=21577.906095333285
step=1516 tokens=198705152/1100000000 loss=4.5599 lr=0.000282 tok/s=41,465 eta=21736.152353233872
step=1517 tokens=198836224/1100000000 loss=4.4768 lr=0.000282 tok/s=41,606 eta=21659.519235972286
step=1518 tokens=198967296/1100000000 loss=4.4174 lr=0.000282 tok/s=41,346 eta=21792.29038986948
step=1519 tokens=199098368/1100000000 loss=4.4614 lr=0.000282 tok/s=41,422 eta=21749.530482392624
step=1520 tokens=199229440/1100000000 loss=4.4233 lr=0.000282 tok/s=41,716 eta=21592.67096802704
step=1521 tokens=199360512/1100000000 loss=4.5333 lr=0.000282 tok/s=41,634 eta=21632.38588551659
step=1522 tokens=199491584/1100000000 loss=4.4878 lr=0.000282 tok/s=41,621 eta=21636.064131032
step=1523 tokens=199622656/1100000000 loss=4.6321 lr=0.000282 tok/s=41,322 eta=21789.435390586048
step=1524 tokens=199753728/1100000000 loss=4.3970 lr=0.000282 tok/s=41,363 eta=21764.784427128838
step=1525 tokens=199884800/1100000000 loss=4.4911 lr=0.000282 tok/s=41,881 eta=21492.07123925926
step=1526 tokens=200015872/1100000000 loss=4.4523 lr=0.000282 tok/s=30,093 eta=29906.97508609783
checkpoint saved: runs/20260905-021323/checkpoints/tokens_000200m (permanent_tokens)
step=1527 tokens=200146944/1100000000 loss=4.4513 lr=0.000282 tok/s=34,054 eta=26424.592556864798
step=1528 tokens=200278016/1100000000 loss=4.4373 lr=0.000282 tok/s=41,429 eta=21717.418478495343
step=1529 tokens=200409088/1100000000 loss=4.4304 lr=0.000282 tok/s=41,605 eta=21622.361603966558
step=1530 tokens=200540160/1100000000 loss=4.3934 lr=0.000282 tok/s=41,789 eta=21523.969341184737
step=1531 tokens=200671232/1100000000 loss=4.4362 lr=0.000282 tok/s=41,357 eta=21745.668988776037
step=1532 tokens=200802304/1100000000 loss=4.5422 lr=0.000282 tok/s=41,192 eta=21829.676992425546
step=1533 tokens=200933376/1100000000 loss=4.4637 lr=0.000282 tok/s=41,268 eta=21786.02645151492
step=1534 tokens=201064448/1100000000 loss=4.4478 lr=0.000282 tok/s=41,495 eta=21663.65097722824
step=1535 tokens=201195520/1100000000 loss=4.4971 lr=0.000282 tok/s=41,424 eta=21697.792211089538
step=1536 tokens=201326592/1100000000 loss=4.4514 lr=0.000282 tok/s=41,578 eta=21614.088355517197
step=1537 tokens=201457664/1100000000 loss=4.3730 lr=0.000282 tok/s=41,208 eta=21805.056831169626
step=1538 tokens=201588736/1100000000 loss=4.4293 lr=0.000282 tok/s=41,046 eta=21887.846613035035
step=1539 tokens=201719808/1100000000 loss=4.4238 lr=0.000282 tok/s=41,232 eta=21785.904206849995
step=1540 tokens=201850880/1100000000 loss=4.4329 lr=0.000282 tok/s=41,314 eta=21739.47702969017
step=1541 tokens=201981952/1100000000 loss=4.5779 lr=0.000282 tok/s=41,423 eta=21678.984710706944
step=1542 tokens=202113024/1100000000 loss=4.4515 lr=0.000281 tok/s=41,515 eta=21628.019024893605
step=1543 tokens=202244096/1100000000 loss=4.3973 lr=0.000281 tok/s=41,508 eta=21628.38317656221
step=1544 tokens=202375168/1100000000 loss=4.4572 lr=0.000281 tok/s=41,510 eta=21624.412461917473
step=1545 tokens=202506240/1100000000 loss=4.4950 lr=0.000281 tok/s=41,409 eta=21673.98587681957
step=1546 tokens=202637312/1100000000 loss=4.4393 lr=0.000281 tok/s=41,192 eta=21784.925826798626
step=1547 tokens=202768384/1100000000 loss=4.4211 lr=0.000281 tok/s=41,489 eta=21625.77539957822
step=1548 tokens=202899456/1100000000 loss=4.4466 lr=0.000281 tok/s=41,313 eta=21714.949448164298
step=1549 tokens=203030528/1100000000 loss=4.5012 lr=0.000281 tok/s=41,301 eta=21717.82595757946
step=1550 tokens=203161600/1100000000 loss=4.4208 lr=0.000281 tok/s=41,127 eta=21806.331851957202
step=1551 tokens=203292672/1100000000 loss=4.3953 lr=0.000281 tok/s=41,194 eta=21768.160123855083
step=1552 tokens=203423744/1100000000 loss=4.5046 lr=0.000281 tok/s=41,190 eta=21766.793121753857
step=1553 tokens=203554816/1100000000 loss=4.5189 lr=0.000281 tok/s=41,122 eta=21799.480835208295
step=1554 tokens=203685888/1100000000 loss=4.3837 lr=0.000281 tok/s=41,281 eta=21712.581453716022
step=1555 tokens=203816960/1100000000 loss=4.4805 lr=0.000281 tok/s=41,414 eta=21639.69398347157
step=1556 tokens=203948032/1100000000 loss=4.4119 lr=0.000281 tok/s=41,428 eta=21628.979913952113
step=1557 tokens=204079104/1100000000 loss=4.4164 lr=0.000281 tok/s=41,380 eta=21651.067478226436
step=1558 tokens=204210176/1100000000 loss=4.3907 lr=0.000281 tok/s=41,414 eta=21629.90138276498
step=1559 tokens=204341248/1100000000 loss=4.4293 lr=0.000281 tok/s=41,376 eta=21646.557078874466
step=1560 tokens=204472320/1100000000 loss=4.4035 lr=0.000281 tok/s=41,576 eta=21539.479123993457
step=1561 tokens=204603392/1100000000 loss=4.4011 lr=0.000281 tok/s=41,457 eta=21598.140279490635
step=1562 tokens=204734464/1100000000 loss=4.3864 lr=0.000281 tok/s=41,338 eta=21657.16031767499
step=1563 tokens=204865536/1100000000 loss=4.4666 lr=0.000281 tok/s=41,507 eta=21565.94664484673
step=1564 tokens=204996608/1100000000 loss=4.4273 lr=0.000281 tok/s=41,382 eta=21627.62742739345
step=1565 tokens=205127680/1100000000 loss=4.4385 lr=0.000281 tok/s=41,371 eta=21630.212359240337
step=1566 tokens=205258752/1100000000 loss=4.5380 lr=0.000281 tok/s=41,364 eta=21631.009523205437
step=1567 tokens=205389824/1100000000 loss=4.4722 lr=0.000281 tok/s=41,422 eta=21597.413889029696
step=1568 tokens=205520896/1100000000 loss=4.4409 lr=0.000281 tok/s=41,677 eta=21462.213206278877
step=1569 tokens=205651968/1100000000 loss=4.4730 lr=0.000281 tok/s=41,629 eta=21483.53062157532
step=1570 tokens=205783040/1100000000 loss=4.3942 lr=0.000281 tok/s=41,550 eta=21521.505133667084
step=1571 tokens=205914112/1100000000 loss=4.4168 lr=0.000281 tok/s=41,853 eta=21362.71389931212
step=1572 tokens=206045184/1100000000 loss=4.3925 lr=0.000281 tok/s=41,728 eta=21423.43504345917
step=1573 tokens=206176256/1100000000 loss=4.4835 lr=0.000281 tok/s=41,762 eta=21403.007915118767
step=1574 tokens=206307328/1100000000 loss=4.4885 lr=0.000281 tok/s=41,533 eta=21517.5754168194
step=1575 tokens=206438400/1100000000 loss=4.4622 lr=0.000281 tok/s=41,794 eta=21380.261921932608
step=1576 tokens=206569472/1100000000 loss=4.4684 lr=0.000281 tok/s=41,845 eta=21350.799360687677
step=1577 tokens=206700544/1100000000 loss=4.4604 lr=0.000281 tok/s=41,575 eta=21486.70644447688
step=1578 tokens=206831616/1100000000 loss=4.4743 lr=0.000281 tok/s=41,670 eta=21434.34649114606
step=1579 tokens=206962688/1100000000 loss=4.4953 lr=0.000281 tok/s=41,726 eta=21402.567968933898
step=1580 tokens=207093760/1100000000 loss=4.2990 lr=0.00028 tok/s=41,831 eta=21345.55068807818
step=1581 tokens=207224832/1100000000 loss=4.4620 lr=0.00028 tok/s=41,850 eta=21332.71685637126
step=1582 tokens=207355904/1100000000 loss=4.3552 lr=0.00028 tok/s=41,631 eta=21441.57776283737
step=1583 tokens=207486976/1100000000 loss=4.4880 lr=0.00028 tok/s=41,606 eta=21451.299737244954
step=1584 tokens=207618048/1100000000 loss=4.4000 lr=0.00028 tok/s=41,359 eta=21576.238090831936
step=1585 tokens=207749120/1100000000 loss=4.4034 lr=0.00028 tok/s=41,342 eta=21582.414889583702
step=1586 tokens=207880192/1100000000 loss=4.4188 lr=0.00028 tok/s=41,256 eta=21623.957485281364
step=1587 tokens=208011264/1100000000 loss=4.4909 lr=0.00028 tok/s=41,291 eta=21602.500098849585
step=1588 tokens=208142336/1100000000 loss=4.4574 lr=0.00028 tok/s=41,309 eta=21589.865215516398
step=1589 tokens=208273408/1100000000 loss=4.3973 lr=0.00028 tok/s=41,372 eta=21553.887696930873
step=1590 tokens=208404480/1100000000 loss=4.3709 lr=0.00028 tok/s=41,398 eta=21537.014606068227
step=1591 tokens=208535552/1100000000 loss=4.3431 lr=0.00028 tok/s=41,404 eta=21530.879389628608
step=1592 tokens=208666624/1100000000 loss=4.4304 lr=0.00028 tok/s=41,616 eta=21417.929378217657
step=1593 tokens=208797696/1100000000 loss=4.3872 lr=0.00028 tok/s=41,463 eta=21494.002726069335
step=1594 tokens=208928768/1100000000 loss=4.3883 lr=0.00028 tok/s=41,321 eta=21564.546297062854
step=1595 tokens=209059840/1100000000 loss=4.3739 lr=0.00028 tok/s=41,417 eta=21511.25683306588
step=1596 tokens=209190912/1100000000 loss=4.4544 lr=0.00028 tok/s=41,461 eta=21485.530015299842
step=1597 tokens=209321984/1100000000 loss=4.3848 lr=0.00028 tok/s=41,380 eta=21524.40683230646
step=1598 tokens=209453056/1100000000 loss=4.3570 lr=0.00028 tok/s=41,371 eta=21525.762381328583
step=1599 tokens=209584128/1100000000 loss=4.4070 lr=0.00028 tok/s=41,455 eta=21478.90631840813
step=1600 tokens=209715200/1100000000 loss=4.3769 lr=0.00028 tok/s=41,593 eta=21404.602247874474
step=1601 tokens=209846272/1100000000 loss=4.4522 lr=0.00028 tok/s=41,429 eta=21486.31560495527
step=1602 tokens=209977344/1100000000 loss=4.4346 lr=0.00028 tok/s=41,580 eta=21404.915330774285
step=1603 tokens=210108416/1100000000 loss=4.4508 lr=0.00028 tok/s=30,152 eta=29513.993782584843
step=1604 tokens=210239488/1100000000 loss=4.4407 lr=0.00028 tok/s=41,285 eta=21551.917549379905
step=1605 tokens=210370560/1100000000 loss=4.3886 lr=0.00028 tok/s=41,518 eta=21427.71007424467
step=1606 tokens=210501632/1100000000 loss=4.4399 lr=0.00028 tok/s=41,424 eta=21473.215763989312
step=1607 tokens=210632704/1100000000 loss=4.4042 lr=0.00028 tok/s=41,281 eta=21544.05566137957
step=1608 tokens=210763776/1100000000 loss=4.4567 lr=0.00028 tok/s=41,295 eta=21533.881850950387
step=1609 tokens=210894848/1100000000 loss=4.4098 lr=0.00028 tok/s=41,366 eta=21493.596360900217
step=1610 tokens=211025920/1100000000 loss=4.3870 lr=0.00028 tok/s=41,354 eta=21496.510169154026
step=1611 tokens=211156992/1100000000 loss=4.4494 lr=0.00028 tok/s=41,499 eta=21418.599933004527
step=1612 tokens=211288064/1100000000 loss=4.2774 lr=0.00028 tok/s=41,575 eta=21376.043538157883
step=1613 tokens=211419136/1100000000 loss=4.5099 lr=0.00028 tok/s=41,509 eta=21406.92603606084
step=1614 tokens=211550208/1100000000 loss=4.4260 lr=0.00028 tok/s=41,299 eta=21512.556969098307
step=1615 tokens=211681280/1100000000 loss=4.3803 lr=0.00028 tok/s=41,431 eta=21441.16157170607
step=1616 tokens=211812352/1100000000 loss=4.4772 lr=0.00028 tok/s=41,548 eta=21377.329436975157
step=1617 tokens=211943424/1100000000 loss=4.3686 lr=0.000279 tok/s=41,841 eta=21224.798558215327
step=1618 tokens=212074496/1100000000 loss=4.4104 lr=0.000279 tok/s=41,712 eta=21287.26521155714
step=1619 tokens=212205568/1100000000 loss=4.3675 lr=0.000279 tok/s=41,403 eta=21442.54269291128
step=1620 tokens=212336640/1100000000 loss=4.3985 lr=0.000279 tok/s=41,561 eta=21358.10886085271
step=1621 tokens=212467712/1100000000 loss=4.3609 lr=0.000279 tok/s=41,484 eta=21394.563839686416
step=1622 tokens=212598784/1100000000 loss=4.6760 lr=0.000279 tok/s=41,591 eta=21336.17098249685
step=1623 tokens=212729856/1100000000 loss=4.5826 lr=0.000279 tok/s=41,572 eta=21342.94848911889
step=1624 tokens=212860928/1100000000 loss=4.4253 lr=0.000279 tok/s=41,668 eta=21290.434378779704
step=1625 tokens=212992000/1100000000 loss=4.3877 lr=0.000279 tok/s=41,300 eta=21476.99142810789
step=1626 tokens=213123072/1100000000 loss=4.3118 lr=0.000279 tok/s=41,466 eta=21388.104534980033
step=1627 tokens=213254144/1100000000 loss=4.4241 lr=0.000279 tok/s=41,470 eta=21383.010111122654
step=1628 tokens=213385216/1100000000 loss=4.3730 lr=0.000279 tok/s=41,458 eta=21385.870621851955
step=1629 tokens=213516288/1100000000 loss=4.3978 lr=0.000279 tok/s=41,617 eta=21300.952484020734
step=1630 tokens=213647360/1100000000 loss=4.4133 lr=0.000279 tok/s=41,729 eta=21240.498767515313
step=1631 tokens=213778432/1100000000 loss=4.3992 lr=0.000279 tok/s=41,762 eta=21220.5731672092
step=1632 tokens=213909504/1100000000 loss=4.3690 lr=0.000279 tok/s=41,471 eta=21366.62292246085
step=1633 tokens=214040576/1100000000 loss=4.3919 lr=0.000279 tok/s=41,514 eta=21341.42611597897
step=1634 tokens=214171648/1100000000 loss=4.4400 lr=0.000279 tok/s=41,583 eta=21302.57324249403
step=1635 tokens=214302720/1100000000 loss=4.3066 lr=0.000279 tok/s=41,600 eta=21290.64246782749
step=1636 tokens=214433792/1100000000 loss=4.3022 lr=0.000279 tok/s=41,375 eta=21403.659770364255
step=1637 tokens=214564864/1100000000 loss=4.3595 lr=0.000279 tok/s=41,286 eta=21446.598862951243
step=1638 tokens=214695936/1100000000 loss=4.3510 lr=0.000279 tok/s=41,602 eta=21280.42682146096
step=1639 tokens=214827008/1100000000 loss=4.2537 lr=0.000279 tok/s=41,613 eta=21271.506045464637
step=1640 tokens=214958080/1100000000 loss=4.3563 lr=0.000279 tok/s=41,356 eta=21400.397165475726
step=1641 tokens=215089152/1100000000 loss=4.3464 lr=0.000279 tok/s=41,498 eta=21324.104640115576
step=1642 tokens=215220224/1100000000 loss=4.2576 lr=0.000279 tok/s=41,434 eta=21353.913540333975
step=1643 tokens=215351296/1100000000 loss=4.2762 lr=0.000279 tok/s=41,142 eta=21502.070093776656
step=1644 tokens=215482368/1100000000 loss=4.3606 lr=0.000279 tok/s=41,409 eta=21360.713660868063
step=1645 tokens=215613440/1100000000 loss=4.3257 lr=0.000279 tok/s=41,431 eta=21345.781889888684
step=1646 tokens=215744512/1100000000 loss=4.2940 lr=0.000279 tok/s=41,365 eta=21376.984134365543
step=1647 tokens=215875584/1100000000 loss=4.3431 lr=0.000279 tok/s=41,220 eta=21448.80447744152
step=1648 tokens=216006656/1100000000 loss=4.3112 lr=0.000279 tok/s=40,932 eta=21596.502046089252
step=1649 tokens=216137728/1100000000 loss=4.2782 lr=0.000279 tok/s=41,111 eta=21499.478926586253
step=1650 tokens=216268800/1100000000 loss=4.3319 lr=0.000279 tok/s=41,347 eta=21373.701142213362
step=1651 tokens=216399872/1100000000 loss=4.3006 lr=0.000279 tok/s=40,985 eta=21559.341149988515
step=1652 tokens=216530944/1100000000 loss=4.2481 lr=0.000279 tok/s=41,387 eta=21346.49764415178
step=1653 tokens=216662016/1100000000 loss=4.2911 lr=0.000279 tok/s=41,438 eta=21317.164445935912
step=1654 tokens=216793088/1100000000 loss=4.3053 lr=0.000278 tok/s=41,300 eta=21385.314027370383
step=1655 tokens=216924160/1100000000 loss=4.3329 lr=0.000278 tok/s=41,532 eta=21262.50451765182
step=1656 tokens=217055232/1100000000 loss=4.2589 lr=0.000278 tok/s=41,303 eta=21377.19586080986
step=1657 tokens=217186304/1100000000 loss=4.2782 lr=0.000278 tok/s=41,004 eta=21530.161077643494
step=1658 tokens=217317376/1100000000 loss=4.2580 lr=0.000278 tok/s=41,262 eta=21392.353977811938
step=1659 tokens=217448448/1100000000 loss=4.4283 lr=0.000278 tok/s=41,108 eta=21468.86206601913
step=1660 tokens=217579520/1100000000 loss=4.4438 lr=0.000278 tok/s=41,272 eta=21380.47503947233
step=1661 tokens=217710592/1100000000 loss=4.4316 lr=0.000278 tok/s=41,134 eta=21448.979287022627
step=1662 tokens=217841664/1100000000 loss=4.4490 lr=0.000278 tok/s=41,495 eta=21259.21429463927
step=1663 tokens=217972736/1100000000 loss=4.4254 lr=0.000278 tok/s=41,447 eta=21280.70962413248
step=1664 tokens=218103808/1100000000 loss=4.3701 lr=0.000278 tok/s=41,277 eta=21365.375040640636
step=1665 tokens=218234880/1100000000 loss=4.3495 lr=0.000278 tok/s=41,303 eta=21348.438509482294
step=1666 tokens=218365952/1100000000 loss=4.4163 lr=0.000278 tok/s=41,014 eta=21495.97430498553
step=1667 tokens=218497024/1100000000 loss=4.3854 lr=0.000278 tok/s=41,224 eta=21383.121234750306
step=1668 tokens=218628096/1100000000 loss=4.4863 lr=0.000278 tok/s=41,286 eta=21348.03735033967
step=1669 tokens=218759168/1100000000 loss=4.3689 lr=0.000278 tok/s=41,156 eta=21412.44310577066
step=1670 tokens=218890240/1100000000 loss=4.3963 lr=0.000278 tok/s=41,271 eta=21349.11395122501
step=1671 tokens=219021312/1100000000 loss=4.3794 lr=0.000278 tok/s=41,297 eta=21332.55978483065
step=1672 tokens=219152384/1100000000 loss=4.4226 lr=0.000278 tok/s=41,377 eta=21288.130307273055
step=1673 tokens=219283456/1100000000 loss=4.4576 lr=0.000278 tok/s=41,323 eta=21312.854563644545
step=1674 tokens=219414528/1100000000 loss=4.3464 lr=0.000278 tok/s=41,364 eta=21288.615100029085
step=1675 tokens=219545600/1100000000 loss=4.3182 lr=0.000278 tok/s=41,476 eta=21227.85000282006
step=1676 tokens=219676672/1100000000 loss=4.3300 lr=0.000278 tok/s=41,388 eta=21270.217721740195
step=1677 tokens=219807744/1100000000 loss=4.3258 lr=0.000278 tok/s=41,251 eta=21337.394584772665
step=1678 tokens=219938816/1100000000 loss=4.3487 lr=0.000278 tok/s=41,307 eta=21305.35803700196
step=1679 tokens=220069888/1100000000 loss=4.4190 lr=0.000278 tok/s=29,968 eta=29362.429174233457
step=1680 tokens=220200960/1100000000 loss=4.4195 lr=0.000278 tok/s=41,517 eta=21191.290075042485
step=1681 tokens=220332032/1100000000 loss=4.4156 lr=0.000278 tok/s=41,687 eta=21101.515625306743
step=1682 tokens=220463104/1100000000 loss=4.3679 lr=0.000278 tok/s=41,573 eta=21156.303240337726
step=1683 tokens=220594176/1100000000 loss=4.4255 lr=0.000278 tok/s=41,437 eta=21222.65737472365
step=1684 tokens=220725248/1100000000 loss=4.3383 lr=0.000278 tok/s=41,575 eta=21149.055801450795
step=1685 tokens=220856320/1100000000 loss=4.5394 lr=0.000278 tok/s=41,663 eta=21101.544227735707
step=1686 tokens=220987392/1100000000 loss=4.3068 lr=0.000278 tok/s=41,627 eta=21116.371759179412
step=1687 tokens=221118464/1100000000 loss=4.3272 lr=0.000278 tok/s=41,818 eta=21016.748121482196
step=1688 tokens=221249536/1100000000 loss=4.4035 lr=0.000278 tok/s=41,809 eta=21018.104968429987
step=1689 tokens=221380608/1100000000 loss=4.3696 lr=0.000277 tok/s=41,674 eta=21083.15615166331
step=1690 tokens=221511680/1100000000 loss=4.3974 lr=0.000277 tok/s=41,711 eta=21061.156694871177
step=1691 tokens=221642752/1100000000 loss=4.3661 lr=0.000277 tok/s=41,507 eta=21161.46178065244
step=1692 tokens=221773824/1100000000 loss=4.3853 lr=0.000277 tok/s=41,669 eta=21076.423227502168
step=1693 tokens=221904896/1100000000 loss=4.3745 lr=0.000277 tok/s=41,554 eta=21131.2876781865
step=1694 tokens=222035968/1100000000 loss=4.3037 lr=0.000277 tok/s=41,541 eta=21134.98027052168
step=1695 tokens=222167040/1100000000 loss=4.3051 lr=0.000277 tok/s=41,649 eta=21076.912585378057
step=1696 tokens=222298112/1100000000 loss=4.3008 lr=0.000277 tok/s=41,477 eta=21161.24784538325
step=1697 tokens=222429184/1100000000 loss=4.4262 lr=0.000277 tok/s=41,326 eta=21235.140195563137
step=1698 tokens=222560256/1100000000 loss=4.3149 lr=0.000277 tok/s=41,291 eta=21250.384561873918
step=1699 tokens=222691328/1100000000 loss=4.2980 lr=0.000277 tok/s=41,433 eta=21174.344101357186
step=1700 tokens=222822400/1100000000 loss=4.4235 lr=0.000277 tok/s=41,606 eta=21082.934029153173
step=1701 tokens=222953472/1100000000 loss=4.2367 lr=0.000277 tok/s=41,656 eta=21054.50156989019
step=1702 tokens=223084544/1100000000 loss=4.3224 lr=0.000277 tok/s=41,502 eta=21129.56614529057
step=1703 tokens=223215616/1100000000 loss=4.2473 lr=0.000277 tok/s=41,472 eta=21141.550005799956
step=1704 tokens=223346688/1100000000 loss=4.2959 lr=0.000277 tok/s=41,209 eta=21273.44100117174
step=1705 tokens=223477760/1100000000 loss=4.2959 lr=0.000277 tok/s=41,579 eta=21080.896764588444
step=1706 tokens=223608832/1100000000 loss=4.2798 lr=0.000277 tok/s=41,678 eta=21027.548448678484
step=1707 tokens=223739904/1100000000 loss=4.3210 lr=0.000277 tok/s=41,629 eta=21049.33994994969
step=1708 tokens=223870976/1100000000 loss=4.2353 lr=0.000277 tok/s=41,813 eta=20953.31383465434
step=1709 tokens=224002048/1100000000 loss=4.2417 lr=0.000277 tok/s=41,533 eta=21091.450509582493
step=1710 tokens=224133120/1100000000 loss=4.2456 lr=0.000277 tok/s=41,433 eta=21139.492412753847
step=1711 tokens=224264192/1100000000 loss=4.2924 lr=0.000277 tok/s=41,390 eta=21158.245836903607
step=1712 tokens=224395264/1100000000 loss=4.3306 lr=0.000277 tok/s=41,389 eta=21155.668346146198
step=1713 tokens=224526336/1100000000 loss=4.3385 lr=0.000277 tok/s=41,431 eta=21130.675121422675
step=1714 tokens=224657408/1100000000 loss=4.3013 lr=0.000277 tok/s=41,307 eta=21191.276911901292
step=1715 tokens=224788480/1100000000 loss=4.2403 lr=0.000277 tok/s=41,471 eta=21104.36706080365
step=1716 tokens=224919552/1100000000 loss=4.4011 lr=0.000277 tok/s=41,366 eta=21154.590189241506
step=1717 tokens=225050624/1100000000 loss=4.2370 lr=0.000277 tok/s=41,196 eta=21238.704931644228
step=1718 tokens=225181696/1100000000 loss=4.3067 lr=0.000277 tok/s=41,249 eta=21208.45215035516
step=1719 tokens=225312768/1100000000 loss=4.1902 lr=0.000277 tok/s=41,246 eta=21206.731145790487
step=1720 tokens=225443840/1100000000 loss=4.2526 lr=0.000277 tok/s=41,337 eta=21156.815856583908
step=1721 tokens=225574912/1100000000 loss=4.2707 lr=0.000277 tok/s=41,213 eta=21217.287220938208
step=1722 tokens=225705984/1100000000 loss=4.3041 lr=0.000277 tok/s=41,284 eta=21177.334510547305
step=1723 tokens=225837056/1100000000 loss=4.1950 lr=0.000277 tok/s=41,551 eta=21038.530940432993
step=1724 tokens=225968128/1100000000 loss=4.2606 lr=0.000276 tok/s=41,329 eta=21147.956505249625
step=1725 tokens=226099200/1100000000 loss=4.3260 lr=0.000276 tok/s=41,243 eta=21189.32084905665
step=1726 tokens=226230272/1100000000 loss=4.2206 lr=0.000276 tok/s=41,247 eta=21183.74088895848
step=1727 tokens=226361344/1100000000 loss=4.2038 lr=0.000276 tok/s=41,327 eta=21139.618169149107
step=1728 tokens=226492416/1100000000 loss=4.2582 lr=0.000276 tok/s=41,479 eta=21058.873125116897
step=1729 tokens=226623488/1100000000 loss=4.2344 lr=0.000276 tok/s=41,213 eta=21191.718738308213
step=1730 tokens=226754560/1100000000 loss=4.2600 lr=0.000276 tok/s=41,221 eta=21184.594375513636
step=1731 tokens=226885632/1100000000 loss=4.3705 lr=0.000276 tok/s=41,222 eta=21180.847413872503
step=1732 tokens=227016704/1100000000 loss=4.2842 lr=0.000276 tok/s=41,229 eta=21173.7777153631
step=1733 tokens=227147776/1100000000 loss=4.3215 lr=0.000276 tok/s=41,273 eta=21148.502925418303
step=1734 tokens=227278848/1100000000 loss=4.3029 lr=0.000276 tok/s=41,282 eta=21140.731048789075
step=1735 tokens=227409920/1100000000 loss=4.3375 lr=0.000276 tok/s=41,359 eta=21098.08299975072
step=1736 tokens=227540992/1100000000 loss=4.3870 lr=0.000276 tok/s=41,326 eta=21111.609028010524
step=1737 tokens=227672064/1100000000 loss=4.3151 lr=0.000276 tok/s=41,356 eta=21093.309690326965
step=1738 tokens=227803136/1100000000 loss=4.3142 lr=0.000276 tok/s=41,349 eta=21093.347508875384
step=1739 tokens=227934208/1100000000 loss=4.2794 lr=0.000276 tok/s=41,034 eta=21252.22379689182
step=1740 tokens=228065280/1100000000 loss=4.2858 lr=0.000276 tok/s=41,181 eta=21173.48252387413
step=1741 tokens=228196352/1100000000 loss=4.3661 lr=0.000276 tok/s=41,326 eta=21095.875242147446
step=1742 tokens=228327424/1100000000 loss=4.3003 lr=0.000276 tok/s=41,493 eta=21007.75776634155
step=1743 tokens=228458496/1100000000 loss=4.2849 lr=0.000276 tok/s=41,076 eta=21217.57030209189
step=1744 tokens=228589568/1100000000 loss=4.2759 lr=0.000276 tok/s=41,336 eta=21081.20429869239
step=1745 tokens=228720640/1100000000 loss=4.2917 lr=0.000276 tok/s=41,209 eta=21142.854390438923
step=1746 tokens=228851712/1100000000 loss=4.3556 lr=0.000276 tok/s=41,403 eta=21040.456646885334
step=1747 tokens=228982784/1100000000 loss=4.3724 lr=0.000276 tok/s=41,388 eta=21045.40399226345
step=1748 tokens=229113856/1100000000 loss=4.2985 lr=0.000276 tok/s=41,360 eta=21056.190913179773
step=1749 tokens=229244928/1100000000 loss=4.3675 lr=0.000276 tok/s=41,373 eta=21046.321993124096
step=1750 tokens=229376000/1100000000 loss=4.3088 lr=0.000276 tok/s=41,249 eta=21106.588831118806
step=1751 tokens=229507072/1100000000 loss=4.3396 lr=0.000276 tok/s=41,147 eta=21155.682700817455
step=1752 tokens=229638144/1100000000 loss=4.2945 lr=0.000276 tok/s=41,252 eta=21098.704960874256
step=1753 tokens=229769216/1100000000 loss=4.2329 lr=0.000276 tok/s=41,189 eta=21127.649512677675
step=1754 tokens=229900288/1100000000 loss=4.3096 lr=0.000276 tok/s=41,117 eta=21161.510855211436
step=1755 tokens=230031360/1100000000 loss=4.2746 lr=0.000276 tok/s=29,980 eta=29018.28722497583
step=1756 tokens=230162432/1100000000 loss=4.2554 lr=0.000276 tok/s=41,339 eta=21041.346925561887
step=1757 tokens=230293504/1100000000 loss=4.4507 lr=0.000276 tok/s=41,178 eta=21120.59269269582
step=1758 tokens=230424576/1100000000 loss=4.3218 lr=0.000275 tok/s=41,159 eta=21127.23530474395
step=1759 tokens=230555648/1100000000 loss=4.2454 lr=0.000275 tok/s=41,117 eta=21145.431635359233
step=1760 tokens=230686720/1100000000 loss=4.3380 lr=0.000275 tok/s=41,125 eta=21138.333809541396
step=1761 tokens=230817792/1100000000 loss=4.2908 lr=0.000275 tok/s=41,148 eta=21123.47733498053
step=1762 tokens=230948864/1100000000 loss=4.3296 lr=0.000275 tok/s=41,211 eta=21087.719619693184
step=1763 tokens=231079936/1100000000 loss=4.2762 lr=0.000275 tok/s=40,934 eta=21227.17340564103
step=1764 tokens=231211008/1100000000 loss=4.2322 lr=0.000275 tok/s=41,096 eta=21140.579997457833
step=1765 tokens=231342080/1100000000 loss=4.2416 lr=0.000275 tok/s=41,150 eta=21109.29267028514
step=1766 tokens=231473152/1100000000 loss=4.2965 lr=0.000275 tok/s=41,058 eta=21153.79572549292
step=1767 tokens=231604224/1100000000 loss=4.2087 lr=0.000275 tok/s=41,052 eta=21153.359501344294
step=1768 tokens=231735296/1100000000 loss=4.2916 lr=0.000275 tok/s=41,077 eta=21137.530129502877
step=1769 tokens=231866368/1100000000 loss=4.2081 lr=0.000275 tok/s=41,082 eta=21131.597561983926
step=1770 tokens=231997440/1100000000 loss=4.3129 lr=0.000275 tok/s=41,173 eta=21082.016774148666
step=1771 tokens=232128512/1100000000 loss=4.2122 lr=0.000275 tok/s=40,900 eta=21219.49669586079
step=1772 tokens=232259584/1100000000 loss=4.3194 lr=0.000275 tok/s=41,442 eta=20938.513834801033
step=1773 tokens=232390656/1100000000 loss=4.2106 lr=0.000275 tok/s=41,245 eta=21035.66670610553
step=1774 tokens=232521728/1100000000 loss=4.0680 lr=0.000275 tok/s=41,253 eta=21028.445990546446
step=1775 tokens=232652800/1100000000 loss=4.2330 lr=0.000275 tok/s=41,334 eta=20983.806333248478
step=1776 tokens=232783872/1100000000 loss=4.2935 lr=0.000275 tok/s=41,343 eta=20976.15791121975
step=1777 tokens=232914944/1100000000 loss=4.2530 lr=0.000275 tok/s=41,077 eta=21108.564746591146
step=1778 tokens=233046016/1100000000 loss=4.3790 lr=0.000275 tok/s=40,913 eta=21190.378230728213
step=1779 tokens=233177088/1100000000 loss=4.1797 lr=0.000275 tok/s=41,057 eta=21112.856556318537
step=1780 tokens=233308160/1100000000 loss=4.3638 lr=0.000275 tok/s=41,215 eta=21028.744771805
step=1781 tokens=233439232/1100000000 loss=4.2218 lr=0.000275 tok/s=41,240 eta=21012.717364247765
step=1782 tokens=233570304/1100000000 loss=4.2611 lr=0.000275 tok/s=41,286 eta=20985.803106373474
step=1783 tokens=233701376/1100000000 loss=4.2028 lr=0.000275 tok/s=41,082 eta=21087.136520856882
step=1784 tokens=233832448/1100000000 loss=4.2339 lr=0.000275 tok/s=41,159 eta=21044.41688144437
step=1785 tokens=233963520/1100000000 loss=4.2827 lr=0.000275 tok/s=41,367 eta=20935.575633160075
step=1786 tokens=234094592/1100000000 loss=4.2398 lr=0.000275 tok/s=41,597 eta=20816.632778724972
step=1787 tokens=234225664/1100000000 loss=4.2539 lr=0.000275 tok/s=41,514 eta=20855.16515026673
step=1788 tokens=234356736/1100000000 loss=4.2285 lr=0.000275 tok/s=41,732 eta=20742.74109736357
step=1789 tokens=234487808/1100000000 loss=4.1974 lr=0.000275 tok/s=40,961 eta=21130.154997412137
step=1790 tokens=234618880/1100000000 loss=4.2822 lr=0.000275 tok/s=41,266 eta=20971.01006585743
step=1791 tokens=234749952/1100000000 loss=4.2373 lr=0.000275 tok/s=41,332 eta=20933.94356429068
step=1792 tokens=234881024/1100000000 loss=4.2141 lr=0.000274 tok/s=41,457 eta=20868.050484373212
step=1793 tokens=235012096/1100000000 loss=4.3040 lr=0.000274 tok/s=41,580 eta=20803.147152425412
step=1794 tokens=235143168/1100000000 loss=4.2157 lr=0.000274 tok/s=41,640 eta=20770.02551949495
step=1795 tokens=235274240/1100000000 loss=4.3008 lr=0.000274 tok/s=41,413 eta=20880.395273360948
step=1796 tokens=235405312/1100000000 loss=4.2487 lr=0.000274 tok/s=41,597 eta=20784.994321183043
step=1797 tokens=235536384/1100000000 loss=4.2838 lr=0.000274 tok/s=41,858 eta=20652.20164568337
step=1798 tokens=235667456/1100000000 loss=4.3172 lr=0.000274 tok/s=41,565 eta=20794.583060324738
step=1799 tokens=235798528/1100000000 loss=4.2098 lr=0.000274 tok/s=41,639 eta=20754.640094673538
step=1800 tokens=235929600/1100000000 loss=4.3517 lr=0.000274 tok/s=41,815 eta=20664.204450922738
step=1801 tokens=236060672/1100000000 loss=4.2456 lr=0.000274 tok/s=41,710 eta=20712.854678863965
step=1802 tokens=236191744/1100000000 loss=4.3467 lr=0.000274 tok/s=41,608 eta=20760.546584883436
step=1803 tokens=236322816/1100000000 loss=4.3469 lr=0.000274 tok/s=41,496 eta=20813.46661880977
step=1804 tokens=236453888/1100000000 loss=4.3053 lr=0.000274 tok/s=41,732 eta=20692.555969782883
step=1805 tokens=236584960/1100000000 loss=4.3548 lr=0.000274 tok/s=41,500 eta=20805.25399077706
step=1806 tokens=236716032/1100000000 loss=4.2869 lr=0.000274 tok/s=41,677 eta=20713.52649801563
step=1807 tokens=236847104/1100000000 loss=4.3593 lr=0.000274 tok/s=41,746 eta=20676.102163522235
step=1808 tokens=236978176/1100000000 loss=4.2692 lr=0.000274 tok/s=41,701 eta=20695.329393560485
step=1809 tokens=237109248/1100000000 loss=4.2335 lr=0.000274 tok/s=41,645 eta=20720.341524276508
step=1810 tokens=237240320/1100000000 loss=4.2845 lr=0.000274 tok/s=41,567 eta=20755.65014019743
checkpoint saved: runs/20260905-021323/checkpoints/step_000001810 (time)
step=1811 tokens=237371392/1100000000 loss=4.2326 lr=0.000274 tok/s=34,007 eta=25366.06542861415
step=1812 tokens=237502464/1100000000 loss=4.2953 lr=0.000274 tok/s=41,816 eta=20625.794463445778
step=1813 tokens=237633536/1100000000 loss=4.2267 lr=0.000274 tok/s=41,801 eta=20630.42893358602
step=1814 tokens=237764608/1100000000 loss=4.2285 lr=0.000274 tok/s=41,790 eta=20632.627032104963
step=1815 tokens=237895680/1100000000 loss=4.4292 lr=0.000274 tok/s=41,774 eta=20637.225183141192
step=1816 tokens=238026752/1100000000 loss=4.2670 lr=0.000274 tok/s=41,385 eta=20828.030858876635
step=1817 tokens=238157824/1100000000 loss=4.2435 lr=0.000274 tok/s=41,423 eta=20805.732819032666
step=1818 tokens=238288896/1100000000 loss=4.2038 lr=0.000274 tok/s=41,423 eta=20802.943465114877
step=1819 tokens=238419968/1100000000 loss=4.2198 lr=0.000274 tok/s=41,380 eta=20821.372397202817
step=1820 tokens=238551040/1100000000 loss=4.3321 lr=0.000274 tok/s=41,248 eta=20884.47930228567
step=1821 tokens=238682112/1100000000 loss=4.2921 lr=0.000274 tok/s=41,462 eta=20773.67488715481
step=1822 tokens=238813184/1100000000 loss=4.2929 lr=0.000274 tok/s=41,775 eta=20614.78121544643
step=1823 tokens=238944256/1100000000 loss=4.2496 lr=0.000274 tok/s=41,577 eta=20709.974049770393
step=1824 tokens=239075328/1100000000 loss=4.2582 lr=0.000274 tok/s=41,677 eta=20657.047329327183
step=1825 tokens=239206400/1100000000 loss=4.1996 lr=0.000273 tok/s=41,478 eta=20752.791349238127
step=1826 tokens=239337472/1100000000 loss=4.5599 lr=0.000273 tok/s=41,428 eta=20775.071189482704
step=1827 tokens=239468544/1100000000 loss=4.7721 lr=0.000273 tok/s=41,285 eta=20843.72179840119
step=1828 tokens=239599616/1100000000 loss=4.6176 lr=0.000273 tok/s=41,190 eta=20888.74519855933
step=1829 tokens=239730688/1100000000 loss=4.5710 lr=0.000273 tok/s=40,940 eta=21012.79125530077
step=1830 tokens=239861760/1100000000 loss=4.5451 lr=0.000273 tok/s=41,369 eta=20792.036148629424
step=1831 tokens=239992832/1100000000 loss=4.4312 lr=0.000273 tok/s=41,212 eta=20867.993384584603
step=1832 tokens=240123904/1100000000 loss=4.4542 lr=0.000273 tok/s=29,857 eta=28799.828653156663
step=1833 tokens=240254976/1100000000 loss=4.3249 lr=0.000273 tok/s=41,419 eta=20757.258316133655
step=1834 tokens=240386048/1100000000 loss=4.3897 lr=0.000273 tok/s=41,243 eta=20842.7177721642
step=1835 tokens=240517120/1100000000 loss=4.3445 lr=0.000273 tok/s=41,224 eta=20849.026393568347
step=1836 tokens=240648192/1100000000 loss=4.2904 lr=0.000273 tok/s=41,237 eta=20839.24352706298
step=1837 tokens=240779264/1100000000 loss=4.2285 lr=0.000273 tok/s=41,161 eta=20874.622665703428
step=1838 tokens=240910336/1100000000 loss=4.2820 lr=0.000273 tok/s=41,498 eta=20701.790291017653
step=1839 tokens=241041408/1100000000 loss=4.2548 lr=0.000273 tok/s=41,252 eta=20822.27955084006
step=1840 tokens=241172480/1100000000 loss=4.3025 lr=0.000273 tok/s=41,615 eta=20637.622933657436
step=1841 tokens=241303552/1100000000 loss=4.3223 lr=0.000273 tok/s=41,672 eta=20605.884444697378
step=1842 tokens=241434624/1100000000 loss=4.2350 lr=0.000273 tok/s=41,111 eta=20883.82596710914
step=1843 tokens=241565696/1100000000 loss=4.2226 lr=0.000273 tok/s=41,035 eta=20919.58708727586
step=1844 tokens=241696768/1100000000 loss=4.2298 lr=0.000273 tok/s=41,462 eta=20701.125011367443
step=1845 tokens=241827840/1100000000 loss=4.2484 lr=0.000273 tok/s=41,042 eta=20909.53479778575
step=1846 tokens=241958912/1100000000 loss=4.1973 lr=0.000273 tok/s=41,403 eta=20724.018462582357
step=1847 tokens=242089984/1100000000 loss=4.2085 lr=0.000273 tok/s=41,007 eta=20920.937667941165
step=1848 tokens=242221056/1100000000 loss=4.2104 lr=0.000273 tok/s=41,274 eta=20782.544962782467
step=1849 tokens=242352128/1100000000 loss=4.2040 lr=0.000273 tok/s=41,350 eta=20741.162656610315
step=1850 tokens=242483200/1100000000 loss=4.1322 lr=0.000273 tok/s=41,567 eta=20629.708813112975
step=1851 tokens=242614272/1100000000 loss=4.2021 lr=0.000273 tok/s=41,320 eta=20749.95451750009
step=1852 tokens=242745344/1100000000 loss=4.2196 lr=0.000273 tok/s=41,336 eta=20738.879317194078
step=1853 tokens=242876416/1100000000 loss=4.2060 lr=0.000273 tok/s=41,465 eta=20671.239594398237
step=1854 tokens=243007488/1100000000 loss=4.1138 lr=0.000273 tok/s=41,108 eta=20847.188437534183
step=1855 tokens=243138560/1100000000 loss=4.1919 lr=0.000273 tok/s=41,399 eta=20697.86902019835
step=1856 tokens=243269632/1100000000 loss=4.0889 lr=0.000273 tok/s=41,643 eta=20573.429999349857
step=1857 tokens=243400704/1100000000 loss=4.1707 lr=0.000272 tok/s=41,656 eta=20563.713590345567
step=1858 tokens=243531776/1100000000 loss=4.4061 lr=0.000272 tok/s=41,588 eta=20594.222401805695
step=1859 tokens=243662848/1100000000 loss=4.6070 lr=0.000272 tok/s=41,752 eta=20510.221228750983
step=1860 tokens=243793920/1100000000 loss=4.4772 lr=0.000272 tok/s=41,574 eta=20594.554806549913
step=1861 tokens=243924992/1100000000 loss=4.3168 lr=0.000272 tok/s=41,362 eta=20697.139449449445
step=1862 tokens=244056064/1100000000 loss=4.4086 lr=0.000272 tok/s=41,711 eta=20520.745075947438
step=1863 tokens=244187136/1100000000 loss=4.4125 lr=0.000272 tok/s=41,602 eta=20571.20847621056
step=1864 tokens=244318208/1100000000 loss=4.3905 lr=0.000272 tok/s=41,576 eta=20581.05012001992
step=1865 tokens=244449280/1100000000 loss=4.3876 lr=0.000272 tok/s=41,617 eta=20557.535495895652
step=1866 tokens=244580352/1100000000 loss=4.3704 lr=0.000272 tok/s=41,795 eta=20467.216266252144
step=1867 tokens=244711424/1100000000 loss=4.2753 lr=0.000272 tok/s=41,733 eta=20494.544278225756
step=1868 tokens=244842496/1100000000 loss=4.3744 lr=0.000272 tok/s=41,795 eta=20460.81778731174
step=1869 tokens=244973568/1100000000 loss=4.3189 lr=0.000272 tok/s=41,635 eta=20536.027903190807
step=1870 tokens=245104640/1100000000 loss=4.3236 lr=0.000272 tok/s=41,664 eta=20518.953158362798
step=1871 tokens=245235712/1100000000 loss=4.4754 lr=0.000272 tok/s=41,575 eta=20559.55278370355
step=1872 tokens=245366784/1100000000 loss=4.2560 lr=0.000272 tok/s=41,670 eta=20509.559843389052
step=1873 tokens=245497856/1100000000 loss=4.3118 lr=0.000272 tok/s=41,556 eta=20562.492869022295
step=1874 tokens=245628928/1100000000 loss=4.3032 lr=0.000272 tok/s=41,835 eta=20422.178768093647
step=1875 tokens=245760000/1100000000 loss=4.3125 lr=0.000272 tok/s=41,470 eta=20598.809529091443
step=1876 tokens=245891072/1100000000 loss=4.3063 lr=0.000272 tok/s=41,487 eta=20587.554183197517
step=1877 tokens=246022144/1100000000 loss=4.3689 lr=0.000272 tok/s=41,504 eta=20575.9149820159
step=1878 tokens=246153216/1100000000 loss=4.3123 lr=0.000272 tok/s=41,596 eta=20527.184430679983
step=1879 tokens=246284288/1100000000 loss=4.3600 lr=0.000272 tok/s=41,691 eta=20477.361541879785
step=1880 tokens=246415360/1100000000 loss=4.4009 lr=0.000272 tok/s=41,350 eta=20642.96001630846
step=1881 tokens=246546432/1100000000 loss=4.3011 lr=0.000272 tok/s=41,262 eta=20683.98434044085
step=1882 tokens=246677504/1100000000 loss=4.2508 lr=0.000272 tok/s=41,275 eta=20673.966421686833
step=1883 tokens=246808576/1100000000 loss=4.2735 lr=0.000272 tok/s=41,530 eta=20543.78133421179
step=1884 tokens=246939648/1100000000 loss=4.2856 lr=0.000272 tok/s=41,498 eta=20556.62655737415
step=1885 tokens=247070720/1100000000 loss=4.3276 lr=0.000272 tok/s=41,582 eta=20511.76123764966
step=1886 tokens=247201792/1100000000 loss=4.4110 lr=0.000272 tok/s=41,383 eta=20607.43997447034
step=1887 tokens=247332864/1100000000 loss=4.2594 lr=0.000272 tok/s=41,480 eta=20556.052404710525
step=1888 tokens=247463936/1100000000 loss=4.2305 lr=0.000272 tok/s=41,652 eta=20468.09274868073
step=1889 tokens=247595008/1100000000 loss=4.2842 lr=0.000271 tok/s=41,662 eta=20459.95675328943
step=1890 tokens=247726080/1100000000 loss=4.2794 lr=0.000271 tok/s=41,731 eta=20422.80357212067
step=1891 tokens=247857152/1100000000 loss=4.2176 lr=0.000271 tok/s=41,185 eta=20690.8045631992
step=1892 tokens=247988224/1100000000 loss=4.1913 lr=0.000271 tok/s=41,420 eta=20570.24720097663
step=1893 tokens=248119296/1100000000 loss=4.1517 lr=0.000271 tok/s=41,031 eta=20761.890568846142
step=1894 tokens=248250368/1100000000 loss=4.2419 lr=0.000271 tok/s=41,008 eta=20770.554517788238
step=1895 tokens=248381440/1100000000 loss=4.1104 lr=0.000271 tok/s=41,149 eta=20696.039904309262
step=1896 tokens=248512512/1100000000 loss=4.2347 lr=0.000271 tok/s=41,452 eta=20541.33694321426
step=1897 tokens=248643584/1100000000 loss=4.2291 lr=0.000271 tok/s=41,105 eta=20711.90602249731
step=1898 tokens=248774656/1100000000 loss=4.1602 lr=0.000271 tok/s=41,360 eta=20580.783563316938
step=1899 tokens=248905728/1100000000 loss=4.3048 lr=0.000271 tok/s=41,193 eta=20661.058049905634
step=1900 tokens=249036800/1100000000 loss=4.2490 lr=0.000271 tok/s=41,094 eta=20707.630813165415
step=1901 tokens=249167872/1100000000 loss=4.2255 lr=0.000271 tok/s=41,371 eta=20566.042827810656
step=1902 tokens=249298944/1100000000 loss=4.2353 lr=0.000271 tok/s=41,738 eta=20381.82253796596
step=1903 tokens=249430016/1100000000 loss=4.4836 lr=0.000271 tok/s=41,455 eta=20517.836937166296
step=1904 tokens=249561088/1100000000 loss=4.3758 lr=0.000271 tok/s=41,372 eta=20555.699687570916
step=1905 tokens=249692160/1100000000 loss=4.2244 lr=0.000271 tok/s=41,303 eta=20586.849102959608
step=1906 tokens=249823232/1100000000 loss=4.2461 lr=0.000271 tok/s=41,679 eta=20398.172332545295
step=1907 tokens=249954304/1100000000 loss=4.2168 lr=0.000271 tok/s=41,682 eta=20393.6425583969
step=1908 tokens=250085376/1100000000 loss=4.2618 lr=0.000271 tok/s=30,136 eta=28203.054361068833
checkpoint saved: runs/20260905-021323/checkpoints/tokens_000250m (permanent_tokens)
step=1909 tokens=250216448/1100000000 loss=4.1858 lr=0.000271 tok/s=34,960 eta=24307.532369450877
step=1910 tokens=250347520/1100000000 loss=4.2830 lr=0.000271 tok/s=41,335 eta=20555.272320309054
step=1911 tokens=250478592/1100000000 loss=4.3501 lr=0.000271 tok/s=41,669 eta=20387.454605949486
step=1912 tokens=250609664/1100000000 loss=4.2585 lr=0.000271 tok/s=41,790 eta=20324.995827480678
step=1913 tokens=250740736/1100000000 loss=4.2742 lr=0.000271 tok/s=41,609 eta=20410.582938088148
step=1914 tokens=250871808/1100000000 loss=4.2161 lr=0.000271 tok/s=41,520 eta=20450.873567122326
step=1915 tokens=251002880/1100000000 loss=4.2793 lr=0.000271 tok/s=41,500 eta=20457.73462713568
step=1916 tokens=251133952/1100000000 loss=4.2302 lr=0.000271 tok/s=41,409 eta=20499.773698103
step=1917 tokens=251265024/1100000000 loss=4.2795 lr=0.000271 tok/s=41,353 eta=20524.348777009596
step=1918 tokens=251396096/1100000000 loss=4.3076 lr=0.000271 tok/s=41,398 eta=20498.565376518545
step=1919 tokens=251527168/1100000000 loss=4.3168 lr=0.000271 tok/s=41,430 eta=20479.480738433413
step=1920 tokens=251658240/1100000000 loss=4.2827 lr=0.00027 tok/s=41,191 eta=20595.165205931804
step=1921 tokens=251789312/1100000000 loss=4.2770 lr=0.00027 tok/s=41,532 eta=20422.888117781342
step=1922 tokens=251920384/1100000000 loss=4.1509 lr=0.00027 tok/s=41,618 eta=20377.618598839057
step=1923 tokens=252051456/1100000000 loss=4.3380 lr=0.00027 tok/s=41,532 eta=20416.74190527375
step=1924 tokens=252182528/1100000000 loss=4.2841 lr=0.00027 tok/s=41,659 eta=20351.57083321959
step=1925 tokens=252313600/1100000000 loss=4.2159 lr=0.00027 tok/s=41,774 eta=20292.278405462614
step=1926 tokens=252444672/1100000000 loss=4.2378 lr=0.00027 tok/s=41,542 eta=20402.199760991964
step=1927 tokens=252575744/1100000000 loss=4.2863 lr=0.00027 tok/s=41,695 eta=20324.398834256433
step=1928 tokens=252706816/1100000000 loss=4.2319 lr=0.00027 tok/s=41,673 eta=20332.116721985618
step=1929 tokens=252837888/1100000000 loss=4.2020 lr=0.00027 tok/s=41,683 eta=20324.020906684265
step=1930 tokens=252968960/1100000000 loss=4.2286 lr=0.00027 tok/s=41,437 eta=20441.619788268254
step=1931 tokens=253100032/1100000000 loss=4.1987 lr=0.00027 tok/s=41,361 eta=20475.85381272224
step=1932 tokens=253231104/1100000000 loss=4.2743 lr=0.00027 tok/s=41,347 eta=20479.503454369296
step=1933 tokens=253362176/1100000000 loss=4.2060 lr=0.00027 tok/s=41,259 eta=20519.923773253155
step=1934 tokens=253493248/1100000000 loss=4.2072 lr=0.00027 tok/s=41,396 eta=20448.77887303644
step=1935 tokens=253624320/1100000000 loss=4.2643 lr=0.00027 tok/s=41,365 eta=20461.100171239865
step=1936 tokens=253755392/1100000000 loss=4.3057 lr=0.00027 tok/s=41,394 eta=20443.76395726161
step=1937 tokens=253886464/1100000000 loss=4.2509 lr=0.00027 tok/s=41,401 eta=20437.093697013897
step=1938 tokens=254017536/1100000000 loss=4.2232 lr=0.00027 tok/s=41,213 eta=20527.189853192653
step=1939 tokens=254148608/1100000000 loss=4.2200 lr=0.00027 tok/s=41,380 eta=20440.901909118777
step=1940 tokens=254279680/1100000000 loss=4.1857 lr=0.00027 tok/s=41,459 eta=20399.17967341495
step=1941 tokens=254410752/1100000000 loss=4.2627 lr=0.00027 tok/s=41,547 eta=20352.77389452198
step=1942 tokens=254541824/1100000000 loss=4.2171 lr=0.00027 tok/s=41,549 eta=20348.635724736567
step=1943 tokens=254672896/1100000000 loss=4.2614 lr=0.00027 tok/s=41,237 eta=20499.121190376147
step=1944 tokens=254803968/1100000000 loss=4.3526 lr=0.00027 tok/s=41,249 eta=20490.263411023636
step=1945 tokens=254935040/1100000000 loss=4.2401 lr=0.00027 tok/s=41,247 eta=20487.73299508463
step=1946 tokens=255066112/1100000000 loss=4.1743 lr=0.00027 tok/s=41,167 eta=20524.338207387664
step=1947 tokens=255197184/1100000000 loss=4.2213 lr=0.00027 tok/s=41,450 eta=20381.293888769625
step=1948 tokens=255328256/1100000000 loss=4.3788 lr=0.00027 tok/s=41,242 eta=20481.055116091025
step=1949 tokens=255459328/1100000000 loss=4.1420 lr=0.00027 tok/s=41,485 eta=20357.91091544876
step=1950 tokens=255590400/1100000000 loss=4.2031 lr=0.00027 tok/s=41,305 eta=20443.128469137424
step=1951 tokens=255721472/1100000000 loss=4.2011 lr=0.000269 tok/s=41,287 eta=20448.987465009523
step=1952 tokens=255852544/1100000000 loss=4.2221 lr=0.000269 tok/s=41,285 eta=20446.585061561378
step=1953 tokens=255983616/1100000000 loss=4.2204 lr=0.000269 tok/s=41,289 eta=20441.677459416336
step=1954 tokens=256114688/1100000000 loss=4.2450 lr=0.000269 tok/s=41,475 eta=20346.624396994393
step=1955 tokens=256245760/1100000000 loss=4.2086 lr=0.000269 tok/s=41,222 eta=20468.556853731585
step=1956 tokens=256376832/1100000000 loss=4.2526 lr=0.000269 tok/s=41,261 eta=20446.106111016074
step=1957 tokens=256507904/1100000000 loss=4.2515 lr=0.000269 tok/s=41,308 eta=20419.634806586826
step=1958 tokens=256638976/1100000000 loss=4.2682 lr=0.000269 tok/s=41,105 eta=20517.24173280987
step=1959 tokens=256770048/1100000000 loss=4.3003 lr=0.000269 tok/s=41,348 eta=20393.6164917529
step=1960 tokens=256901120/1100000000 loss=4.2161 lr=0.000269 tok/s=40,957 eta=20585.05767161408
step=1961 tokens=257032192/1100000000 loss=4.2244 lr=0.000269 tok/s=41,123 eta=20498.881581857906
step=1962 tokens=257163264/1100000000 loss=4.2829 lr=0.000269 tok/s=41,227 eta=20443.844756109018
step=1963 tokens=257294336/1100000000 loss=4.2496 lr=0.000269 tok/s=41,436 eta=20337.682620579195
step=1964 tokens=257425408/1100000000 loss=4.1485 lr=0.000269 tok/s=41,245 eta=20428.625762355015
step=1965 tokens=257556480/1100000000 loss=4.3880 lr=0.000269 tok/s=41,561 eta=20270.0259633412
step=1966 tokens=257687552/1100000000 loss=4.2805 lr=0.000269 tok/s=41,669 eta=20214.159818879943
step=1967 tokens=257818624/1100000000 loss=4.2173 lr=0.000269 tok/s=41,613 eta=20238.58400665115
step=1968 tokens=257949696/1100000000 loss=4.1667 lr=0.000269 tok/s=41,294 eta=20391.708047648546
step=1969 tokens=258080768/1100000000 loss=4.1715 lr=0.000269 tok/s=41,132 eta=20468.84309677802
step=1970 tokens=258211840/1100000000 loss=4.2654 lr=0.000269 tok/s=41,211 eta=20426.185236782465
step=1971 tokens=258342912/1100000000 loss=4.2720 lr=0.000269 tok/s=41,470 eta=20295.634695059558
step=1972 tokens=258473984/1100000000 loss=4.2610 lr=0.000269 tok/s=41,418 eta=20317.911857081697
step=1973 tokens=258605056/1100000000 loss=4.2110 lr=0.000269 tok/s=41,666 eta=20193.561600247787
step=1974 tokens=258736128/1100000000 loss=4.2704 lr=0.000269 tok/s=41,344 eta=20347.82003822825
step=1975 tokens=258867200/1100000000 loss=4.2548 lr=0.000269 tok/s=41,346 eta=20343.92079614724
step=1976 tokens=258998272/1100000000 loss=4.2199 lr=0.000269 tok/s=41,204 eta=20410.535617030422
step=1977 tokens=259129344/1100000000 loss=4.1460 lr=0.000269 tok/s=41,594 eta=20216.026292524475
step=1978 tokens=259260416/1100000000 loss=4.1359 lr=0.000269 tok/s=41,445 eta=20285.785674752384
step=1979 tokens=259391488/1100000000 loss=4.2593 lr=0.000269 tok/s=41,488 eta=20261.471049781565
step=1980 tokens=259522560/1100000000 loss=4.2344 lr=0.000269 tok/s=41,414 eta=20294.459584983044
step=1981 tokens=259653632/1100000000 loss=4.2225 lr=0.000269 tok/s=41,436 eta=20280.599858301404
step=1982 tokens=259784704/1100000000 loss=4.2557 lr=0.000268 tok/s=41,533 eta=20230.03460049838
step=1983 tokens=259915776/1100000000 loss=4.1998 lr=0.000268 tok/s=41,205 eta=20388.130776839123
step=1984 tokens=260046848/1100000000 loss=4.2236 lr=0.000268 tok/s=30,003 eta=27995.664119003333
step=1985 tokens=260177920/1100000000 loss=4.1516 lr=0.000268 tok/s=41,415 eta=20278.267875825095
step=1986 tokens=260308992/1100000000 loss=4.2041 lr=0.000268 tok/s=41,084 eta=20438.362384385688
step=1987 tokens=260440064/1100000000 loss=4.1337 lr=0.000268 tok/s=41,438 eta=20260.59948670214
step=1988 tokens=260571136/1100000000 loss=4.1398 lr=0.000268 tok/s=41,445 eta=20253.936403771062
step=1989 tokens=260702208/1100000000 loss=4.1530 lr=0.000268 tok/s=41,471 eta=20237.997513241513
step=1990 tokens=260833280/1100000000 loss=4.1143 lr=0.000268 tok/s=41,124 eta=20405.901516871872
step=1991 tokens=260964352/1100000000 loss=4.2335 lr=0.000268 tok/s=41,336 eta=20297.795740174257
step=1992 tokens=261095424/1100000000 loss=4.1330 lr=0.000268 tok/s=41,624 eta=20154.41232514438
step=1993 tokens=261226496/1100000000 loss=4.2265 lr=0.000268 tok/s=41,494 eta=20214.27153764324
step=1994 tokens=261357568/1100000000 loss=4.2367 lr=0.000268 tok/s=41,346 eta=20283.341141235553
step=1995 tokens=261488640/1100000000 loss=4.2430 lr=0.000268 tok/s=41,265 eta=20320.3696963816
step=1996 tokens=261619712/1100000000 loss=4.2354 lr=0.000268 tok/s=41,501 eta=20201.553584021218
step=1997 tokens=261750784/1100000000 loss=4.2798 lr=0.000268 tok/s=41,385 eta=20254.8836555458
step=1998 tokens=261881856/1100000000 loss=4.2360 lr=0.000268 tok/s=41,515 eta=20188.343447043084
step=1999 tokens=262012928/1100000000 loss=4.2367 lr=0.000268 tok/s=41,564 eta=20161.569861216693
step=2000 tokens=262144000/1100000000 loss=4.2566 lr=0.000268 tok/s=41,379 eta=20248.47555328754
step=2001 tokens=262275072/1100000000 loss=4.2709 lr=0.000268 tok/s=41,894 eta=19996.18926060646
step=2002 tokens=262406144/1100000000 loss=4.2081 lr=0.000268 tok/s=41,794 eta=20041.121765594744
step=2003 tokens=262537216/1100000000 loss=4.1275 lr=0.000268 tok/s=41,175 eta=20338.994481840055
step=2004 tokens=262668288/1100000000 loss=4.3058 lr=0.000268 tok/s=41,485 eta=20183.913383281455
step=2005 tokens=262799360/1100000000 loss=4.2784 lr=0.000268 tok/s=41,419 eta=20212.900509194045
step=2006 tokens=262930432/1100000000 loss=4.1791 lr=0.000268 tok/s=41,427 eta=20205.88945341966
step=2007 tokens=263061504/1100000000 loss=4.2581 lr=0.000268 tok/s=41,668 eta=20085.676940534235
step=2008 tokens=263192576/1100000000 loss=4.1646 lr=0.000268 tok/s=41,556 eta=20137.086749565868
step=2009 tokens=263323648/1100000000 loss=4.2131 lr=0.000268 tok/s=41,739 eta=20045.469257969064
step=2010 tokens=263454720/1100000000 loss=4.2219 lr=0.000268 tok/s=41,446 eta=20184.061766641968
step=2011 tokens=263585792/1100000000 loss=4.2528 lr=0.000268 tok/s=41,360 eta=20222.85320465012
step=2012 tokens=263716864/1100000000 loss=4.2242 lr=0.000267 tok/s=41,716 eta=20047.116326075542
step=2013 tokens=263847936/1100000000 loss=4.2200 lr=0.000267 tok/s=41,437 eta=20178.814240658976
step=2014 tokens=263979008/1100000000 loss=4.1520 lr=0.000267 tok/s=41,493 eta=20148.5764496551
step=2015 tokens=264110080/1100000000 loss=4.1695 lr=0.000267 tok/s=41,584 eta=20101.232124780123
step=2016 tokens=264241152/1100000000 loss=4.1812 lr=0.000267 tok/s=41,439 eta=20168.446037750957
step=2017 tokens=264372224/1100000000 loss=4.2089 lr=0.000267 tok/s=41,455 eta=20157.36656552466
step=2018 tokens=264503296/1100000000 loss=4.2751 lr=0.000267 tok/s=41,299 eta=20230.239128357494
step=2019 tokens=264634368/1100000000 loss=4.2416 lr=0.000267 tok/s=41,457 eta=20150.322766685582
step=2020 tokens=264765440/1100000000 loss=4.1166 lr=0.000267 tok/s=41,283 eta=20231.970402891522
step=2021 tokens=264896512/1100000000 loss=4.2393 lr=0.000267 tok/s=41,273 eta=20233.734204056815
step=2022 tokens=265027584/1100000000 loss=4.2261 lr=0.000267 tok/s=41,353 eta=20191.14460360966
step=2023 tokens=265158656/1100000000 loss=4.2434 lr=0.000267 tok/s=41,069 eta=20327.99351556213
step=2024 tokens=265289728/1100000000 loss=4.2532 lr=0.000267 tok/s=41,327 eta=20197.870907545526
step=2025 tokens=265420800/1100000000 loss=4.1732 lr=0.000267 tok/s=41,209 eta=20252.557491513104
step=2026 tokens=265551872/1100000000 loss=4.1917 lr=0.000267 tok/s=41,413 eta=20149.27020380025
step=2027 tokens=265682944/1100000000 loss=4.2608 lr=0.000267 tok/s=41,433 eta=20136.495047625634
step=2028 tokens=265814016/1100000000 loss=4.1436 lr=0.000267 tok/s=41,510 eta=20095.973371118533
step=2029 tokens=265945088/1100000000 loss=4.0988 lr=0.000267 tok/s=41,380 eta=20156.10201765965
step=2030 tokens=266076160/1100000000 loss=4.1794 lr=0.000267 tok/s=41,206 eta=20238.119107704868
step=2031 tokens=266207232/1100000000 loss=4.0979 lr=0.000267 tok/s=41,365 eta=20156.746495596635
step=2032 tokens=266338304/1100000000 loss=4.3237 lr=0.000267 tok/s=41,552 eta=20063.299394338635
step=2033 tokens=266469376/1100000000 loss=4.1657 lr=0.000267 tok/s=41,386 eta=20140.272516868485
step=2034 tokens=266600448/1100000000 loss=4.3077 lr=0.000267 tok/s=41,104 eta=20275.577171495202
step=2035 tokens=266731520/1100000000 loss=4.1418 lr=0.000267 tok/s=41,118 eta=20265.33979176832
step=2036 tokens=266862592/1100000000 loss=4.0983 lr=0.000267 tok/s=41,160 eta=20241.42937103309
step=2037 tokens=266993664/1100000000 loss=4.0975 lr=0.000267 tok/s=41,224 eta=20207.035966490654
step=2038 tokens=267124736/1100000000 loss=4.1775 lr=0.000267 tok/s=41,317 eta=20158.121482993945
step=2039 tokens=267255808/1100000000 loss=4.2275 lr=0.000267 tok/s=41,124 eta=20249.467118723693
step=2040 tokens=267386880/1100000000 loss=4.1785 lr=0.000267 tok/s=41,147 eta=20235.140167299658
step=2041 tokens=267517952/1100000000 loss=4.1699 lr=0.000266 tok/s=41,158 eta=20226.493634362476
step=2042 tokens=267649024/1100000000 loss=4.1073 lr=0.000266 tok/s=41,270 eta=20168.247022810523
step=2043 tokens=267780096/1100000000 loss=4.1939 lr=0.000266 tok/s=41,196 eta=20201.652375711863
step=2044 tokens=267911168/1100000000 loss=4.1075 lr=0.000266 tok/s=41,351 eta=20122.701923025845
step=2045 tokens=268042240/1100000000 loss=4.1721 lr=0.000266 tok/s=41,245 eta=20171.108052636886
step=2046 tokens=268173312/1100000000 loss=4.1896 lr=0.000266 tok/s=41,169 eta=20204.951606802362
step=2047 tokens=268304384/1100000000 loss=4.1851 lr=0.000266 tok/s=41,623 eta=19981.656341013062
step=2048 tokens=268435456/1100000000 loss=4.0677 lr=0.000266 tok/s=41,380 eta=20095.814469989582
step=2049 tokens=268566528/1100000000 loss=4.1547 lr=0.000266 tok/s=41,346 eta=20109.035034274497
step=2050 tokens=268697600/1100000000 loss=4.1447 lr=0.000266 tok/s=41,295 eta=20130.882474911854
step=2051 tokens=268828672/1100000000 loss=4.1657 lr=0.000266 tok/s=41,258 eta=20145.79002898146
step=2052 tokens=268959744/1100000000 loss=4.1576 lr=0.000266 tok/s=41,131 eta=20204.87080758009
step=2053 tokens=269090816/1100000000 loss=4.2012 lr=0.000266 tok/s=41,064 eta=20234.426544454345
step=2054 tokens=269221888/1100000000 loss=4.1835 lr=0.000266 tok/s=41,298 eta=20116.461267351973
step=2055 tokens=269352960/1100000000 loss=4.1391 lr=0.000266 tok/s=41,156 eta=20183.056619326213
step=2056 tokens=269484032/1100000000 loss=4.1937 lr=0.000266 tok/s=41,192 eta=20161.87293739699
step=2057 tokens=269615104/1100000000 loss=4.1504 lr=0.000266 tok/s=41,169 eta=20170.216332327534
step=2058 tokens=269746176/1100000000 loss=4.2221 lr=0.000266 tok/s=41,247 eta=20128.8063436694
step=2059 tokens=269877248/1100000000 loss=4.2445 lr=0.000266 tok/s=41,301 eta=20099.111659463546
step=2060 tokens=270008320/1100000000 loss=4.1209 lr=0.000266 tok/s=29,957 eta=27705.924458462945
step=2061 tokens=270139392/1100000000 loss=4.0681 lr=0.000266 tok/s=41,337 eta=20075.564946285365
step=2062 tokens=270270464/1100000000 loss=4.0955 lr=0.000266 tok/s=41,433 eta=20026.02930980389
step=2063 tokens=270401536/1100000000 loss=4.2237 lr=0.000266 tok/s=41,370 eta=20053.007842348787
step=2064 tokens=270532608/1100000000 loss=4.2014 lr=0.000266 tok/s=41,088 eta=20187.4103501391
step=2065 tokens=270663680/1100000000 loss=4.0770 lr=0.000266 tok/s=41,298 eta=20081.6643417327
step=2066 tokens=270794752/1100000000 loss=4.1956 lr=0.000266 tok/s=41,370 eta=20043.64676245144
step=2067 tokens=270925824/1100000000 loss=4.1443 lr=0.000266 tok/s=41,537 eta=19959.932354792312
step=2068 tokens=271056896/1100000000 loss=4.1591 lr=0.000266 tok/s=41,659 eta=19898.16737650315
step=2069 tokens=271187968/1100000000 loss=4.1543 lr=0.000266 tok/s=41,251 eta=20091.743664970552
step=2070 tokens=271319040/1100000000 loss=4.1380 lr=0.000266 tok/s=41,156 eta=20134.993815314505
step=2071 tokens=271450112/1100000000 loss=4.1121 lr=0.000265 tok/s=41,555 eta=19938.397336442802
step=2072 tokens=271581184/1100000000 loss=4.1356 lr=0.000265 tok/s=41,635 eta=19897.18185680469
step=2073 tokens=271712256/1100000000 loss=4.0583 lr=0.000265 tok/s=41,490 eta=19963.60000930149
step=2074 tokens=271843328/1100000000 loss=4.0858 lr=0.000265 tok/s=41,499 eta=19956.13452997242
step=2075 tokens=271974400/1100000000 loss=4.0826 lr=0.000265 tok/s=41,439 eta=19981.686254077573
step=2076 tokens=272105472/1100000000 loss=3.9982 lr=0.000265 tok/s=41,609 eta=19897.16707245721
step=2077 tokens=272236544/1100000000 loss=4.0394 lr=0.000265 tok/s=41,384 eta=20002.11881714859
step=2078 tokens=272367616/1100000000 loss=4.1179 lr=0.000265 tok/s=41,437 eta=19973.440957502688
step=2079 tokens=272498688/1100000000 loss=4.1349 lr=0.000265 tok/s=41,245 eta=20063.054817334345
step=2080 tokens=272629760/1100000000 loss=4.0850 lr=0.000265 tok/s=41,227 eta=20068.495628188637
step=2081 tokens=272760832/1100000000 loss=4.1301 lr=0.000265 tok/s=41,282 eta=20038.755525493947
step=2082 tokens=272891904/1100000000 loss=4.0917 lr=0.000265 tok/s=41,428 eta=19965.01717958213
step=2083 tokens=273022976/1100000000 loss=4.2755 lr=0.000265 tok/s=41,369 eta=19990.384411145285
step=2084 tokens=273154048/1100000000 loss=4.1931 lr=0.000265 tok/s=41,383 eta=19980.27993330627
step=2085 tokens=273285120/1100000000 loss=4.1375 lr=0.000265 tok/s=41,263 eta=20035.322720101743
step=2086 tokens=273416192/1100000000 loss=4.0754 lr=0.000265 tok/s=41,512 eta=19911.83034213962
step=2087 tokens=273547264/1100000000 loss=4.1088 lr=0.000265 tok/s=41,761 eta=19790.06219276842
step=2088 tokens=273678336/1100000000 loss=4.0838 lr=0.000265 tok/s=41,487 eta=19917.430212387048
step=2089 tokens=273809408/1100000000 loss=4.0203 lr=0.000265 tok/s=41,637 eta=19842.69918523935
step=2090 tokens=273940480/1100000000 loss=4.0262 lr=0.000265 tok/s=41,309 eta=19996.93632109712
step=2091 tokens=274071552/1100000000 loss=3.9898 lr=0.000265 tok/s=41,263 eta=20016.410002324606
step=2092 tokens=274202624/1100000000 loss=3.9616 lr=0.000265 tok/s=41,699 eta=19803.639166340996
step=2093 tokens=274333696/1100000000 loss=3.9727 lr=0.000265 tok/s=41,598 eta=19848.548849358696
step=2094 tokens=274464768/1100000000 loss=3.9769 lr=0.000265 tok/s=41,528 eta=19879.1158004768
step=2095 tokens=274595840/1100000000 loss=3.9720 lr=0.000265 tok/s=41,103 eta=20081.135993053962
step=2096 tokens=274726912/1100000000 loss=3.8982 lr=0.000265 tok/s=41,243 eta=20009.798727788562
step=2097 tokens=274857984/1100000000 loss=3.9518 lr=0.000265 tok/s=41,549 eta=19859.60143537596
step=2098 tokens=274989056/1100000000 loss=3.8937 lr=0.000265 tok/s=41,533 eta=19863.817490407855
step=2099 tokens=275120128/1100000000 loss=3.8745 lr=0.000265 tok/s=41,135 eta=20053.048885130935
step=2100 tokens=275251200/1100000000 loss=3.9177 lr=0.000264 tok/s=41,137 eta=20048.66873984174
step=2101 tokens=275382272/1100000000 loss=3.8354 lr=0.000264 tok/s=41,190 eta=20019.724133321266
step=2102 tokens=275513344/1100000000 loss=3.8383 lr=0.000264 tok/s=41,291 eta=19967.93864949021
step=2103 tokens=275644416/1100000000 loss=3.7898 lr=0.000264 tok/s=41,041 eta=20086.356826843945
step=2104 tokens=275775488/1100000000 loss=3.8438 lr=0.000264 tok/s=41,510 eta=19856.162817111068
step=2105 tokens=275906560/1100000000 loss=3.8293 lr=0.000264 tok/s=41,353 eta=19928.089068685793
step=2106 tokens=276037632/1100000000 loss=3.8815 lr=0.000264 tok/s=41,002 eta=20095.858978603017
step=2107 tokens=276168704/1100000000 loss=3.7985 lr=0.000264 tok/s=41,377 eta=19910.433460381235
step=2108 tokens=276299776/1100000000 loss=3.8038 lr=0.000264 tok/s=41,303 eta=19943.02412578202
step=2109 tokens=276430848/1100000000 loss=3.7519 lr=0.000264 tok/s=41,354 eta=19914.886624657876
step=2110 tokens=276561920/1100000000 loss=3.7667 lr=0.000264 tok/s=41,084 eta=20042.56979587405
step=2111 tokens=276692992/1100000000 loss=3.7537 lr=0.000264 tok/s=41,246 eta=19960.739417929828
step=2112 tokens=276824064/1100000000 loss=3.7823 lr=0.000264 tok/s=41,528 eta=19822.20811185863
step=2113 tokens=276955136/1100000000 loss=3.8003 lr=0.000264 tok/s=41,294 eta=19931.31800474411
step=2114 tokens=277086208/1100000000 loss=3.9486 lr=0.000264 tok/s=41,312 eta=19919.63706899257
step=2115 tokens=277217280/1100000000 loss=4.3654 lr=0.000264 tok/s=41,417 eta=19865.66652326142
step=2116 tokens=277348352/1100000000 loss=4.2959 lr=0.000264 tok/s=41,523 eta=19811.718482261724
step=2117 tokens=277479424/1100000000 loss=4.3054 lr=0.000264 tok/s=41,461 eta=19838.42900178463
step=2118 tokens=277610496/1100000000 loss=4.3011 lr=0.000264 tok/s=41,587 eta=19775.047105448775
step=2119 tokens=277741568/1100000000 loss=4.2211 lr=0.000264 tok/s=41,500 eta=19813.555130914337
step=2120 tokens=277872640/1100000000 loss=4.2566 lr=0.000264 tok/s=41,500 eta=19810.261189701923
step=2121 tokens=278003712/1100000000 loss=4.2775 lr=0.000264 tok/s=41,627 eta=19746.636362719066
step=2122 tokens=278134784/1100000000 loss=4.2358 lr=0.000264 tok/s=41,427 eta=19838.775111528303
step=2123 tokens=278265856/1100000000 loss=4.2133 lr=0.000264 tok/s=41,472 eta=19814.170605538515
step=2124 tokens=278396928/1100000000 loss=4.2867 lr=0.000264 tok/s=41,740 eta=19683.600879888603
step=2125 tokens=278528000/1100000000 loss=4.1483 lr=0.000264 tok/s=41,516 eta=19786.823753072924
step=2126 tokens=278659072/1100000000 loss=4.1931 lr=0.000264 tok/s=41,437 eta=19821.201983020248
step=2127 tokens=278790144/1100000000 loss=4.2376 lr=0.000264 tok/s=41,517 eta=19780.077505750643
step=2128 tokens=278921216/1100000000 loss=4.0659 lr=0.000263 tok/s=41,630 eta=19723.333515714257
step=2129 tokens=279052288/1100000000 loss=4.1313 lr=0.000263 tok/s=41,546 eta=19759.92514963426
step=2130 tokens=279183360/1100000000 loss=4.2018 lr=0.000263 tok/s=41,318 eta=19866.07143518018
step=2131 tokens=279314432/1100000000 loss=4.1582 lr=0.000263 tok/s=41,304 eta=19869.393617682937
step=2132 tokens=279445504/1100000000 loss=4.1811 lr=0.000263 tok/s=41,709 eta=19673.23935165562
step=2133 tokens=279576576/1100000000 loss=4.2193 lr=0.000263 tok/s=41,201 eta=19912.531281385833
step=2134 tokens=279707648/1100000000 loss=4.1335 lr=0.000263 tok/s=41,607 eta=19715.175083283
step=2135 tokens=279838720/1100000000 loss=4.1817 lr=0.000263 tok/s=41,615 eta=19708.27309609825
step=2136 tokens=279969792/1100000000 loss=4.1507 lr=0.000263 tok/s=41,581 eta=19721.03993857733
step=2137 tokens=280100864/1100000000 loss=4.1723 lr=0.000263 tok/s=29,998 eta=27332.026748616863
step=2138 tokens=280231936/1100000000 loss=4.0280 lr=0.000263 tok/s=41,364 eta=19818.173604168423
step=2139 tokens=280363008/1100000000 loss=4.1342 lr=0.000263 tok/s=41,355 eta=19819.39625999034
step=2140 tokens=280494080/1100000000 loss=4.0832 lr=0.000263 tok/s=41,454 eta=19769.12692745658
step=2141 tokens=280625152/1100000000 loss=4.3130 lr=0.000263 tok/s=41,573 eta=19709.43536617408
step=2142 tokens=280756224/1100000000 loss=4.1565 lr=0.000263 tok/s=41,701 eta=19645.862900955315
step=2143 tokens=280887296/1100000000 loss=4.1614 lr=0.000263 tok/s=41,629 eta=19676.566836135717
step=2144 tokens=281018368/1100000000 loss=4.1327 lr=0.000263 tok/s=41,299 eta=19830.487188804425
step=2145 tokens=281149440/1100000000 loss=4.1006 lr=0.000263 tok/s=41,423 eta=19767.897058025468
step=2146 tokens=281280512/1100000000 loss=4.1529 lr=0.000263 tok/s=41,434 eta=19759.81682995454
step=2147 tokens=281411584/1100000000 loss=4.2214 lr=0.000263 tok/s=41,401 eta=19772.028560404608
step=2148 tokens=281542656/1100000000 loss=4.1214 lr=0.000263 tok/s=41,341 eta=19797.717695936637
step=2149 tokens=281673728/1100000000 loss=4.2511 lr=0.000263 tok/s=41,573 eta=19684.244332323764
step=2150 tokens=281804800/1100000000 loss=4.2075 lr=0.000263 tok/s=41,731 eta=19606.498739271992
step=2151 tokens=281935872/1100000000 loss=4.1877 lr=0.000263 tok/s=41,702 eta=19617.112767251583
step=2152 tokens=282066944/1100000000 loss=4.1860 lr=0.000263 tok/s=41,644 eta=19641.221290720136
step=2153 tokens=282198016/1100000000 loss=4.2189 lr=0.000263 tok/s=41,430 eta=19739.491524789788
step=2154 tokens=282329088/1100000000 loss=4.2043 lr=0.000263 tok/s=41,621 eta=19645.74007341956
step=2155 tokens=282460160/1100000000 loss=4.2920 lr=0.000263 tok/s=41,677 eta=19616.032383606074
step=2156 tokens=282591232/1100000000 loss=4.1067 lr=0.000262 tok/s=41,742 eta=19582.327550050984
step=2157 tokens=282722304/1100000000 loss=4.1635 lr=0.000262 tok/s=41,631 eta=19631.635955005586
step=2158 tokens=282853376/1100000000 loss=4.1565 lr=0.000262 tok/s=41,537 eta=19672.70763612544
step=2159 tokens=282984448/1100000000 loss=4.1538 lr=0.000262 tok/s=41,595 eta=19641.963163920842
step=2160 tokens=283115520/1100000000 loss=4.1332 lr=0.000262 tok/s=41,516 eta=19676.16757260782
step=2161 tokens=283246592/1100000000 loss=4.1387 lr=0.000262 tok/s=41,547 eta=19658.412203791024
step=2162 tokens=283377664/1100000000 loss=4.2127 lr=0.000262 tok/s=41,346 eta=19750.827961774317
step=2163 tokens=283508736/1100000000 loss=4.1959 lr=0.000262 tok/s=41,064 eta=19883.22480666536
step=2164 tokens=283639808/1100000000 loss=4.1424 lr=0.000262 tok/s=41,611 eta=19618.925642501825
step=2165 tokens=283770880/1100000000 loss=3.9694 lr=0.000262 tok/s=41,389 eta=19720.68726666254
step=2166 tokens=283901952/1100000000 loss=4.1965 lr=0.000262 tok/s=41,485 eta=19672.204304404484
step=2167 tokens=284033024/1100000000 loss=4.2212 lr=0.000262 tok/s=41,396 eta=19711.449820757112
step=2168 tokens=284164096/1100000000 loss=4.0807 lr=0.000262 tok/s=41,255 eta=19775.548973786146
step=2169 tokens=284295168/1100000000 loss=4.1296 lr=0.000262 tok/s=41,374 eta=19715.556900698397
step=2170 tokens=284426240/1100000000 loss=4.1574 lr=0.000262 tok/s=41,513 eta=19646.021107531444
step=2171 tokens=284557312/1100000000 loss=4.1857 lr=0.000262 tok/s=41,343 eta=19723.69834430566
step=2172 tokens=284688384/1100000000 loss=4.1707 lr=0.000262 tok/s=41,254 eta=19763.13578791078
step=2173 tokens=284819456/1100000000 loss=4.2180 lr=0.000262 tok/s=41,451 eta=19666.264531789555
step=2174 tokens=284950528/1100000000 loss=4.0912 lr=0.000262 tok/s=41,285 eta=19742.234352072064
step=2175 tokens=285081600/1100000000 loss=4.2225 lr=0.000262 tok/s=41,255 eta=19753.025481430213
step=2176 tokens=285212672/1100000000 loss=4.1249 lr=0.000262 tok/s=41,443 eta=19660.542940497482
step=2177 tokens=285343744/1100000000 loss=4.1332 lr=0.000262 tok/s=41,390 eta=19682.50926648804
step=2178 tokens=285474816/1100000000 loss=4.1102 lr=0.000262 tok/s=41,311 eta=19716.816736343328
step=2179 tokens=285605888/1100000000 loss=4.0819 lr=0.000262 tok/s=41,030 eta=19848.941617483946
step=2180 tokens=285736960/1100000000 loss=4.0304 lr=0.000262 tok/s=41,300 eta=19715.921236505397
step=2181 tokens=285868032/1100000000 loss=4.1080 lr=0.000262 tok/s=40,989 eta=19861.992974027184
step=2182 tokens=285999104/1100000000 loss=4.1209 lr=0.000262 tok/s=41,180 eta=19767.05258568394
step=2183 tokens=286130176/1100000000 loss=4.0438 lr=0.000262 tok/s=40,844 eta=19926.07921779997
step=2184 tokens=286261248/1100000000 loss=3.9367 lr=0.000261 tok/s=41,100 eta=19798.94165589232
step=2185 tokens=286392320/1100000000 loss=4.0577 lr=0.000261 tok/s=41,034 eta=19827.478118549294
step=2186 tokens=286523392/1100000000 loss=4.0385 lr=0.000261 tok/s=41,002 eta=19840.1629276416
step=2187 tokens=286654464/1100000000 loss=4.0719 lr=0.000261 tok/s=41,229 eta=19727.35122591511
step=2188 tokens=286785536/1100000000 loss=4.1381 lr=0.000261 tok/s=41,061 eta=19804.87084754675
step=2189 tokens=286916608/1100000000 loss=4.2423 lr=0.000261 tok/s=41,137 eta=19765.183811505703
step=2190 tokens=287047680/1100000000 loss=4.1270 lr=0.000261 tok/s=41,043 eta=19807.345392486557
step=2191 tokens=287178752/1100000000 loss=4.1627 lr=0.000261 tok/s=41,222 eta=19718.366824120752
step=2192 tokens=287309824/1100000000 loss=4.0747 lr=0.000261 tok/s=41,432 eta=19614.88826706834
checkpoint saved: runs/20260905-021323/checkpoints/step_000002192 (time)
step=2193 tokens=287440896/1100000000 loss=4.0690 lr=0.000261 tok/s=33,602 eta=24182.20422078637
step=2194 tokens=287571968/1100000000 loss=4.1511 lr=0.000261 tok/s=41,394 eta=19626.517457225735
step=2195 tokens=287703040/1100000000 loss=4.2348 lr=0.000261 tok/s=41,142 eta=19743.861049130344
step=2196 tokens=287834112/1100000000 loss=4.1445 lr=0.000261 tok/s=41,149 eta=19737.269190837946
step=2197 tokens=287965184/1100000000 loss=4.1394 lr=0.000261 tok/s=41,590 eta=19524.799095085265
step=2198 tokens=288096256/1100000000 loss=4.1646 lr=0.000261 tok/s=41,428 eta=19598.03182713403
step=2199 tokens=288227328/1100000000 loss=4.1600 lr=0.000261 tok/s=41,629 eta=19499.99480024855
step=2200 tokens=288358400/1100000000 loss=4.1933 lr=0.000261 tok/s=41,608 eta=19506.715602714496
step=2201 tokens=288489472/1100000000 loss=4.1640 lr=0.000261 tok/s=41,408 eta=19597.887737100547
step=2202 tokens=288620544/1100000000 loss=4.1987 lr=0.000261 tok/s=41,505 eta=19548.860852799655
step=2203 tokens=288751616/1100000000 loss=4.1525 lr=0.000261 tok/s=41,538 eta=19530.369833678484
step=2204 tokens=288882688/1100000000 loss=4.1625 lr=0.000261 tok/s=41,411 eta=19587.1532613154
step=2205 tokens=289013760/1100000000 loss=4.1478 lr=0.000261 tok/s=41,071 eta=19745.94127604645
step=2206 tokens=289144832/1100000000 loss=4.2025 lr=0.000261 tok/s=41,352 eta=19608.522230118342
step=2207 tokens=289275904/1100000000 loss=4.1304 lr=0.000261 tok/s=41,180 eta=19687.482111387577
step=2208 tokens=289406976/1100000000 loss=4.1047 lr=0.000261 tok/s=41,629 eta=19471.94632054449
step=2209 tokens=289538048/1100000000 loss=4.1476 lr=0.000261 tok/s=41,322 eta=19613.1821198329
step=2210 tokens=289669120/1100000000 loss=4.1939 lr=0.000261 tok/s=41,311 eta=19615.449932249005
step=2211 tokens=289800192/1100000000 loss=4.1801 lr=0.000261 tok/s=41,623 eta=19465.304081516897
step=2212 tokens=289931264/1100000000 loss=4.2858 lr=0.00026 tok/s=41,611 eta=19467.511945204256
step=2213 tokens=290062336/1100000000 loss=4.1415 lr=0.00026 tok/s=30,031 eta=26970.151609054064
step=2214 tokens=290193408/1100000000 loss=4.1884 lr=0.00026 tok/s=41,449 eta=19537.4959664679
step=2215 tokens=290324480/1100000000 loss=4.1442 lr=0.00026 tok/s=41,140 eta=19680.958455348125
step=2216 tokens=290455552/1100000000 loss=4.1133 lr=0.00026 tok/s=41,389 eta=19559.484886358798
step=2217 tokens=290586624/1100000000 loss=4.0799 lr=0.00026 tok/s=41,325 eta=19586.52933256553
step=2218 tokens=290717696/1100000000 loss=4.0272 lr=0.00026 tok/s=41,552 eta=19476.244429391743
step=2219 tokens=290848768/1100000000 loss=4.0916 lr=0.00026 tok/s=41,442 eta=19525.051456622015
step=2220 tokens=290979840/1100000000 loss=4.0856 lr=0.00026 tok/s=41,407 eta=19538.01071397906
step=2221 tokens=291110912/1100000000 loss=4.1046 lr=0.00026 tok/s=41,474 eta=19503.355090262117
step=2222 tokens=291241984/1100000000 loss=4.1150 lr=0.00026 tok/s=41,340 eta=19563.414450703072
step=2223 tokens=291373056/1100000000 loss=3.9712 lr=0.00026 tok/s=41,359 eta=19551.280563989007
step=2224 tokens=291504128/1100000000 loss=4.1190 lr=0.00026 tok/s=41,176 eta=19634.94306352787
step=2225 tokens=291635200/1100000000 loss=4.1150 lr=0.00026 tok/s=41,048 eta=19692.920812353135
step=2226 tokens=291766272/1100000000 loss=4.0867 lr=0.00026 tok/s=41,443 eta=19502.530175064847
step=2227 tokens=291897344/1100000000 loss=4.0967 lr=0.00026 tok/s=41,407 eta=19516.117904578397
step=2228 tokens=292028416/1100000000 loss=4.1370 lr=0.00026 tok/s=41,598 eta=19423.220762166267
step=2229 tokens=292159488/1100000000 loss=4.1160 lr=0.00026 tok/s=41,569 eta=19433.49577583766
step=2230 tokens=292290560/1100000000 loss=4.1135 lr=0.00026 tok/s=41,640 eta=19397.324175299877
step=2231 tokens=292421632/1100000000 loss=4.0776 lr=0.00026 tok/s=41,159 eta=19620.908557855928
step=2232 tokens=292552704/1100000000 loss=4.1211 lr=0.00026 tok/s=41,334 eta=19534.47105150981
step=2233 tokens=292683776/1100000000 loss=4.0842 lr=0.00026 tok/s=41,390 eta=19504.88397154747
step=2234 tokens=292814848/1100000000 loss=4.0846 lr=0.00026 tok/s=41,294 eta=19547.350851594954
step=2235 tokens=292945920/1100000000 loss=4.1251 lr=0.00026 tok/s=41,405 eta=19491.919249792
step=2236 tokens=293076992/1100000000 loss=4.1219 lr=0.00026 tok/s=41,076 eta=19644.632125192747
step=2237 tokens=293208064/1100000000 loss=4.0925 lr=0.00026 tok/s=41,424 eta=19476.541125356034
step=2238 tokens=293339136/1100000000 loss=4.1577 lr=0.00026 tok/s=41,562 eta=19408.512721702566
step=2239 tokens=293470208/1100000000 loss=4.0538 lr=0.000259 tok/s=41,142 eta=19603.457448994253
step=2240 tokens=293601280/1100000000 loss=4.1119 lr=0.000259 tok/s=41,255 eta=19546.625829022723
step=2241 tokens=293732352/1100000000 loss=4.1170 lr=0.000259 tok/s=41,258 eta=19542.30233442165
step=2242 tokens=293863424/1100000000 loss=4.0491 lr=0.000259 tok/s=41,333 eta=19503.247569238585
step=2243 tokens=293994496/1100000000 loss=4.1082 lr=0.000259 tok/s=41,175 eta=19575.337626874592
step=2244 tokens=294125568/1100000000 loss=4.1365 lr=0.000259 tok/s=41,558 eta=19391.532928382418
step=2245 tokens=294256640/1100000000 loss=4.0994 lr=0.000259 tok/s=41,313 eta=19503.267647481516
step=2246 tokens=294387712/1100000000 loss=4.1364 lr=0.000259 tok/s=41,532 eta=19397.23513870847
step=2247 tokens=294518784/1100000000 loss=4.1268 lr=0.000259 tok/s=41,392 eta=19459.85160213149
step=2248 tokens=294649856/1100000000 loss=4.1379 lr=0.000259 tok/s=41,541 eta=19386.857024373974
step=2249 tokens=294780928/1100000000 loss=4.0812 lr=0.000259 tok/s=41,126 eta=19579.40269382672
step=2250 tokens=294912000/1100000000 loss=4.1091 lr=0.000259 tok/s=41,244 eta=19520.071451557575
step=2251 tokens=295043072/1100000000 loss=4.1119 lr=0.000259 tok/s=41,027 eta=19620.112952520154
step=2252 tokens=295174144/1100000000 loss=4.1764 lr=0.000259 tok/s=41,334 eta=19471.38257743902
step=2253 tokens=295305216/1100000000 loss=4.0835 lr=0.000259 tok/s=41,322 eta=19473.870384644302
step=2254 tokens=295436288/1100000000 loss=4.0806 lr=0.000259 tok/s=41,428 eta=19420.88235818718
step=2255 tokens=295567360/1100000000 loss=4.1290 lr=0.000259 tok/s=41,663 eta=19308.172932935915
step=2256 tokens=295698432/1100000000 loss=4.0247 lr=0.000259 tok/s=41,099 eta=19569.744826952585
step=2257 tokens=295829504/1100000000 loss=4.1390 lr=0.000259 tok/s=41,335 eta=19455.17498653473
step=2258 tokens=295960576/1100000000 loss=4.0711 lr=0.000259 tok/s=41,551 eta=19350.856156860085
step=2259 tokens=296091648/1100000000 loss=4.0765 lr=0.000259 tok/s=41,459 eta=19390.48089078741
step=2260 tokens=296222720/1100000000 loss=4.1362 lr=0.000259 tok/s=41,460 eta=19386.695256863768
step=2261 tokens=296353792/1100000000 loss=4.1684 lr=0.000259 tok/s=41,352 eta=19434.347518665614
step=2262 tokens=296484864/1100000000 loss=4.2146 lr=0.000259 tok/s=41,329 eta=19442.048358437205
step=2263 tokens=296615936/1100000000 loss=4.1555 lr=0.000259 tok/s=41,200 eta=19499.614685344623
step=2264 tokens=296747008/1100000000 loss=4.1335 lr=0.000259 tok/s=41,436 eta=19385.17567760902
step=2265 tokens=296878080/1100000000 loss=4.0975 lr=0.000259 tok/s=41,417 eta=19391.113248776688
step=2266 tokens=297009152/1100000000 loss=4.1400 lr=0.000258 tok/s=41,624 eta=19291.745198382076
step=2267 tokens=297140224/1100000000 loss=4.1175 lr=0.000258 tok/s=41,341 eta=19420.34212448014
step=2268 tokens=297271296/1100000000 loss=4.1631 lr=0.000258 tok/s=41,645 eta=19275.570609251557
step=2269 tokens=297402368/1100000000 loss=4.1646 lr=0.000258 tok/s=41,483 eta=19347.798280041126
step=2270 tokens=297533440/1100000000 loss=4.0999 lr=0.000258 tok/s=41,366 eta=19399.20280826443
step=2271 tokens=297664512/1100000000 loss=4.0548 lr=0.000258 tok/s=41,175 eta=19486.186574747684
step=2272 tokens=297795584/1100000000 loss=4.1501 lr=0.000258 tok/s=41,498 eta=19331.153211580266
step=2273 tokens=297926656/1100000000 loss=4.2543 lr=0.000258 tok/s=40,917 eta=19602.362215915437
step=2274 tokens=298057728/1100000000 loss=4.1079 lr=0.000258 tok/s=41,013 eta=19553.35630294003
step=2275 tokens=298188800/1100000000 loss=4.1404 lr=0.000258 tok/s=41,392 eta=19371.384253972374
step=2276 tokens=298319872/1100000000 loss=4.1026 lr=0.000258 tok/s=41,088 eta=19511.369904912684
step=2277 tokens=298450944/1100000000 loss=4.1309 lr=0.000258 tok/s=41,166 eta=19471.301859861585
step=2278 tokens=298582016/1100000000 loss=4.0206 lr=0.000258 tok/s=41,160 eta=19470.865793832552
step=2279 tokens=298713088/1100000000 loss=4.1069 lr=0.000258 tok/s=41,173 eta=19461.47132128772
step=2280 tokens=298844160/1100000000 loss=4.0077 lr=0.000258 tok/s=41,339 eta=19379.93185458543
step=2281 tokens=298975232/1100000000 loss=4.0272 lr=0.000258 tok/s=41,390 eta=19353.32578946814
step=2282 tokens=299106304/1100000000 loss=4.0675 lr=0.000258 tok/s=41,289 eta=19397.144104726824
step=2283 tokens=299237376/1100000000 loss=4.0539 lr=0.000258 tok/s=41,321 eta=19379.24284123534
step=2284 tokens=299368448/1100000000 loss=4.0861 lr=0.000258 tok/s=41,072 eta=19493.387401914195
step=2285 tokens=299499520/1100000000 loss=4.1383 lr=0.000258 tok/s=41,097 eta=19478.370029691458
step=2286 tokens=299630592/1100000000 loss=4.1129 lr=0.000258 tok/s=41,134 eta=19457.70994819398
step=2287 tokens=299761664/1100000000 loss=4.0939 lr=0.000258 tok/s=41,426 eta=19317.41225888334
step=2288 tokens=299892736/1100000000 loss=4.0710 lr=0.000258 tok/s=41,267 eta=19388.371039937065
step=2289 tokens=300023808/1100000000 loss=4.1029 lr=0.000258 tok/s=29,901 eta=26754.30320059266
checkpoint saved: runs/20260905-021323/checkpoints/tokens_000300m (permanent_tokens)
step=2290 tokens=300154880/1100000000 loss=4.0754 lr=0.000258 tok/s=34,315 eta=23308.98602432303
step=2291 tokens=300285952/1100000000 loss=4.1159 lr=0.000258 tok/s=41,305 eta=19361.023770334446
step=2292 tokens=300417024/1100000000 loss=4.0586 lr=0.000258 tok/s=41,412 eta=19308.118211973844
step=2293 tokens=300548096/1100000000 loss=4.1799 lr=0.000257 tok/s=41,374 eta=19322.751244899748
step=2294 tokens=300679168/1100000000 loss=4.1473 lr=0.000257 tok/s=41,305 eta=19351.90089236489
step=2295 tokens=300810240/1100000000 loss=4.1087 lr=0.000257 tok/s=41,429 eta=19290.505518712787
step=2296 tokens=300941312/1100000000 loss=4.1703 lr=0.000257 tok/s=41,413 eta=19294.86756647316
step=2297 tokens=301072384/1100000000 loss=4.0918 lr=0.000257 tok/s=41,351 eta=19320.60709612658
step=2298 tokens=301203456/1100000000 loss=4.1425 lr=0.000257 tok/s=41,589 eta=19206.91429016291
step=2299 tokens=301334528/1100000000 loss=4.1533 lr=0.000257 tok/s=41,491 eta=19248.98877800265
step=2300 tokens=301465600/1100000000 loss=4.1281 lr=0.000257 tok/s=41,575 eta=19207.297112289558
step=2301 tokens=301596672/1100000000 loss=4.1131 lr=0.000257 tok/s=41,557 eta=19212.282100134456
step=2302 tokens=301727744/1100000000 loss=4.1347 lr=0.000257 tok/s=41,554 eta=19210.698366167446
step=2303 tokens=301858816/1100000000 loss=4.1276 lr=0.000257 tok/s=41,580 eta=19195.53322106223
step=2304 tokens=301989888/1100000000 loss=4.0623 lr=0.000257 tok/s=41,636 eta=19166.489955759993
step=2305 tokens=302120960/1100000000 loss=4.0694 lr=0.000257 tok/s=41,710 eta=19129.179495400604
step=2306 tokens=302252032/1100000000 loss=4.0310 lr=0.000257 tok/s=41,403 eta=19267.759480741668
step=2307 tokens=302383104/1100000000 loss=4.1980 lr=0.000257 tok/s=41,173 eta=19372.56172479298
step=2308 tokens=302514176/1100000000 loss=4.1130 lr=0.000257 tok/s=41,288 eta=19315.146047238806
step=2309 tokens=302645248/1100000000 loss=4.0796 lr=0.000257 tok/s=41,230 eta=19339.12651260285
step=2310 tokens=302776320/1100000000 loss=4.0753 lr=0.000257 tok/s=41,216 eta=19342.417634210706
step=2311 tokens=302907392/1100000000 loss=4.0934 lr=0.000257 tok/s=41,337 eta=19283.00361119386
step=2312 tokens=303038464/1100000000 loss=4.0858 lr=0.000257 tok/s=41,523 eta=19193.443356813033
step=2313 tokens=303169536/1100000000 loss=3.8609 lr=0.000257 tok/s=41,240 eta=19321.792057937328
step=2314 tokens=303300608/1100000000 loss=4.1092 lr=0.000257 tok/s=40,968 eta=19446.95323460954
step=2315 tokens=303431680/1100000000 loss=4.1309 lr=0.000257 tok/s=41,329 eta=19273.87933730125
step=2316 tokens=303562752/1100000000 loss=4.0944 lr=0.000257 tok/s=41,195 eta=19333.373072344064
step=2317 tokens=303693824/1100000000 loss=4.1260 lr=0.000257 tok/s=41,377 eta=19245.346920371874
step=2318 tokens=303824896/1100000000 loss=4.1503 lr=0.000257 tok/s=41,291 eta=19282.11895730028
step=2319 tokens=303955968/1100000000 loss=4.1297 lr=0.000257 tok/s=41,404 eta=19226.223777234733
step=2320 tokens=304087040/1100000000 loss=4.1738 lr=0.000256 tok/s=41,107 eta=19362.127450560234
step=2321 tokens=304218112/1100000000 loss=4.0986 lr=0.000256 tok/s=41,434 eta=19206.062200375625
step=2322 tokens=304349184/1100000000 loss=4.0147 lr=0.000256 tok/s=41,144 eta=19338.213858943316
step=2323 tokens=304480256/1100000000 loss=4.0542 lr=0.000256 tok/s=40,995 eta=19405.400207020568
step=2324 tokens=304611328/1100000000 loss=4.1468 lr=0.000256 tok/s=41,229 eta=19292.083994875356
step=2325 tokens=304742400/1100000000 loss=4.1320 lr=0.000256 tok/s=41,038 eta=19378.380065656253
step=2326 tokens=304873472/1100000000 loss=4.0829 lr=0.000256 tok/s=40,958 eta=19412.99461112927
step=2327 tokens=305004544/1100000000 loss=4.1033 lr=0.000256 tok/s=40,959 eta=19409.6553041956
step=2328 tokens=305135616/1100000000 loss=4.1163 lr=0.000256 tok/s=41,314 eta=19239.452952361502
step=2329 tokens=305266688/1100000000 loss=4.0341 lr=0.000256 tok/s=41,296 eta=19244.898562352584
step=2330 tokens=305397760/1100000000 loss=4.2157 lr=0.000256 tok/s=40,911 eta=19422.65066050081
step=2331 tokens=305528832/1100000000 loss=4.1242 lr=0.000256 tok/s=40,873 eta=19437.613193958252
step=2332 tokens=305659904/1100000000 loss=4.0293 lr=0.000256 tok/s=41,436 eta=19170.382377693935
step=2333 tokens=305790976/1100000000 loss=4.0944 lr=0.000256 tok/s=41,099 eta=19324.40202117943
step=2334 tokens=305922048/1100000000 loss=4.1177 lr=0.000256 tok/s=40,799 eta=19463.23398699987
step=2335 tokens=306053120/1100000000 loss=4.0714 lr=0.000256 tok/s=41,135 eta=19300.962118780924
step=2336 tokens=306184192/1100000000 loss=4.0488 lr=0.000256 tok/s=41,004 eta=19359.41692532
step=2337 tokens=306315264/1100000000 loss=4.1323 lr=0.000256 tok/s=40,916 eta=19397.67309566347
step=2338 tokens=306446336/1100000000 loss=4.0296 lr=0.000256 tok/s=41,495 eta=19124.267957903416
step=2339 tokens=306577408/1100000000 loss=4.0483 lr=0.000256 tok/s=41,434 eta=19149.035109073502
step=2340 tokens=306708480/1100000000 loss=4.0082 lr=0.000256 tok/s=41,269 eta=19222.629697824876
step=2341 tokens=306839552/1100000000 loss=4.2034 lr=0.000256 tok/s=41,211 eta=19246.52085253597
step=2342 tokens=306970624/1100000000 loss=4.0320 lr=0.000256 tok/s=41,479 eta=19118.610485343106
step=2343 tokens=307101696/1100000000 loss=4.0684 lr=0.000256 tok/s=41,417 eta=19144.14477009638
step=2344 tokens=307232768/1100000000 loss=4.0928 lr=0.000256 tok/s=41,301 eta=19194.772476690505
step=2345 tokens=307363840/1100000000 loss=3.9677 lr=0.000256 tok/s=41,300 eta=19192.309118051035
step=2346 tokens=307494912/1100000000 loss=4.0690 lr=0.000255 tok/s=41,315 eta=19182.241866511526
step=2347 tokens=307625984/1100000000 loss=4.0104 lr=0.000255 tok/s=41,177 eta=19243.098849294507
step=2348 tokens=307757056/1100000000 loss=4.0712 lr=0.000255 tok/s=41,488 eta=19095.65932094248
step=2349 tokens=307888128/1100000000 loss=3.9444 lr=0.000255 tok/s=41,281 eta=19188.186887369957
step=2350 tokens=308019200/1100000000 loss=3.9995 lr=0.000255 tok/s=41,264 eta=19192.9413542541
step=2351 tokens=308150272/1100000000 loss=4.0519 lr=0.000255 tok/s=41,335 eta=19157.05835028098
step=2352 tokens=308281344/1100000000 loss=4.0814 lr=0.000255 tok/s=41,376 eta=19134.568533969774
step=2353 tokens=308412416/1100000000 loss=4.0555 lr=0.000255 tok/s=41,502 eta=19073.58555579117
step=2354 tokens=308543488/1100000000 loss=3.9508 lr=0.000255 tok/s=41,456 eta=19091.540641721545
step=2355 tokens=308674560/1100000000 loss=3.9685 lr=0.000255 tok/s=41,514 eta=19061.637839604868
step=2356 tokens=308805632/1100000000 loss=4.0868 lr=0.000255 tok/s=41,507 eta=19061.858291073917
step=2357 tokens=308936704/1100000000 loss=4.0415 lr=0.000255 tok/s=41,296 eta=19155.738209201598
step=2358 tokens=309067776/1100000000 loss=4.0321 lr=0.000255 tok/s=41,581 eta=19021.492858911322
step=2359 tokens=309198848/1100000000 loss=4.0706 lr=0.000255 tok/s=41,373 eta=19113.930680112015
step=2360 tokens=309329920/1100000000 loss=4.0376 lr=0.000255 tok/s=41,510 eta=19047.478103506794
step=2361 tokens=309460992/1100000000 loss=4.0283 lr=0.000255 tok/s=41,402 eta=19094.01136170067
step=2362 tokens=309592064/1100000000 loss=4.0910 lr=0.000255 tok/s=41,507 eta=19042.692992713128
step=2363 tokens=309723136/1100000000 loss=4.0481 lr=0.000255 tok/s=41,286 eta=19141.70161873869
step=2364 tokens=309854208/1100000000 loss=4.0295 lr=0.000255 tok/s=41,348 eta=19109.72228313476
step=2365 tokens=309985280/1100000000 loss=4.0323 lr=0.000255 tok/s=41,592 eta=18994.59472709914
step=2366 tokens=310116352/1100000000 loss=4.0904 lr=0.000255 tok/s=29,955 eta=26369.050390286196
step=2367 tokens=310247424/1100000000 loss=3.9782 lr=0.000255 tok/s=41,117 eta=19207.419869566
step=2368 tokens=310378496/1100000000 loss=4.0634 lr=0.000255 tok/s=41,482 eta=19035.200106923
step=2369 tokens=310509568/1100000000 loss=4.0123 lr=0.000255 tok/s=41,098 eta=19209.943605204106
step=2370 tokens=310640640/1100000000 loss=4.1227 lr=0.000255 tok/s=41,151 eta=19181.850494344344
step=2371 tokens=310771712/1100000000 loss=4.1601 lr=0.000255 tok/s=41,625 eta=18960.259916329196
step=2372 tokens=310902784/1100000000 loss=4.1471 lr=0.000254 tok/s=41,433 eta=19045.16800803727
step=2373 tokens=311033856/1100000000 loss=4.1419 lr=0.000254 tok/s=41,412 eta=19051.63110476118
step=2374 tokens=311164928/1100000000 loss=4.0971 lr=0.000254 tok/s=41,592 eta=18966.174901768973
step=2375 tokens=311296000/1100000000 loss=3.9963 lr=0.000254 tok/s=41,409 eta=19046.718329841715
step=2376 tokens=311427072/1100000000 loss=4.0436 lr=0.000254 tok/s=41,392 eta=19051.133259272254
step=2377 tokens=311558144/1100000000 loss=4.0432 lr=0.000254 tok/s=41,499 eta=18998.973894883842
step=2378 tokens=311689216/1100000000 loss=4.1258 lr=0.000254 tok/s=41,577 eta=18960.436410054794
step=2379 tokens=311820288/1100000000 loss=4.1115 lr=0.000254 tok/s=41,259 eta=19103.004756640035
step=2380 tokens=311951360/1100000000 loss=4.0585 lr=0.000254 tok/s=41,358 eta=19054.449458762803
step=2381 tokens=312082432/1100000000 loss=4.0875 lr=0.000254 tok/s=41,396 eta=19033.667871022335
step=2382 tokens=312213504/1100000000 loss=4.0353 lr=0.000254 tok/s=41,435 eta=19012.650503606077
step=2383 tokens=312344576/1100000000 loss=4.1135 lr=0.000254 tok/s=41,482 eta=18987.96154416925
step=2384 tokens=312475648/1100000000 loss=3.9635 lr=0.000254 tok/s=41,663 eta=18902.258604211365
step=2385 tokens=312606720/1100000000 loss=4.1182 lr=0.000254 tok/s=41,633 eta=18912.750855637772
step=2386 tokens=312737792/1100000000 loss=4.1122 lr=0.000254 tok/s=41,661 eta=18896.865979345148
step=2387 tokens=312868864/1100000000 loss=4.1240 lr=0.000254 tok/s=41,568 eta=18936.11979895701
step=2388 tokens=312999936/1100000000 loss=4.0391 lr=0.000254 tok/s=41,438 eta=18992.14559215749
step=2389 tokens=313131008/1100000000 loss=4.1064 lr=0.000254 tok/s=41,532 eta=18946.15459658581
step=2390 tokens=313262080/1100000000 loss=4.1496 lr=0.000254 tok/s=41,423 eta=18992.71726274043
step=2391 tokens=313393152/1100000000 loss=4.0928 lr=0.000254 tok/s=41,480 eta=18963.6660104905
step=2392 tokens=313524224/1100000000 loss=4.1252 lr=0.000254 tok/s=41,696 eta=18862.195213966832
step=2393 tokens=313655296/1100000000 loss=4.0640 lr=0.000254 tok/s=41,492 eta=18951.547381370125
step=2394 tokens=313786368/1100000000 loss=4.2461 lr=0.000254 tok/s=41,306 eta=19034.052884487064
step=2395 tokens=313917440/1100000000 loss=4.0509 lr=0.000254 tok/s=41,329 eta=19020.094421595753
step=2396 tokens=314048512/1100000000 loss=4.1076 lr=0.000254 tok/s=41,171 eta=19089.990095218633
step=2397 tokens=314179584/1100000000 loss=4.1384 lr=0.000254 tok/s=41,356 eta=19001.415206906964
step=2398 tokens=314310656/1100000000 loss=3.9442 lr=0.000253 tok/s=41,310 eta=19019.417233794076
step=2399 tokens=314441728/1100000000 loss=4.0997 lr=0.000253 tok/s=41,279 eta=19030.440966630424
step=2400 tokens=314572800/1100000000 loss=4.1130 lr=0.000253 tok/s=41,273 eta=19030.151367073016
step=2401 tokens=314703872/1100000000 loss=4.0832 lr=0.000253 tok/s=41,315 eta=19007.349008052708
step=2402 tokens=314834944/1100000000 loss=4.0997 lr=0.000253 tok/s=41,267 eta=19026.54473502403
step=2403 tokens=314966016/1100000000 loss=4.0277 lr=0.000253 tok/s=41,135 eta=19084.26984218907
step=2404 tokens=315097088/1100000000 loss=4.1326 lr=0.000253 tok/s=40,975 eta=19155.649548280366
step=2405 tokens=315228160/1100000000 loss=4.1596 lr=0.000253 tok/s=41,418 eta=18947.67708458649
step=2406 tokens=315359232/1100000000 loss=3.9180 lr=0.000253 tok/s=41,354 eta=18973.90915904352
step=2407 tokens=315490304/1100000000 loss=4.0833 lr=0.000253 tok/s=41,387 eta=18955.6103492985
step=2408 tokens=315621376/1100000000 loss=3.8284 lr=0.000253 tok/s=41,277 eta=19002.72592803424
step=2409 tokens=315752448/1100000000 loss=4.0285 lr=0.000253 tok/s=41,353 eta=18964.908508138844
step=2410 tokens=315883520/1100000000 loss=4.1394 lr=0.000253 tok/s=41,088 eta=19083.97244040362
step=2411 tokens=316014592/1100000000 loss=4.0135 lr=0.000253 tok/s=41,389 eta=18941.996829419477
step=2412 tokens=316145664/1100000000 loss=3.9923 lr=0.000253 tok/s=41,411 eta=18928.558287729196
step=2413 tokens=316276736/1100000000 loss=4.0034 lr=0.000253 tok/s=41,172 eta=19035.50591361701
step=2414 tokens=316407808/1100000000 loss=4.0771 lr=0.000253 tok/s=41,067 eta=19080.954000671332
step=2415 tokens=316538880/1100000000 loss=4.0436 lr=0.000253 tok/s=40,945 eta=19134.308290495563
step=2416 tokens=316669952/1100000000 loss=4.1480 lr=0.000253 tok/s=41,168 eta=19027.531301993462
step=2417 tokens=316801024/1100000000 loss=4.0782 lr=0.000253 tok/s=41,560 eta=18845.163929559934
step=2418 tokens=316932096/1100000000 loss=4.0982 lr=0.000253 tok/s=41,263 eta=18977.420044161598
step=2419 tokens=317063168/1100000000 loss=3.9976 lr=0.000253 tok/s=41,292 eta=18960.960291624553
step=2420 tokens=317194240/1100000000 loss=4.1694 lr=0.000253 tok/s=41,107 eta=19043.07731989099
step=2421 tokens=317325312/1100000000 loss=4.0531 lr=0.000253 tok/s=41,083 eta=19050.927606176218
step=2422 tokens=317456384/1100000000 loss=4.0743 lr=0.000253 tok/s=41,500 eta=18856.577318076834
step=2423 tokens=317587456/1100000000 loss=4.0861 lr=0.000252 tok/s=41,311 eta=18939.461068330664
step=2424 tokens=317718528/1100000000 loss=4.1151 lr=0.000252 tok/s=41,022 eta=19070.024787441194
step=2425 tokens=317849600/1100000000 loss=4.1167 lr=0.000252 tok/s=41,507 eta=18843.793127334317
step=2426 tokens=317980672/1100000000 loss=4.2219 lr=0.000252 tok/s=41,381 eta=18898.054901419044
step=2427 tokens=318111744/1100000000 loss=4.0652 lr=0.000252 tok/s=41,480 eta=18849.767653234703
step=2428 tokens=318242816/1100000000 loss=4.0354 lr=0.000252 tok/s=41,256 eta=18949.03724232474
step=2429 tokens=318373888/1100000000 loss=4.0645 lr=0.000252 tok/s=41,620 eta=18780.234599527197
step=2430 tokens=318504960/1100000000 loss=4.1158 lr=0.000252 tok/s=41,509 eta=18827.11958230483
step=2431 tokens=318636032/1100000000 loss=4.0903 lr=0.000252 tok/s=41,507 eta=18824.675638803517
step=2432 tokens=318767104/1100000000 loss=4.0798 lr=0.000252 tok/s=41,352 eta=18892.409358050627
step=2433 tokens=318898176/1100000000 loss=4.1376 lr=0.000252 tok/s=41,146 eta=18983.60535249389
step=2434 tokens=319029248/1100000000 loss=4.0364 lr=0.000252 tok/s=41,173 eta=18967.918915407783
step=2435 tokens=319160320/1100000000 loss=4.0298 lr=0.000252 tok/s=41,198 eta=18953.229059095767
step=2436 tokens=319291392/1100000000 loss=4.1486 lr=0.000252 tok/s=41,247 eta=18927.7503135669
step=2437 tokens=319422464/1100000000 loss=4.0004 lr=0.000252 tok/s=41,346 eta=18879.19939038962
step=2438 tokens=319553536/1100000000 loss=4.1062 lr=0.000252 tok/s=41,663 eta=18732.5011920411
step=2439 tokens=319684608/1100000000 loss=4.0690 lr=0.000252 tok/s=41,065 eta=19001.923643140097
step=2440 tokens=319815680/1100000000 loss=4.0021 lr=0.000252 tok/s=41,366 eta=18860.555462972243
step=2441 tokens=319946752/1100000000 loss=4.0443 lr=0.000252 tok/s=41,059 eta=18998.52539843866
step=2442 tokens=320077824/1100000000 loss=4.1197 lr=0.000252 tok/s=29,876 eta=26105.325707546108
step=2443 tokens=320208896/1100000000 loss=3.9724 lr=0.000252 tok/s=41,203 eta=18925.600201042256
step=2444 tokens=320339968/1100000000 loss=3.9962 lr=0.000252 tok/s=41,085 eta=18976.683432626272
step=2445 tokens=320471040/1100000000 loss=4.0073 lr=0.000252 tok/s=41,227 eta=18908.147312527533
step=2446 tokens=320602112/1100000000 loss=4.0578 lr=0.000252 tok/s=41,275 eta=18882.833468023724
step=2447 tokens=320733184/1100000000 loss=4.0483 lr=0.000252 tok/s=41,214 eta=18907.82571149374
step=2448 tokens=320864256/1100000000 loss=4.0274 lr=0.000252 tok/s=41,076 eta=18968.21704015025
step=2449 tokens=320995328/1100000000 loss=3.9637 lr=0.000251 tok/s=41,095 eta=18956.06021369253
step=2450 tokens=321126400/1100000000 loss=3.9093 lr=0.000251 tok/s=41,174 eta=18916.6895104476
step=2451 tokens=321257472/1100000000 loss=3.9719 lr=0.000251 tok/s=41,071 eta=18961.044873629562
step=2452 tokens=321388544/1100000000 loss=4.0246 lr=0.000251 tok/s=41,314 eta=18846.416827527315
step=2453 tokens=321519616/1100000000 loss=4.0419 lr=0.000251 tok/s=41,349 eta=18827.19107366
step=2454 tokens=321650688/1100000000 loss=4.0795 lr=0.000251 tok/s=41,064 eta=18954.738164237166
step=2455 tokens=321781760/1100000000 loss=3.9818 lr=0.000251 tok/s=41,520 eta=18743.031780309502
step=2456 tokens=321912832/1100000000 loss=3.9773 lr=0.000251 tok/s=41,362 eta=18811.706731395872
step=2457 tokens=322043904/1100000000 loss=4.0213 lr=0.000251 tok/s=41,542 eta=18727.144984140457
step=2458 tokens=322174976/1100000000 loss=3.9267 lr=0.000251 tok/s=41,152 eta=18901.238190149594
step=2459 tokens=322306048/1100000000 loss=4.0162 lr=0.000251 tok/s=41,233 eta=18861.038887534047
step=2460 tokens=322437120/1100000000 loss=3.9638 lr=0.000251 tok/s=41,358 eta=18800.985600587188
step=2461 tokens=322568192/1100000000 loss=3.9418 lr=0.000251 tok/s=41,250 eta=18846.664947876016
step=2462 tokens=322699264/1100000000 loss=3.9571 lr=0.000251 tok/s=41,565 eta=18701.068136070022
step=2463 tokens=322830336/1100000000 loss=3.9895 lr=0.000251 tok/s=41,407 eta=18768.957305973174
step=2464 tokens=322961408/1100000000 loss=3.9453 lr=0.000251 tok/s=41,314 eta=18808.311933345343
step=2465 tokens=323092480/1100000000 loss=3.9766 lr=0.000251 tok/s=41,379 eta=18775.338510268717
step=2466 tokens=323223552/1100000000 loss=4.0482 lr=0.000251 tok/s=41,163 eta=18870.548856930196
step=2467 tokens=323354624/1100000000 loss=4.0913 lr=0.000251 tok/s=41,691 eta=18628.62836674107
step=2468 tokens=323485696/1100000000 loss=3.9967 lr=0.000251 tok/s=41,277 eta=18812.253762982953
step=2469 tokens=323616768/1100000000 loss=4.0917 lr=0.000251 tok/s=41,436 eta=18737.08370047023
step=2470 tokens=323747840/1100000000 loss=4.1200 lr=0.000251 tok/s=41,417 eta=18742.142404333696
step=2471 tokens=323878912/1100000000 loss=4.0784 lr=0.000251 tok/s=41,643 eta=18637.45380790554
step=2472 tokens=324009984/1100000000 loss=3.9942 lr=0.000251 tok/s=41,486 eta=18705.016458820388
step=2473 tokens=324141056/1100000000 loss=4.1306 lr=0.000251 tok/s=41,526 eta=18683.84910737508
step=2474 tokens=324272128/1100000000 loss=4.0577 lr=0.00025 tok/s=41,497 eta=18693.775481726505
step=2475 tokens=324403200/1100000000 loss=4.0698 lr=0.00025 tok/s=41,524 eta=18678.239058181494
step=2476 tokens=324534272/1100000000 loss=4.1266 lr=0.00025 tok/s=41,631 eta=18627.13425664285
step=2477 tokens=324665344/1100000000 loss=4.0830 lr=0.00025 tok/s=41,488 eta=18688.20955319185
step=2478 tokens=324796416/1100000000 loss=4.0224 lr=0.00025 tok/s=41,353 eta=18745.828025144223
step=2479 tokens=324927488/1100000000 loss=4.1019 lr=0.00025 tok/s=41,554 eta=18652.211628378558
step=2480 tokens=325058560/1100000000 loss=4.1400 lr=0.00025 tok/s=41,576 eta=18639.311899564607
step=2481 tokens=325189632/1100000000 loss=4.1313 lr=0.00025 tok/s=41,352 eta=18736.811793123994
step=2482 tokens=325320704/1100000000 loss=3.9830 lr=0.00025 tok/s=41,405 eta=18709.634959698036
step=2483 tokens=325451776/1100000000 loss=4.0720 lr=0.00025 tok/s=41,271 eta=18767.460041222086
step=2484 tokens=325582848/1100000000 loss=4.0322 lr=0.00025 tok/s=41,261 eta=18768.830644535316
step=2485 tokens=325713920/1100000000 loss=4.0695 lr=0.00025 tok/s=41,224 eta=18782.19668301645
step=2486 tokens=325844992/1100000000 loss=4.1099 lr=0.00025 tok/s=41,343 eta=18725.270364309716
step=2487 tokens=325976064/1100000000 loss=4.0167 lr=0.00025 tok/s=41,415 eta=18689.54010755024
step=2488 tokens=326107136/1100000000 loss=4.1459 lr=0.00025 tok/s=41,490 eta=18652.735224569344
step=2489 tokens=326238208/1100000000 loss=4.0703 lr=0.00025 tok/s=41,210 eta=18775.965978936594
step=2490 tokens=326369280/1100000000 loss=4.1463 lr=0.00025 tok/s=41,214 eta=18771.199245388223
step=2491 tokens=326500352/1100000000 loss=4.1222 lr=0.00025 tok/s=41,092 eta=18823.692666078285
step=2492 tokens=326631424/1100000000 loss=3.9960 lr=0.00025 tok/s=41,387 eta=18686.145971419694
step=2493 tokens=326762496/1100000000 loss=4.0259 lr=0.00025 tok/s=41,420 eta=18668.33588108651
step=2494 tokens=326893568/1100000000 loss=4.0065 lr=0.00025 tok/s=41,529 eta=18615.88443671353
step=2495 tokens=327024640/1100000000 loss=4.0628 lr=0.00025 tok/s=41,275 eta=18727.420021877424
step=2496 tokens=327155712/1100000000 loss=3.9860 lr=0.00025 tok/s=41,140 eta=18785.866144101128
step=2497 tokens=327286784/1100000000 loss=4.0991 lr=0.00025 tok/s=41,327 eta=18697.693055352738
step=2498 tokens=327417856/1100000000 loss=4.2432 lr=0.00025 tok/s=41,313 eta=18700.532441242965
step=2499 tokens=327548928/1100000000 loss=4.4650 lr=0.000249 tok/s=41,125 eta=18783.211049745532
step=2500 tokens=327680000/1100000000 loss=4.2725 lr=0.000249 tok/s=41,451 eta=18632.319114954702
step=2501 tokens=327811072/1100000000 loss=4.2404 lr=0.000249 tok/s=41,088 eta=18793.46713928672
step=2502 tokens=327942144/1100000000 loss=4.1050 lr=0.000249 tok/s=41,550 eta=18581.633550454415
step=2503 tokens=328073216/1100000000 loss=4.1840 lr=0.000249 tok/s=41,447 eta=18624.650671667034
step=2504 tokens=328204288/1100000000 loss=4.1473 lr=0.000249 tok/s=41,613 eta=18546.82243394281
step=2505 tokens=328335360/1100000000 loss=4.1406 lr=0.000249 tok/s=41,071 eta=18788.578181680565
step=2506 tokens=328466432/1100000000 loss=4.1386 lr=0.000249 tok/s=40,981 eta=18826.413272804908
step=2507 tokens=328597504/1100000000 loss=4.0228 lr=0.000249 tok/s=41,231 eta=18709.47749553137
step=2508 tokens=328728576/1100000000 loss=4.0714 lr=0.000249 tok/s=41,437 eta=18613.169200947177
step=2509 tokens=328859648/1100000000 loss=4.0370 lr=0.000249 tok/s=41,550 eta=18559.404130829793
step=2510 tokens=328990720/1100000000 loss=3.9485 lr=0.000249 tok/s=41,540 eta=18560.77763772766
step=2511 tokens=329121792/1100000000 loss=3.9553 lr=0.000249 tok/s=41,187 eta=18716.76515288434
step=2512 tokens=329252864/1100000000 loss=4.0473 lr=0.000249 tok/s=41,422 eta=18607.197471977073
step=2513 tokens=329383936/1100000000 loss=3.9919 lr=0.000249 tok/s=41,288 eta=18664.22547800119
step=2514 tokens=329515008/1100000000 loss=3.9619 lr=0.000249 tok/s=41,248 eta=18679.48168242136
step=2515 tokens=329646080/1100000000 loss=4.0330 lr=0.000249 tok/s=41,205 eta=18695.488851864884
step=2516 tokens=329777152/1100000000 loss=3.9423 lr=0.000249 tok/s=41,188 eta=18700.255176291594
step=2517 tokens=329908224/1100000000 loss=3.9578 lr=0.000249 tok/s=41,260 eta=18664.364698553396
step=2518 tokens=330039296/1100000000 loss=3.8887 lr=0.000249 tok/s=30,150 eta=25537.7650870662
step=2519 tokens=330170368/1100000000 loss=4.0429 lr=0.000249 tok/s=41,588 eta=18510.98085108601
step=2520 tokens=330301440/1100000000 loss=3.9022 lr=0.000249 tok/s=41,188 eta=18687.34475184898
step=2521 tokens=330432512/1100000000 loss=3.7972 lr=0.000249 tok/s=41,257 eta=18653.21135857351
step=2522 tokens=330563584/1100000000 loss=3.9829 lr=0.000249 tok/s=41,283 eta=18637.954024128936
step=2523 tokens=330694656/1100000000 loss=4.0015 lr=0.000249 tok/s=41,584 eta=18500.102022242838
step=2524 tokens=330825728/1100000000 loss=3.9050 lr=0.000248 tok/s=41,560 eta=18507.605514944633
step=2525 tokens=330956800/1100000000 loss=3.8802 lr=0.000248 tok/s=41,496 eta=18533.090690998233
step=2526 tokens=331087872/1100000000 loss=3.8962 lr=0.000248 tok/s=41,471 eta=18540.922823856985
step=2527 tokens=331218944/1100000000 loss=3.9219 lr=0.000248 tok/s=41,432 eta=18555.323462980094
step=2528 tokens=331350016/1100000000 loss=3.9095 lr=0.000248 tok/s=41,663 eta=18449.09552552208
step=2529 tokens=331481088/1100000000 loss=3.8938 lr=0.000248 tok/s=41,630 eta=18460.71391574291
step=2530 tokens=331612160/1100000000 loss=4.1333 lr=0.000248 tok/s=41,431 eta=18546.11497287001
step=2531 tokens=331743232/1100000000 loss=4.3569 lr=0.000248 tok/s=41,575 eta=18478.632452063754
step=2532 tokens=331874304/1100000000 loss=4.2337 lr=0.000248 tok/s=41,553 eta=18485.588491314793
step=2533 tokens=332005376/1100000000 loss=4.1796 lr=0.000248 tok/s=41,201 eta=18640.361114195628
step=2534 tokens=332136448/1100000000 loss=4.1206 lr=0.000248 tok/s=41,755 eta=18389.650740283694
step=2535 tokens=332267520/1100000000 loss=4.1890 lr=0.000248 tok/s=41,548 eta=18478.15890357718
step=2536 tokens=332398592/1100000000 loss=4.2084 lr=0.000248 tok/s=41,437 eta=18524.473799866493
step=2537 tokens=332529664/1100000000 loss=4.1360 lr=0.000248 tok/s=41,421 eta=18528.46132824253
step=2538 tokens=332660736/1100000000 loss=4.1510 lr=0.000248 tok/s=41,623 eta=18435.545232190136
step=2539 tokens=332791808/1100000000 loss=4.1184 lr=0.000248 tok/s=41,660 eta=18415.91630364969
step=2540 tokens=332922880/1100000000 loss=4.0689 lr=0.000248 tok/s=41,599 eta=18439.684685801243
step=2541 tokens=333053952/1100000000 loss=4.2020 lr=0.000248 tok/s=41,401 eta=18524.89052456908
step=2542 tokens=333185024/1100000000 loss=4.1370 lr=0.000248 tok/s=41,579 eta=18442.179894787972
step=2543 tokens=333316096/1100000000 loss=4.1231 lr=0.000248 tok/s=41,393 eta=18521.88596671403
step=2544 tokens=333447168/1100000000 loss=4.1067 lr=0.000248 tok/s=41,608 eta=18423.414073814874
step=2545 tokens=333578240/1100000000 loss=4.0757 lr=0.000248 tok/s=41,471 eta=18480.919592015085
step=2546 tokens=333709312/1100000000 loss=4.1387 lr=0.000248 tok/s=41,153 eta=18620.45758526259
step=2547 tokens=333840384/1100000000 loss=4.0829 lr=0.000248 tok/s=41,499 eta=18462.063152869974
step=2548 tokens=333971456/1100000000 loss=4.0313 lr=0.000248 tok/s=41,519 eta=18450.25774108378
step=2549 tokens=334102528/1100000000 loss=4.0488 lr=0.000247 tok/s=41,514 eta=18449.303180841103
step=2550 tokens=334233600/1100000000 loss=4.1004 lr=0.000247 tok/s=41,314 eta=18535.125216069282
step=2551 tokens=334364672/1100000000 loss=4.0134 lr=0.000247 tok/s=41,278 eta=18548.411285621794
step=2552 tokens=334495744/1100000000 loss=4.0518 lr=0.000247 tok/s=41,348 eta=18513.515447299425
step=2553 tokens=334626816/1100000000 loss=4.0101 lr=0.000247 tok/s=41,292 eta=18535.64389504967
step=2554 tokens=334757888/1100000000 loss=4.0365 lr=0.000247 tok/s=41,473 eta=18451.48918503592
step=2555 tokens=334888960/1100000000 loss=4.0733 lr=0.000247 tok/s=41,525 eta=18425.111410565634
step=2556 tokens=335020032/1100000000 loss=4.0016 lr=0.000247 tok/s=41,052 eta=18634.24129146394
step=2557 tokens=335151104/1100000000 loss=4.0470 lr=0.000247 tok/s=41,624 eta=18375.01743106897
step=2558 tokens=335282176/1100000000 loss=4.0781 lr=0.000247 tok/s=41,563 eta=18399.117934178503
step=2559 tokens=335413248/1100000000 loss=3.9860 lr=0.000247 tok/s=41,286 eta=18519.356300201882
step=2560 tokens=335544320/1100000000 loss=4.0260 lr=0.000247 tok/s=41,689 eta=18336.996623151583
step=2561 tokens=335675392/1100000000 loss=4.0699 lr=0.000247 tok/s=41,636 eta=18357.190116949205
step=2562 tokens=335806464/1100000000 loss=3.9649 lr=0.000247 tok/s=41,608 eta=18366.515356052747
step=2563 tokens=335937536/1100000000 loss=4.0571 lr=0.000247 tok/s=41,633 eta=18352.30389553282
step=2564 tokens=336068608/1100000000 loss=4.0355 lr=0.000247 tok/s=41,419 eta=18444.07221488392
step=2565 tokens=336199680/1100000000 loss=3.8977 lr=0.000247 tok/s=41,480 eta=18413.807074044747
step=2566 tokens=336330752/1100000000 loss=4.0308 lr=0.000247 tok/s=41,680 eta=18322.13245113899
step=2567 tokens=336461824/1100000000 loss=4.0607 lr=0.000247 tok/s=41,521 eta=18389.396199268376
step=2568 tokens=336592896/1100000000 loss=4.0169 lr=0.000247 tok/s=41,506 eta=18392.90132797022
step=2569 tokens=336723968/1100000000 loss=3.9915 lr=0.000247 tok/s=41,245 eta=18506.03618808417
step=2570 tokens=336855040/1100000000 loss=4.0007 lr=0.000247 tok/s=41,191 eta=18527.004107575205
step=2571 tokens=336986112/1100000000 loss=3.9662 lr=0.000247 tok/s=41,292 eta=18478.415149798686
step=2572 tokens=337117184/1100000000 loss=3.9345 lr=0.000247 tok/s=41,570 eta=18351.61195765485
checkpoint saved: runs/20260905-021323/checkpoints/step_000002572 (time)
step=2573 tokens=337248256/1100000000 loss=4.0553 lr=0.000246 tok/s=33,840 eta=22539.665866318417
step=2574 tokens=337379328/1100000000 loss=4.0196 lr=0.000246 tok/s=41,249 eta=18488.080188537115
step=2575 tokens=337510400/1100000000 loss=3.9971 lr=0.000246 tok/s=41,217 eta=18499.60395498578
step=2576 tokens=337641472/1100000000 loss=3.9628 lr=0.000246 tok/s=41,439 eta=18397.109765832884
step=2577 tokens=337772544/1100000000 loss=4.0931 lr=0.000246 tok/s=41,321 eta=18446.634183997994
step=2578 tokens=337903616/1100000000 loss=3.9931 lr=0.000246 tok/s=41,557 eta=18338.473792097324
step=2579 tokens=338034688/1100000000 loss=4.0359 lr=0.000246 tok/s=41,189 eta=18499.381256941888
step=2580 tokens=338165760/1100000000 loss=3.9203 lr=0.000246 tok/s=40,975 eta=18592.573589828557
step=2581 tokens=338296832/1100000000 loss=3.9345 lr=0.000246 tok/s=41,020 eta=18569.18706775181
step=2582 tokens=338427904/1100000000 loss=3.9630 lr=0.000246 tok/s=41,311 eta=18434.958423834618
step=2583 tokens=338558976/1100000000 loss=4.0504 lr=0.000246 tok/s=41,106 eta=18523.894345711615
step=2584 tokens=338690048/1100000000 loss=4.0209 lr=0.000246 tok/s=41,546 eta=18324.363661192805
step=2585 tokens=338821120/1100000000 loss=3.8940 lr=0.000246 tok/s=41,348 eta=18409.04609517094
step=2586 tokens=338952192/1100000000 loss=3.9703 lr=0.000246 tok/s=41,254 eta=18447.651437320175
step=2587 tokens=339083264/1100000000 loss=4.0342 lr=0.000246 tok/s=41,428 eta=18367.39536611004
step=2588 tokens=339214336/1100000000 loss=3.9542 lr=0.000246 tok/s=41,190 eta=18470.17268072578
step=2589 tokens=339345408/1100000000 loss=4.0496 lr=0.000246 tok/s=41,338 eta=18400.758122447096
step=2590 tokens=339476480/1100000000 loss=4.0081 lr=0.000246 tok/s=41,114 eta=18498.08034959811
step=2591 tokens=339607552/1100000000 loss=3.9406 lr=0.000246 tok/s=41,246 eta=18435.465711235414
step=2592 tokens=339738624/1100000000 loss=3.9393 lr=0.000246 tok/s=41,250 eta=18430.41231759421
step=2593 tokens=339869696/1100000000 loss=3.9208 lr=0.000246 tok/s=40,972 eta=18552.223666691978
step=2594 tokens=340000768/1100000000 loss=4.0645 lr=0.000246 tok/s=29,918 eta=25402.677785403437
step=2595 tokens=340131840/1100000000 loss=3.9180 lr=0.000246 tok/s=41,092 eta=18491.77662236573
step=2596 tokens=340262912/1100000000 loss=3.9148 lr=0.000246 tok/s=41,420 eta=18342.08265881569
step=2597 tokens=340393984/1100000000 loss=3.9374 lr=0.000245 tok/s=41,449 eta=18326.35177328614
step=2598 tokens=340525056/1100000000 loss=3.8730 lr=0.000245 tok/s=41,193 eta=18436.784290709766
step=2599 tokens=340656128/1100000000 loss=3.8495 lr=0.000245 tok/s=40,898 eta=18566.806347481765
step=2600 tokens=340787200/1100000000 loss=3.8430 lr=0.000245 tok/s=41,291 eta=18387.01580016372
step=2601 tokens=340918272/1100000000 loss=3.8460 lr=0.000245 tok/s=40,963 eta=18530.76219237546
step=2602 tokens=341049344/1100000000 loss=3.7557 lr=0.000245 tok/s=41,201 eta=18420.87695009289
step=2603 tokens=341180416/1100000000 loss=3.7814 lr=0.000245 tok/s=41,288 eta=18378.83238016786
step=2604 tokens=341311488/1100000000 loss=3.7315 lr=0.000245 tok/s=41,138 eta=18442.344212980952
step=2605 tokens=341442560/1100000000 loss=3.7410 lr=0.000245 tok/s=41,300 eta=18367.197250619807
step=2606 tokens=341573632/1100000000 loss=3.7691 lr=0.000245 tok/s=41,344 eta=18344.11260718947
step=2607 tokens=341704704/1100000000 loss=3.7807 lr=0.000245 tok/s=40,981 eta=18503.501572106685
step=2608 tokens=341835776/1100000000 loss=3.6891 lr=0.000245 tok/s=41,422 eta=18303.29745787406
step=2609 tokens=341966848/1100000000 loss=3.7129 lr=0.000245 tok/s=41,078 eta=18453.41772495023
step=2610 tokens=342097920/1100000000 loss=3.6824 lr=0.000245 tok/s=41,156 eta=18415.46562235594
step=2611 tokens=342228992/1100000000 loss=3.6760 lr=0.000245 tok/s=41,437 eta=18287.170889537978
step=2612 tokens=342360064/1100000000 loss=3.6717 lr=0.000245 tok/s=41,332 eta=18330.796136559813
step=2613 tokens=342491136/1100000000 loss=3.6803 lr=0.000245 tok/s=41,457 eta=18272.048994174103
step=2614 tokens=342622208/1100000000 loss=3.6709 lr=0.000245 tok/s=41,320 eta=18329.39772516203
step=2615 tokens=342753280/1100000000 loss=3.6107 lr=0.000245 tok/s=41,140 eta=18406.429693334077
step=2616 tokens=342884352/1100000000 loss=3.5837 lr=0.000245 tok/s=41,073 eta=18433.361543137387
step=2617 tokens=343015424/1100000000 loss=3.6097 lr=0.000245 tok/s=41,521 eta=18231.21934676491
step=2618 tokens=343146496/1100000000 loss=3.6865 lr=0.000245 tok/s=41,495 eta=18239.611611092085
step=2619 tokens=343277568/1100000000 loss=3.6331 lr=0.000245 tok/s=41,306 eta=18319.81906469603
step=2620 tokens=343408640/1100000000 loss=3.6483 lr=0.000245 tok/s=41,209 eta=18360.066958315947
step=2621 tokens=343539712/1100000000 loss=3.5687 lr=0.000244 tok/s=41,403 eta=18270.45979820311
step=2622 tokens=343670784/1100000000 loss=3.6066 lr=0.000244 tok/s=41,243 eta=18338.40079036347
step=2623 tokens=343801856/1100000000 loss=3.6009 lr=0.000244 tok/s=41,190 eta=18358.564763379305
step=2624 tokens=343932928/1100000000 loss=3.5184 lr=0.000244 tok/s=41,402 eta=18261.47255941056
step=2625 tokens=344064000/1100000000 loss=3.5785 lr=0.000244 tok/s=41,297 eta=18304.909779912407
step=2626 tokens=344195072/1100000000 loss=3.8054 lr=0.000244 tok/s=41,353 eta=18277.110415918818
step=2627 tokens=344326144/1100000000 loss=4.1600 lr=0.000244 tok/s=41,470 eta=18221.99418722522
step=2628 tokens=344457216/1100000000 loss=4.1545 lr=0.000244 tok/s=41,314 eta=18288.01429110167
step=2629 tokens=344588288/1100000000 loss=4.1279 lr=0.000244 tok/s=41,672 eta=18127.6750048061
step=2630 tokens=344719360/1100000000 loss=4.0823 lr=0.000244 tok/s=41,508 eta=18196.004699523754
step=2631 tokens=344850432/1100000000 loss=4.0867 lr=0.000244 tok/s=41,606 eta=18149.964546527262
step=2632 tokens=344981504/1100000000 loss=4.1279 lr=0.000244 tok/s=41,444 eta=18217.81057010811
step=2633 tokens=345112576/1100000000 loss=4.0629 lr=0.000244 tok/s=41,558 eta=18164.584070372424
step=2634 tokens=345243648/1100000000 loss=4.0713 lr=0.000244 tok/s=41,581 eta=18151.275580719008
step=2635 tokens=345374720/1100000000 loss=4.1577 lr=0.000244 tok/s=41,335 eta=18256.44485826915
step=2636 tokens=345505792/1100000000 loss=4.0650 lr=0.000244 tok/s=41,402 eta=18223.790726306852
step=2637 tokens=345636864/1100000000 loss=4.0395 lr=0.000244 tok/s=41,212 eta=18304.508638689967
step=2638 tokens=345767936/1100000000 loss=4.0623 lr=0.000244 tok/s=41,343 eta=18243.126192293807
step=2639 tokens=345899008/1100000000 loss=4.1478 lr=0.000244 tok/s=41,416 eta=18208.130071918364
step=2640 tokens=346030080/1100000000 loss=4.0980 lr=0.000244 tok/s=41,354 eta=18232.051704790385
step=2641 tokens=346161152/1100000000 loss=4.0573 lr=0.000244 tok/s=41,489 eta=18169.601193158265
step=2642 tokens=346292224/1100000000 loss=4.1135 lr=0.000244 tok/s=41,550 eta=18139.82867919541
step=2643 tokens=346423296/1100000000 loss=3.9850 lr=0.000244 tok/s=41,488 eta=18163.944753027372
step=2644 tokens=346554368/1100000000 loss=4.0362 lr=0.000244 tok/s=41,459 eta=18173.41569108283
step=2645 tokens=346685440/1100000000 loss=4.0104 lr=0.000243 tok/s=41,511 eta=18147.244557017835
step=2646 tokens=346816512/1100000000 loss=4.0164 lr=0.000243 tok/s=41,589 eta=18109.95318302731
step=2647 tokens=346947584/1100000000 loss=4.0714 lr=0.000243 tok/s=41,605 eta=18099.94796174621
step=2648 tokens=347078656/1100000000 loss=4.0948 lr=0.000243 tok/s=41,231 eta=18261.16046932828
step=2649 tokens=347209728/1100000000 loss=4.1949 lr=0.000243 tok/s=41,375 eta=18194.268157507035
step=2650 tokens=347340800/1100000000 loss=4.1330 lr=0.000243 tok/s=41,290 eta=18228.751645819633
step=2651 tokens=347471872/1100000000 loss=4.0897 lr=0.000243 tok/s=41,353 eta=18197.758629985314
step=2652 tokens=347602944/1100000000 loss=4.0683 lr=0.000243 tok/s=41,335 eta=18202.485072901953
step=2653 tokens=347734016/1100000000 loss=4.0616 lr=0.000243 tok/s=41,532 eta=18112.926027893987
step=2654 tokens=347865088/1100000000 loss=4.0337 lr=0.000243 tok/s=41,453 eta=18144.167762344485
step=2655 tokens=347996160/1100000000 loss=4.2439 lr=0.000243 tok/s=41,354 eta=18184.75010834735
step=2656 tokens=348127232/1100000000 loss=4.1374 lr=0.000243 tok/s=41,272 eta=18217.420940769938
step=2657 tokens=348258304/1100000000 loss=4.0681 lr=0.000243 tok/s=41,274 eta=18213.660101542835
step=2658 tokens=348389376/1100000000 loss=4.0167 lr=0.000243 tok/s=41,180 eta=18251.750958144
step=2659 tokens=348520448/1100000000 loss=3.8788 lr=0.000243 tok/s=40,973 eta=18340.926672701156
step=2660 tokens=348651520/1100000000 loss=3.9841 lr=0.000243 tok/s=41,279 eta=18201.644507387642
step=2661 tokens=348782592/1100000000 loss=3.9474 lr=0.000243 tok/s=41,083 eta=18285.560714081606
step=2662 tokens=348913664/1100000000 loss=3.9433 lr=0.000243 tok/s=41,137 eta=18258.04192031893
step=2663 tokens=349044736/1100000000 loss=4.0142 lr=0.000243 tok/s=41,157 eta=18246.117136282595
step=2664 tokens=349175808/1100000000 loss=3.9648 lr=0.000243 tok/s=41,135 eta=18252.650760159675
step=2665 tokens=349306880/1100000000 loss=3.9787 lr=0.000243 tok/s=41,051 eta=18286.948423314145
step=2666 tokens=349437952/1100000000 loss=4.0544 lr=0.000243 tok/s=41,181 eta=18225.936566574805
step=2667 tokens=349569024/1100000000 loss=3.9163 lr=0.000243 tok/s=40,807 eta=18389.935111088816
step=2668 tokens=349700096/1100000000 loss=4.0246 lr=0.000243 tok/s=41,394 eta=18125.682004427585
step=2669 tokens=349831168/1100000000 loss=4.0043 lr=0.000242 tok/s=40,820 eta=18377.53504665794
step=2670 tokens=349962240/1100000000 loss=3.9180 lr=0.000242 tok/s=41,108 eta=18245.720276994765
step=2671 tokens=350093312/1100000000 loss=3.9476 lr=0.000242 tok/s=29,896 eta=25083.964551922174
checkpoint saved: runs/20260905-021323/checkpoints/tokens_000350m (permanent_tokens)
step=2672 tokens=350224384/1100000000 loss=3.9619 lr=0.000242 tok/s=34,623 eta=21655.666099464277
step=2673 tokens=350355456/1100000000 loss=3.9681 lr=0.000242 tok/s=41,429 eta=18094.50738169765
step=2674 tokens=350486528/1100000000 loss=4.0226 lr=0.000242 tok/s=41,149 eta=18214.81291604928
step=2675 tokens=350617600/1100000000 loss=3.9667 lr=0.000242 tok/s=41,288 eta=18150.25696277614
step=2676 tokens=350748672/1100000000 loss=4.0480 lr=0.000242 tok/s=41,045 eta=18254.295194770664
step=2677 tokens=350879744/1100000000 loss=3.8624 lr=0.000242 tok/s=40,936 eta=18299.605796933025
step=2678 tokens=351010816/1100000000 loss=3.9310 lr=0.000242 tok/s=40,844 eta=18337.922012574425
step=2679 tokens=351141888/1100000000 loss=3.9156 lr=0.000242 tok/s=40,997 eta=18265.981883980963
step=2680 tokens=351272960/1100000000 loss=3.9764 lr=0.000242 tok/s=41,106 eta=18214.646806245564
step=2681 tokens=351404032/1100000000 loss=3.9262 lr=0.000242 tok/s=41,045 eta=18238.496334362917
step=2682 tokens=351535104/1100000000 loss=4.0269 lr=0.000242 tok/s=41,489 eta=18040.240400258393
step=2683 tokens=351666176/1100000000 loss=3.9597 lr=0.000242 tok/s=41,403 eta=18074.36681822463
step=2684 tokens=351797248/1100000000 loss=4.0077 lr=0.000242 tok/s=41,082 eta=18212.539604276637
step=2685 tokens=351928320/1100000000 loss=3.8933 lr=0.000242 tok/s=41,153 eta=18177.789755701404
step=2686 tokens=352059392/1100000000 loss=3.9581 lr=0.000242 tok/s=41,177 eta=18163.917876998632
step=2687 tokens=352190464/1100000000 loss=3.9570 lr=0.000242 tok/s=41,144 eta=18175.446290799147
step=2688 tokens=352321536/1100000000 loss=4.0346 lr=0.000242 tok/s=41,399 eta=18060.51722931402
step=2689 tokens=352452608/1100000000 loss=4.0692 lr=0.000242 tok/s=41,003 eta=18231.398051400993
step=2690 tokens=352583680/1100000000 loss=4.0384 lr=0.000242 tok/s=41,256 eta=18116.72515739684
step=2691 tokens=352714752/1100000000 loss=4.0744 lr=0.000242 tok/s=41,133 eta=18167.490703957184
step=2692 tokens=352845824/1100000000 loss=4.0387 lr=0.000242 tok/s=41,144 eta=18159.302161770476
step=2693 tokens=352976896/1100000000 loss=3.9762 lr=0.000241 tok/s=41,384 eta=18050.90040024342
step=2694 tokens=353107968/1100000000 loss=4.0116 lr=0.000241 tok/s=41,071 eta=18185.283967575793
step=2695 tokens=353239040/1100000000 loss=4.1184 lr=0.000241 tok/s=41,029 eta=18200.89502130965
step=2696 tokens=353370112/1100000000 loss=4.2613 lr=0.000241 tok/s=40,842 eta=18280.866037791868
step=2697 tokens=353501184/1100000000 loss=3.9510 lr=0.000241 tok/s=40,890 eta=18256.24005329752
step=2698 tokens=353632256/1100000000 loss=4.0058 lr=0.000241 tok/s=41,082 eta=18167.968877946296
step=2699 tokens=353763328/1100000000 loss=3.9448 lr=0.000241 tok/s=41,205 eta=18110.374477880552
step=2700 tokens=353894400/1100000000 loss=3.9729 lr=0.000241 tok/s=41,097 eta=18154.57123887514
step=2701 tokens=354025472/1100000000 loss=4.0055 lr=0.000241 tok/s=40,970 eta=18207.71571127674
step=2702 tokens=354156544/1100000000 loss=4.0482 lr=0.000241 tok/s=41,345 eta=18039.389790517893
step=2703 tokens=354287616/1100000000 loss=3.8827 lr=0.000241 tok/s=41,038 eta=18171.234218192192
step=2704 tokens=354418688/1100000000 loss=3.9905 lr=0.000241 tok/s=41,184 eta=18103.625879149946
step=2705 tokens=354549760/1100000000 loss=4.0448 lr=0.000241 tok/s=41,222 eta=18083.924406425762
step=2706 tokens=354680832/1100000000 loss=3.9401 lr=0.000241 tok/s=41,284 eta=18053.48898644483
step=2707 tokens=354811904/1100000000 loss=3.9863 lr=0.000241 tok/s=41,329 eta=18030.634852236006
step=2708 tokens=354942976/1100000000 loss=4.0503 lr=0.000241 tok/s=41,302 eta=18039.212918528447
step=2709 tokens=355074048/1100000000 loss=3.9827 lr=0.000241 tok/s=41,283 eta=18044.350553656914
step=2710 tokens=355205120/1100000000 loss=3.9725 lr=0.000241 tok/s=41,328 eta=18021.667045719576
step=2711 tokens=355336192/1100000000 loss=3.8293 lr=0.000241 tok/s=41,211 eta=18069.3241258228
step=2712 tokens=355467264/1100000000 loss=3.9856 lr=0.000241 tok/s=41,118 eta=18107.21426346181
step=2713 tokens=355598336/1100000000 loss=4.0102 lr=0.000241 tok/s=40,981 eta=18164.569090474608
step=2714 tokens=355729408/1100000000 loss=4.0220 lr=0.000241 tok/s=41,435 eta=17962.16837795712
step=2715 tokens=355860480/1100000000 loss=3.9449 lr=0.000241 tok/s=40,954 eta=18169.940201386347
step=2716 tokens=355991552/1100000000 loss=3.9557 lr=0.00024 tok/s=41,372 eta=17983.41624223818
step=2717 tokens=356122624/1100000000 loss=3.8657 lr=0.00024 tok/s=41,272 eta=18023.698159243795
step=2718 tokens=356253696/1100000000 loss=3.9925 lr=0.00024 tok/s=41,195 eta=18054.43479983674
step=2719 tokens=356384768/1100000000 loss=3.9283 lr=0.00024 tok/s=41,094 eta=18095.60256358
step=2720 tokens=356515840/1100000000 loss=3.9258 lr=0.00024 tok/s=41,378 eta=17968.19944509032
step=2721 tokens=356646912/1100000000 loss=3.9352 lr=0.00024 tok/s=41,146 eta=18066.196040235627
step=2722 tokens=356777984/1100000000 loss=4.0136 lr=0.00024 tok/s=41,469 eta=17922.205056127706
step=2723 tokens=356909056/1100000000 loss=4.0497 lr=0.00024 tok/s=41,125 eta=18069.21279369578
step=2724 tokens=357040128/1100000000 loss=4.1439 lr=0.00024 tok/s=41,196 eta=18034.907702761688
step=2725 tokens=357171200/1100000000 loss=4.0118 lr=0.00024 tok/s=41,045 eta=18097.90906643584
step=2726 tokens=357302272/1100000000 loss=3.9765 lr=0.00024 tok/s=41,004 eta=18112.6432209223
step=2727 tokens=357433344/1100000000 loss=3.9539 lr=0.00024 tok/s=41,046 eta=18091.236238815538
step=2728 tokens=357564416/1100000000 loss=4.0380 lr=0.00024 tok/s=41,249 eta=17998.980327783727
step=2729 tokens=357695488/1100000000 loss=4.0164 lr=0.00024 tok/s=41,037 eta=18088.726271341693
step=2730 tokens=357826560/1100000000 loss=4.0532 lr=0.00024 tok/s=41,306 eta=17967.724744885872
step=2731 tokens=357957632/1100000000 loss=4.0365 lr=0.00024 tok/s=41,345 eta=17947.47577719001
step=2732 tokens=358088704/1100000000 loss=4.0235 lr=0.00024 tok/s=41,352 eta=17941.37986185636
step=2733 tokens=358219776/1100000000 loss=4.0987 lr=0.00024 tok/s=41,055 eta=18068.050459759837
step=2734 tokens=358350848/1100000000 loss=3.9536 lr=0.00024 tok/s=41,197 eta=18002.64369733325
step=2735 tokens=358481920/1100000000 loss=3.9437 lr=0.00024 tok/s=41,338 eta=17937.999526754127
step=2736 tokens=358612992/1100000000 loss=4.0390 lr=0.00024 tok/s=41,036 eta=18066.87094296067
step=2737 tokens=358744064/1100000000 loss=3.9685 lr=0.00024 tok/s=41,078 eta=18045.13186494969
step=2738 tokens=358875136/1100000000 loss=3.9930 lr=0.00024 tok/s=41,352 eta=17922.51445829574
step=2739 tokens=359006208/1100000000 loss=4.0362 lr=0.00024 tok/s=41,086 eta=18035.294699791488
step=2740 tokens=359137280/1100000000 loss=3.9502 lr=0.000239 tok/s=41,398 eta=17896.233289085085
step=2741 tokens=359268352/1100000000 loss=4.0281 lr=0.000239 tok/s=40,757 eta=18174.23041989852
step=2742 tokens=359399424/1100000000 loss=4.0164 lr=0.000239 tok/s=41,147 eta=17998.9223242528
step=2743 tokens=359530496/1100000000 loss=3.9956 lr=0.000239 tok/s=41,164 eta=17988.33341041886
step=2744 tokens=359661568/1100000000 loss=3.9776 lr=0.000239 tok/s=40,792 eta=18149.104217982418
step=2745 tokens=359792640/1100000000 loss=4.0625 lr=0.000239 tok/s=40,840 eta=18124.703411589333
step=2746 tokens=359923712/1100000000 loss=4.0039 lr=0.000239 tok/s=41,111 eta=18001.775290701073
step=2747 tokens=360054784/1100000000 loss=3.9573 lr=0.000239 tok/s=29,747 eta=24874.77244103136
step=2748 tokens=360185856/1100000000 loss=4.0629 lr=0.000239 tok/s=41,182 eta=17964.625330635667
step=2749 tokens=360316928/1100000000 loss=3.9944 lr=0.000239 tok/s=40,896 eta=18086.76671241723
step=2750 tokens=360448000/1100000000 loss=4.0225 lr=0.000239 tok/s=40,842 eta=18107.55381206626
step=2751 tokens=360579072/1100000000 loss=3.9527 lr=0.000239 tok/s=40,877 eta=18089.064926321174
step=2752 tokens=360710144/1100000000 loss=3.9279 lr=0.000239 tok/s=40,937 eta=18059.316012913318
step=2753 tokens=360841216/1100000000 loss=3.9751 lr=0.000239 tok/s=40,862 eta=18088.971476699822
step=2754 tokens=360972288/1100000000 loss=4.0082 lr=0.000239 tok/s=41,005 eta=18022.901314866845
step=2755 tokens=361103360/1100000000 loss=3.9964 lr=0.000239 tok/s=41,282 eta=17898.89819666105
step=2756 tokens=361234432/1100000000 loss=4.0005 lr=0.000239 tok/s=41,125 eta=17963.769155219532
step=2757 tokens=361365504/1100000000 loss=4.0031 lr=0.000239 tok/s=41,148 eta=17950.530751893868
step=2758 tokens=361496576/1100000000 loss=4.0033 lr=0.000239 tok/s=41,234 eta=17909.962527738222
step=2759 tokens=361627648/1100000000 loss=4.0248 lr=0.000239 tok/s=40,982 eta=18016.904745700816
step=2760 tokens=361758720/1100000000 loss=3.9732 lr=0.000239 tok/s=41,249 eta=17897.361163859423
step=2761 tokens=361889792/1100000000 loss=3.9766 lr=0.000239 tok/s=41,311 eta=17867.090513264506
step=2762 tokens=362020864/1100000000 loss=4.0277 lr=0.000239 tok/s=41,241 eta=17894.400314406204
step=2763 tokens=362151936/1100000000 loss=4.0192 lr=0.000238 tok/s=41,168 eta=17922.850120432424
step=2764 tokens=362283008/1100000000 loss=3.9789 lr=0.000238 tok/s=41,106 eta=17946.490337811483
step=2765 tokens=362414080/1100000000 loss=3.9562 lr=0.000238 tok/s=41,218 eta=17894.77317104499
step=2766 tokens=362545152/1100000000 loss=3.9672 lr=0.000238 tok/s=41,176 eta=17909.718145524414
step=2767 tokens=362676224/1100000000 loss=3.9441 lr=0.000238 tok/s=41,235 eta=17880.940580921673
step=2768 tokens=362807296/1100000000 loss=4.0192 lr=0.000238 tok/s=41,269 eta=17863.05731708953
step=2769 tokens=362938368/1100000000 loss=4.0202 lr=0.000238 tok/s=41,117 eta=17925.781474723448
step=2770 tokens=363069440/1100000000 loss=3.9623 lr=0.000238 tok/s=41,498 eta=17758.13185379127
step=2771 tokens=363200512/1100000000 loss=4.0090 lr=0.000238 tok/s=41,244 eta=17864.26502850382
step=2772 tokens=363331584/1100000000 loss=4.0287 lr=0.000238 tok/s=41,030 eta=17954.19902063046
step=2773 tokens=363462656/1100000000 loss=3.8851 lr=0.000238 tok/s=41,279 eta=17842.827911555793
step=2774 tokens=363593728/1100000000 loss=3.9525 lr=0.000238 tok/s=41,371 eta=17800.048546609756
step=2775 tokens=363724800/1100000000 loss=4.0450 lr=0.000238 tok/s=41,226 eta=17859.466084642398
step=2776 tokens=363855872/1100000000 loss=3.9931 lr=0.000238 tok/s=41,409 eta=17777.217621205564
step=2777 tokens=363986944/1100000000 loss=3.9689 lr=0.000238 tok/s=41,346 eta=17801.199300742242
step=2778 tokens=364118016/1100000000 loss=3.9222 lr=0.000238 tok/s=41,124 eta=17894.242940996977
step=2779 tokens=364249088/1100000000 loss=3.9986 lr=0.000238 tok/s=41,258 eta=17833.04274513922
step=2780 tokens=364380160/1100000000 loss=3.9458 lr=0.000238 tok/s=41,412 eta=17763.634201672376
step=2781 tokens=364511232/1100000000 loss=3.9525 lr=0.000238 tok/s=41,352 eta=17786.076030734854
step=2782 tokens=364642304/1100000000 loss=3.9766 lr=0.000238 tok/s=41,351 eta=17783.51859979499
step=2783 tokens=364773376/1100000000 loss=3.9571 lr=0.000238 tok/s=41,168 eta=17859.142271487322
step=2784 tokens=364904448/1100000000 loss=3.9725 lr=0.000238 tok/s=41,081 eta=17894.017542303187
step=2785 tokens=365035520/1100000000 loss=3.9266 lr=0.000238 tok/s=41,240 eta=17821.5181010198
step=2786 tokens=365166592/1100000000 loss=3.8484 lr=0.000237 tok/s=41,301 eta=17791.945100137193
step=2787 tokens=365297664/1100000000 loss=3.9610 lr=0.000237 tok/s=41,483 eta=17710.766574110625
step=2788 tokens=365428736/1100000000 loss=3.9872 lr=0.000237 tok/s=41,014 eta=17910.07653644474
step=2789 tokens=365559808/1100000000 loss=3.8972 lr=0.000237 tok/s=41,321 eta=17773.87621921472
step=2790 tokens=365690880/1100000000 loss=3.8931 lr=0.000237 tok/s=41,088 eta=17871.736781935837
step=2791 tokens=365821952/1100000000 loss=4.0409 lr=0.000237 tok/s=41,277 eta=17786.594435827
step=2792 tokens=365953024/1100000000 loss=4.0025 lr=0.000237 tok/s=41,196 eta=17818.527060343436
step=2793 tokens=366084096/1100000000 loss=3.9185 lr=0.000237 tok/s=41,192 eta=17816.775580203746
step=2794 tokens=366215168/1100000000 loss=4.0657 lr=0.000237 tok/s=41,095 eta=17855.941241188044
step=2795 tokens=366346240/1100000000 loss=3.8406 lr=0.000237 tok/s=41,073 eta=17862.357293853907
step=2796 tokens=366477312/1100000000 loss=3.8660 lr=0.000237 tok/s=41,180 eta=17812.652686413217
step=2797 tokens=366608384/1100000000 loss=3.9215 lr=0.000237 tok/s=41,053 eta=17864.455633764883
step=2798 tokens=366739456/1100000000 loss=3.9456 lr=0.000237 tok/s=41,253 eta=17774.83324606048
step=2799 tokens=366870528/1100000000 loss=3.8775 lr=0.000237 tok/s=41,326 eta=17740.020621838372
step=2800 tokens=367001600/1100000000 loss=4.0659 lr=0.000237 tok/s=41,203 eta=17789.863422610222
step=2801 tokens=367132672/1100000000 loss=3.9741 lr=0.000237 tok/s=40,989 eta=17879.703949014438
step=2802 tokens=367263744/1100000000 loss=3.9404 lr=0.000237 tok/s=41,188 eta=17790.129084890006
step=2803 tokens=367394816/1100000000 loss=4.0364 lr=0.000237 tok/s=41,100 eta=17824.993301411334
step=2804 tokens=367525888/1100000000 loss=4.0035 lr=0.000237 tok/s=41,125 eta=17810.97041939558
step=2805 tokens=367656960/1100000000 loss=3.9272 lr=0.000237 tok/s=41,050 eta=17840.364368316074
step=2806 tokens=367788032/1100000000 loss=3.9306 lr=0.000237 tok/s=41,083 eta=17822.815723327887
step=2807 tokens=367919104/1100000000 loss=3.9902 lr=0.000237 tok/s=41,144 eta=17793.11420251158
step=2808 tokens=368050176/1100000000 loss=3.9447 lr=0.000237 tok/s=40,960 eta=17870.007325246588
step=2809 tokens=368181248/1100000000 loss=3.8577 lr=0.000236 tok/s=41,089 eta=17810.512280297964
step=2810 tokens=368312320/1100000000 loss=3.9058 lr=0.000236 tok/s=41,125 eta=17791.858457982176
step=2811 tokens=368443392/1100000000 loss=4.0270 lr=0.000236 tok/s=41,282 eta=17720.88144716936
step=2812 tokens=368574464/1100000000 loss=4.0098 lr=0.000236 tok/s=41,324 eta=17699.90855402587
step=2813 tokens=368705536/1100000000 loss=3.9886 lr=0.000236 tok/s=41,230 eta=17737.077907481762
step=2814 tokens=368836608/1100000000 loss=3.9169 lr=0.000236 tok/s=41,287 eta=17709.140860770687
step=2815 tokens=368967680/1100000000 loss=3.8954 lr=0.000236 tok/s=41,291 eta=17704.60069408862
step=2816 tokens=369098752/1100000000 loss=3.9914 lr=0.000236 tok/s=41,004 eta=17825.30353215656
step=2817 tokens=369229824/1100000000 loss=3.8386 lr=0.000236 tok/s=41,030 eta=17810.610427249
step=2818 tokens=369360896/1100000000 loss=3.9469 lr=0.000236 tok/s=41,069 eta=17790.539733545535
step=2819 tokens=369491968/1100000000 loss=3.9329 lr=0.000236 tok/s=41,111 eta=17769.08849380686
step=2820 tokens=369623040/1100000000 loss=3.8827 lr=0.000236 tok/s=41,065 eta=17785.95809413045
step=2821 tokens=369754112/1100000000 loss=3.8788 lr=0.000236 tok/s=41,252 eta=17702.245353559778
step=2822 tokens=369885184/1100000000 loss=3.8633 lr=0.000236 tok/s=41,242 eta=17702.973083997862
step=2823 tokens=370016256/1100000000 loss=3.8976 lr=0.000236 tok/s=29,742 eta=24543.971563073766
step=2824 tokens=370147328/1100000000 loss=3.9033 lr=0.000236 tok/s=41,048 eta=17780.43940313359
step=2825 tokens=370278400/1100000000 loss=4.0175 lr=0.000236 tok/s=41,025 eta=17787.07814147943
step=2826 tokens=370409472/1100000000 loss=3.9048 lr=0.000236 tok/s=41,060 eta=17768.75534237229
step=2827 tokens=370540544/1100000000 loss=3.9094 lr=0.000236 tok/s=41,099 eta=17749.0203768594
step=2828 tokens=370671616/1100000000 loss=3.9815 lr=0.000236 tok/s=41,040 eta=17770.99451486992
step=2829 tokens=370802688/1100000000 loss=3.9342 lr=0.000236 tok/s=41,047 eta=17765.099900537563
step=2830 tokens=370933760/1100000000 loss=3.8363 lr=0.000236 tok/s=41,399 eta=17610.841911414653
step=2831 tokens=371064832/1100000000 loss=3.8745 lr=0.000236 tok/s=41,101 eta=17735.0510536734
step=2832 tokens=371195904/1100000000 loss=3.8414 lr=0.000235 tok/s=41,102 eta=17731.42827753483
step=2833 tokens=371326976/1100000000 loss=3.8554 lr=0.000235 tok/s=41,040 eta=17755.3887099146
step=2834 tokens=371458048/1100000000 loss=3.9518 lr=0.000235 tok/s=41,126 eta=17715.00394377966
step=2835 tokens=371589120/1100000000 loss=3.7934 lr=0.000235 tok/s=41,154 eta=17699.727601614948
step=2836 tokens=371720192/1100000000 loss=3.8111 lr=0.000235 tok/s=41,166 eta=17691.451751393346
step=2837 tokens=371851264/1100000000 loss=3.9017 lr=0.000235 tok/s=41,066 eta=17731.35064009915
step=2838 tokens=371982336/1100000000 loss=4.0792 lr=0.000235 tok/s=41,195 eta=17672.674789053915
step=2839 tokens=372113408/1100000000 loss=3.8839 lr=0.000235 tok/s=41,075 eta=17721.015907696845
step=2840 tokens=372244480/1100000000 loss=4.0496 lr=0.000235 tok/s=40,968 eta=17764.091115318177
step=2841 tokens=372375552/1100000000 loss=4.0673 lr=0.000235 tok/s=41,146 eta=17683.89307807035
step=2842 tokens=372506624/1100000000 loss=3.9076 lr=0.000235 tok/s=41,341 eta=17597.289278357173
step=2843 tokens=372637696/1100000000 loss=3.8834 lr=0.000235 tok/s=41,178 eta=17663.91867547773
step=2844 tokens=372768768/1100000000 loss=3.8734 lr=0.000235 tok/s=41,298 eta=17609.343052226413
step=2845 tokens=372899840/1100000000 loss=4.0016 lr=0.000235 tok/s=41,238 eta=17631.744102170982
step=2846 tokens=373030912/1100000000 loss=3.9348 lr=0.000235 tok/s=41,167 eta=17658.980837231702
step=2847 tokens=373161984/1100000000 loss=3.9379 lr=0.000235 tok/s=41,300 eta=17598.87612306481
step=2848 tokens=373293056/1100000000 loss=4.0199 lr=0.000235 tok/s=41,233 eta=17624.559269876558
step=2849 tokens=373424128/1100000000 loss=3.9803 lr=0.000235 tok/s=41,179 eta=17644.258061501292
step=2850 tokens=373555200/1100000000 loss=4.1461 lr=0.000235 tok/s=40,922 eta=17751.750481159528
step=2851 tokens=373686272/1100000000 loss=3.9785 lr=0.000235 tok/s=41,201 eta=17628.73088060389
step=2852 tokens=373817344/1100000000 loss=4.1286 lr=0.000235 tok/s=41,295 eta=17585.055790459624
step=2853 tokens=373948416/1100000000 loss=3.9845 lr=0.000235 tok/s=41,425 eta=17527.0785106854
step=2854 tokens=374079488/1100000000 loss=3.9174 lr=0.000235 tok/s=41,380 eta=17542.695929432106
step=2855 tokens=374210560/1100000000 loss=3.8146 lr=0.000234 tok/s=41,405 eta=17529.021705031202
step=2856 tokens=374341632/1100000000 loss=3.9231 lr=0.000234 tok/s=41,357 eta=17546.253336814163
step=2857 tokens=374472704/1100000000 loss=4.0015 lr=0.000234 tok/s=41,345 eta=17547.989159872304
step=2858 tokens=374603776/1100000000 loss=3.9460 lr=0.000234 tok/s=41,614 eta=17431.40911745552
step=2859 tokens=374734848/1100000000 loss=3.9082 lr=0.000234 tok/s=41,624 eta=17424.30176503489
step=2860 tokens=374865920/1100000000 loss=4.0301 lr=0.000234 tok/s=41,410 eta=17510.94928652255
step=2861 tokens=374996992/1100000000 loss=3.9452 lr=0.000234 tok/s=41,476 eta=17480.090914247026
step=2862 tokens=375128064/1100000000 loss=4.0592 lr=0.000234 tok/s=41,554 eta=17444.054145236765
step=2863 tokens=375259136/1100000000 loss=3.8843 lr=0.000234 tok/s=41,429 eta=17493.398909012994
step=2864 tokens=375390208/1100000000 loss=3.9870 lr=0.000234 tok/s=41,364 eta=17517.895376676748
step=2865 tokens=375521280/1100000000 loss=3.9212 lr=0.000234 tok/s=41,138 eta=17611.021525761
step=2866 tokens=375652352/1100000000 loss=3.9021 lr=0.000234 tok/s=41,235 eta=17566.26758753874
step=2867 tokens=375783424/1100000000 loss=3.8979 lr=0.000234 tok/s=41,411 eta=17488.461414442518
step=2868 tokens=375914496/1100000000 loss=3.8428 lr=0.000234 tok/s=41,483 eta=17454.918507707884
step=2869 tokens=376045568/1100000000 loss=3.9139 lr=0.000234 tok/s=41,363 eta=17502.5286169415
step=2870 tokens=376176640/1100000000 loss=3.7929 lr=0.000234 tok/s=41,410 eta=17479.565567637295
step=2871 tokens=376307712/1100000000 loss=3.6786 lr=0.000234 tok/s=41,653 eta=17374.158607395
step=2872 tokens=376438784/1100000000 loss=3.9318 lr=0.000234 tok/s=41,362 eta=17493.365982020718
step=2873 tokens=376569856/1100000000 loss=3.9680 lr=0.000234 tok/s=41,398 eta=17475.054257528252
step=2874 tokens=376700928/1100000000 loss=3.9621 lr=0.000234 tok/s=41,358 eta=17488.79190963341
step=2875 tokens=376832000/1100000000 loss=4.0206 lr=0.000234 tok/s=41,309 eta=17506.208523387333
step=2876 tokens=376963072/1100000000 loss=4.0158 lr=0.000234 tok/s=41,239 eta=17532.641277454877
step=2877 tokens=377094144/1100000000 loss=3.9467 lr=0.000233 tok/s=41,076 eta=17599.206281093233
step=2878 tokens=377225216/1100000000 loss=4.2767 lr=0.000233 tok/s=41,158 eta=17561.035111074678
step=2879 tokens=377356288/1100000000 loss=3.9502 lr=0.000233 tok/s=41,638 eta=17355.197572673507
step=2880 tokens=377487360/1100000000 loss=3.9633 lr=0.000233 tok/s=41,329 eta=17482.01268361974
step=2881 tokens=377618432/1100000000 loss=4.0140 lr=0.000233 tok/s=41,233 eta=17519.304921966403
step=2882 tokens=377749504/1100000000 loss=4.0636 lr=0.000233 tok/s=41,142 eta=17555.21132902974
step=2883 tokens=377880576/1100000000 loss=3.9762 lr=0.000233 tok/s=41,182 eta=17534.717152951995
step=2884 tokens=378011648/1100000000 loss=3.9727 lr=0.000233 tok/s=41,339 eta=17465.095196377137
step=2885 tokens=378142720/1100000000 loss=3.9819 lr=0.000233 tok/s=41,417 eta=17429.094115963777
step=2886 tokens=378273792/1100000000 loss=3.9936 lr=0.000233 tok/s=41,234 eta=17503.22751897004
step=2887 tokens=378404864/1100000000 loss=3.9617 lr=0.000233 tok/s=41,098 eta=17557.760662316818
step=2888 tokens=378535936/1100000000 loss=3.9883 lr=0.000233 tok/s=41,324 eta=17458.770544280836
step=2889 tokens=378667008/1100000000 loss=4.0183 lr=0.000233 tok/s=41,370 eta=17435.99786034317
step=2890 tokens=378798080/1100000000 loss=4.0326 lr=0.000233 tok/s=41,450 eta=17399.328303300503
step=2891 tokens=378929152/1100000000 loss=4.0220 lr=0.000233 tok/s=41,208 eta=17498.169340639597
step=2892 tokens=379060224/1100000000 loss=3.9732 lr=0.000233 tok/s=41,366 eta=17428.33758712105
step=2893 tokens=379191296/1100000000 loss=4.0570 lr=0.000233 tok/s=41,637 eta=17311.648626152215
step=2894 tokens=379322368/1100000000 loss=3.8498 lr=0.000233 tok/s=41,271 eta=17462.25379121711
step=2895 tokens=379453440/1100000000 loss=4.0365 lr=0.000233 tok/s=41,371 eta=17416.87779855265
step=2896 tokens=379584512/1100000000 loss=3.9563 lr=0.000233 tok/s=41,217 eta=17478.652332851805
step=2897 tokens=379715584/1100000000 loss=3.8845 lr=0.000233 tok/s=41,167 eta=17496.589218315385
step=2898 tokens=379846656/1100000000 loss=3.9391 lr=0.000233 tok/s=41,428 eta=17383.282240254957
step=2899 tokens=379977728/1100000000 loss=3.8944 lr=0.000233 tok/s=41,339 eta=17417.363556597393
step=2900 tokens=380108800/1100000000 loss=4.0225 lr=0.000232 tok/s=29,952 eta=24034.97644620917
step=2901 tokens=380239872/1100000000 loss=3.9283 lr=0.000232 tok/s=41,175 eta=17480.631641897562
step=2902 tokens=380370944/1100000000 loss=3.9138 lr=0.000232 tok/s=41,261 eta=17440.940842295986
step=2903 tokens=380502016/1100000000 loss=3.9865 lr=0.000232 tok/s=41,511 eta=17332.87713088486
step=2904 tokens=380633088/1100000000 loss=4.0197 lr=0.000232 tok/s=41,362 eta=17392.110692603208
step=2905 tokens=380764160/1100000000 loss=3.9445 lr=0.000232 tok/s=41,218 eta=17449.419976104495
step=2906 tokens=380895232/1100000000 loss=3.8087 lr=0.000232 tok/s=41,290 eta=17415.782362754886
step=2907 tokens=381026304/1100000000 loss=3.9137 lr=0.000232 tok/s=41,430 eta=17354.14664563472
step=2908 tokens=381157376/1100000000 loss=3.9294 lr=0.000232 tok/s=41,023 eta=17522.972896077503
step=2909 tokens=381288448/1100000000 loss=3.8940 lr=0.000232 tok/s=41,069 eta=17500.043774693386
step=2910 tokens=381419520/1100000000 loss=3.9260 lr=0.000232 tok/s=41,059 eta=17501.295873893432
step=2911 tokens=381550592/1100000000 loss=3.9417 lr=0.000232 tok/s=41,211 eta=17433.38710594614
step=2912 tokens=381681664/1100000000 loss=4.0279 lr=0.000232 tok/s=41,158 eta=17452.65006343158
step=2913 tokens=381812736/1100000000 loss=4.0785 lr=0.000232 tok/s=41,251 eta=17410.28871704531
step=2914 tokens=381943808/1100000000 loss=4.1216 lr=0.000232 tok/s=41,425 eta=17334.00721533968
step=2915 tokens=382074880/1100000000 loss=4.1997 lr=0.000232 tok/s=41,231 eta=17412.29909948867
step=2916 tokens=382205952/1100000000 loss=4.0383 lr=0.000232 tok/s=41,122 eta=17455.207074513222
step=2917 tokens=382337024/1100000000 loss=4.0520 lr=0.000232 tok/s=41,242 eta=17401.17809942307
step=2918 tokens=382468096/1100000000 loss=4.0334 lr=0.000232 tok/s=40,903 eta=17542.294220959848
step=2919 tokens=382599168/1100000000 loss=3.9989 lr=0.000232 tok/s=40,867 eta=17554.32992374333
step=2920 tokens=382730240/1100000000 loss=3.9393 lr=0.000232 tok/s=41,275 eta=17377.88101667075
step=2921 tokens=382861312/1100000000 loss=4.0313 lr=0.000232 tok/s=41,215 eta=17400.149270491525
step=2922 tokens=382992384/1100000000 loss=3.9485 lr=0.000231 tok/s=41,437 eta=17303.614866440636
step=2923 tokens=383123456/1100000000 loss=3.9447 lr=0.000231 tok/s=41,228 eta=17388.136077377672
step=2924 tokens=383254528/1100000000 loss=3.9277 lr=0.000231 tok/s=41,325 eta=17343.946078680376
step=2925 tokens=383385600/1100000000 loss=3.8582 lr=0.000231 tok/s=41,387 eta=17315.037198963306
step=2926 tokens=383516672/1100000000 loss=3.8749 lr=0.000231 tok/s=41,176 eta=17400.663241788272
step=2927 tokens=383647744/1100000000 loss=3.9543 lr=0.000231 tok/s=41,319 eta=17336.97708577205
step=2928 tokens=383778816/1100000000 loss=3.9222 lr=0.000231 tok/s=41,098 eta=17427.145126403873
step=2929 tokens=383909888/1100000000 loss=3.8389 lr=0.000231 tok/s=41,548 eta=17235.219947030662
step=2930 tokens=384040960/1100000000 loss=3.8766 lr=0.000231 tok/s=41,596 eta=17212.336054062227
step=2931 tokens=384172032/1100000000 loss=3.9172 lr=0.000231 tok/s=41,458 eta=17266.520374677777
step=2932 tokens=384303104/1100000000 loss=3.9326 lr=0.000231 tok/s=41,617 eta=17197.219551684284
step=2933 tokens=384434176/1100000000 loss=3.8429 lr=0.000231 tok/s=41,313 eta=17320.65883031011
step=2934 tokens=384565248/1100000000 loss=3.8117 lr=0.000231 tok/s=41,312 eta=17317.655162370083
step=2935 tokens=384696320/1100000000 loss=3.8853 lr=0.000231 tok/s=41,251 eta=17340.083449390913
step=2936 tokens=384827392/1100000000 loss=3.9320 lr=0.000231 tok/s=41,459 eta=17250.023428282984
step=2937 tokens=384958464/1100000000 loss=3.8197 lr=0.000231 tok/s=41,348 eta=17293.105872135402
step=2938 tokens=385089536/1100000000 loss=3.7434 lr=0.000231 tok/s=41,753 eta=17122.510106212925
step=2939 tokens=385220608/1100000000 loss=3.8477 lr=0.000231 tok/s=41,403 eta=17264.002360197806
step=2940 tokens=385351680/1100000000 loss=3.9415 lr=0.000231 tok/s=41,622 eta=17170.059236544992
step=2941 tokens=385482752/1100000000 loss=3.8156 lr=0.000231 tok/s=41,442 eta=17241.210920159898
step=2942 tokens=385613824/1100000000 loss=3.8538 lr=0.000231 tok/s=41,707 eta=17128.823367280882
step=2943 tokens=385744896/1100000000 loss=3.7418 lr=0.000231 tok/s=41,611 eta=17165.0451575736
step=2944 tokens=385875968/1100000000 loss=3.8591 lr=0.00023 tok/s=41,548 eta=17187.99044361943
step=2945 tokens=386007040/1100000000 loss=3.7957 lr=0.00023 tok/s=41,153 eta=17349.635799370364
step=2946 tokens=386138112/1100000000 loss=4.0836 lr=0.00023 tok/s=41,298 eta=17285.518288414176
step=2947 tokens=386269184/1100000000 loss=4.3026 lr=0.00023 tok/s=41,741 eta=17099.236850362413
step=2948 tokens=386400256/1100000000 loss=4.1459 lr=0.00023 tok/s=41,731 eta=17099.800598351558
step=2949 tokens=386531328/1100000000 loss=4.1798 lr=0.00023 tok/s=41,661 eta=17125.500095128285
step=2950 tokens=386662400/1100000000 loss=4.0458 lr=0.00023 tok/s=41,514 eta=17183.042720431462
step=2951 tokens=386793472/1100000000 loss=4.0524 lr=0.00023 tok/s=41,471 eta=17197.806738441428
step=2952 tokens=386924544/1100000000 loss=3.9979 lr=0.00023 tok/s=41,801 eta=17058.80316127496
step=2953 tokens=387055616/1100000000 loss=3.9607 lr=0.00023 tok/s=41,678 eta=17106.145597242405
checkpoint saved: runs/20260905-021323/checkpoints/step_000002953 (time)
step=2954 tokens=387186688/1100000000 loss=4.0472 lr=0.00023 tok/s=33,741 eta=21125.77499322197
step=2955 tokens=387317760/1100000000 loss=4.1608 lr=0.00023 tok/s=41,927 eta=16998.32905467842
step=2956 tokens=387448832/1100000000 loss=4.1048 lr=0.00023 tok/s=41,551 eta=17148.72003052193
step=2957 tokens=387579904/1100000000 loss=4.0707 lr=0.00023 tok/s=41,556 eta=17143.552547061376
step=2958 tokens=387710976/1100000000 loss=4.0000 lr=0.00023 tok/s=41,615 eta=17116.16840477315
step=2959 tokens=387842048/1100000000 loss=3.9770 lr=0.00023 tok/s=41,598 eta=17120.058501543346
step=2960 tokens=387973120/1100000000 loss=3.9340 lr=0.00023 tok/s=41,555 eta=17134.69038141563
step=2961 tokens=388104192/1100000000 loss=4.0150 lr=0.00023 tok/s=41,683 eta=17078.869297397774
step=2962 tokens=388235264/1100000000 loss=3.9189 lr=0.00023 tok/s=41,735 eta=17054.50173622614
step=2963 tokens=388366336/1100000000 loss=3.9143 lr=0.00023 tok/s=41,481 eta=17155.537346286703
step=2964 tokens=388497408/1100000000 loss=3.9264 lr=0.00023 tok/s=41,847 eta=17002.533355964744
step=2965 tokens=388628480/1100000000 loss=3.9691 lr=0.00023 tok/s=41,750 eta=17038.875378319786
step=2966 tokens=388759552/1100000000 loss=3.9277 lr=0.000229 tok/s=41,569 eta=17110.0793243701
step=2967 tokens=388890624/1100000000 loss=3.9801 lr=0.000229 tok/s=41,597 eta=17095.37122122786
step=2968 tokens=389021696/1100000000 loss=3.8665 lr=0.000229 tok/s=41,585 eta=17097.02761377759
step=2969 tokens=389152768/1100000000 loss=3.9431 lr=0.000229 tok/s=41,593 eta=17090.363365483103
step=2970 tokens=389283840/1100000000 loss=3.8857 lr=0.000229 tok/s=41,603 eta=17083.428623431544
step=2971 tokens=389414912/1100000000 loss=3.9388 lr=0.000229 tok/s=41,610 eta=17077.12283425649
step=2972 tokens=389545984/1100000000 loss=3.9451 lr=0.000229 tok/s=41,619 eta=17070.51132600382
step=2973 tokens=389677056/1100000000 loss=3.9378 lr=0.000229 tok/s=41,568 eta=17088.404478147684
step=2974 tokens=389808128/1100000000 loss=3.9119 lr=0.000229 tok/s=41,534 eta=17099.022085231987
step=2975 tokens=389939200/1100000000 loss=3.9790 lr=0.000229 tok/s=41,389 eta=17155.680951312672
step=2976 tokens=390070272/1100000000 loss=3.7889 lr=0.000229 tok/s=30,042 eta=23630.987669816262
step=2977 tokens=390201344/1100000000 loss=3.8962 lr=0.000229 tok/s=41,339 eta=17170.368678075447
step=2978 tokens=390332416/1100000000 loss=3.8413 lr=0.000229 tok/s=41,626 eta=17048.561246993842
step=2979 tokens=390463488/1100000000 loss=3.7944 lr=0.000229 tok/s=41,459 eta=17114.01666897363
step=2980 tokens=390594560/1100000000 loss=3.7747 lr=0.000229 tok/s=41,229 eta=17206.574417933956
step=2981 tokens=390725632/1100000000 loss=3.7199 lr=0.000229 tok/s=41,175 eta=17225.777993449872
step=2982 tokens=390856704/1100000000 loss=3.7645 lr=0.000229 tok/s=41,106 eta=17251.433597630457
step=2983 tokens=390987776/1100000000 loss=3.6858 lr=0.000229 tok/s=41,366 eta=17140.141743666547
step=2984 tokens=391118848/1100000000 loss=3.6550 lr=0.000229 tok/s=41,358 eta=17139.917612037458
step=2985 tokens=391249920/1100000000 loss=3.6461 lr=0.000229 tok/s=41,313 eta=17155.80150464148
step=2986 tokens=391380992/1100000000 loss=3.6280 lr=0.000229 tok/s=41,297 eta=17158.92598143234
step=2987 tokens=391512064/1100000000 loss=3.6478 lr=0.000229 tok/s=41,087 eta=17243.422048037937
step=2988 tokens=391643136/1100000000 loss=3.5833 lr=0.000229 tok/s=41,449 eta=17090.003118126544
step=2989 tokens=391774208/1100000000 loss=3.5828 lr=0.000228 tok/s=41,387 eta=17112.231669123543
step=2990 tokens=391905280/1100000000 loss=3.6320 lr=0.000228 tok/s=41,120 eta=17220.255049885673
step=2991 tokens=392036352/1100000000 loss=3.6010 lr=0.000228 tok/s=41,350 eta=17121.44790823893
step=2992 tokens=392167424/1100000000 loss=3.5604 lr=0.000228 tok/s=41,466 eta=17070.201055666246
step=2993 tokens=392298496/1100000000 loss=3.5755 lr=0.000228 tok/s=41,490 eta=17057.221883703925
step=2994 tokens=392429568/1100000000 loss=3.4607 lr=0.000228 tok/s=41,293 eta=17135.489820947056
step=2995 tokens=392560640/1100000000 loss=3.5732 lr=0.000228 tok/s=41,450 eta=17067.480257788364
step=2996 tokens=392691712/1100000000 loss=3.5422 lr=0.000228 tok/s=41,243 eta=17149.717390234913
step=2997 tokens=392822784/1100000000 loss=3.5611 lr=0.000228 tok/s=41,529 eta=17028.47902232517
step=2998 tokens=392953856/1100000000 loss=3.5086 lr=0.000228 tok/s=41,414 eta=17072.77275645544
step=2999 tokens=393084928/1100000000 loss=3.5223 lr=0.000228 tok/s=41,321 eta=17107.73606117306
step=3000 tokens=393216000/1100000000 loss=3.5177 lr=0.000228 tok/s=41,369 eta=17084.886788549156
step=3001 tokens=393347072/1100000000 loss=3.4922 lr=0.000228 tok/s=41,402 eta=17067.9142517251
step=3002 tokens=393478144/1100000000 loss=3.4922 lr=0.000228 tok/s=41,306 eta=17104.54379979685
step=3003 tokens=393609216/1100000000 loss=3.4993 lr=0.000228 tok/s=41,163 eta=17160.840548665998
step=3004 tokens=393740288/1100000000 loss=3.5101 lr=0.000228 tok/s=41,329 eta=17088.55818974713
step=3005 tokens=393871360/1100000000 loss=3.4931 lr=0.000228 tok/s=40,962 eta=17238.545765017025
step=3006 tokens=394002432/1100000000 loss=3.4913 lr=0.000228 tok/s=41,059 eta=17194.835205304345
step=3007 tokens=394133504/1100000000 loss=3.4909 lr=0.000228 tok/s=41,197 eta=17133.791545132462
step=3008 tokens=394264576/1100000000 loss=3.4598 lr=0.000228 tok/s=41,143 eta=17153.24657063312
step=3009 tokens=394395648/1100000000 loss=3.5279 lr=0.000228 tok/s=41,382 eta=17051.080680015868
step=3010 tokens=394526720/1100000000 loss=3.6890 lr=0.000228 tok/s=40,850 eta=17269.717208265505
step=3011 tokens=394657792/1100000000 loss=4.1186 lr=0.000227 tok/s=41,184 eta=17126.571502664214
step=3012 tokens=394788864/1100000000 loss=3.9780 lr=0.000227 tok/s=41,212 eta=17111.974207427036
step=3013 tokens=394919936/1100000000 loss=4.0921 lr=0.000227 tok/s=41,383 eta=17038.005185737704
step=3014 tokens=395051008/1100000000 loss=4.0338 lr=0.000227 tok/s=41,505 eta=16984.779486383297
step=3015 tokens=395182080/1100000000 loss=4.0053 lr=0.000227 tok/s=41,569 eta=16955.441080733348
step=3016 tokens=395313152/1100000000 loss=4.0723 lr=0.000227 tok/s=41,552 eta=16959.022506477944
step=3017 tokens=395444224/1100000000 loss=4.0443 lr=0.000227 tok/s=41,515 eta=16971.081403397522
step=3018 tokens=395575296/1100000000 loss=3.9414 lr=0.000227 tok/s=41,504 eta=16972.65466171187
step=3019 tokens=395706368/1100000000 loss=4.1176 lr=0.000227 tok/s=41,363 eta=17027.243368381547
step=3020 tokens=395837440/1100000000 loss=4.0009 lr=0.000227 tok/s=41,090 eta=17137.271452133795
step=3021 tokens=395968512/1100000000 loss=4.0522 lr=0.000227 tok/s=41,088 eta=17134.726546221424
step=3022 tokens=396099584/1100000000 loss=3.9454 lr=0.000227 tok/s=41,253 eta=17063.128711377656
step=3023 tokens=396230656/1100000000 loss=3.9164 lr=0.000227 tok/s=41,302 eta=17039.50652404439
step=3024 tokens=396361728/1100000000 loss=3.8547 lr=0.000227 tok/s=41,233 eta=17064.896837243446
step=3025 tokens=396492800/1100000000 loss=4.0053 lr=0.000227 tok/s=41,210 eta=17071.45566240433
step=3026 tokens=396623872/1100000000 loss=4.0276 lr=0.000227 tok/s=41,200 eta=17072.439944377493
step=3027 tokens=396754944/1100000000 loss=3.9252 lr=0.000227 tok/s=41,599 eta=16905.17527010809
step=3028 tokens=396886016/1100000000 loss=3.9522 lr=0.000227 tok/s=41,423 eta=16973.862896954106
step=3029 tokens=397017088/1100000000 loss=4.0104 lr=0.000227 tok/s=41,528 eta=16928.104518131837
step=3030 tokens=397148160/1100000000 loss=4.0308 lr=0.000227 tok/s=41,594 eta=16897.83191661998
step=3031 tokens=397279232/1100000000 loss=3.9865 lr=0.000227 tok/s=41,500 eta=16932.977585372795
step=3032 tokens=397410304/1100000000 loss=3.9800 lr=0.000226 tok/s=41,417 eta=16963.702114013446
step=3033 tokens=397541376/1100000000 loss=3.9746 lr=0.000226 tok/s=41,535 eta=16912.506736523927
step=3034 tokens=397672448/1100000000 loss=4.0665 lr=0.000226 tok/s=41,522 eta=16914.646737103543
step=3035 tokens=397803520/1100000000 loss=4.0418 lr=0.000226 tok/s=41,377 eta=16970.578571267455
step=3036 tokens=397934592/1100000000 loss=3.9700 lr=0.000226 tok/s=41,372 eta=16969.749696938827
step=3037 tokens=398065664/1100000000 loss=3.9799 lr=0.000226 tok/s=41,282 eta=17003.21168970869
step=3038 tokens=398196736/1100000000 loss=3.9300 lr=0.000226 tok/s=41,187 eta=17039.612050440344
step=3039 tokens=398327808/1100000000 loss=4.0119 lr=0.000226 tok/s=41,455 eta=16926.26789635703
step=3040 tokens=398458880/1100000000 loss=4.0194 lr=0.000226 tok/s=41,481 eta=16912.33740181429
step=3041 tokens=398589952/1100000000 loss=3.9962 lr=0.000226 tok/s=41,452 eta=16920.85568344396
step=3042 tokens=398721024/1100000000 loss=4.1030 lr=0.000226 tok/s=41,237 eta=17006.010507835366
step=3043 tokens=398852096/1100000000 loss=4.2943 lr=0.000226 tok/s=41,358 eta=16953.047360792552
step=3044 tokens=398983168/1100000000 loss=4.1274 lr=0.000226 tok/s=41,468 eta=16905.16604141784
step=3045 tokens=399114240/1100000000 loss=4.0165 lr=0.000226 tok/s=41,713 eta=16802.541881256748
step=3046 tokens=399245312/1100000000 loss=4.0455 lr=0.000226 tok/s=41,354 eta=16945.186749734014
step=3047 tokens=399376384/1100000000 loss=3.8467 lr=0.000226 tok/s=41,041 eta=17071.359929998132
step=3048 tokens=399507456/1100000000 loss=3.9002 lr=0.000226 tok/s=41,207 eta=16999.198867366274
step=3049 tokens=399638528/1100000000 loss=3.8423 lr=0.000226 tok/s=41,114 eta=17034.592167497358
step=3050 tokens=399769600/1100000000 loss=3.9056 lr=0.000226 tok/s=41,176 eta=17005.923096020662
step=3051 tokens=399900672/1100000000 loss=3.9019 lr=0.000226 tok/s=41,294 eta=16953.943732405784
step=3052 tokens=400031744/1100000000 loss=3.8709 lr=0.000226 tok/s=30,123 eta=23236.94687575392
checkpoint saved: runs/20260905-021323/checkpoints/tokens_000400m (permanent_tokens)
step=3053 tokens=400162816/1100000000 loss=3.7892 lr=0.000226 tok/s=34,431 eta=20325.906656523275
step=3054 tokens=400293888/1100000000 loss=3.8578 lr=0.000225 tok/s=41,539 eta=16844.68654165643
step=3055 tokens=400424960/1100000000 loss=3.9298 lr=0.000225 tok/s=41,481 eta=16865.04528546595
step=3056 tokens=400556032/1100000000 loss=3.7745 lr=0.000225 tok/s=41,393 eta=16897.76915733329
step=3057 tokens=400687104/1100000000 loss=3.8215 lr=0.000225 tok/s=41,424 eta=16881.814078374988
step=3058 tokens=400818176/1100000000 loss=3.7856 lr=0.000225 tok/s=40,977 eta=17062.80463552496
step=3059 tokens=400949248/1100000000 loss=3.8200 lr=0.000225 tok/s=40,947 eta=17072.025363990946
step=3060 tokens=401080320/1100000000 loss=3.8369 lr=0.000225 tok/s=41,132 eta=16992.087663769074
step=3061 tokens=401211392/1100000000 loss=3.8115 lr=0.000225 tok/s=41,148 eta=16982.35626193439
step=3062 tokens=401342464/1100000000 loss=3.7943 lr=0.000225 tok/s=40,784 eta=17130.497064318497
step=3063 tokens=401473536/1100000000 loss=3.8020 lr=0.000225 tok/s=41,039 eta=17020.9804600578
step=3064 tokens=401604608/1100000000 loss=3.8449 lr=0.000225 tok/s=41,218 eta=16943.848185827483
step=3065 tokens=401735680/1100000000 loss=3.7991 lr=0.000225 tok/s=41,430 eta=16854.100238915846
step=3066 tokens=401866752/1100000000 loss=3.8131 lr=0.000225 tok/s=41,154 eta=16963.797766486987
step=3067 tokens=401997824/1100000000 loss=3.7985 lr=0.000225 tok/s=41,227 eta=16930.731296627695
step=3068 tokens=402128896/1100000000 loss=3.6374 lr=0.000225 tok/s=40,987 eta=17026.48546236287
step=3069 tokens=402259968/1100000000 loss=3.7632 lr=0.000225 tok/s=40,857 eta=17077.699574235954
step=3070 tokens=402391040/1100000000 loss=3.7945 lr=0.000225 tok/s=41,555 eta=16787.72587614671
step=3071 tokens=402522112/1100000000 loss=3.7765 lr=0.000225 tok/s=40,957 eta=17029.59439009458
step=3072 tokens=402653184/1100000000 loss=3.7700 lr=0.000225 tok/s=41,517 eta=16796.82205937673
step=3073 tokens=402784256/1100000000 loss=3.7678 lr=0.000225 tok/s=41,374 eta=16851.434549679903
step=3074 tokens=402915328/1100000000 loss=3.9988 lr=0.000225 tok/s=41,193 eta=16922.501496779445
step=3075 tokens=403046400/1100000000 loss=4.3055 lr=0.000225 tok/s=41,265 eta=16889.763970303557
step=3076 tokens=403177472/1100000000 loss=4.2084 lr=0.000224 tok/s=41,339 eta=16856.371083673308
step=3077 tokens=403308544/1100000000 loss=4.0966 lr=0.000224 tok/s=41,178 eta=16918.97456719707
step=3078 tokens=403439616/1100000000 loss=4.0911 lr=0.000224 tok/s=41,259 eta=16882.765641617378
step=3079 tokens=403570688/1100000000 loss=4.1148 lr=0.000224 tok/s=41,350 eta=16842.11224080085
step=3080 tokens=403701760/1100000000 loss=4.0226 lr=0.000224 tok/s=41,548 eta=16758.74066486154
step=3081 tokens=403832832/1100000000 loss=4.0893 lr=0.000224 tok/s=41,180 eta=16905.352526979663
step=3082 tokens=403963904/1100000000 loss=4.0541 lr=0.000224 tok/s=41,521 eta=16763.36236236178
step=3083 tokens=404094976/1100000000 loss=4.0876 lr=0.000224 tok/s=41,401 eta=16808.85261973994
step=3084 tokens=404226048/1100000000 loss=4.0148 lr=0.000224 tok/s=41,570 eta=16737.321885333386
step=3085 tokens=404357120/1100000000 loss=4.0089 lr=0.000224 tok/s=41,272 eta=16855.02662897856
step=3086 tokens=404488192/1100000000 loss=4.0101 lr=0.000224 tok/s=41,062 eta=16938.19653116243
step=3087 tokens=404619264/1100000000 loss=4.0063 lr=0.000224 tok/s=41,277 eta=16846.677726307273
step=3088 tokens=404750336/1100000000 loss=3.9851 lr=0.000224 tok/s=41,559 eta=16729.32328433037
step=3089 tokens=404881408/1100000000 loss=3.9879 lr=0.000224 tok/s=41,316 eta=16824.258495004095
step=3090 tokens=405012480/1100000000 loss=3.9879 lr=0.000224 tok/s=41,456 eta=16764.37051921271
step=3091 tokens=405143552/1100000000 loss=3.9413 lr=0.000224 tok/s=41,476 eta=16753.150641371045
step=3092 tokens=405274624/1100000000 loss=4.0156 lr=0.000224 tok/s=41,548 eta=16720.84758029165
step=3093 tokens=405405696/1100000000 loss=4.0293 lr=0.000224 tok/s=41,381 eta=16785.310315873994
step=3094 tokens=405536768/1100000000 loss=4.0687 lr=0.000224 tok/s=41,425 eta=16764.242684639732
step=3095 tokens=405667840/1100000000 loss=4.0609 lr=0.000224 tok/s=41,322 eta=16802.79091914466
step=3096 tokens=405798912/1100000000 loss=3.8720 lr=0.000224 tok/s=41,462 eta=16743.105603198997
step=3097 tokens=405929984/1100000000 loss=3.9484 lr=0.000223 tok/s=41,622 eta=16675.50642157704
step=3098 tokens=406061056/1100000000 loss=3.8485 lr=0.000223 tok/s=41,180 eta=16851.405015816825
step=3099 tokens=406192128/1100000000 loss=3.9704 lr=0.000223 tok/s=41,295 eta=16801.225893304847
step=3100 tokens=406323200/1100000000 loss=3.9771 lr=0.000223 tok/s=41,599 eta=16675.357499382804
step=3101 tokens=406454272/1100000000 loss=4.0308 lr=0.000223 tok/s=41,390 eta=16756.48948682701
step=3102 tokens=406585344/1100000000 loss=4.0092 lr=0.000223 tok/s=41,572 eta=16679.767511572656
step=3103 tokens=406716416/1100000000 loss=4.0051 lr=0.000223 tok/s=41,356 eta=16763.763103896217
step=3104 tokens=406847488/1100000000 loss=4.0149 lr=0.000223 tok/s=41,443 eta=16725.577941765558
step=3105 tokens=406978560/1100000000 loss=4.0137 lr=0.000223 tok/s=41,268 eta=16793.046474217892
step=3106 tokens=407109632/1100000000 loss=4.0133 lr=0.000223 tok/s=41,564 eta=16670.578786921662
step=3107 tokens=407240704/1100000000 loss=4.0469 lr=0.000223 tok/s=41,314 eta=16768.281618434623
step=3108 tokens=407371776/1100000000 loss=4.0721 lr=0.000223 tok/s=41,352 eta=16749.654565675926
step=3109 tokens=407502848/1100000000 loss=3.9569 lr=0.000223 tok/s=40,849 eta=16952.567000722665
step=3110 tokens=407633920/1100000000 loss=3.9486 lr=0.000223 tok/s=41,386 eta=16729.447576222334
step=3111 tokens=407764992/1100000000 loss=3.9387 lr=0.000223 tok/s=41,646 eta=16621.812797534058
step=3112 tokens=407896064/1100000000 loss=3.9784 lr=0.000223 tok/s=41,562 eta=16652.163258616816
step=3113 tokens=408027136/1100000000 loss=4.0557 lr=0.000223 tok/s=41,458 eta=16691.074543655883
step=3114 tokens=408158208/1100000000 loss=3.8993 lr=0.000223 tok/s=41,292 eta=16754.891578530413
step=3115 tokens=408289280/1100000000 loss=3.9663 lr=0.000223 tok/s=41,459 eta=16684.264572191543
step=3116 tokens=408420352/1100000000 loss=3.8671 lr=0.000223 tok/s=41,293 eta=16748.28831046731
step=3117 tokens=408551424/1100000000 loss=3.9721 lr=0.000223 tok/s=41,087 eta=16828.892083295403
step=3118 tokens=408682496/1100000000 loss=3.8898 lr=0.000223 tok/s=41,660 eta=16594.12617471245
step=3119 tokens=408813568/1100000000 loss=3.9247 lr=0.000222 tok/s=41,362 eta=16710.632204394235
step=3120 tokens=408944640/1100000000 loss=3.8658 lr=0.000222 tok/s=41,533 eta=16638.83976144926
step=3121 tokens=409075712/1100000000 loss=3.8478 lr=0.000222 tok/s=41,564 eta=16622.978166332294
step=3122 tokens=409206784/1100000000 loss=3.9087 lr=0.000222 tok/s=41,512 eta=16640.857084336036
step=3123 tokens=409337856/1100000000 loss=3.9207 lr=0.000222 tok/s=41,464 eta=16657.100581815415
step=3124 tokens=409468928/1100000000 loss=3.9348 lr=0.000222 tok/s=41,295 eta=16721.864314596918
step=3125 tokens=409600000/1100000000 loss=3.9148 lr=0.000222 tok/s=41,236 eta=16742.808213770342
step=3126 tokens=409731072/1100000000 loss=3.8429 lr=0.000222 tok/s=41,420 eta=16665.228979206284
step=3127 tokens=409862144/1100000000 loss=3.8897 lr=0.000222 tok/s=41,416 eta=16663.61725809162
step=3128 tokens=409993216/1100000000 loss=3.8465 lr=0.000222 tok/s=41,260 eta=16723.566574197037
step=3129 tokens=410124288/1100000000 loss=3.8536 lr=0.000222 tok/s=29,833 eta=23124.968477439925
step=3130 tokens=410255360/1100000000 loss=3.8294 lr=0.000222 tok/s=41,001 eta=16822.798460017424
step=3131 tokens=410386432/1100000000 loss=3.8056 lr=0.000222 tok/s=41,049 eta=16799.832723128973
step=3132 tokens=410517504/1100000000 loss=3.8814 lr=0.000222 tok/s=41,131 eta=16763.258415825265
step=3133 tokens=410648576/1100000000 loss=3.8253 lr=0.000222 tok/s=41,106 eta=16770.172427164376
step=3134 tokens=410779648/1100000000 loss=3.8547 lr=0.000222 tok/s=40,996 eta=16811.71286502478
step=3135 tokens=410910720/1100000000 loss=4.0002 lr=0.000222 tok/s=41,135 eta=16752.06711490318
step=3136 tokens=411041792/1100000000 loss=3.8611 lr=0.000222 tok/s=40,946 eta=16826.157920326845
step=3137 tokens=411172864/1100000000 loss=3.8446 lr=0.000222 tok/s=41,151 eta=16739.046616472442
step=3138 tokens=411303936/1100000000 loss=3.7503 lr=0.000222 tok/s=41,011 eta=16793.051803839782
step=3139 tokens=411435008/1100000000 loss=3.9753 lr=0.000222 tok/s=41,655 eta=16530.20312485119
step=3140 tokens=411566080/1100000000 loss=3.8540 lr=0.000221 tok/s=41,403 eta=16627.60479442597
step=3141 tokens=411697152/1100000000 loss=3.9338 lr=0.000221 tok/s=41,389 eta=16629.947331286967
step=3142 tokens=411828224/1100000000 loss=3.8541 lr=0.000221 tok/s=41,517 eta=16575.665459376054
step=3143 tokens=411959296/1100000000 loss=3.9140 lr=0.000221 tok/s=41,244 eta=16682.219098198737
step=3144 tokens=412090368/1100000000 loss=3.9166 lr=0.000221 tok/s=41,401 eta=16615.853009479124
step=3145 tokens=412221440/1100000000 loss=3.9234 lr=0.000221 tok/s=41,380 eta=16621.126236499847
step=3146 tokens=412352512/1100000000 loss=3.8388 lr=0.000221 tok/s=41,389 eta=16614.350454316947
step=3147 tokens=412483584/1100000000 loss=4.1704 lr=0.000221 tok/s=41,379 eta=16615.01716755405
step=3148 tokens=412614656/1100000000 loss=3.8791 lr=0.000221 tok/s=41,348 eta=16624.2116780767
step=3149 tokens=412745728/1100000000 loss=3.9348 lr=0.000221 tok/s=41,220 eta=16672.817529502976
step=3150 tokens=412876800/1100000000 loss=3.9713 lr=0.000221 tok/s=41,319 eta=16629.761065002276
step=3151 tokens=413007872/1100000000 loss=4.0420 lr=0.000221 tok/s=41,453 eta=16572.599958924144
step=3152 tokens=413138944/1100000000 loss=3.9362 lr=0.000221 tok/s=41,137 eta=16696.976846544072
step=3153 tokens=413270016/1100000000 loss=3.8752 lr=0.000221 tok/s=41,142 eta=16691.69539920701
step=3154 tokens=413401088/1100000000 loss=3.8776 lr=0.000221 tok/s=41,154 eta=16683.683594414408
step=3155 tokens=413532160/1100000000 loss=3.9338 lr=0.000221 tok/s=41,084 eta=16708.969883422356
step=3156 tokens=413663232/1100000000 loss=4.2519 lr=0.000221 tok/s=41,394 eta=16580.481729700798
step=3157 tokens=413794304/1100000000 loss=3.8745 lr=0.000221 tok/s=41,381 eta=16582.696590225292
step=3158 tokens=413925376/1100000000 loss=4.0259 lr=0.000221 tok/s=41,270 eta=16623.853562120017
step=3159 tokens=414056448/1100000000 loss=3.9560 lr=0.000221 tok/s=41,236 eta=16634.387239665033
step=3160 tokens=414187520/1100000000 loss=4.0231 lr=0.000221 tok/s=41,335 eta=16591.51407433531
step=3161 tokens=414318592/1100000000 loss=3.8676 lr=0.000221 tok/s=41,276 eta=16611.930327112885
step=3162 tokens=414449664/1100000000 loss=3.9682 lr=0.00022 tok/s=41,301 eta=16598.701917228613
step=3163 tokens=414580736/1100000000 loss=3.8779 lr=0.00022 tok/s=41,397 eta=16557.215944107345
step=3164 tokens=414711808/1100000000 loss=4.0470 lr=0.00022 tok/s=41,366 eta=16566.534772395327
step=3165 tokens=414842880/1100000000 loss=3.9538 lr=0.00022 tok/s=41,457 eta=16527.01473093957
step=3166 tokens=414973952/1100000000 loss=3.9305 lr=0.00022 tok/s=41,492 eta=16509.832810194242
step=3167 tokens=415105024/1100000000 loss=3.8499 lr=0.00022 tok/s=41,362 eta=16558.479065706106
step=3168 tokens=415236096/1100000000 loss=3.8769 lr=0.00022 tok/s=41,385 eta=16546.357198419322
step=3169 tokens=415367168/1100000000 loss=4.0983 lr=0.00022 tok/s=41,516 eta=16490.972007948385
step=3170 tokens=415498240/1100000000 loss=3.9029 lr=0.00022 tok/s=41,397 eta=16534.8757717918
step=3171 tokens=415629312/1100000000 loss=3.9730 lr=0.00022 tok/s=41,298 eta=16571.503153473073
step=3172 tokens=415760384/1100000000 loss=3.9281 lr=0.00022 tok/s=41,219 eta=16599.948769104936
step=3173 tokens=415891456/1100000000 loss=3.8904 lr=0.00022 tok/s=41,165 eta=16618.783038714246
step=3174 tokens=416022528/1100000000 loss=3.9131 lr=0.00022 tok/s=41,239 eta=16585.6114464594
step=3175 tokens=416153600/1100000000 loss=3.9118 lr=0.00022 tok/s=41,437 eta=16503.35969884621
step=3176 tokens=416284672/1100000000 loss=3.8988 lr=0.00022 tok/s=41,175 eta=16605.10362133001
step=3177 tokens=416415744/1100000000 loss=3.9345 lr=0.00022 tok/s=41,364 eta=16526.10623118449
step=3178 tokens=416546816/1100000000 loss=3.9511 lr=0.00022 tok/s=41,400 eta=16508.480043543852
step=3179 tokens=416677888/1100000000 loss=3.8728 lr=0.00022 tok/s=41,302 eta=16544.372486275875
step=3180 tokens=416808960/1100000000 loss=3.9477 lr=0.00022 tok/s=41,078 eta=16631.39374137577
step=3181 tokens=416940032/1100000000 loss=3.8638 lr=0.00022 tok/s=41,109 eta=16615.832216652863
step=3182 tokens=417071104/1100000000 loss=3.9690 lr=0.00022 tok/s=41,249 eta=16556.34424813741
step=3183 tokens=417202176/1100000000 loss=3.8917 lr=0.000219 tok/s=41,183 eta=16579.78305496628
step=3184 tokens=417333248/1100000000 loss=4.0234 lr=0.000219 tok/s=41,049 eta=16630.66254759594
step=3185 tokens=417464320/1100000000 loss=3.8983 lr=0.000219 tok/s=41,160 eta=16582.57467557404
step=3186 tokens=417595392/1100000000 loss=3.9856 lr=0.000219 tok/s=41,185 eta=16569.43778737953
step=3187 tokens=417726464/1100000000 loss=3.9304 lr=0.000219 tok/s=41,277 eta=16529.29214137951
step=3188 tokens=417857536/1100000000 loss=3.9417 lr=0.000219 tok/s=41,142 eta=16580.186877159387
step=3189 tokens=417988608/1100000000 loss=3.9307 lr=0.000219 tok/s=41,130 eta=16581.95387001593
step=3190 tokens=418119680/1100000000 loss=3.8840 lr=0.000219 tok/s=41,014 eta=16625.599709050915
step=3191 tokens=418250752/1100000000 loss=3.8943 lr=0.000219 tok/s=41,053 eta=16606.7221403989
step=3192 tokens=418381824/1100000000 loss=3.9103 lr=0.000219 tok/s=41,105 eta=16582.32377518455
step=3193 tokens=418512896/1100000000 loss=3.9441 lr=0.000219 tok/s=41,176 eta=16550.681482393804
step=3194 tokens=418643968/1100000000 loss=3.9509 lr=0.000219 tok/s=41,151 eta=16557.332631075355
step=3195 tokens=418775040/1100000000 loss=3.9558 lr=0.000219 tok/s=41,302 eta=16493.951965171014
step=3196 tokens=418906112/1100000000 loss=3.8732 lr=0.000219 tok/s=41,462 eta=16426.849034083996
step=3197 tokens=419037184/1100000000 loss=3.9065 lr=0.000219 tok/s=41,307 eta=16485.474100254967
step=3198 tokens=419168256/1100000000 loss=3.8844 lr=0.000219 tok/s=41,169 eta=16537.518739584968
step=3199 tokens=419299328/1100000000 loss=3.8340 lr=0.000219 tok/s=41,234 eta=16508.11971918566
step=3200 tokens=419430400/1100000000 loss=3.8346 lr=0.000219 tok/s=41,394 eta=16441.359972822145
step=3201 tokens=419561472/1100000000 loss=3.9420 lr=0.000219 tok/s=41,398 eta=16436.525388922924
step=3202 tokens=419692544/1100000000 loss=3.8810 lr=0.000219 tok/s=41,336 eta=16457.878291619505
step=3203 tokens=419823616/1100000000 loss=3.6713 lr=0.000219 tok/s=41,169 eta=16521.451171177967
step=3204 tokens=419954688/1100000000 loss=3.6163 lr=0.000218 tok/s=41,262 eta=16481.340846507974
step=3205 tokens=420085760/1100000000 loss=3.6001 lr=0.000218 tok/s=29,860 eta=22770.448471969008
step=3206 tokens=420216832/1100000000 loss=3.5734 lr=0.000218 tok/s=41,196 eta=16501.21445574031
step=3207 tokens=420347904/1100000000 loss=3.5793 lr=0.000218 tok/s=41,009 eta=16573.13835884051
step=3208 tokens=420478976/1100000000 loss=3.5773 lr=0.000218 tok/s=41,045 eta=16555.627722284036
step=3209 tokens=420610048/1100000000 loss=3.5206 lr=0.000218 tok/s=41,202 eta=16489.324343452172
step=3210 tokens=420741120/1100000000 loss=3.5540 lr=0.000218 tok/s=41,185 eta=16492.69352132311
step=3211 tokens=420872192/1100000000 loss=3.4964 lr=0.000218 tok/s=41,271 eta=16455.346823933847
step=3212 tokens=421003264/1100000000 loss=3.5528 lr=0.000218 tok/s=41,425 eta=16390.86057260305
step=3213 tokens=421134336/1100000000 loss=3.4715 lr=0.000218 tok/s=41,015 eta=16551.550891070023
step=3214 tokens=421265408/1100000000 loss=3.4454 lr=0.000218 tok/s=41,095 eta=16516.12960956005
step=3215 tokens=421396480/1100000000 loss=3.4508 lr=0.000218 tok/s=40,875 eta=16602.037524275744
step=3216 tokens=421527552/1100000000 loss=3.4178 lr=0.000218 tok/s=41,139 eta=16492.3589526569
step=3217 tokens=421658624/1100000000 loss=3.4539 lr=0.000218 tok/s=41,184 eta=16471.191084622515
step=3218 tokens=421789696/1100000000 loss=3.4934 lr=0.000218 tok/s=41,148 eta=16482.21618920809
step=3219 tokens=421920768/1100000000 loss=3.4489 lr=0.000218 tok/s=41,109 eta=16494.844884843773
step=3220 tokens=422051840/1100000000 loss=3.4409 lr=0.000218 tok/s=41,033 eta=16522.075431146823
step=3221 tokens=422182912/1100000000 loss=3.3826 lr=0.000218 tok/s=41,096 eta=16493.470264692925
step=3222 tokens=422313984/1100000000 loss=3.3986 lr=0.000218 tok/s=41,350 eta=16389.21144658782
step=3223 tokens=422445056/1100000000 loss=3.4402 lr=0.000218 tok/s=40,982 eta=16532.905176546792
step=3224 tokens=422576128/1100000000 loss=3.4820 lr=0.000218 tok/s=41,013 eta=16517.267986554398
step=3225 tokens=422707200/1100000000 loss=3.4375 lr=0.000217 tok/s=41,350 eta=16379.473251513344
step=3226 tokens=422838272/1100000000 loss=3.4200 lr=0.000217 tok/s=41,063 eta=16490.670539503888
step=3227 tokens=422969344/1100000000 loss=3.4257 lr=0.000217 tok/s=41,502 eta=16313.386040427176
step=3228 tokens=423100416/1100000000 loss=3.4298 lr=0.000217 tok/s=41,115 eta=16463.546466060237
step=3229 tokens=423231488/1100000000 loss=3.4019 lr=0.000217 tok/s=41,341 eta=16370.492626644282
step=3230 tokens=423362560/1100000000 loss=3.4377 lr=0.000217 tok/s=41,272 eta=16394.636777426505
step=3231 tokens=423493632/1100000000 loss=3.3843 lr=0.000217 tok/s=41,371 eta=16352.275083983288
step=3232 tokens=423624704/1100000000 loss=3.4121 lr=0.000217 tok/s=41,427 eta=16327.064078079053
step=3233 tokens=423755776/1100000000 loss=3.3179 lr=0.000217 tok/s=41,511 eta=16290.677778614616
step=3234 tokens=423886848/1100000000 loss=3.5890 lr=0.000217 tok/s=41,394 eta=16333.595554381214
step=3235 tokens=424017920/1100000000 loss=4.0741 lr=0.000217 tok/s=41,690 eta=16214.602481770537
step=3236 tokens=424148992/1100000000 loss=4.0239 lr=0.000217 tok/s=41,572 eta=16257.240091810518
step=3237 tokens=424280064/1100000000 loss=3.8969 lr=0.000217 tok/s=41,451 eta=16301.733985655395
step=3238 tokens=424411136/1100000000 loss=3.9287 lr=0.000217 tok/s=41,485 eta=16284.953810685647
step=3239 tokens=424542208/1100000000 loss=4.0403 lr=0.000217 tok/s=41,373 eta=16326.056544585213
step=3240 tokens=424673280/1100000000 loss=4.1685 lr=0.000217 tok/s=41,637 eta=16219.22070424917
step=3241 tokens=424804352/1100000000 loss=4.2198 lr=0.000217 tok/s=41,472 eta=16280.747951250907
step=3242 tokens=424935424/1100000000 loss=3.9801 lr=0.000217 tok/s=41,214 eta=16379.556604515397
step=3243 tokens=425066496/1100000000 loss=4.0700 lr=0.000217 tok/s=41,283 eta=16348.869674165502
step=3244 tokens=425197568/1100000000 loss=3.9568 lr=0.000217 tok/s=41,367 eta=16312.53860542704
step=3245 tokens=425328640/1100000000 loss=3.9842 lr=0.000217 tok/s=41,408 eta=16293.266827536514
step=3246 tokens=425459712/1100000000 loss=4.1361 lr=0.000216 tok/s=41,374 eta=16303.583288637212
step=3247 tokens=425590784/1100000000 loss=3.9269 lr=0.000216 tok/s=41,547 eta=16232.384907836866
step=3248 tokens=425721856/1100000000 loss=3.9100 lr=0.000216 tok/s=41,344 eta=16308.973161097403
step=3249 tokens=425852928/1100000000 loss=3.9953 lr=0.000216 tok/s=41,208 eta=16359.650009341052
step=3250 tokens=425984000/1100000000 loss=3.9353 lr=0.000216 tok/s=41,248 eta=16340.422849716897
step=3251 tokens=426115072/1100000000 loss=3.8702 lr=0.000216 tok/s=41,225 eta=16346.516255368919
step=3252 tokens=426246144/1100000000 loss=3.9400 lr=0.000216 tok/s=41,194 eta=16355.466434587639
step=3253 tokens=426377216/1100000000 loss=3.9338 lr=0.000216 tok/s=41,572 eta=16203.738552514007
step=3254 tokens=426508288/1100000000 loss=3.9643 lr=0.000216 tok/s=41,409 eta=16264.33568054084
step=3255 tokens=426639360/1100000000 loss=3.9294 lr=0.000216 tok/s=41,391 eta=16268.149398667007
step=3256 tokens=426770432/1100000000 loss=4.0687 lr=0.000216 tok/s=41,375 eta=16271.432256213078
step=3257 tokens=426901504/1100000000 loss=3.9473 lr=0.000216 tok/s=41,502 eta=16218.393045518076
step=3258 tokens=427032576/1100000000 loss=3.9400 lr=0.000216 tok/s=41,415 eta=16249.539906779326
step=3259 tokens=427163648/1100000000 loss=3.9278 lr=0.000216 tok/s=41,609 eta=16170.443425107725
step=3260 tokens=427294720/1100000000 loss=4.0110 lr=0.000216 tok/s=41,442 eta=16232.516969128035
step=3261 tokens=427425792/1100000000 loss=3.9565 lr=0.000216 tok/s=41,409 eta=16242.130134231811
step=3262 tokens=427556864/1100000000 loss=3.9860 lr=0.000216 tok/s=41,590 eta=16168.570614043514
step=3263 tokens=427687936/1100000000 loss=3.9922 lr=0.000216 tok/s=41,481 eta=16207.77824515829
step=3264 tokens=427819008/1100000000 loss=3.8850 lr=0.000216 tok/s=41,578 eta=16166.671855161994
step=3265 tokens=427950080/1100000000 loss=3.9424 lr=0.000216 tok/s=41,596 eta=16156.474496987537
step=3266 tokens=428081152/1100000000 loss=3.9545 lr=0.000216 tok/s=41,656 eta=16130.229893813519
step=3267 tokens=428212224/1100000000 loss=3.8611 lr=0.000215 tok/s=41,399 eta=16227.034626237531
step=3268 tokens=428343296/1100000000 loss=3.8917 lr=0.000215 tok/s=41,473 eta=16195.219629658228
step=3269 tokens=428474368/1100000000 loss=3.9560 lr=0.000215 tok/s=41,353 eta=16239.02612616372
step=3270 tokens=428605440/1100000000 loss=3.9103 lr=0.000215 tok/s=41,365 eta=16230.969962646399
step=3271 tokens=428736512/1100000000 loss=3.9815 lr=0.000215 tok/s=41,510 eta=16171.020215719313
step=3272 tokens=428867584/1100000000 loss=3.9386 lr=0.000215 tok/s=41,590 eta=16137.018281757802
step=3273 tokens=428998656/1100000000 loss=3.8637 lr=0.000215 tok/s=41,555 eta=16147.190186830023
step=3274 tokens=429129728/1100000000 loss=3.8221 lr=0.000215 tok/s=41,468 eta=16178.202694108424
step=3275 tokens=429260800/1100000000 loss=3.9453 lr=0.000215 tok/s=41,456 eta=16179.435332112762
step=3276 tokens=429391872/1100000000 loss=3.9678 lr=0.000215 tok/s=41,610 eta=16116.634714125365
step=3277 tokens=429522944/1100000000 loss=3.8421 lr=0.000215 tok/s=41,477 eta=16165.088668973762
step=3278 tokens=429654016/1100000000 loss=3.9024 lr=0.000215 tok/s=41,432 eta=16179.519777670512
step=3279 tokens=429785088/1100000000 loss=3.8960 lr=0.000215 tok/s=41,464 eta=16163.858044826784
step=3280 tokens=429916160/1100000000 loss=3.9113 lr=0.000215 tok/s=41,731 eta=16057.390239287517
step=3281 tokens=430047232/1100000000 loss=3.8263 lr=0.000215 tok/s=30,020 eta=22317.15279729149
step=3282 tokens=430178304/1100000000 loss=3.9143 lr=0.000215 tok/s=41,709 eta=16059.429306769905
step=3283 tokens=430309376/1100000000 loss=3.7671 lr=0.000215 tok/s=41,497 eta=16138.13986568299
step=3284 tokens=430440448/1100000000 loss=3.7523 lr=0.000215 tok/s=41,319 eta=16204.732729852924
step=3285 tokens=430571520/1100000000 loss=3.7684 lr=0.000215 tok/s=41,420 eta=16161.882076575805
step=3286 tokens=430702592/1100000000 loss=3.8191 lr=0.000215 tok/s=41,542 eta=16111.514138070597
step=3287 tokens=430833664/1100000000 loss=3.8776 lr=0.000215 tok/s=41,609 eta=16082.373669492436
step=3288 tokens=430964736/1100000000 loss=3.7413 lr=0.000214 tok/s=41,644 eta=16065.514587414404
step=3289 tokens=431095808/1100000000 loss=3.9216 lr=0.000214 tok/s=41,493 eta=16120.935777839624
step=3290 tokens=431226880/1100000000 loss=3.8898 lr=0.000214 tok/s=41,566 eta=16089.619415368817
step=3291 tokens=431357952/1100000000 loss=3.8649 lr=0.000214 tok/s=41,760 eta=16011.717985067862
step=3292 tokens=431489024/1100000000 loss=3.8700 lr=0.000214 tok/s=41,559 eta=16085.935789511179
step=3293 tokens=431620096/1100000000 loss=3.7540 lr=0.000214 tok/s=41,785 eta=15995.78994060329
step=3294 tokens=431751168/1100000000 loss=3.8030 lr=0.000214 tok/s=41,708 eta=16022.133249101502
step=3295 tokens=431882240/1100000000 loss=3.9328 lr=0.000214 tok/s=41,564 eta=16074.499646745664
step=3296 tokens=432013312/1100000000 loss=3.7873 lr=0.000214 tok/s=41,485 eta=16102.00802006101
step=3297 tokens=432144384/1100000000 loss=3.8645 lr=0.000214 tok/s=41,605 eta=16052.206824218663
step=3298 tokens=432275456/1100000000 loss=3.8987 lr=0.000214 tok/s=41,522 eta=16081.335699170451
step=3299 tokens=432406528/1100000000 loss=3.9595 lr=0.000214 tok/s=41,515 eta=16080.93876110519
step=3300 tokens=432537600/1100000000 loss=3.9175 lr=0.000214 tok/s=41,405 eta=16120.48926439871
step=3301 tokens=432668672/1100000000 loss=3.9486 lr=0.000214 tok/s=41,521 eta=16072.313524711093
step=3302 tokens=432799744/1100000000 loss=3.8824 lr=0.000214 tok/s=41,684 eta=16006.335560849771
step=3303 tokens=432930816/1100000000 loss=3.8197 lr=0.000214 tok/s=41,865 eta=15933.974019204355
step=3304 tokens=433061888/1100000000 loss=3.8862 lr=0.000214 tok/s=41,458 eta=16087.161652358693
step=3305 tokens=433192960/1100000000 loss=3.9630 lr=0.000214 tok/s=41,337 eta=16131.080486783681
step=3306 tokens=433324032/1100000000 loss=3.8557 lr=0.000214 tok/s=41,366 eta=16116.694919230644
step=3307 tokens=433455104/1100000000 loss=3.8888 lr=0.000214 tok/s=41,400 eta=16099.998830989303
step=3308 tokens=433586176/1100000000 loss=3.9399 lr=0.000214 tok/s=41,529 eta=16046.778806111673
step=3309 tokens=433717248/1100000000 loss=4.0223 lr=0.000213 tok/s=41,409 eta=16090.252670875298
step=3310 tokens=433848320/1100000000 loss=3.9006 lr=0.000213 tok/s=41,292 eta=16132.579830017701
step=3311 tokens=433979392/1100000000 loss=3.9642 lr=0.000213 tok/s=41,522 eta=16040.06997513774
step=3312 tokens=434110464/1100000000 loss=3.9767 lr=0.000213 tok/s=41,721 eta=15960.416308009802
step=3313 tokens=434241536/1100000000 loss=3.9013 lr=0.000213 tok/s=41,249 eta=16140.121977140965
step=3314 tokens=434372608/1100000000 loss=3.8805 lr=0.000213 tok/s=41,518 eta=16032.301155486046
step=3315 tokens=434503680/1100000000 loss=3.8920 lr=0.000213 tok/s=41,247 eta=16134.482623621632
step=3316 tokens=434634752/1100000000 loss=3.8990 lr=0.000213 tok/s=41,683 eta=15962.675767483826
step=3317 tokens=434765824/1100000000 loss=3.8695 lr=0.000213 tok/s=41,322 eta=16098.650924712121
step=3318 tokens=434896896/1100000000 loss=3.9713 lr=0.000213 tok/s=41,471 eta=16037.710889936672
step=3319 tokens=435027968/1100000000 loss=3.8897 lr=0.000213 tok/s=41,828 eta=15897.611401332879
step=3320 tokens=435159040/1100000000 loss=3.8509 lr=0.000213 tok/s=41,453 eta=16038.241275908998
step=3321 tokens=435290112/1100000000 loss=3.9384 lr=0.000213 tok/s=41,404 eta=16054.278918430993
step=3322 tokens=435421184/1100000000 loss=3.9293 lr=0.000213 tok/s=41,708 eta=15934.11094523304
step=3323 tokens=435552256/1100000000 loss=3.9081 lr=0.000213 tok/s=41,316 eta=16082.053781285067
step=3324 tokens=435683328/1100000000 loss=3.8231 lr=0.000213 tok/s=41,247 eta=16105.735975022282
step=3325 tokens=435814400/1100000000 loss=3.8901 lr=0.000213 tok/s=41,410 eta=16039.270311197337
step=3326 tokens=435945472/1100000000 loss=3.7923 lr=0.000213 tok/s=41,404 eta=16038.286352231977
step=3327 tokens=436076544/1100000000 loss=3.9186 lr=0.000213 tok/s=41,265 eta=16089.422471412123
step=3328 tokens=436207616/1100000000 loss=3.8539 lr=0.000213 tok/s=41,526 eta=15984.866912308493
step=3329 tokens=436338688/1100000000 loss=3.8986 lr=0.000213 tok/s=41,428 eta=16019.707465098025
step=3330 tokens=436469760/1100000000 loss=3.9291 lr=0.000212 tok/s=41,531 eta=15976.626605158806
step=3331 tokens=436600832/1100000000 loss=3.9030 lr=0.000212 tok/s=41,527 eta=15975.223086336011
step=3332 tokens=436731904/1100000000 loss=3.8769 lr=0.000212 tok/s=41,414 eta=16015.56575505946
step=3333 tokens=436862976/1100000000 loss=3.9305 lr=0.000212 tok/s=41,567 eta=15953.327547882212
step=3334 tokens=436994048/1100000000 loss=3.9878 lr=0.000212 tok/s=41,706 eta=15897.12171044124
step=3335 tokens=437125120/1100000000 loss=3.9542 lr=0.000212 tok/s=41,554 eta=15952.311258738768
checkpoint saved: runs/20260905-021323/checkpoints/step_000003335 (time)
step=3336 tokens=437256192/1100000000 loss=3.8420 lr=0.000212 tok/s=34,285 eta=19330.420431824346
step=3337 tokens=437387264/1100000000 loss=3.8610 lr=0.000212 tok/s=41,487 eta=15971.495519618586
step=3338 tokens=437518336/1100000000 loss=3.9343 lr=0.000212 tok/s=41,683 eta=15893.45583705649
step=3339 tokens=437649408/1100000000 loss=3.9378 lr=0.000212 tok/s=41,710 eta=15880.02661480038
step=3340 tokens=437780480/1100000000 loss=3.9361 lr=0.000212 tok/s=41,723 eta=15871.705608604336
step=3341 tokens=437911552/1100000000 loss=3.9319 lr=0.000212 tok/s=41,815 eta=15833.907461313296
step=3342 tokens=438042624/1100000000 loss=3.9548 lr=0.000212 tok/s=41,529 eta=15939.582247193108
step=3343 tokens=438173696/1100000000 loss=3.9783 lr=0.000212 tok/s=41,370 eta=15997.70970295364
step=3344 tokens=438304768/1100000000 loss=3.8856 lr=0.000212 tok/s=41,521 eta=15936.315618725484
step=3345 tokens=438435840/1100000000 loss=3.8479 lr=0.000212 tok/s=41,479 eta=15949.486774552346
step=3346 tokens=438566912/1100000000 loss=3.8604 lr=0.000212 tok/s=41,459 eta=15953.765411422377
step=3347 tokens=438697984/1100000000 loss=3.8274 lr=0.000212 tok/s=41,586 eta=15901.886487440317
step=3348 tokens=438829056/1100000000 loss=3.8782 lr=0.000212 tok/s=41,740 eta=15840.082147427976
step=3349 tokens=438960128/1100000000 loss=3.9835 lr=0.000212 tok/s=41,686 eta=15857.692045756754
step=3350 tokens=439091200/1100000000 loss=3.8718 lr=0.000212 tok/s=41,631 eta=15875.244018068326
step=3351 tokens=439222272/1100000000 loss=3.9288 lr=0.000211 tok/s=41,366 eta=15973.941577799906
step=3352 tokens=439353344/1100000000 loss=3.9392 lr=0.000211 tok/s=41,439 eta=15942.740652022681
step=3353 tokens=439484416/1100000000 loss=3.9580 lr=0.000211 tok/s=41,468 eta=15928.128383639305
step=3354 tokens=439615488/1100000000 loss=3.8909 lr=0.000211 tok/s=41,501 eta=15912.545383843868
step=3355 tokens=439746560/1100000000 loss=3.8804 lr=0.000211 tok/s=41,463 eta=15923.773387221781
step=3356 tokens=439877632/1100000000 loss=3.8981 lr=0.000211 tok/s=41,688 eta=15834.6956168422
step=3357 tokens=440008704/1100000000 loss=3.9245 lr=0.000211 tok/s=29,871 eta=22095.06272917226
step=3358 tokens=440139776/1100000000 loss=3.8821 lr=0.000211 tok/s=41,708 eta=15820.886556388605
step=3359 tokens=440270848/1100000000 loss=3.9441 lr=0.000211 tok/s=41,556 eta=15875.663192178708
step=3360 tokens=440401920/1100000000 loss=3.9331 lr=0.000211 tok/s=41,777 eta=15788.44965982648
step=3361 tokens=440532992/1100000000 loss=4.0055 lr=0.000211 tok/s=41,546 eta=15873.045028199502
step=3362 tokens=440664064/1100000000 loss=3.8855 lr=0.000211 tok/s=41,528 eta=15876.754347280345
step=3363 tokens=440795136/1100000000 loss=3.8531 lr=0.000211 tok/s=41,586 eta=15851.57331287995
step=3364 tokens=440926208/1100000000 loss=3.9997 lr=0.000211 tok/s=41,634 eta=15830.094614855796
step=3365 tokens=441057280/1100000000 loss=3.8923 lr=0.000211 tok/s=41,546 eta=15860.70257566029
step=3366 tokens=441188352/1100000000 loss=3.9924 lr=0.000211 tok/s=41,470 eta=15886.54893071673
step=3367 tokens=441319424/1100000000 loss=3.9687 lr=0.000211 tok/s=41,451 eta=15890.632135670636
step=3368 tokens=441450496/1100000000 loss=3.9049 lr=0.000211 tok/s=41,453 eta=15886.760981916508
step=3369 tokens=441581568/1100000000 loss=3.9066 lr=0.000211 tok/s=41,404 eta=15902.39122537596
step=3370 tokens=441712640/1100000000 loss=3.9310 lr=0.000211 tok/s=41,359 eta=15916.59669933547
step=3371 tokens=441843712/1100000000 loss=4.0100 lr=0.00021 tok/s=41,380 eta=15905.141154894212
step=3372 tokens=441974784/1100000000 loss=3.9538 lr=0.00021 tok/s=41,657 eta=15796.37068548236
step=3373 tokens=442105856/1100000000 loss=3.8658 lr=0.00021 tok/s=41,636 eta=15801.23407068608
step=3374 tokens=442236928/1100000000 loss=3.8414 lr=0.00021 tok/s=41,464 eta=15863.583811581388
step=3375 tokens=442368000/1100000000 loss=4.0480 lr=0.00021 tok/s=41,539 eta=15831.737157662714
step=3376 tokens=442499072/1100000000 loss=3.9678 lr=0.00021 tok/s=41,643 eta=15788.81711941901
step=3377 tokens=442630144/1100000000 loss=3.9821 lr=0.00021 tok/s=41,566 eta=15815.26010370431
step=3378 tokens=442761216/1100000000 loss=3.8556 lr=0.00021 tok/s=41,450 eta=15856.169871410482
step=3379 tokens=442892288/1100000000 loss=3.9411 lr=0.00021 tok/s=41,425 eta=15862.522108281926
step=3380 tokens=443023360/1100000000 loss=3.8354 lr=0.00021 tok/s=41,553 eta=15810.455997183777
step=3381 tokens=443154432/1100000000 loss=3.8925 lr=0.00021 tok/s=41,469 eta=15839.313366902556
step=3382 tokens=443285504/1100000000 loss=3.8763 lr=0.00021 tok/s=41,489 eta=15828.572574657963
step=3383 tokens=443416576/1100000000 loss=3.8513 lr=0.00021 tok/s=41,392 eta=15862.504406922713
step=3384 tokens=443547648/1100000000 loss=3.8995 lr=0.00021 tok/s=41,510 eta=15814.324178705021
step=3385 tokens=443678720/1100000000 loss=3.9219 lr=0.00021 tok/s=41,568 eta=15788.928065342698
step=3386 tokens=443809792/1100000000 loss=3.9480 lr=0.00021 tok/s=41,644 eta=15756.977350267704
step=3387 tokens=443940864/1100000000 loss=3.9284 lr=0.00021 tok/s=41,618 eta=15763.676965475062
step=3388 tokens=444071936/1100000000 loss=3.9640 lr=0.00021 tok/s=41,550 eta=15786.29997995994
step=3389 tokens=444203008/1100000000 loss=3.8564 lr=0.00021 tok/s=41,579 eta=15772.473042675205
step=3390 tokens=444334080/1100000000 loss=3.8897 lr=0.00021 tok/s=41,437 eta=15823.320290174232
step=3391 tokens=444465152/1100000000 loss=3.9012 lr=0.00021 tok/s=41,446 eta=15816.437245527624
step=3392 tokens=444596224/1100000000 loss=3.9608 lr=0.000209 tok/s=41,260 eta=15884.593160296614
step=3393 tokens=444727296/1100000000 loss=3.9297 lr=0.000209 tok/s=41,342 eta=15850.11673866308
step=3394 tokens=444858368/1100000000 loss=3.9279 lr=0.000209 tok/s=41,384 eta=15830.656982443626
step=3395 tokens=444989440/1100000000 loss=3.8184 lr=0.000209 tok/s=41,666 eta=15720.443628527366
step=3396 tokens=445120512/1100000000 loss=3.8222 lr=0.000209 tok/s=41,691 eta=15707.91865439293
step=3397 tokens=445251584/1100000000 loss=3.7232 lr=0.000209 tok/s=41,467 eta=15789.761736350962
step=3398 tokens=445382656/1100000000 loss=3.7701 lr=0.000209 tok/s=41,449 eta=15793.2846515372
step=3399 tokens=445513728/1100000000 loss=3.8324 lr=0.000209 tok/s=41,160 eta=15901.003002442121
step=3400 tokens=445644800/1100000000 loss=3.8058 lr=0.000209 tok/s=41,484 eta=15773.700646528212
step=3401 tokens=445775872/1100000000 loss=3.8481 lr=0.000209 tok/s=41,433 eta=15790.057512394866
step=3402 tokens=445906944/1100000000 loss=3.7884 lr=0.000209 tok/s=41,851 eta=15629.032687065472
step=3403 tokens=446038016/1100000000 loss=3.8546 lr=0.000209 tok/s=41,640 eta=15705.010518170877
step=3404 tokens=446169088/1100000000 loss=3.7983 lr=0.000209 tok/s=41,230 eta=15858.03180022998
step=3405 tokens=446300160/1100000000 loss=3.8280 lr=0.000209 tok/s=41,297 eta=15829.068693734005
step=3406 tokens=446431232/1100000000 loss=3.6935 lr=0.000209 tok/s=41,457 eta=15764.827491898894
step=3407 tokens=446562304/1100000000 loss=3.8623 lr=0.000209 tok/s=41,264 eta=15835.440138644277
step=3408 tokens=446693376/1100000000 loss=3.7915 lr=0.000209 tok/s=41,430 eta=15768.782622909628
step=3409 tokens=446824448/1100000000 loss=3.7899 lr=0.000209 tok/s=41,408 eta=15774.021816875149
step=3410 tokens=446955520/1100000000 loss=3.8862 lr=0.000209 tok/s=41,164 eta=15864.622970901073
step=3411 tokens=447086592/1100000000 loss=3.8735 lr=0.000209 tok/s=41,094 eta=15888.189271800014
step=3412 tokens=447217664/1100000000 loss=3.7475 lr=0.000208 tok/s=41,702 eta=15653.36086209945
step=3413 tokens=447348736/1100000000 loss=3.7702 lr=0.000208 tok/s=41,717 eta=15644.565267832293
step=3414 tokens=447479808/1100000000 loss=3.7093 lr=0.000208 tok/s=41,565 eta=15698.913104804942
step=3415 tokens=447610880/1100000000 loss=3.7943 lr=0.000208 tok/s=41,383 eta=15764.486043276354
step=3416 tokens=447741952/1100000000 loss=3.7884 lr=0.000208 tok/s=41,395 eta=15756.876414864764
step=3417 tokens=447873024/1100000000 loss=3.8847 lr=0.000208 tok/s=41,356 eta=15768.772562774258
step=3418 tokens=448004096/1100000000 loss=3.8897 lr=0.000208 tok/s=41,061 eta=15878.73171988556
step=3419 tokens=448135168/1100000000 loss=3.7450 lr=0.000208 tok/s=41,225 eta=15812.258896011657
step=3420 tokens=448266240/1100000000 loss=3.7829 lr=0.000208 tok/s=41,057 eta=15873.92519694527
step=3421 tokens=448397312/1100000000 loss=3.8247 lr=0.000208 tok/s=41,147 eta=15836.145675557358
step=3422 tokens=448528384/1100000000 loss=3.8106 lr=0.000208 tok/s=41,655 eta=15639.773291752806
step=3423 tokens=448659456/1100000000 loss=3.7982 lr=0.000208 tok/s=41,518 eta=15688.335961821693
step=3424 tokens=448790528/1100000000 loss=3.7728 lr=0.000208 tok/s=41,316 eta=15761.735498438551
step=3425 tokens=448921600/1100000000 loss=3.8577 lr=0.000208 tok/s=41,293 eta=15767.43014818607
step=3426 tokens=449052672/1100000000 loss=3.7828 lr=0.000208 tok/s=41,253 eta=15779.469742147014
step=3427 tokens=449183744/1100000000 loss=3.8744 lr=0.000208 tok/s=41,205 eta=15794.590897344979
step=3428 tokens=449314816/1100000000 loss=3.9531 lr=0.000208 tok/s=41,185 eta=15799.105948120809
step=3429 tokens=449445888/1100000000 loss=3.7989 lr=0.000208 tok/s=41,245 eta=15773.092431480294
step=3430 tokens=449576960/1100000000 loss=3.8622 lr=0.000208 tok/s=41,209 eta=15783.581481077714
step=3431 tokens=449708032/1100000000 loss=4.0048 lr=0.000208 tok/s=41,160 eta=15799.217546378643
step=3432 tokens=449839104/1100000000 loss=3.8947 lr=0.000208 tok/s=41,296 eta=15744.025076076014
step=3433 tokens=449970176/1100000000 loss=3.8927 lr=0.000207 tok/s=41,403 eta=15700.15789609639
step=3434 tokens=450101248/1100000000 loss=3.9064 lr=0.000207 tok/s=29,736 eta=21855.7847273281
checkpoint saved: runs/20260905-021323/checkpoints/tokens_000450m (permanent_tokens)
step=3435 tokens=450232320/1100000000 loss=3.9031 lr=0.000207 tok/s=34,509 eta=18828.75661390089
step=3436 tokens=450363392/1100000000 loss=3.8519 lr=0.000207 tok/s=41,325 eta=15720.334456279246
step=3437 tokens=450494464/1100000000 loss=3.8791 lr=0.000207 tok/s=41,217 eta=15758.290039088812
step=3438 tokens=450625536/1100000000 loss=3.8194 lr=0.000207 tok/s=41,107 eta=15797.122120666523
step=3439 tokens=450756608/1100000000 loss=3.7785 lr=0.000207 tok/s=41,112 eta=15792.211567836242
step=3440 tokens=450887680/1100000000 loss=3.9029 lr=0.000207 tok/s=41,304 eta=15715.558203711138
step=3441 tokens=451018752/1100000000 loss=3.9843 lr=0.000207 tok/s=41,375 eta=15685.2476773941
step=3442 tokens=451149824/1100000000 loss=3.8527 lr=0.000207 tok/s=41,451 eta=15653.345441940297
step=3443 tokens=451280896/1100000000 loss=3.7981 lr=0.000207 tok/s=41,236 eta=15731.92027281395
step=3444 tokens=451411968/1100000000 loss=3.9720 lr=0.000207 tok/s=41,312 eta=15699.63505929862
step=3445 tokens=451543040/1100000000 loss=3.8874 lr=0.000207 tok/s=41,285 eta=15706.798610123773
step=3446 tokens=451674112/1100000000 loss=3.9439 lr=0.000207 tok/s=41,711 eta=15543.125678862405
step=3447 tokens=451805184/1100000000 loss=3.8854 lr=0.000207 tok/s=41,246 eta=15715.33022615589
step=3448 tokens=451936256/1100000000 loss=3.8692 lr=0.000207 tok/s=41,547 eta=15598.20095434695
step=3449 tokens=452067328/1100000000 loss=3.8588 lr=0.000207 tok/s=41,535 eta=15599.513640638557
step=3450 tokens=452198400/1100000000 loss=3.9441 lr=0.000207 tok/s=41,374 eta=15657.232691900117
step=3451 tokens=452329472/1100000000 loss=3.9060 lr=0.000207 tok/s=41,600 eta=15569.172175459236
step=3452 tokens=452460544/1100000000 loss=3.8457 lr=0.000207 tok/s=41,702 eta=15527.821108988604
step=3453 tokens=452591616/1100000000 loss=3.8300 lr=0.000206 tok/s=41,483 eta=15606.573232554863
step=3454 tokens=452722688/1100000000 loss=3.8925 lr=0.000206 tok/s=41,305 eta=15670.628953723344
step=3455 tokens=452853760/1100000000 loss=3.8661 lr=0.000206 tok/s=41,225 eta=15697.759235427542
step=3456 tokens=452984832/1100000000 loss=3.8750 lr=0.000206 tok/s=41,145 eta=15725.266511327258
step=3457 tokens=453115904/1100000000 loss=3.8777 lr=0.000206 tok/s=41,277 eta=15671.948937005824
step=3458 tokens=453246976/1100000000 loss=3.9052 lr=0.000206 tok/s=41,200 eta=15697.724212635696
step=3459 tokens=453378048/1100000000 loss=3.9516 lr=0.000206 tok/s=41,340 eta=15641.462576157492
step=3460 tokens=453509120/1100000000 loss=3.9562 lr=0.000206 tok/s=41,520 eta=15570.515782667218
step=3461 tokens=453640192/1100000000 loss=3.8614 lr=0.000206 tok/s=41,349 eta=15631.706691976673
step=3462 tokens=453771264/1100000000 loss=3.9002 lr=0.000206 tok/s=41,260 eta=15662.252872583553
step=3463 tokens=453902336/1100000000 loss=3.8480 lr=0.000206 tok/s=41,307 eta=15641.53606675317
step=3464 tokens=454033408/1100000000 loss=3.8561 lr=0.000206 tok/s=41,403 eta=15601.958438147089
step=3465 tokens=454164480/1100000000 loss=3.8585 lr=0.000206 tok/s=41,195 eta=15677.508314407736
step=3466 tokens=454295552/1100000000 loss=3.8809 lr=0.000206 tok/s=41,372 eta=15607.267653449111
step=3467 tokens=454426624/1100000000 loss=3.7669 lr=0.000206 tok/s=41,444 eta=15576.905306242323
step=3468 tokens=454557696/1100000000 loss=3.8833 lr=0.000206 tok/s=41,421 eta=15582.435801380665
step=3469 tokens=454688768/1100000000 loss=3.8920 lr=0.000206 tok/s=41,536 eta=15536.244781741567
step=3470 tokens=454819840/1100000000 loss=3.9322 lr=0.000206 tok/s=41,746 eta=15454.973970795416
step=3471 tokens=454950912/1100000000 loss=3.8261 lr=0.000206 tok/s=41,652 eta=15486.527538053459
step=3472 tokens=455081984/1100000000 loss=3.9346 lr=0.000206 tok/s=41,676 eta=15474.41981081638
step=3473 tokens=455213056/1100000000 loss=3.8659 lr=0.000206 tok/s=41,308 eta=15609.228806804078
step=3474 tokens=455344128/1100000000 loss=3.8472 lr=0.000205 tok/s=41,343 eta=15592.746487530496
step=3475 tokens=455475200/1100000000 loss=3.9093 lr=0.000205 tok/s=41,387 eta=15572.952396020894
step=3476 tokens=455606272/1100000000 loss=3.7876 lr=0.000205 tok/s=41,350 eta=15583.783084369345
step=3477 tokens=455737344/1100000000 loss=3.8877 lr=0.000205 tok/s=41,491 eta=15527.634902921818
step=3478 tokens=455868416/1100000000 loss=3.9377 lr=0.000205 tok/s=41,482 eta=15527.830098401015
step=3479 tokens=455999488/1100000000 loss=3.8827 lr=0.000205 tok/s=41,579 eta=15488.731377861082
step=3480 tokens=456130560/1100000000 loss=3.7890 lr=0.000205 tok/s=41,383 eta=15558.776387365782
step=3481 tokens=456261632/1100000000 loss=3.8932 lr=0.000205 tok/s=41,360 eta=15564.307729974906
step=3482 tokens=456392704/1100000000 loss=3.8007 lr=0.000205 tok/s=41,587 eta=15476.243469607343
step=3483 tokens=456523776/1100000000 loss=3.8875 lr=0.000205 tok/s=41,620 eta=15460.64061236013
step=3484 tokens=456654848/1100000000 loss=3.8138 lr=0.000205 tok/s=41,305 eta=15575.510526722372
step=3485 tokens=456785920/1100000000 loss=3.8704 lr=0.000205 tok/s=41,321 eta=15566.157928421157
step=3486 tokens=456916992/1100000000 loss=3.8760 lr=0.000205 tok/s=41,189 eta=15612.94109295385
step=3487 tokens=457048064/1100000000 loss=3.8342 lr=0.000205 tok/s=41,354 eta=15547.51459391821
step=3488 tokens=457179136/1100000000 loss=3.9030 lr=0.000205 tok/s=41,434 eta=15514.239916100662
step=3489 tokens=457310208/1100000000 loss=3.7821 lr=0.000205 tok/s=41,505 eta=15484.675006638134
step=3490 tokens=457441280/1100000000 loss=3.8635 lr=0.000205 tok/s=41,512 eta=15478.931031492475
step=3491 tokens=457572352/1100000000 loss=3.8591 lr=0.000205 tok/s=41,614 eta=15437.912779408865
step=3492 tokens=457703424/1100000000 loss=3.8943 lr=0.000205 tok/s=41,507 eta=15474.246405422731
step=3493 tokens=457834496/1100000000 loss=3.8517 lr=0.000205 tok/s=41,267 eta=15561.142622448611
step=3494 tokens=457965568/1100000000 loss=3.8452 lr=0.000204 tok/s=41,595 eta=15435.543551900952
step=3495 tokens=458096640/1100000000 loss=3.8207 lr=0.000204 tok/s=41,723 eta=15384.852425462386
step=3496 tokens=458227712/1100000000 loss=3.7664 lr=0.000204 tok/s=41,698 eta=15391.035577857607
step=3497 tokens=458358784/1100000000 loss=3.8279 lr=0.000204 tok/s=41,717 eta=15380.641694783164
step=3498 tokens=458489856/1100000000 loss=3.8282 lr=0.000204 tok/s=41,570 eta=15431.959946369263
step=3499 tokens=458620928/1100000000 loss=3.8402 lr=0.000204 tok/s=41,670 eta=15391.706005061627
step=3500 tokens=458752000/1100000000 loss=3.8635 lr=0.000204 tok/s=41,306 eta=15524.500944785163
step=3501 tokens=458883072/1100000000 loss=3.8600 lr=0.000204 tok/s=41,408 eta=15482.940555036424
step=3502 tokens=459014144/1100000000 loss=3.8853 lr=0.000204 tok/s=41,403 eta=15481.47063712649
step=3503 tokens=459145216/1100000000 loss=3.7812 lr=0.000204 tok/s=41,622 eta=15396.994223300375
step=3504 tokens=459276288/1100000000 loss=3.8686 lr=0.000204 tok/s=41,608 eta=15399.044391064008
step=3505 tokens=459407360/1100000000 loss=3.7018 lr=0.000204 tok/s=41,524 eta=15426.991039953045
step=3506 tokens=459538432/1100000000 loss=3.7661 lr=0.000204 tok/s=41,648 eta=15378.134216567829
step=3507 tokens=459669504/1100000000 loss=3.9597 lr=0.000204 tok/s=41,523 eta=15421.05186494854
step=3508 tokens=459800576/1100000000 loss=3.8289 lr=0.000204 tok/s=41,719 eta=15345.547605018384
step=3509 tokens=459931648/1100000000 loss=3.8930 lr=0.000204 tok/s=41,457 eta=15439.362722465621
step=3510 tokens=460062720/1100000000 loss=3.9023 lr=0.000204 tok/s=30,089 eta=21267.89219752823
step=3511 tokens=460193792/1100000000 loss=3.8105 lr=0.000204 tok/s=41,243 eta=15512.997745404726
step=3512 tokens=460324864/1100000000 loss=3.9564 lr=0.000204 tok/s=41,273 eta=15498.536598862822
step=3513 tokens=460455936/1100000000 loss=3.8768 lr=0.000204 tok/s=41,463 eta=15424.332782807916
step=3514 tokens=460587008/1100000000 loss=3.8779 lr=0.000203 tok/s=41,587 eta=15375.460306258918
step=3515 tokens=460718080/1100000000 loss=3.8535 lr=0.000203 tok/s=41,144 eta=15537.55486935717
step=3516 tokens=460849152/1100000000 loss=3.7770 lr=0.000203 tok/s=41,185 eta=15518.99668771658
step=3517 tokens=460980224/1100000000 loss=3.8750 lr=0.000203 tok/s=41,321 eta=15464.619711212757
step=3518 tokens=461111296/1100000000 loss=4.0936 lr=0.000203 tok/s=41,222 eta=15498.71274252109
step=3519 tokens=461242368/1100000000 loss=3.8157 lr=0.000203 tok/s=41,326 eta=15456.557699766263
step=3520 tokens=461373440/1100000000 loss=3.8508 lr=0.000203 tok/s=41,493 eta=15391.268074150496
step=3521 tokens=461504512/1100000000 loss=3.7832 lr=0.000203 tok/s=41,087 eta=15539.982484871976
step=3522 tokens=461635584/1100000000 loss=3.8111 lr=0.000203 tok/s=41,234 eta=15481.331093954555
step=3523 tokens=461766656/1100000000 loss=3.8702 lr=0.000203 tok/s=40,967 eta=15579.087040705019
step=3524 tokens=461897728/1100000000 loss=3.7908 lr=0.000203 tok/s=41,371 eta=15423.954356883962
step=3525 tokens=462028800/1100000000 loss=3.8383 lr=0.000203 tok/s=41,334 eta=15434.49619961864
step=3526 tokens=462159872/1100000000 loss=3.9217 lr=0.000203 tok/s=41,472 eta=15379.94869556008
step=3527 tokens=462290944/1100000000 loss=3.8328 lr=0.000203 tok/s=41,094 eta=15518.214702845165
step=3528 tokens=462422016/1100000000 loss=3.8072 lr=0.000203 tok/s=41,471 eta=15373.992226003993
step=3529 tokens=462553088/1100000000 loss=3.8856 lr=0.000203 tok/s=41,366 eta=15410.044821094401
step=3530 tokens=462684160/1100000000 loss=3.9068 lr=0.000203 tok/s=41,352 eta=15411.944617929496
step=3531 tokens=462815232/1100000000 loss=3.9055 lr=0.000203 tok/s=41,584 eta=15322.811882319991
step=3532 tokens=462946304/1100000000 loss=3.8595 lr=0.000203 tok/s=41,585 eta=15319.204390175244
step=3533 tokens=463077376/1100000000 loss=3.7830 lr=0.000203 tok/s=41,596 eta=15312.178539162454
step=3534 tokens=463208448/1100000000 loss=3.8821 lr=0.000203 tok/s=41,387 eta=15386.340983563452
step=3535 tokens=463339520/1100000000 loss=3.8423 lr=0.000202 tok/s=41,407 eta=15375.564547846905
step=3536 tokens=463470592/1100000000 loss=3.8200 lr=0.000202 tok/s=41,656 eta=15280.76595915675
step=3537 tokens=463601664/1100000000 loss=3.8571 lr=0.000202 tok/s=41,469 eta=15346.222739515575
step=3538 tokens=463732736/1100000000 loss=3.8694 lr=0.000202 tok/s=41,641 eta=15279.764632770422
step=3539 tokens=463863808/1100000000 loss=3.8345 lr=0.000202 tok/s=41,408 eta=15362.533269053603
step=3540 tokens=463994880/1100000000 loss=3.8879 lr=0.000202 tok/s=41,036 eta=15498.645371776682
step=3541 tokens=464125952/1100000000 loss=3.8350 lr=0.000202 tok/s=41,449 eta=15341.215785580456
step=3542 tokens=464257024/1100000000 loss=3.8478 lr=0.000202 tok/s=41,376 eta=15365.202287647866
step=3543 tokens=464388096/1100000000 loss=3.8826 lr=0.000202 tok/s=41,287 eta=15394.83634596689
step=3544 tokens=464519168/1100000000 loss=3.9376 lr=0.000202 tok/s=41,469 eta=15324.085298542313
step=3545 tokens=464650240/1100000000 loss=3.7545 lr=0.000202 tok/s=41,368 eta=15358.576099776366
step=3546 tokens=464781312/1100000000 loss=3.9400 lr=0.000202 tok/s=41,285 eta=15386.175901195244
step=3547 tokens=464912384/1100000000 loss=3.8715 lr=0.000202 tok/s=41,380 eta=15347.69540318152
step=3548 tokens=465043456/1100000000 loss=3.7748 lr=0.000202 tok/s=41,157 eta=15427.844143992896
step=3549 tokens=465174528/1100000000 loss=3.9541 lr=0.000202 tok/s=41,694 eta=15225.955618014268
step=3550 tokens=465305600/1100000000 loss=3.8412 lr=0.000202 tok/s=41,449 eta=15312.588351457069
step=3551 tokens=465436672/1100000000 loss=3.8004 lr=0.000202 tok/s=41,339 eta=15350.192392155825
step=3552 tokens=465567744/1100000000 loss=3.8291 lr=0.000202 tok/s=41,516 eta=15281.680632627464
step=3553 tokens=465698816/1100000000 loss=3.8510 lr=0.000202 tok/s=41,344 eta=15341.854250179638
step=3554 tokens=465829888/1100000000 loss=3.8203 lr=0.000202 tok/s=41,409 eta=15314.647485428013
step=3555 tokens=465960960/1100000000 loss=3.8200 lr=0.000201 tok/s=41,120 eta=15419.073512962428
step=3556 tokens=466092032/1100000000 loss=3.8701 lr=0.000201 tok/s=41,330 eta=15337.557211744523
step=3557 tokens=466223104/1100000000 loss=3.8982 lr=0.000201 tok/s=41,390 eta=15312.373426615328
step=3558 tokens=466354176/1100000000 loss=3.8912 lr=0.000201 tok/s=41,351 eta=15323.596954434906
step=3559 tokens=466485248/1100000000 loss=3.8243 lr=0.000201 tok/s=41,532 eta=15253.65255631038
step=3560 tokens=466616320/1100000000 loss=3.8293 lr=0.000201 tok/s=41,666 eta=15201.540915036438
step=3561 tokens=466747392/1100000000 loss=3.8031 lr=0.000201 tok/s=41,664 eta=15199.130601852812
step=3562 tokens=466878464/1100000000 loss=3.9080 lr=0.000201 tok/s=41,452 eta=15273.499862496097
step=3563 tokens=467009536/1100000000 loss=3.8043 lr=0.000201 tok/s=41,488 eta=15257.319579911007
step=3564 tokens=467140608/1100000000 loss=3.8928 lr=0.000201 tok/s=41,231 eta=15349.108307946899
step=3565 tokens=467271680/1100000000 loss=3.8985 lr=0.000201 tok/s=41,485 eta=15252.084231730643
step=3566 tokens=467402752/1100000000 loss=3.8780 lr=0.000201 tok/s=41,071 eta=15402.52168980635
step=3567 tokens=467533824/1100000000 loss=3.8608 lr=0.000201 tok/s=41,380 eta=15284.476644814868
step=3568 tokens=467664896/1100000000 loss=3.8667 lr=0.000201 tok/s=41,274 eta=15320.528500702138
step=3569 tokens=467795968/1100000000 loss=3.9285 lr=0.000201 tok/s=41,584 eta=15202.988082440685
step=3570 tokens=467927040/1100000000 loss=3.8316 lr=0.000201 tok/s=41,152 eta=15359.482800074056
step=3571 tokens=468058112/1100000000 loss=3.9003 lr=0.000201 tok/s=41,546 eta=15210.708565846555
step=3572 tokens=468189184/1100000000 loss=3.7714 lr=0.000201 tok/s=41,730 eta=15140.34395196951
step=3573 tokens=468320256/1100000000 loss=3.8646 lr=0.000201 tok/s=41,314 eta=15289.89699975816
step=3574 tokens=468451328/1100000000 loss=3.8492 lr=0.000201 tok/s=41,075 eta=15375.645209836703
step=3575 tokens=468582400/1100000000 loss=3.8051 lr=0.0002 tok/s=41,270 eta=15299.842545689598
step=3576 tokens=468713472/1100000000 loss=3.8446 lr=0.0002 tok/s=41,185 eta=15328.034334095251
step=3577 tokens=468844544/1100000000 loss=3.8074 lr=0.0002 tok/s=41,409 eta=15242.155338534503
step=3578 tokens=468975616/1100000000 loss=3.8497 lr=0.0002 tok/s=41,163 eta=15329.893138774229
step=3579 tokens=469106688/1100000000 loss=3.8393 lr=0.0002 tok/s=41,123 eta=15341.620594898066
step=3580 tokens=469237760/1100000000 loss=3.8706 lr=0.0002 tok/s=41,203 eta=15308.534482804964
step=3581 tokens=469368832/1100000000 loss=3.8211 lr=0.0002 tok/s=41,404 eta=15231.251416464313
step=3582 tokens=469499904/1100000000 loss=3.7884 lr=0.0002 tok/s=41,421 eta=15221.804952375545
step=3583 tokens=469630976/1100000000 loss=3.8156 lr=0.0002 tok/s=41,156 eta=15316.588952107784
step=3584 tokens=469762048/1100000000 loss=3.8250 lr=0.0002 tok/s=41,525 eta=15177.351749157891
step=3585 tokens=469893120/1100000000 loss=3.8225 lr=0.0002 tok/s=41,105 eta=15329.162158420202
step=3586 tokens=470024192/1100000000 loss=3.9026 lr=0.0002 tok/s=30,056 eta=20960.060132291313
step=3587 tokens=470155264/1100000000 loss=3.8108 lr=0.0002 tok/s=41,355 eta=15230.303504222691
step=3588 tokens=470286336/1100000000 loss=3.9147 lr=0.0002 tok/s=41,235 eta=15271.480974930397
step=3589 tokens=470417408/1100000000 loss=3.8716 lr=0.0002 tok/s=41,087 eta=15323.099950166397
step=3590 tokens=470548480/1100000000 loss=3.8493 lr=0.0002 tok/s=41,205 eta=15276.250140012258
step=3591 tokens=470679552/1100000000 loss=3.9011 lr=0.0002 tok/s=41,341 eta=15222.668355497308
step=3592 tokens=470810624/1100000000 loss=3.9027 lr=0.0002 tok/s=41,456 eta=15177.233638025427
step=3593 tokens=470941696/1100000000 loss=3.9370 lr=0.0002 tok/s=41,191 eta=15271.744860034334
step=3594 tokens=471072768/1100000000 loss=3.8869 lr=0.0002 tok/s=41,078 eta=15310.47977912304
step=3595 tokens=471203840/1100000000 loss=3.8200 lr=0.000199 tok/s=41,041 eta=15321.349518519104
step=3596 tokens=471334912/1100000000 loss=3.9318 lr=0.000199 tok/s=41,521 eta=15140.935980492222
step=3597 tokens=471465984/1100000000 loss=3.8745 lr=0.000199 tok/s=41,133 eta=15280.493626885394
step=3598 tokens=471597056/1100000000 loss=3.8429 lr=0.000199 tok/s=41,151 eta=15270.768537313768
step=3599 tokens=471728128/1100000000 loss=3.8614 lr=0.000199 tok/s=41,521 eta=15131.584748130063
step=3600 tokens=471859200/1100000000 loss=3.8261 lr=0.000199 tok/s=41,342 eta=15193.5903797185
step=3601 tokens=471990272/1100000000 loss=3.8203 lr=0.000199 tok/s=41,340 eta=15191.480297604256
step=3602 tokens=472121344/1100000000 loss=3.8888 lr=0.000199 tok/s=41,330 eta=15191.810840873826
step=3603 tokens=472252416/1100000000 loss=3.8317 lr=0.000199 tok/s=41,722 eta=15045.905262554787
step=3604 tokens=472383488/1100000000 loss=3.8226 lr=0.000199 tok/s=41,262 eta=15210.621591116073
step=3605 tokens=472514560/1100000000 loss=3.8576 lr=0.000199 tok/s=41,449 eta=15138.557126952628
step=3606 tokens=472645632/1100000000 loss=3.9141 lr=0.000199 tok/s=41,521 eta=15109.42548415763
step=3607 tokens=472776704/1100000000 loss=4.0085 lr=0.000199 tok/s=41,371 eta=15161.055629381655
step=3608 tokens=472907776/1100000000 loss=3.8278 lr=0.000199 tok/s=41,399 eta=15147.55644475699
step=3609 tokens=473038848/1100000000 loss=3.9127 lr=0.000199 tok/s=41,377 eta=15152.554378417286
step=3610 tokens=473169920/1100000000 loss=3.9455 lr=0.000199 tok/s=41,489 eta=15108.20086458999
step=3611 tokens=473300992/1100000000 loss=3.8480 lr=0.000199 tok/s=41,352 eta=15155.06514975283
step=3612 tokens=473432064/1100000000 loss=3.8846 lr=0.000199 tok/s=41,662 eta=15039.195923006375
step=3613 tokens=473563136/1100000000 loss=3.8692 lr=0.000199 tok/s=41,590 eta=15062.270536362053
step=3614 tokens=473694208/1100000000 loss=3.9016 lr=0.000199 tok/s=41,424 eta=15119.377752196677
step=3615 tokens=473825280/1100000000 loss=3.8547 lr=0.000198 tok/s=41,702 eta=15015.531563025821
step=3616 tokens=473956352/1100000000 loss=3.8440 lr=0.000198 tok/s=41,236 eta=15182.14159227149
step=3617 tokens=474087424/1100000000 loss=3.7893 lr=0.000198 tok/s=41,110 eta=15225.369359471952
step=3618 tokens=474218496/1100000000 loss=3.6987 lr=0.000198 tok/s=41,237 eta=15175.260435024238
step=3619 tokens=474349568/1100000000 loss=3.7526 lr=0.000198 tok/s=41,393 eta=15114.875079745609
step=3620 tokens=474480640/1100000000 loss=3.8283 lr=0.000198 tok/s=41,460 eta=15087.13145600589
step=3621 tokens=474611712/1100000000 loss=3.7594 lr=0.000198 tok/s=41,098 eta=15216.928523599581
step=3622 tokens=474742784/1100000000 loss=3.7963 lr=0.000198 tok/s=41,421 eta=15095.139917569926
step=3623 tokens=474873856/1100000000 loss=3.8115 lr=0.000198 tok/s=41,493 eta=15065.933984001775
step=3624 tokens=475004928/1100000000 loss=3.7604 lr=0.000198 tok/s=41,407 eta=15093.943853496186
step=3625 tokens=475136000/1100000000 loss=3.7981 lr=0.000198 tok/s=41,290 eta=15133.400705679547
step=3626 tokens=475267072/1100000000 loss=3.7618 lr=0.000198 tok/s=41,428 eta=15079.937145076012
step=3627 tokens=475398144/1100000000 loss=3.7898 lr=0.000198 tok/s=41,395 eta=15088.839488912383
step=3628 tokens=475529216/1100000000 loss=3.7914 lr=0.000198 tok/s=41,679 eta=14982.870019790385
step=3629 tokens=475660288/1100000000 loss=3.9256 lr=0.000198 tok/s=41,304 eta=15115.620096130277
step=3630 tokens=475791360/1100000000 loss=3.8873 lr=0.000198 tok/s=41,293 eta=15116.424326826855
step=3631 tokens=475922432/1100000000 loss=3.8338 lr=0.000198 tok/s=41,189 eta=15151.686089580484
step=3632 tokens=476053504/1100000000 loss=3.9207 lr=0.000198 tok/s=41,565 eta=15011.432888438612
step=3633 tokens=476184576/1100000000 loss=3.9630 lr=0.000198 tok/s=41,219 eta=15134.29945791362
step=3634 tokens=476315648/1100000000 loss=3.6700 lr=0.000198 tok/s=41,572 eta=15002.604950459514
step=3635 tokens=476446720/1100000000 loss=3.7498 lr=0.000197 tok/s=41,375 eta=15070.951419766663
step=3636 tokens=476577792/1100000000 loss=3.8472 lr=0.000197 tok/s=41,329 eta=15084.207942296664
step=3637 tokens=476708864/1100000000 loss=3.9218 lr=0.000197 tok/s=41,388 eta=15059.756048521529
step=3638 tokens=476839936/1100000000 loss=3.7337 lr=0.000197 tok/s=41,332 eta=15077.047290496595
step=3639 tokens=476971008/1100000000 loss=3.8123 lr=0.000197 tok/s=41,733 eta=14929.085270821792
step=3640 tokens=477102080/1100000000 loss=3.9033 lr=0.000197 tok/s=41,460 eta=15023.907293119028
step=3641 tokens=477233152/1100000000 loss=3.7654 lr=0.000197 tok/s=41,356 eta=15058.654118482029
step=3642 tokens=477364224/1100000000 loss=3.7450 lr=0.000197 tok/s=41,452 eta=15020.59500656676
step=3643 tokens=477495296/1100000000 loss=3.7713 lr=0.000197 tok/s=41,494 eta=15002.389801202258
step=3644 tokens=477626368/1100000000 loss=3.8429 lr=0.000197 tok/s=41,302 eta=15068.764984003532
step=3645 tokens=477757440/1100000000 loss=3.8566 lr=0.000197 tok/s=41,522 eta=14985.89392580378
step=3646 tokens=477888512/1100000000 loss=3.7704 lr=0.000197 tok/s=41,430 eta=15015.81296866607
step=3647 tokens=478019584/1100000000 loss=3.8218 lr=0.000197 tok/s=41,377 eta=15032.168598683653
step=3648 tokens=478150656/1100000000 loss=3.8229 lr=0.000197 tok/s=41,862 eta=14854.65547471641
step=3649 tokens=478281728/1100000000 loss=3.8952 lr=0.000197 tok/s=41,747 eta=14892.46416439338
step=3650 tokens=478412800/1100000000 loss=3.8113 lr=0.000197 tok/s=41,247 eta=15069.777092299639
step=3651 tokens=478543872/1100000000 loss=3.7906 lr=0.000197 tok/s=41,310 eta=15043.61536910257
step=3652 tokens=478674944/1100000000 loss=3.7702 lr=0.000197 tok/s=41,645 eta=14919.680983136097
step=3653 tokens=478806016/1100000000 loss=3.9544 lr=0.000197 tok/s=41,708 eta=14893.901505319904
step=3654 tokens=478937088/1100000000 loss=3.8952 lr=0.000197 tok/s=41,383 eta=15007.556790416267
step=3655 tokens=479068160/1100000000 loss=3.6610 lr=0.000196 tok/s=41,790 eta=14858.430574683602
step=3656 tokens=479199232/1100000000 loss=3.7797 lr=0.000196 tok/s=41,318 eta=15025.05137823292
step=3657 tokens=479330304/1100000000 loss=3.8419 lr=0.000196 tok/s=41,253 eta=15045.486067406506
step=3658 tokens=479461376/1100000000 loss=3.8176 lr=0.000196 tok/s=41,278 eta=15033.058593900358
step=3659 tokens=479592448/1100000000 loss=3.8522 lr=0.000196 tok/s=41,461 eta=14963.767759583985
step=3660 tokens=479723520/1100000000 loss=3.8722 lr=0.000196 tok/s=41,571 eta=14921.06460791425
step=3661 tokens=479854592/1100000000 loss=3.7588 lr=0.000196 tok/s=41,297 eta=15016.675916292203
step=3662 tokens=479985664/1100000000 loss=3.7710 lr=0.000196 tok/s=41,588 eta=14908.514134753877
step=3663 tokens=480116736/1100000000 loss=3.8567 lr=0.000196 tok/s=29,875 eta=20748.952294928138
step=3664 tokens=480247808/1100000000 loss=3.7798 lr=0.000196 tok/s=41,358 eta=14985.205815188234
step=3665 tokens=480378880/1100000000 loss=3.9612 lr=0.000196 tok/s=41,205 eta=15037.553529235765
step=3666 tokens=480509952/1100000000 loss=3.7377 lr=0.000196 tok/s=41,349 eta=14981.959708117234
step=3667 tokens=480641024/1100000000 loss=3.7582 lr=0.000196 tok/s=41,314 eta=14991.660375460011
step=3668 tokens=480772096/1100000000 loss=3.8748 lr=0.000196 tok/s=41,444 eta=14941.2251795038
step=3669 tokens=480903168/1100000000 loss=3.8381 lr=0.000196 tok/s=41,509 eta=14914.608561899691
step=3670 tokens=481034240/1100000000 loss=3.8504 lr=0.000196 tok/s=41,198 eta=15024.349512889252
step=3671 tokens=481165312/1100000000 loss=3.9151 lr=0.000196 tok/s=40,966 eta=15106.116832083959
step=3672 tokens=481296384/1100000000 loss=3.8837 lr=0.000196 tok/s=41,113 eta=15048.885621442361
step=3673 tokens=481427456/1100000000 loss=3.8863 lr=0.000196 tok/s=41,147 eta=15033.254065318557
step=3674 tokens=481558528/1100000000 loss=3.8946 lr=0.000196 tok/s=41,139 eta=15033.098194722525
step=3675 tokens=481689600/1100000000 loss=3.7954 lr=0.000195 tok/s=41,306 eta=14968.880682274068
step=3676 tokens=481820672/1100000000 loss=3.7768 lr=0.000195 tok/s=41,245 eta=14988.082168514238
step=3677 tokens=481951744/1100000000 loss=3.7421 lr=0.000195 tok/s=41,229 eta=14990.714347465213
step=3678 tokens=482082816/1100000000 loss=3.8881 lr=0.000195 tok/s=41,048 eta=15053.526207854396
step=3679 tokens=482213888/1100000000 loss=3.8141 lr=0.000195 tok/s=41,281 eta=14965.314293975794
step=3680 tokens=482344960/1100000000 loss=3.6731 lr=0.000195 tok/s=41,298 eta=14956.1181913933
step=3681 tokens=482476032/1100000000 loss=3.8033 lr=0.000195 tok/s=41,276 eta=14960.905443043646
step=3682 tokens=482607104/1100000000 loss=3.9558 lr=0.000195 tok/s=41,473 eta=14886.533608053549
step=3683 tokens=482738176/1100000000 loss=4.1601 lr=0.000195 tok/s=41,244 eta=14966.27605630758
step=3684 tokens=482869248/1100000000 loss=4.0443 lr=0.000195 tok/s=41,231 eta=14967.660071433344
step=3685 tokens=483000320/1100000000 loss=3.9108 lr=0.000195 tok/s=41,262 eta=14953.137013336695
step=3686 tokens=483131392/1100000000 loss=3.9070 lr=0.000195 tok/s=41,229 eta=14962.180156016395
step=3687 tokens=483262464/1100000000 loss=3.9605 lr=0.000195 tok/s=41,378 eta=14905.038773728975
step=3688 tokens=483393536/1100000000 loss=3.8518 lr=0.000195 tok/s=41,308 eta=14927.072883167315
step=3689 tokens=483524608/1100000000 loss=3.8458 lr=0.000195 tok/s=41,179 eta=14970.518911042362
step=3690 tokens=483655680/1100000000 loss=3.8178 lr=0.000195 tok/s=41,255 eta=14940.008582692011
step=3691 tokens=483786752/1100000000 loss=3.8573 lr=0.000195 tok/s=41,564 eta=14825.69332901147
step=3692 tokens=483917824/1100000000 loss=3.7547 lr=0.000195 tok/s=41,519 eta=14838.596519326087
step=3693 tokens=484048896/1100000000 loss=3.8241 lr=0.000195 tok/s=41,565 eta=14818.828197047387
step=3694 tokens=484179968/1100000000 loss=3.7009 lr=0.000195 tok/s=41,460 eta=14853.489555813927
step=3695 tokens=484311040/1100000000 loss=3.8791 lr=0.000194 tok/s=41,586 eta=14805.221198324229
step=3696 tokens=484442112/1100000000 loss=3.6693 lr=0.000194 tok/s=40,935 eta=15037.33468932013
step=3697 tokens=484573184/1100000000 loss=3.7764 lr=0.000194 tok/s=41,038 eta=14996.642747308548
step=3698 tokens=484704256/1100000000 loss=3.7873 lr=0.000194 tok/s=41,378 eta=14870.044647200253
step=3699 tokens=484835328/1100000000 loss=3.6577 lr=0.000194 tok/s=41,427 eta=14849.482381144473
step=3700 tokens=484966400/1100000000 loss=3.7144 lr=0.000194 tok/s=41,379 eta=14863.360756495375
step=3701 tokens=485097472/1100000000 loss=3.6739 lr=0.000194 tok/s=41,035 eta=14984.794796946875
step=3702 tokens=485228544/1100000000 loss=3.7812 lr=0.000194 tok/s=41,113 eta=14953.03725570934
step=3703 tokens=485359616/1100000000 loss=3.7406 lr=0.000194 tok/s=41,204 eta=14917.060014037324
step=3704 tokens=485490688/1100000000 loss=3.7163 lr=0.000194 tok/s=40,870 eta=15035.79568810058
step=3705 tokens=485621760/1100000000 loss=3.8602 lr=0.000194 tok/s=41,001 eta=14984.566777779079
step=3706 tokens=485752832/1100000000 loss=3.7718 lr=0.000194 tok/s=40,910 eta=15014.635430156763
step=3707 tokens=485883904/1100000000 loss=3.7148 lr=0.000194 tok/s=41,089 eta=14945.866821323438
step=3708 tokens=486014976/1100000000 loss=3.7480 lr=0.000194 tok/s=41,283 eta=14872.59202199133
step=3709 tokens=486146048/1100000000 loss=3.5889 lr=0.000194 tok/s=40,995 eta=14973.779198584978
step=3710 tokens=486277120/1100000000 loss=3.7423 lr=0.000194 tok/s=41,253 eta=14877.129030814778
step=3711 tokens=486408192/1100000000 loss=3.7680 lr=0.000194 tok/s=41,180 eta=14900.099903703387
step=3712 tokens=486539264/1100000000 loss=3.6112 lr=0.000194 tok/s=41,662 eta=14724.834903816265
step=3713 tokens=486670336/1100000000 loss=3.6962 lr=0.000194 tok/s=41,610 eta=14739.958123247894
step=3714 tokens=486801408/1100000000 loss=3.8993 lr=0.000194 tok/s=41,372 eta=14821.61956489118
step=3715 tokens=486932480/1100000000 loss=4.1243 lr=0.000193 tok/s=41,386 eta=14813.526116861321
step=3716 tokens=487063552/1100000000 loss=4.0089 lr=0.000193 tok/s=41,512 eta=14765.431155258242
step=3717 tokens=487194624/1100000000 loss=3.9403 lr=0.000193 tok/s=41,593 eta=14733.445519113164
checkpoint saved: runs/20260905-021323/checkpoints/step_000003717 (time)
step=3718 tokens=487325696/1100000000 loss=3.9444 lr=0.000193 tok/s=33,830 eta=18110.22616436705
step=3719 tokens=487456768/1100000000 loss=3.9940 lr=0.000193 tok/s=41,778 eta=14661.743189780604
step=3720 tokens=487587840/1100000000 loss=3.9158 lr=0.000193 tok/s=41,564 eta=14734.07121253842
step=3721 tokens=487718912/1100000000 loss=3.9164 lr=0.000193 tok/s=41,501 eta=14753.397975428226
step=3722 tokens=487849984/1100000000 loss=3.9020 lr=0.000193 tok/s=41,610 eta=14711.627700852207
step=3723 tokens=487981056/1100000000 loss=3.9712 lr=0.000193 tok/s=41,301 eta=14818.37689897851
step=3724 tokens=488112128/1100000000 loss=3.9284 lr=0.000193 tok/s=41,335 eta=14803.126455092195
step=3725 tokens=488243200/1100000000 loss=3.8628 lr=0.000193 tok/s=41,504 eta=14739.77964579372
step=3726 tokens=488374272/1100000000 loss=3.8341 lr=0.000193 tok/s=41,434 eta=14761.271608421923
step=3727 tokens=488505344/1100000000 loss=3.8559 lr=0.000193 tok/s=41,427 eta=14760.771645792256
step=3728 tokens=488636416/1100000000 loss=3.8496 lr=0.000193 tok/s=41,427 eta=14757.54242377868
step=3729 tokens=488767488/1100000000 loss=3.8239 lr=0.000193 tok/s=41,245 eta=14819.411068442807
step=3730 tokens=488898560/1100000000 loss=3.9231 lr=0.000193 tok/s=41,246 eta=14815.988098020669
step=3731 tokens=489029632/1100000000 loss=3.8704 lr=0.000193 tok/s=41,178 eta=14837.281807008936
step=3732 tokens=489160704/1100000000 loss=3.9379 lr=0.000193 tok/s=41,520 eta=14711.902805162828
step=3733 tokens=489291776/1100000000 loss=3.9516 lr=0.000193 tok/s=41,268 eta=14798.528135614655
step=3734 tokens=489422848/1100000000 loss=3.9099 lr=0.000193 tok/s=41,373 eta=14757.8744725406
step=3735 tokens=489553920/1100000000 loss=3.9391 lr=0.000192 tok/s=41,311 eta=14776.947526489783
step=3736 tokens=489684992/1100000000 loss=3.8666 lr=0.000192 tok/s=41,447 eta=14725.133105103941
step=3737 tokens=489816064/1100000000 loss=3.8789 lr=0.000192 tok/s=41,709 eta=14629.579855869593
step=3738 tokens=489947136/1100000000 loss=3.9489 lr=0.000192 tok/s=41,451 eta=14717.496854807505
step=3739 tokens=490078208/1100000000 loss=3.8915 lr=0.000192 tok/s=30,061 eta=20289.45365113622
step=3740 tokens=490209280/1100000000 loss=3.8201 lr=0.000192 tok/s=41,299 eta=14765.226236740533
step=3741 tokens=490340352/1100000000 loss=3.9003 lr=0.000192 tok/s=41,574 eta=14664.334636651722
step=3742 tokens=490471424/1100000000 loss=3.8910 lr=0.000192 tok/s=41,738 eta=14603.772612986118
step=3743 tokens=490602496/1100000000 loss=3.8701 lr=0.000192 tok/s=41,601 eta=14648.458402046372
step=3744 tokens=490733568/1100000000 loss=3.9435 lr=0.000192 tok/s=41,591 eta=14649.161278636519
step=3745 tokens=490864640/1100000000 loss=3.8051 lr=0.000192 tok/s=41,652 eta=14624.28681013907
step=3746 tokens=490995712/1100000000 loss=3.8469 lr=0.000192 tok/s=41,391 eta=14713.441007025893
step=3747 tokens=491126784/1100000000 loss=3.6788 lr=0.000192 tok/s=41,327 eta=14733.163469540441
step=3748 tokens=491257856/1100000000 loss=3.6025 lr=0.000192 tok/s=41,508 eta=14665.646215069795
step=3749 tokens=491388928/1100000000 loss=3.5274 lr=0.000192 tok/s=41,147 eta=14791.269067044077
step=3750 tokens=491520000/1100000000 loss=3.5327 lr=0.000192 tok/s=41,688 eta=14596.136219242357
step=3751 tokens=491651072/1100000000 loss=3.5447 lr=0.000192 tok/s=41,364 eta=14707.077333528247
step=3752 tokens=491782144/1100000000 loss=3.4643 lr=0.000192 tok/s=41,379 eta=14698.837612431897
step=3753 tokens=491913216/1100000000 loss=3.5100 lr=0.000192 tok/s=41,360 eta=14702.166317003976
step=3754 tokens=492044288/1100000000 loss=3.4764 lr=0.000192 tok/s=41,452 eta=14666.486485303853
step=3755 tokens=492175360/1100000000 loss=3.4770 lr=0.000191 tok/s=41,276 eta=14725.818633503968
step=3756 tokens=492306432/1100000000 loss=3.4315 lr=0.000191 tok/s=41,042 eta=14806.626844747003
step=3757 tokens=492437504/1100000000 loss=3.4464 lr=0.000191 tok/s=41,235 eta=14734.314753352182
step=3758 tokens=492568576/1100000000 loss=3.4560 lr=0.000191 tok/s=41,121 eta=14771.900048955167
step=3759 tokens=492699648/1100000000 loss=3.4353 lr=0.000191 tok/s=40,879 eta=14856.08640368759
step=3760 tokens=492830720/1100000000 loss=3.4070 lr=0.000191 tok/s=40,888 eta=14849.611785449448
step=3761 tokens=492961792/1100000000 loss=3.4048 lr=0.000191 tok/s=40,949 eta=14824.336626632043
step=3762 tokens=493092864/1100000000 loss=3.4274 lr=0.000191 tok/s=41,128 eta=14756.531226376666
step=3763 tokens=493223936/1100000000 loss=3.3697 lr=0.000191 tok/s=41,288 eta=14696.170053668247
step=3764 tokens=493355008/1100000000 loss=3.3647 lr=0.000191 tok/s=41,048 eta=14778.824918925957
step=3765 tokens=493486080/1100000000 loss=3.3692 lr=0.000191 tok/s=41,002 eta=14792.46577175959
step=3766 tokens=493617152/1100000000 loss=3.3555 lr=0.000191 tok/s=41,087 eta=14758.634526802487
step=3767 tokens=493748224/1100000000 loss=3.3912 lr=0.000191 tok/s=41,267 eta=14690.926046484605
step=3768 tokens=493879296/1100000000 loss=3.3472 lr=0.000191 tok/s=41,091 eta=14750.626993346512
step=3769 tokens=494010368/1100000000 loss=3.3636 lr=0.000191 tok/s=41,452 eta=14619.234557340198
step=3770 tokens=494141440/1100000000 loss=3.3211 lr=0.000191 tok/s=41,222 eta=14697.39926593258
step=3771 tokens=494272512/1100000000 loss=3.3356 lr=0.000191 tok/s=41,262 eta=14680.137686783
step=3772 tokens=494403584/1100000000 loss=3.3202 lr=0.000191 tok/s=41,409 eta=14624.662836245432
step=3773 tokens=494534656/1100000000 loss=3.3758 lr=0.000191 tok/s=41,253 eta=14676.733609286654
step=3774 tokens=494665728/1100000000 loss=3.3288 lr=0.000191 tok/s=40,902 eta=14799.469356808262
step=3775 tokens=494796800/1100000000 loss=3.3361 lr=0.00019 tok/s=41,019 eta=14754.312781347617
step=3776 tokens=494927872/1100000000 loss=3.3477 lr=0.00019 tok/s=41,049 eta=14740.259214763908
step=3777 tokens=495058944/1100000000 loss=3.3315 lr=0.00019 tok/s=40,993 eta=14757.146086974833
step=3778 tokens=495190016/1100000000 loss=3.7904 lr=0.00019 tok/s=40,922 eta=14779.431214264303
step=3779 tokens=495321088/1100000000 loss=4.1421 lr=0.00019 tok/s=41,147 eta=14695.704638699697
step=3780 tokens=495452160/1100000000 loss=3.9726 lr=0.00019 tok/s=41,170 eta=14684.1869911359
step=3781 tokens=495583232/1100000000 loss=3.8525 lr=0.00019 tok/s=40,898 eta=14778.641476086003
step=3782 tokens=495714304/1100000000 loss=3.8864 lr=0.00019 tok/s=41,113 eta=14698.263547660661
step=3783 tokens=495845376/1100000000 loss=3.7761 lr=0.00019 tok/s=41,035 eta=14722.83763811372
step=3784 tokens=495976448/1100000000 loss=3.8663 lr=0.00019 tok/s=40,867 eta=14780.11179380232
step=3785 tokens=496107520/1100000000 loss=3.7523 lr=0.00019 tok/s=40,984 eta=14734.783920809781
step=3786 tokens=496238592/1100000000 loss=3.7976 lr=0.00019 tok/s=41,274 eta=14628.29112930832
step=3787 tokens=496369664/1100000000 loss=3.7796 lr=0.00019 tok/s=41,051 eta=14704.541639866135
step=3788 tokens=496500736/1100000000 loss=3.6888 lr=0.00019 tok/s=41,144 eta=14668.093776311634
step=3789 tokens=496631808/1100000000 loss=3.6866 lr=0.00019 tok/s=41,118 eta=14674.187849042484
step=3790 tokens=496762880/1100000000 loss=3.7651 lr=0.00019 tok/s=41,230 eta=14631.142116021356
step=3791 tokens=496893952/1100000000 loss=3.7840 lr=0.00019 tok/s=41,190 eta=14641.95789746086
step=3792 tokens=497025024/1100000000 loss=3.7289 lr=0.00019 tok/s=40,935 eta=14730.151907046942
step=3793 tokens=497156096/1100000000 loss=3.7138 lr=0.00019 tok/s=41,090 eta=14671.346155581743
step=3794 tokens=497287168/1100000000 loss=3.6390 lr=0.000189 tok/s=41,205 eta=14627.198900673404
step=3795 tokens=497418240/1100000000 loss=3.6843 lr=0.000189 tok/s=40,999 eta=14697.581220045024
step=3796 tokens=497549312/1100000000 loss=3.7040 lr=0.000189 tok/s=41,012 eta=14689.538941807225
step=3797 tokens=497680384/1100000000 loss=3.6512 lr=0.000189 tok/s=41,233 eta=14607.576956525962
step=3798 tokens=497811456/1100000000 loss=3.7648 lr=0.000189 tok/s=41,394 eta=14547.642067061934
step=3799 tokens=497942528/1100000000 loss=3.6587 lr=0.000189 tok/s=41,219 eta=14606.355749823626
step=3800 tokens=498073600/1100000000 loss=3.6678 lr=0.000189 tok/s=41,089 eta=14649.202266380711
step=3801 tokens=498204672/1100000000 loss=3.7044 lr=0.000189 tok/s=41,201 eta=14606.463586444865
step=3802 tokens=498335744/1100000000 loss=3.6519 lr=0.000189 tok/s=41,117 eta=14632.967896020273
step=3803 tokens=498466816/1100000000 loss=3.6619 lr=0.000189 tok/s=41,247 eta=14583.795560038456
step=3804 tokens=498597888/1100000000 loss=3.6877 lr=0.000189 tok/s=41,395 eta=14528.54604712366
step=3805 tokens=498728960/1100000000 loss=3.6772 lr=0.000189 tok/s=41,229 eta=14583.835057087492
step=3806 tokens=498860032/1100000000 loss=3.6268 lr=0.000189 tok/s=40,900 eta=14697.885499621758
step=3807 tokens=498991104/1100000000 loss=3.5983 lr=0.000189 tok/s=41,177 eta=14595.884909743892
step=3808 tokens=499122176/1100000000 loss=3.6710 lr=0.000189 tok/s=40,980 eta=14662.542530467408
step=3809 tokens=499253248/1100000000 loss=3.7238 lr=0.000189 tok/s=41,139 eta=14602.917755103186
step=3810 tokens=499384320/1100000000 loss=3.8999 lr=0.000189 tok/s=40,970 eta=14659.898667337548
step=3811 tokens=499515392/1100000000 loss=4.1083 lr=0.000189 tok/s=41,021 eta=14638.325667484232
step=3812 tokens=499646464/1100000000 loss=4.0329 lr=0.000189 tok/s=41,139 eta=14593.456801362547
step=3813 tokens=499777536/1100000000 loss=4.0467 lr=0.000189 tok/s=41,121 eta=14596.659744180814
step=3814 tokens=499908608/1100000000 loss=3.9593 lr=0.000188 tok/s=41,307 eta=14527.693252411731
step=3815 tokens=500039680/1100000000 loss=3.9496 lr=0.000188 tok/s=29,782 eta=20145.31063155368
checkpoint saved: runs/20260905-021323/checkpoints/tokens_000500m (permanent_tokens)
step=3816 tokens=500170752/1100000000 loss=4.0134 lr=0.000188 tok/s=34,688 eta=17292.25764877548
step=3817 tokens=500301824/1100000000 loss=3.9808 lr=0.000188 tok/s=41,391 eta=14488.786989363845
step=3818 tokens=500432896/1100000000 loss=3.9312 lr=0.000188 tok/s=41,417 eta=14476.243208096623
step=3819 tokens=500563968/1100000000 loss=3.9811 lr=0.000188 tok/s=41,524 eta=14436.003418981856
step=3820 tokens=500695040/1100000000 loss=3.8557 lr=0.000188 tok/s=41,490 eta=14444.45006630376
step=3821 tokens=500826112/1100000000 loss=3.9286 lr=0.000188 tok/s=41,296 eta=14509.122474705337
step=3822 tokens=500957184/1100000000 loss=3.8184 lr=0.000188 tok/s=41,288 eta=14509.021964719159
step=3823 tokens=501088256/1100000000 loss=3.8082 lr=0.000188 tok/s=41,180 eta=14543.867742317003
step=3824 tokens=501219328/1100000000 loss=3.9791 lr=0.000188 tok/s=41,342 eta=14483.618477549695
step=3825 tokens=501350400/1100000000 loss=3.8741 lr=0.000188 tok/s=41,111 eta=14561.909177249549
step=3826 tokens=501481472/1100000000 loss=3.8592 lr=0.000188 tok/s=41,416 eta=14451.296111525748
step=3827 tokens=501612544/1100000000 loss=3.9017 lr=0.000188 tok/s=41,408 eta=14451.161407649948
step=3828 tokens=501743616/1100000000 loss=3.9205 lr=0.000188 tok/s=41,179 eta=14528.177473104268
step=3829 tokens=501874688/1100000000 loss=3.9220 lr=0.000188 tok/s=41,164 eta=14530.192118215838
step=3830 tokens=502005760/1100000000 loss=3.8146 lr=0.000188 tok/s=41,349 eta=14461.968393843488
step=3831 tokens=502136832/1100000000 loss=3.8320 lr=0.000188 tok/s=41,416 eta=14435.471423000095
step=3832 tokens=502267904/1100000000 loss=3.9124 lr=0.000188 tok/s=41,336 eta=14460.501200061142
step=3833 tokens=502398976/1100000000 loss=3.9528 lr=0.000188 tok/s=41,271 eta=14479.90504600631
step=3834 tokens=502530048/1100000000 loss=3.9434 lr=0.000187 tok/s=41,072 eta=14546.895116238757
step=3835 tokens=502661120/1100000000 loss=3.9295 lr=0.000187 tok/s=41,345 eta=14447.546414288703
step=3836 tokens=502792192/1100000000 loss=3.8957 lr=0.000187 tok/s=41,223 eta=14487.333624909552
step=3837 tokens=502923264/1100000000 loss=3.8756 lr=0.000187 tok/s=41,011 eta=14558.801077222535
step=3838 tokens=503054336/1100000000 loss=3.8350 lr=0.000187 tok/s=41,207 eta=14486.360738425878
step=3839 tokens=503185408/1100000000 loss=3.8002 lr=0.000187 tok/s=41,289 eta=14454.558018526715
step=3840 tokens=503316480/1100000000 loss=3.8479 lr=0.000187 tok/s=41,223 eta=14474.592118544982
step=3841 tokens=503447552/1100000000 loss=3.8112 lr=0.000187 tok/s=41,134 eta=14502.68853213214
step=3842 tokens=503578624/1100000000 loss=3.8934 lr=0.000187 tok/s=41,417 eta=14400.226470174508
step=3843 tokens=503709696/1100000000 loss=3.8417 lr=0.000187 tok/s=41,354 eta=14419.29079600423
step=3844 tokens=503840768/1100000000 loss=3.8955 lr=0.000187 tok/s=41,305 eta=14432.986511423627
step=3845 tokens=503971840/1100000000 loss=3.8420 lr=0.000187 tok/s=41,330 eta=14421.34097655036
step=3846 tokens=504102912/1100000000 loss=3.8731 lr=0.000187 tok/s=41,300 eta=14428.342597029972
step=3847 tokens=504233984/1100000000 loss=3.7503 lr=0.000187 tok/s=41,313 eta=14420.670058675323
step=3848 tokens=504365056/1100000000 loss=3.8789 lr=0.000187 tok/s=41,285 eta=14427.498751829497
step=3849 tokens=504496128/1100000000 loss=3.8124 lr=0.000187 tok/s=41,227 eta=14444.566121562213
step=3850 tokens=504627200/1100000000 loss=3.6217 lr=0.000187 tok/s=41,293 eta=14418.101317224202
step=3851 tokens=504758272/1100000000 loss=3.8113 lr=0.000187 tok/s=40,976 eta=14526.63525243207
step=3852 tokens=504889344/1100000000 loss=3.8520 lr=0.000187 tok/s=41,318 eta=14403.30769620862
step=3853 tokens=505020416/1100000000 loss=3.3820 lr=0.000186 tok/s=41,341 eta=14392.091032235609
step=3854 tokens=505151488/1100000000 loss=3.8751 lr=0.000186 tok/s=41,299 eta=14403.516742732347
step=3855 tokens=505282560/1100000000 loss=3.7869 lr=0.000186 tok/s=41,284 eta=14405.683775140928
step=3856 tokens=505413632/1100000000 loss=3.9563 lr=0.000186 tok/s=41,319 eta=14390.24175273588
step=3857 tokens=505544704/1100000000 loss=3.9322 lr=0.000186 tok/s=41,362 eta=14372.149668889537
step=3858 tokens=505675776/1100000000 loss=3.8848 lr=0.000186 tok/s=41,289 eta=14394.183493559674
step=3859 tokens=505806848/1100000000 loss=3.8293 lr=0.000186 tok/s=41,179 eta=14429.354003683371
step=3860 tokens=505937920/1100000000 loss=3.7800 lr=0.000186 tok/s=41,181 eta=14425.707894665285
step=3861 tokens=506068992/1100000000 loss=3.9014 lr=0.000186 tok/s=41,344 eta=14365.624189036283
step=3862 tokens=506200064/1100000000 loss=3.9042 lr=0.000186 tok/s=41,475 eta=14316.942924449146
step=3863 tokens=506331136/1100000000 loss=3.8630 lr=0.000186 tok/s=41,297 eta=14375.702557112078
step=3864 tokens=506462208/1100000000 loss=3.7634 lr=0.000186 tok/s=41,231 eta=14395.508387942029
step=3865 tokens=506593280/1100000000 loss=3.8028 lr=0.000186 tok/s=41,198 eta=14403.731275692428
step=3866 tokens=506724352/1100000000 loss=3.8854 lr=0.000186 tok/s=41,142 eta=14420.321115375275
step=3867 tokens=506855424/1100000000 loss=3.8690 lr=0.000186 tok/s=41,074 eta=14441.02602452464
step=3868 tokens=506986496/1100000000 loss=3.8876 lr=0.000186 tok/s=41,611 eta=14251.253280512154
step=3869 tokens=507117568/1100000000 loss=3.8470 lr=0.000186 tok/s=41,335 eta=14343.181560167053
step=3870 tokens=507248640/1100000000 loss=3.7702 lr=0.000186 tok/s=41,350 eta=14334.83019576988
step=3871 tokens=507379712/1100000000 loss=3.7789 lr=0.000186 tok/s=41,299 eta=14349.453866644011
step=3872 tokens=507510784/1100000000 loss=3.6965 lr=0.000186 tok/s=41,259 eta=14360.072755670022
step=3873 tokens=507641856/1100000000 loss=3.8704 lr=0.000185 tok/s=41,214 eta=14372.826843334367
step=3874 tokens=507772928/1100000000 loss=3.8677 lr=0.000185 tok/s=41,151 eta=14391.675244834349
step=3875 tokens=507904000/1100000000 loss=3.8647 lr=0.000185 tok/s=41,164 eta=14383.76017021462
step=3876 tokens=508035072/1100000000 loss=3.5594 lr=0.000185 tok/s=41,123 eta=14395.148429492145
step=3877 tokens=508166144/1100000000 loss=3.8693 lr=0.000185 tok/s=41,082 eta=14406.18509243669
step=3878 tokens=508297216/1100000000 loss=3.8773 lr=0.000185 tok/s=41,352 eta=14308.854831246175
step=3879 tokens=508428288/1100000000 loss=3.7995 lr=0.000185 tok/s=41,294 eta=14325.94168849772
step=3880 tokens=508559360/1100000000 loss=3.9275 lr=0.000185 tok/s=41,154 eta=14371.310409922704
step=3881 tokens=508690432/1100000000 loss=3.6717 lr=0.000185 tok/s=41,236 eta=14339.73320434589
step=3882 tokens=508821504/1100000000 loss=3.7635 lr=0.000185 tok/s=41,185 eta=14354.140390450943
step=3883 tokens=508952576/1100000000 loss=3.8091 lr=0.000185 tok/s=41,429 eta=14266.405086425424
step=3884 tokens=509083648/1100000000 loss=3.7494 lr=0.000185 tok/s=41,175 eta=14351.225662447536
step=3885 tokens=509214720/1100000000 loss=3.8774 lr=0.000185 tok/s=41,325 eta=14296.113352164644
step=3886 tokens=509345792/1100000000 loss=3.8787 lr=0.000185 tok/s=41,302 eta=14300.836262852066
step=3887 tokens=509476864/1100000000 loss=3.8935 lr=0.000185 tok/s=41,006 eta=14400.918641468357
step=3888 tokens=509607936/1100000000 loss=3.8770 lr=0.000185 tok/s=41,019 eta=14393.281358201286
step=3889 tokens=509739008/1100000000 loss=3.8392 lr=0.000185 tok/s=41,369 eta=14268.330418171496
step=3890 tokens=509870080/1100000000 loss=3.9557 lr=0.000185 tok/s=41,066 eta=14370.26832800225
step=3891 tokens=510001152/1100000000 loss=3.7688 lr=0.000185 tok/s=29,770 eta=19818.324222758532
step=3892 tokens=510132224/1100000000 loss=4.0342 lr=0.000185 tok/s=41,014 eta=14382.009880584896
step=3893 tokens=510263296/1100000000 loss=3.8400 lr=0.000184 tok/s=41,186 eta=14318.86123709465
step=3894 tokens=510394368/1100000000 loss=3.7664 lr=0.000184 tok/s=41,204 eta=14309.302705404687
step=3895 tokens=510525440/1100000000 loss=3.8214 lr=0.000184 tok/s=40,978 eta=14385.209045772333
step=3896 tokens=510656512/1100000000 loss=3.8368 lr=0.000184 tok/s=41,151 eta=14321.522052348126
step=3897 tokens=510787584/1100000000 loss=3.8045 lr=0.000184 tok/s=41,070 eta=14346.519440486756
step=3898 tokens=510918656/1100000000 loss=3.7830 lr=0.000184 tok/s=41,283 eta=14269.471241258672
step=3899 tokens=511049728/1100000000 loss=3.8814 lr=0.000184 tok/s=41,468 eta=14202.682938999795
step=3900 tokens=511180800/1100000000 loss=3.8423 lr=0.000184 tok/s=41,575 eta=14162.74742772418
step=3901 tokens=511311872/1100000000 loss=3.7714 lr=0.000184 tok/s=41,351 eta=14236.330649174666
step=3902 tokens=511442944/1100000000 loss=3.8332 lr=0.000184 tok/s=41,140 eta=14306.218995584388
step=3903 tokens=511574016/1100000000 loss=3.8154 lr=0.000184 tok/s=41,086 eta=14321.953294865545
step=3904 tokens=511705088/1100000000 loss=3.8541 lr=0.000184 tok/s=41,379 eta=14217.179543027893
step=3905 tokens=511836160/1100000000 loss=3.8989 lr=0.000184 tok/s=41,548 eta=14156.127279153336
step=3906 tokens=511967232/1100000000 loss=3.8976 lr=0.000184 tok/s=41,640 eta=14121.807045432859
step=3907 tokens=512098304/1100000000 loss=3.8687 lr=0.000184 tok/s=41,659 eta=14112.181058116654
step=3908 tokens=512229376/1100000000 loss=3.8544 lr=0.000184 tok/s=41,516 eta=14157.535826853089
step=3909 tokens=512360448/1100000000 loss=3.7878 lr=0.000184 tok/s=41,551 eta=14142.6264368494
step=3910 tokens=512491520/1100000000 loss=3.7736 lr=0.000184 tok/s=41,407 eta=14188.743524883144
step=3911 tokens=512622592/1100000000 loss=3.9596 lr=0.000184 tok/s=41,499 eta=14153.9703840437
step=3912 tokens=512753664/1100000000 loss=3.8488 lr=0.000183 tok/s=41,599 eta=14116.803636064378
step=3913 tokens=512884736/1100000000 loss=3.7802 lr=0.000183 tok/s=41,741 eta=14065.775558347683
step=3914 tokens=513015808/1100000000 loss=3.8535 lr=0.000183 tok/s=41,407 eta=14175.803701928166
step=3915 tokens=513146880/1100000000 loss=3.9214 lr=0.000183 tok/s=41,500 eta=14141.087549009302
step=3916 tokens=513277952/1100000000 loss=3.8732 lr=0.000183 tok/s=41,612 eta=14099.970898607968
step=3917 tokens=513409024/1100000000 loss=3.8696 lr=0.000183 tok/s=41,642 eta=14086.598815170826
step=3918 tokens=513540096/1100000000 loss=3.7898 lr=0.000183 tok/s=41,648 eta=14081.461228850112
step=3919 tokens=513671168/1100000000 loss=3.8532 lr=0.000183 tok/s=41,637 eta=14081.920113655018
step=3920 tokens=513802240/1100000000 loss=3.8755 lr=0.000183 tok/s=41,508 eta=14122.69363898578
step=3921 tokens=513933312/1100000000 loss=3.7945 lr=0.000183 tok/s=41,556 eta=14103.095401806391
step=3922 tokens=514064384/1100000000 loss=3.8219 lr=0.000183 tok/s=41,642 eta=14070.821850001781
step=3923 tokens=514195456/1100000000 loss=3.7568 lr=0.000183 tok/s=41,224 eta=14210.365058548048
step=3924 tokens=514326528/1100000000 loss=3.8042 lr=0.000183 tok/s=41,502 eta=14111.97791333828
step=3925 tokens=514457600/1100000000 loss=3.7650 lr=0.000183 tok/s=41,378 eta=14150.902467317563
step=3926 tokens=514588672/1100000000 loss=3.7809 lr=0.000183 tok/s=41,539 eta=14092.92102068607
step=3927 tokens=514719744/1100000000 loss=3.8925 lr=0.000183 tok/s=41,145 eta=14224.875005931752
step=3928 tokens=514850816/1100000000 loss=3.7970 lr=0.000183 tok/s=41,170 eta=14212.86138918507
step=3929 tokens=514981888/1100000000 loss=3.8552 lr=0.000183 tok/s=41,143 eta=14219.238909268384
step=3930 tokens=515112960/1100000000 loss=3.7912 lr=0.000183 tok/s=41,262 eta=14174.88688027543
step=3931 tokens=515244032/1100000000 loss=3.7848 lr=0.000183 tok/s=41,104 eta=14226.231913641524
step=3932 tokens=515375104/1100000000 loss=3.8919 lr=0.000182 tok/s=41,293 eta=14157.848992167248
step=3933 tokens=515506176/1100000000 loss=3.8281 lr=0.000182 tok/s=41,173 eta=14195.92592449168
step=3934 tokens=515637248/1100000000 loss=3.8491 lr=0.000182 tok/s=41,382 eta=14121.083909028004
step=3935 tokens=515768320/1100000000 loss=3.8457 lr=0.000182 tok/s=41,421 eta=14104.857176746309
step=3936 tokens=515899392/1100000000 loss=3.8477 lr=0.000182 tok/s=41,296 eta=14144.271035908294
step=3937 tokens=516030464/1100000000 loss=3.7276 lr=0.000182 tok/s=41,192 eta=14176.798490148687
step=3938 tokens=516161536/1100000000 loss=3.6950 lr=0.000182 tok/s=41,306 eta=14134.565080141301
step=3939 tokens=516292608/1100000000 loss=3.5151 lr=0.000182 tok/s=41,176 eta=14176.04404092416
step=3940 tokens=516423680/1100000000 loss=3.4811 lr=0.000182 tok/s=40,864 eta=14280.7695813459
step=3941 tokens=516554752/1100000000 loss=3.4111 lr=0.000182 tok/s=40,885 eta=14270.487668014732
step=3942 tokens=516685824/1100000000 loss=3.3856 lr=0.000182 tok/s=41,184 eta=14163.726951981202
step=3943 tokens=516816896/1100000000 loss=3.4487 lr=0.000182 tok/s=41,068 eta=14200.350466424776
step=3944 tokens=516947968/1100000000 loss=3.3999 lr=0.000182 tok/s=41,053 eta=14202.57459858086
step=3945 tokens=517079040/1100000000 loss=3.4205 lr=0.000182 tok/s=41,269 eta=14124.917685658907
step=3946 tokens=517210112/1100000000 loss=3.3726 lr=0.000182 tok/s=41,134 eta=14168.006642889037
step=3947 tokens=517341184/1100000000 loss=3.3597 lr=0.000182 tok/s=40,945 eta=14230.419785216807
step=3948 tokens=517472256/1100000000 loss=3.3300 lr=0.000182 tok/s=41,189 eta=14142.84222968533
step=3949 tokens=517603328/1100000000 loss=3.3624 lr=0.000182 tok/s=41,084 eta=14175.601393217361
step=3950 tokens=517734400/1100000000 loss=3.3270 lr=0.000182 tok/s=41,058 eta=14181.615477447154
step=3951 tokens=517865472/1100000000 loss=3.3007 lr=0.000182 tok/s=41,121 eta=14156.50586539889
step=3952 tokens=517996544/1100000000 loss=3.3252 lr=0.000181 tok/s=41,156 eta=14141.405604196883
step=3953 tokens=518127616/1100000000 loss=3.3213 lr=0.000181 tok/s=41,233 eta=14111.866159197547
step=3954 tokens=518258688/1100000000 loss=3.3044 lr=0.000181 tok/s=41,132 eta=14143.372323917925
step=3955 tokens=518389760/1100000000 loss=3.3324 lr=0.000181 tok/s=40,825 eta=14246.333049405113
step=3956 tokens=518520832/1100000000 loss=3.3063 lr=0.000181 tok/s=40,989 eta=14186.385218952855
step=3957 tokens=518651904/1100000000 loss=3.3277 lr=0.000181 tok/s=41,234 eta=14098.585788519023
step=3958 tokens=518782976/1100000000 loss=3.3255 lr=0.000181 tok/s=41,146 eta=14125.596200672557
step=3959 tokens=518914048/1100000000 loss=3.2587 lr=0.000181 tok/s=41,162 eta=14117.162452107485
step=3960 tokens=519045120/1100000000 loss=3.3404 lr=0.000181 tok/s=40,964 eta=14182.093587354604
step=3961 tokens=519176192/1100000000 loss=3.2654 lr=0.000181 tok/s=41,234 eta=14086.09439024298
step=3962 tokens=519307264/1100000000 loss=3.2994 lr=0.000181 tok/s=41,278 eta=14067.906313014155
step=3963 tokens=519438336/1100000000 loss=3.2667 lr=0.000181 tok/s=41,497 eta=13990.287380155898
step=3964 tokens=519569408/1100000000 loss=3.2859 lr=0.000181 tok/s=41,721 eta=13912.12186079437
step=3965 tokens=519700480/1100000000 loss=3.2902 lr=0.000181 tok/s=41,122 eta=14111.792483871908
step=3966 tokens=519831552/1100000000 loss=3.2728 lr=0.000181 tok/s=41,185 eta=14086.941925805017
step=3967 tokens=519962624/1100000000 loss=3.2930 lr=0.000181 tok/s=41,102 eta=14112.104451845866
step=3968 tokens=520093696/1100000000 loss=3.2569 lr=0.000181 tok/s=29,666 eta=19548.166298958564
step=3969 tokens=520224768/1100000000 loss=3.2614 lr=0.000181 tok/s=41,055 eta=14121.995952784348
step=3970 tokens=520355840/1100000000 loss=3.5522 lr=0.000181 tok/s=41,030 eta=14127.330841825475
step=3971 tokens=520486912/1100000000 loss=3.9485 lr=0.00018 tok/s=41,300 eta=14031.812585807524
step=3972 tokens=520617984/1100000000 loss=3.9198 lr=0.00018 tok/s=41,257 eta=14043.341566250323
step=3973 tokens=520749056/1100000000 loss=3.9566 lr=0.00018 tok/s=41,369 eta=14001.961412844325
step=3974 tokens=520880128/1100000000 loss=3.9643 lr=0.00018 tok/s=41,379 eta=13995.451237442207
step=3975 tokens=521011200/1100000000 loss=3.8459 lr=0.00018 tok/s=41,033 eta=14110.335935167503
step=3976 tokens=521142272/1100000000 loss=3.9050 lr=0.00018 tok/s=41,236 eta=14037.775812566386
step=3977 tokens=521273344/1100000000 loss=3.8300 lr=0.00018 tok/s=41,279 eta=14019.916995974003
step=3978 tokens=521404416/1100000000 loss=3.9748 lr=0.00018 tok/s=41,472 eta=13951.591780155477
step=3979 tokens=521535488/1100000000 loss=3.8603 lr=0.00018 tok/s=40,829 eta=14168.003006561528
step=3980 tokens=521666560/1100000000 loss=3.9106 lr=0.00018 tok/s=41,598 eta=13902.849267969139
step=3981 tokens=521797632/1100000000 loss=3.9739 lr=0.00018 tok/s=41,478 eta=13939.818910875783
step=3982 tokens=521928704/1100000000 loss=3.8804 lr=0.00018 tok/s=41,349 eta=13980.45361915338
step=3983 tokens=522059776/1100000000 loss=3.9332 lr=0.00018 tok/s=41,603 eta=13891.692743862846
step=3984 tokens=522190848/1100000000 loss=3.8253 lr=0.00018 tok/s=41,649 eta=13873.20705432422
step=3985 tokens=522321920/1100000000 loss=3.9457 lr=0.00018 tok/s=41,548 eta=13903.903067330148
step=3986 tokens=522452992/1100000000 loss=3.9092 lr=0.00018 tok/s=41,102 eta=14051.64591642096
step=3987 tokens=522584064/1100000000 loss=3.9173 lr=0.00018 tok/s=41,159 eta=14028.979339652245
step=3988 tokens=522715136/1100000000 loss=3.8453 lr=0.00018 tok/s=41,254 eta=13993.43699962631
step=3989 tokens=522846208/1100000000 loss=3.6703 lr=0.00018 tok/s=41,536 eta=13895.271332819266
step=3990 tokens=522977280/1100000000 loss=3.7878 lr=0.00018 tok/s=41,308 eta=13968.713461959664
step=3991 tokens=523108352/1100000000 loss=3.8286 lr=0.000179 tok/s=41,327 eta=13959.15935705017
step=3992 tokens=523239424/1100000000 loss=3.8961 lr=0.000179 tok/s=41,261 eta=13978.323921686364
step=3993 tokens=523370496/1100000000 loss=3.8267 lr=0.000179 tok/s=40,987 eta=14068.542359929803
step=3994 tokens=523501568/1100000000 loss=3.8606 lr=0.000179 tok/s=41,158 eta=14006.857976783404
step=3995 tokens=523632640/1100000000 loss=3.8030 lr=0.000179 tok/s=41,006 eta=14055.624839032309
step=3996 tokens=523763712/1100000000 loss=3.8120 lr=0.000179 tok/s=41,099 eta=14020.738642427983
step=3997 tokens=523894784/1100000000 loss=3.8599 lr=0.000179 tok/s=41,185 eta=13988.151820571524
step=3998 tokens=524025856/1100000000 loss=3.8689 lr=0.000179 tok/s=41,289 eta=13949.914944656643
step=3999 tokens=524156928/1100000000 loss=3.8797 lr=0.000179 tok/s=41,391 eta=13912.163560658471
step=4000 tokens=524288000/1100000000 loss=3.8111 lr=0.000179 tok/s=41,301 eta=13939.376389184028
step=4001 tokens=524419072/1100000000 loss=3.9346 lr=0.000179 tok/s=41,249 eta=13953.664028473564
step=4002 tokens=524550144/1100000000 loss=3.9035 lr=0.000179 tok/s=41,379 eta=13906.839731714916
step=4003 tokens=524681216/1100000000 loss=3.7561 lr=0.000179 tok/s=41,359 eta=13910.404325700818
step=4004 tokens=524812288/1100000000 loss=3.8643 lr=0.000179 tok/s=41,395 eta=13895.089530124658
step=4005 tokens=524943360/1100000000 loss=3.8262 lr=0.000179 tok/s=41,443 eta=13875.837307055095
step=4006 tokens=525074432/1100000000 loss=3.9668 lr=0.000179 tok/s=41,429 eta=13877.485262544951
step=4007 tokens=525205504/1100000000 loss=3.7430 lr=0.000179 tok/s=41,326 eta=13908.648058582838
step=4008 tokens=525336576/1100000000 loss=3.7627 lr=0.000179 tok/s=41,307 eta=13912.004660030694
step=4009 tokens=525467648/1100000000 loss=3.7225 lr=0.000179 tok/s=41,298 eta=13911.839360544049
step=4010 tokens=525598720/1100000000 loss=3.8308 lr=0.000178 tok/s=41,182 eta=13947.97433940097
step=4011 tokens=525729792/1100000000 loss=3.7568 lr=0.000178 tok/s=41,356 eta=13885.92833996913
step=4012 tokens=525860864/1100000000 loss=3.8467 lr=0.000178 tok/s=41,375 eta=13876.556212459604
step=4013 tokens=525991936/1100000000 loss=3.6864 lr=0.000178 tok/s=41,088 eta=13970.074508005306
step=4014 tokens=526123008/1100000000 loss=3.7405 lr=0.000178 tok/s=41,129 eta=13953.0190294256
step=4015 tokens=526254080/1100000000 loss=3.7819 lr=0.000178 tok/s=41,233 eta=13914.79132273049
step=4016 tokens=526385152/1100000000 loss=3.7698 lr=0.000178 tok/s=41,265 eta=13900.611292722973
step=4017 tokens=526516224/1100000000 loss=3.7454 lr=0.000178 tok/s=41,267 eta=13896.840939561613
step=4018 tokens=526647296/1100000000 loss=3.7861 lr=0.000178 tok/s=41,360 eta=13862.412017129182
step=4019 tokens=526778368/1100000000 loss=3.7227 lr=0.000178 tok/s=41,156 eta=13928.183870463723
step=4020 tokens=526909440/1100000000 loss=3.6635 lr=0.000178 tok/s=41,261 eta=13889.391842896186
step=4021 tokens=527040512/1100000000 loss=3.7029 lr=0.000178 tok/s=41,284 eta=13878.461640282147
step=4022 tokens=527171584/1100000000 loss=3.7617 lr=0.000178 tok/s=41,374 eta=13845.033442106538
step=4023 tokens=527302656/1100000000 loss=3.7154 lr=0.000178 tok/s=41,523 eta=13792.396343763323
step=4024 tokens=527433728/1100000000 loss=3.6015 lr=0.000178 tok/s=41,734 eta=13719.317681662498
step=4025 tokens=527564800/1100000000 loss=3.6749 lr=0.000178 tok/s=41,545 eta=13778.529536456
step=4026 tokens=527695872/1100000000 loss=3.7748 lr=0.000178 tok/s=41,397 eta=13824.6984809849
step=4027 tokens=527826944/1100000000 loss=3.8277 lr=0.000178 tok/s=41,419 eta=13814.14940721048
step=4028 tokens=527958016/1100000000 loss=3.7690 lr=0.000178 tok/s=41,257 eta=13865.28199378835
step=4029 tokens=528089088/1100000000 loss=3.7178 lr=0.000178 tok/s=41,267 eta=13858.921304065349
step=4030 tokens=528220160/1100000000 loss=3.7659 lr=0.000177 tok/s=41,671 eta=13721.364268353438
step=4031 tokens=528351232/1100000000 loss=3.7274 lr=0.000177 tok/s=41,628 eta=13732.219805212522
step=4032 tokens=528482304/1100000000 loss=3.7055 lr=0.000177 tok/s=41,104 eta=13904.170325209881
step=4033 tokens=528613376/1100000000 loss=3.7489 lr=0.000177 tok/s=41,226 eta=13859.765030691651
step=4034 tokens=528744448/1100000000 loss=3.9504 lr=0.000177 tok/s=41,248 eta=13849.445205928616
step=4035 tokens=528875520/1100000000 loss=4.0397 lr=0.000177 tok/s=41,321 eta=13821.815789119339
step=4036 tokens=529006592/1100000000 loss=3.9276 lr=0.000177 tok/s=41,227 eta=13849.927853812731
step=4037 tokens=529137664/1100000000 loss=3.8254 lr=0.000177 tok/s=41,069 eta=13899.974967141678
step=4038 tokens=529268736/1100000000 loss=3.8071 lr=0.000177 tok/s=41,406 eta=13783.784345661858
step=4039 tokens=529399808/1100000000 loss=3.7614 lr=0.000177 tok/s=41,383 eta=13788.186309706121
step=4040 tokens=529530880/1100000000 loss=3.6862 lr=0.000177 tok/s=41,355 eta=13794.57207283041
step=4041 tokens=529661952/1100000000 loss=3.7776 lr=0.000177 tok/s=41,292 eta=13812.43312235106
step=4042 tokens=529793024/1100000000 loss=3.7330 lr=0.000177 tok/s=41,278 eta=13813.75937047253
step=4043 tokens=529924096/1100000000 loss=3.7124 lr=0.000177 tok/s=41,254 eta=13818.774577047661
step=4044 tokens=530055168/1100000000 loss=3.7161 lr=0.000177 tok/s=29,866 eta=19083.6066440574
step=4045 tokens=530186240/1100000000 loss=3.7223 lr=0.000177 tok/s=41,377 eta=13771.319401333476
step=4046 tokens=530317312/1100000000 loss=3.6808 lr=0.000177 tok/s=41,321 eta=13786.810638047267
step=4047 tokens=530448384/1100000000 loss=3.7053 lr=0.000177 tok/s=41,084 eta=13863.026635592501
step=4048 tokens=530579456/1100000000 loss=3.6758 lr=0.000177 tok/s=41,231 eta=13810.628452503963
step=4049 tokens=530710528/1100000000 loss=3.6722 lr=0.000176 tok/s=41,274 eta=13793.036005221078
step=4050 tokens=530841600/1100000000 loss=3.6329 lr=0.000176 tok/s=40,881 eta=13922.32625505249
step=4051 tokens=530972672/1100000000 loss=3.6326 lr=0.000176 tok/s=41,202 eta=13810.813333692582
step=4052 tokens=531103744/1100000000 loss=3.7140 lr=0.000176 tok/s=41,504 eta=13706.967372721592
step=4053 tokens=531234816/1100000000 loss=3.6476 lr=0.000176 tok/s=41,414 eta=13733.59185677514
step=4054 tokens=531365888/1100000000 loss=3.6708 lr=0.000176 tok/s=41,243 eta=13787.450709392713
step=4055 tokens=531496960/1100000000 loss=3.6597 lr=0.000176 tok/s=41,017 eta=13860.226245843307
step=4056 tokens=531628032/1100000000 loss=3.6568 lr=0.000176 tok/s=41,283 eta=13767.707809125646
step=4057 tokens=531759104/1100000000 loss=3.5900 lr=0.000176 tok/s=40,945 eta=13878.223626857733
step=4058 tokens=531890176/1100000000 loss=3.6870 lr=0.000176 tok/s=40,891 eta=13893.294988652839
step=4059 tokens=532021248/1100000000 loss=3.6436 lr=0.000176 tok/s=41,032 eta=13842.32583468959
step=4060 tokens=532152320/1100000000 loss=3.6932 lr=0.000176 tok/s=41,077 eta=13823.997305632109
step=4061 tokens=532283392/1100000000 loss=3.8942 lr=0.000176 tok/s=41,267 eta=13757.009895060462
step=4062 tokens=532414464/1100000000 loss=3.9582 lr=0.000176 tok/s=41,325 eta=13734.646432211142
step=4063 tokens=532545536/1100000000 loss=4.0745 lr=0.000176 tok/s=41,322 eta=13732.362969859103
step=4064 tokens=532676608/1100000000 loss=3.8551 lr=0.000176 tok/s=41,343 eta=13722.476313601766
step=4065 tokens=532807680/1100000000 loss=3.8871 lr=0.000176 tok/s=41,486 eta=13671.977203745471
step=4066 tokens=532938752/1100000000 loss=3.9858 lr=0.000176 tok/s=41,524 eta=13656.186718729421
step=4067 tokens=533069824/1100000000 loss=3.8879 lr=0.000176 tok/s=41,620 eta=13621.638337156539
step=4068 tokens=533200896/1100000000 loss=3.8894 lr=0.000176 tok/s=41,297 eta=13724.863900807637
step=4069 tokens=533331968/1100000000 loss=3.9958 lr=0.000175 tok/s=41,384 eta=13692.891968209127
step=4070 tokens=533463040/1100000000 loss=3.8342 lr=0.000175 tok/s=41,248 eta=13734.74534091648
step=4071 tokens=533594112/1100000000 loss=3.8521 lr=0.000175 tok/s=41,348 eta=13698.529560153234
step=4072 tokens=533725184/1100000000 loss=3.8674 lr=0.000175 tok/s=41,404 eta=13676.651124234368
step=4073 tokens=533856256/1100000000 loss=3.6972 lr=0.000175 tok/s=41,305 eta=13706.332867811885
step=4074 tokens=533987328/1100000000 loss=3.8579 lr=0.000175 tok/s=41,263 eta=13717.28140626968
step=4075 tokens=534118400/1100000000 loss=3.8914 lr=0.000175 tok/s=41,192 eta=13737.807112914921
step=4076 tokens=534249472/1100000000 loss=3.8749 lr=0.000175 tok/s=41,157 eta=13746.220371421567
step=4077 tokens=534380544/1100000000 loss=4.1289 lr=0.000175 tok/s=41,144 eta=13747.474197167101
step=4078 tokens=534511616/1100000000 loss=3.7827 lr=0.000175 tok/s=41,274 eta=13700.726696443917
step=4079 tokens=534642688/1100000000 loss=3.8850 lr=0.000175 tok/s=41,245 eta=13707.435606514755
step=4080 tokens=534773760/1100000000 loss=3.7914 lr=0.000175 tok/s=41,297 eta=13686.973652306844
step=4081 tokens=534904832/1100000000 loss=3.9000 lr=0.000175 tok/s=41,255 eta=13697.550782003396
step=4082 tokens=535035904/1100000000 loss=3.8166 lr=0.000175 tok/s=41,181 eta=13719.015707855791
step=4083 tokens=535166976/1100000000 loss=3.8656 lr=0.000175 tok/s=41,108 eta=13740.349568319421
step=4084 tokens=535298048/1100000000 loss=3.8250 lr=0.000175 tok/s=41,098 eta=13740.400862013637
step=4085 tokens=535429120/1100000000 loss=3.7862 lr=0.000175 tok/s=41,225 eta=13694.913641748173
step=4086 tokens=535560192/1100000000 loss=3.8205 lr=0.000175 tok/s=41,223 eta=13692.311973096224
step=4087 tokens=535691264/1100000000 loss=3.8199 lr=0.000175 tok/s=41,169 eta=13707.204666074773
step=4088 tokens=535822336/1100000000 loss=3.7685 lr=0.000174 tok/s=41,229 eta=13683.929196394227
step=4089 tokens=535953408/1100000000 loss=3.8810 lr=0.000174 tok/s=41,078 eta=13731.124781414344
step=4090 tokens=536084480/1100000000 loss=3.8471 lr=0.000174 tok/s=41,078 eta=13727.798971940676
step=4091 tokens=536215552/1100000000 loss=3.8682 lr=0.000174 tok/s=41,114 eta=13712.630267742341
step=4092 tokens=536346624/1100000000 loss=3.8901 lr=0.000174 tok/s=41,053 eta=13729.83586718883
step=4093 tokens=536477696/1100000000 loss=3.8072 lr=0.000174 tok/s=41,315 eta=13639.572799002699
step=4094 tokens=536608768/1100000000 loss=3.8264 lr=0.000174 tok/s=41,188 eta=13678.385167984936
step=4095 tokens=536739840/1100000000 loss=3.8796 lr=0.000174 tok/s=41,114 eta=13700.067590459785
step=4096 tokens=536870912/1100000000 loss=3.7676 lr=0.000174 tok/s=41,155 eta=13683.209665227358
step=4097 tokens=537001984/1100000000 loss=3.7961 lr=0.000174 tok/s=41,517 eta=13560.596173716538
step=4098 tokens=537133056/1100000000 loss=3.7419 lr=0.000174 tok/s=41,158 eta=13675.722397899739
checkpoint saved: runs/20260905-021323/checkpoints/step_000004098 (time)
step=4099 tokens=537264128/1100000000 loss=3.8230 lr=0.000174 tok/s=33,390 eta=16853.564751540063
step=4100 tokens=537395200/1100000000 loss=3.8265 lr=0.000174 tok/s=41,134 eta=13677.427728302331
step=4101 tokens=537526272/1100000000 loss=3.8040 lr=0.000174 tok/s=41,270 eta=13629.222204384998
step=4102 tokens=537657344/1100000000 loss=3.7693 lr=0.000174 tok/s=41,436 eta=13571.254958158208
step=4103 tokens=537788416/1100000000 loss=3.7767 lr=0.000174 tok/s=41,255 eta=13627.873090204119
step=4104 tokens=537919488/1100000000 loss=3.8417 lr=0.000174 tok/s=41,121 eta=13668.786991350802
step=4105 tokens=538050560/1100000000 loss=3.7754 lr=0.000174 tok/s=41,145 eta=13657.783626165401
step=4106 tokens=538181632/1100000000 loss=3.7401 lr=0.000174 tok/s=41,249 eta=13620.055344164972
step=4107 tokens=538312704/1100000000 loss=3.7615 lr=0.000174 tok/s=41,222 eta=13625.979394468099
step=4108 tokens=538443776/1100000000 loss=3.8351 lr=0.000173 tok/s=41,104 eta=13661.810098950262
step=4109 tokens=538574848/1100000000 loss=3.7700 lr=0.000173 tok/s=41,113 eta=13655.704695637676
step=4110 tokens=538705920/1100000000 loss=3.8184 lr=0.000173 tok/s=41,365 eta=13569.420052616357
step=4111 tokens=538836992/1100000000 loss=3.7499 lr=0.000173 tok/s=41,321 eta=13580.678496146593
step=4112 tokens=538968064/1100000000 loss=3.8873 lr=0.000173 tok/s=41,280 eta=13590.947396875508
step=4113 tokens=539099136/1100000000 loss=3.8904 lr=0.000173 tok/s=41,157 eta=13628.295210177128
step=4114 tokens=539230208/1100000000 loss=3.8006 lr=0.000173 tok/s=41,276 eta=13585.724742697115
step=4115 tokens=539361280/1100000000 loss=3.8563 lr=0.000173 tok/s=41,331 eta=13564.613050299842
step=4116 tokens=539492352/1100000000 loss=3.8072 lr=0.000173 tok/s=41,219 eta=13598.38113063347
step=4117 tokens=539623424/1100000000 loss=3.9338 lr=0.000173 tok/s=41,303 eta=13567.499329557308
step=4118 tokens=539754496/1100000000 loss=3.8185 lr=0.000173 tok/s=41,312 eta=13561.462269161839
step=4119 tokens=539885568/1100000000 loss=3.8279 lr=0.000173 tok/s=41,286 eta=13566.74193113447
step=4120 tokens=540016640/1100000000 loss=3.8475 lr=0.000173 tok/s=29,698 eta=18856.04606393938
step=4121 tokens=540147712/1100000000 loss=3.8296 lr=0.000173 tok/s=41,132 eta=13610.97898316987
step=4122 tokens=540278784/1100000000 loss=3.8526 lr=0.000173 tok/s=41,147 eta=13603.102646702455
step=4123 tokens=540409856/1100000000 loss=3.9182 lr=0.000173 tok/s=41,243 eta=13568.255682800786
step=4124 tokens=540540928/1100000000 loss=3.7741 lr=0.000173 tok/s=41,373 eta=13522.473430299597
step=4125 tokens=540672000/1100000000 loss=3.7811 lr=0.000173 tok/s=41,212 eta=13571.849512714645
step=4126 tokens=540803072/1100000000 loss=3.7217 lr=0.000173 tok/s=41,450 eta=13491.017405216635
step=4127 tokens=540934144/1100000000 loss=3.7856 lr=0.000172 tok/s=41,315 eta=13531.879841876505
step=4128 tokens=541065216/1100000000 loss=3.8469 lr=0.000172 tok/s=41,222 eta=13559.254877381218
step=4129 tokens=541196288/1100000000 loss=3.8313 lr=0.000172 tok/s=41,308 eta=13527.841971279426
step=4130 tokens=541327360/1100000000 loss=3.6934 lr=0.000172 tok/s=41,229 eta=13550.368033833873
step=4131 tokens=541458432/1100000000 loss=3.7803 lr=0.000172 tok/s=40,975 eta=13631.196211433356
step=4132 tokens=541589504/1100000000 loss=3.9589 lr=0.000172 tok/s=41,073 eta=13595.674546058508
step=4133 tokens=541720576/1100000000 loss=3.7812 lr=0.000172 tok/s=41,231 eta=13540.261627017906
step=4134 tokens=541851648/1100000000 loss=3.8415 lr=0.000172 tok/s=41,268 eta=13525.111065754692
step=4135 tokens=541982720/1100000000 loss=3.7801 lr=0.000172 tok/s=41,193 eta=13546.46280809973
step=4136 tokens=542113792/1100000000 loss=3.8211 lr=0.000172 tok/s=41,296 eta=13509.481420152286
step=4137 tokens=542244864/1100000000 loss=3.7481 lr=0.000172 tok/s=41,099 eta=13571.003406439082
step=4138 tokens=542375936/1100000000 loss=3.7106 lr=0.000172 tok/s=41,178 eta=13541.960048487123
step=4139 tokens=542507008/1100000000 loss=3.7799 lr=0.000172 tok/s=41,254 eta=13513.616204944217
step=4140 tokens=542638080/1100000000 loss=3.8053 lr=0.000172 tok/s=41,294 eta=13497.325603050182
step=4141 tokens=542769152/1100000000 loss=3.7450 lr=0.000172 tok/s=41,047 eta=13575.508909233775
step=4142 tokens=542900224/1100000000 loss=3.6882 lr=0.000172 tok/s=41,087 eta=13559.049527449895
step=4143 tokens=543031296/1100000000 loss=3.9894 lr=0.000172 tok/s=41,258 eta=13499.527395208257
step=4144 tokens=543162368/1100000000 loss=3.6984 lr=0.000172 tok/s=41,216 eta=13510.206190352761
step=4145 tokens=543293440/1100000000 loss=3.6967 lr=0.000172 tok/s=41,256 eta=13493.884599507563
step=4146 tokens=543424512/1100000000 loss=3.7280 lr=0.000172 tok/s=41,268 eta=13486.700135396923
step=4147 tokens=543555584/1100000000 loss=3.7508 lr=0.000171 tok/s=41,315 eta=13468.426704445052
step=4148 tokens=543686656/1100000000 loss=3.7695 lr=0.000171 tok/s=41,180 eta=13509.280715590998
step=4149 tokens=543817728/1100000000 loss=3.7011 lr=0.000171 tok/s=41,126 eta=13523.953754639419
step=4150 tokens=543948800/1100000000 loss=3.7288 lr=0.000171 tok/s=41,311 eta=13460.133069287602
step=4151 tokens=544079872/1100000000 loss=3.7674 lr=0.000171 tok/s=41,308 eta=13458.069297099615
step=4152 tokens=544210944/1100000000 loss=3.9172 lr=0.000171 tok/s=41,026 eta=13547.173569222028
step=4153 tokens=544342016/1100000000 loss=3.7697 lr=0.000171 tok/s=41,305 eta=13452.424104734406
step=4154 tokens=544473088/1100000000 loss=3.7354 lr=0.000171 tok/s=41,136 eta=13504.74546961119
step=4155 tokens=544604160/1100000000 loss=3.7729 lr=0.000171 tok/s=41,116 eta=13508.02855358288
step=4156 tokens=544735232/1100000000 loss=3.8550 lr=0.000171 tok/s=41,129 eta=13500.565287643312
step=4157 tokens=544866304/1100000000 loss=3.7965 lr=0.000171 tok/s=41,066 eta=13518.179699218894
step=4158 tokens=544997376/1100000000 loss=3.8503 lr=0.000171 tok/s=41,322 eta=13431.205194313066
step=4159 tokens=545128448/1100000000 loss=3.7839 lr=0.000171 tok/s=41,006 eta=13531.317228952978
step=4160 tokens=545259520/1100000000 loss=3.7952 lr=0.000171 tok/s=40,801 eta=13596.152166264465
step=4161 tokens=545390592/1100000000 loss=3.8396 lr=0.000171 tok/s=40,825 eta=13584.908887697984
step=4162 tokens=545521664/1100000000 loss=3.8106 lr=0.000171 tok/s=41,192 eta=13460.697764892107
step=4163 tokens=545652736/1100000000 loss=3.8656 lr=0.000171 tok/s=41,400 eta=13390.18256256752
step=4164 tokens=545783808/1100000000 loss=3.7747 lr=0.000171 tok/s=41,232 eta=13441.350188251496
step=4165 tokens=545914880/1100000000 loss=3.8795 lr=0.000171 tok/s=41,236 eta=13436.84684604485
step=4166 tokens=546045952/1100000000 loss=3.8498 lr=0.00017 tok/s=41,125 eta=13470.123093315811
step=4167 tokens=546177024/1100000000 loss=3.8073 lr=0.00017 tok/s=41,092 eta=13477.548076147988
step=4168 tokens=546308096/1100000000 loss=3.8517 lr=0.00017 tok/s=40,943 eta=13523.467906134261
step=4169 tokens=546439168/1100000000 loss=3.8429 lr=0.00017 tok/s=41,043 eta=13487.415841890403
step=4170 tokens=546570240/1100000000 loss=3.8220 lr=0.00017 tok/s=40,949 eta=13515.242439890833
step=4171 tokens=546701312/1100000000 loss=3.8063 lr=0.00017 tok/s=40,883 eta=13533.713748152211
step=4172 tokens=546832384/1100000000 loss=3.7667 lr=0.00017 tok/s=41,082 eta=13465.043250202803
step=4173 tokens=546963456/1100000000 loss=3.7563 lr=0.00017 tok/s=41,036 eta=13476.809610733302
step=4174 tokens=547094528/1100000000 loss=3.8290 lr=0.00017 tok/s=40,835 eta=13540.1205716606
step=4175 tokens=547225600/1100000000 loss=3.7565 lr=0.00017 tok/s=41,296 eta=13385.624988423002
step=4176 tokens=547356672/1100000000 loss=3.7707 lr=0.00017 tok/s=41,155 eta=13428.495286011786
step=4177 tokens=547487744/1100000000 loss=3.6845 lr=0.00017 tok/s=41,081 eta=13449.460860661567
step=4178 tokens=547618816/1100000000 loss=3.7646 lr=0.00017 tok/s=41,363 eta=13354.518537702168
step=4179 tokens=547749888/1100000000 loss=3.7330 lr=0.00017 tok/s=41,218 eta=13398.23022947851
step=4180 tokens=547880960/1100000000 loss=3.7920 lr=0.00017 tok/s=41,409 eta=13333.361144540057
step=4181 tokens=548012032/1100000000 loss=3.8127 lr=0.00017 tok/s=41,351 eta=13348.896427232872
step=4182 tokens=548143104/1100000000 loss=3.7795 lr=0.00017 tok/s=41,275 eta=13370.124143128724
step=4183 tokens=548274176/1100000000 loss=3.7789 lr=0.00017 tok/s=41,407 eta=13324.44266744526
step=4184 tokens=548405248/1100000000 loss=3.8185 lr=0.00017 tok/s=41,195 eta=13389.9308991934
step=4185 tokens=548536320/1100000000 loss=3.7334 lr=0.00017 tok/s=41,340 eta=13339.691731572137
step=4186 tokens=548667392/1100000000 loss=3.7486 lr=0.000169 tok/s=41,439 eta=13304.790190972362
step=4187 tokens=548798464/1100000000 loss=3.7619 lr=0.000169 tok/s=41,158 eta=13392.223454586923
step=4188 tokens=548929536/1100000000 loss=3.8363 lr=0.000169 tok/s=41,431 eta=13301.014915748616
step=4189 tokens=549060608/1100000000 loss=3.6827 lr=0.000169 tok/s=41,172 eta=13381.275783171443
step=4190 tokens=549191680/1100000000 loss=3.6351 lr=0.000169 tok/s=41,127 eta=13392.809714663936
step=4191 tokens=549322752/1100000000 loss=3.6764 lr=0.000169 tok/s=41,137 eta=13386.421376421073
step=4192 tokens=549453824/1100000000 loss=3.6817 lr=0.000169 tok/s=41,331 eta=13320.380293203987
step=4193 tokens=549584896/1100000000 loss=3.7750 lr=0.000169 tok/s=41,143 eta=13378.019795871529
step=4194 tokens=549715968/1100000000 loss=3.7269 lr=0.000169 tok/s=41,100 eta=13388.840689250146
step=4195 tokens=549847040/1100000000 loss=3.6315 lr=0.000169 tok/s=41,122 eta=13378.55225529972
step=4196 tokens=549978112/1100000000 loss=3.7571 lr=0.000169 tok/s=41,039 eta=13402.477216889163
step=4197 tokens=550109184/1100000000 loss=3.7198 lr=0.000169 tok/s=29,665 eta=18536.79905578647
checkpoint saved: runs/20260905-021323/checkpoints/tokens_000550m (permanent_tokens)
step=4198 tokens=550240256/1100000000 loss=3.7273 lr=0.000169 tok/s=34,495 eta=15937.407785393561
step=4199 tokens=550371328/1100000000 loss=3.7097 lr=0.000169 tok/s=41,135 eta=13361.680842130954
step=4200 tokens=550502400/1100000000 loss=3.7560 lr=0.000169 tok/s=41,011 eta=13398.801870509818
step=4201 tokens=550633472/1100000000 loss=3.6954 lr=0.000169 tok/s=41,476 eta=13245.535828527774
step=4202 tokens=550764544/1100000000 loss=3.6561 lr=0.000169 tok/s=41,456 eta=13248.540600073757
step=4203 tokens=550895616/1100000000 loss=3.6941 lr=0.000169 tok/s=41,491 eta=13234.442414071307
step=4204 tokens=551026688/1100000000 loss=3.7198 lr=0.000169 tok/s=41,402 eta=13259.713573171823
step=4205 tokens=551157760/1100000000 loss=3.7630 lr=0.000168 tok/s=41,084 eta=13359.12071774643
step=4206 tokens=551288832/1100000000 loss=3.7027 lr=0.000168 tok/s=41,206 eta=13316.135937566654
step=4207 tokens=551419904/1100000000 loss=3.6966 lr=0.000168 tok/s=41,009 eta=13377.1280726162
step=4208 tokens=551550976/1100000000 loss=3.7185 lr=0.000168 tok/s=41,320 eta=13273.177094137453
step=4209 tokens=551682048/1100000000 loss=3.6121 lr=0.000168 tok/s=41,013 eta=13369.320652213644
step=4210 tokens=551813120/1100000000 loss=3.6767 lr=0.000168 tok/s=41,446 eta=13226.522610354765
step=4211 tokens=551944192/1100000000 loss=3.6692 lr=0.000168 tok/s=41,361 eta=13250.640279864
step=4212 tokens=552075264/1100000000 loss=3.6781 lr=0.000168 tok/s=41,262 eta=13279.109880141841
step=4213 tokens=552206336/1100000000 loss=3.7298 lr=0.000168 tok/s=40,918 eta=13387.548474935527
step=4214 tokens=552337408/1100000000 loss=3.7181 lr=0.000168 tok/s=41,092 eta=13327.66203156899
step=4215 tokens=552468480/1100000000 loss=3.6505 lr=0.000168 tok/s=40,946 eta=13372.160656338065
step=4216 tokens=552599552/1100000000 loss=3.7534 lr=0.000168 tok/s=41,030 eta=13341.390825850585
step=4217 tokens=552730624/1100000000 loss=3.8463 lr=0.000168 tok/s=41,050 eta=13331.879887810455
step=4218 tokens=552861696/1100000000 loss=3.7295 lr=0.000168 tok/s=41,171 eta=13289.53860532779
step=4219 tokens=552992768/1100000000 loss=3.7207 lr=0.000168 tok/s=41,101 eta=13308.746025529585
step=4220 tokens=553123840/1100000000 loss=3.6676 lr=0.000168 tok/s=41,198 eta=13274.288523732946
step=4221 tokens=553254912/1100000000 loss=3.7929 lr=0.000168 tok/s=41,323 eta=13231.017490557959
step=4222 tokens=553385984/1100000000 loss=3.7848 lr=0.000168 tok/s=41,307 eta=13232.851167876841
step=4223 tokens=553517056/1100000000 loss=3.8108 lr=0.000168 tok/s=41,238 eta=13251.82622057152
step=4224 tokens=553648128/1100000000 loss=3.7487 lr=0.000167 tok/s=41,210 eta=13257.651209956668
step=4225 tokens=553779200/1100000000 loss=3.7600 lr=0.000167 tok/s=40,963 eta=13334.456050343197
step=4226 tokens=553910272/1100000000 loss=3.8255 lr=0.000167 tok/s=40,882 eta=13357.623917054687
step=4227 tokens=554041344/1100000000 loss=3.7227 lr=0.000167 tok/s=41,034 eta=13304.926328448573
step=4228 tokens=554172416/1100000000 loss=3.6878 lr=0.000167 tok/s=41,133 eta=13269.832255911446
step=4229 tokens=554303488/1100000000 loss=3.7683 lr=0.000167 tok/s=40,865 eta=13353.486318524969
step=4230 tokens=554434560/1100000000 loss=3.7497 lr=0.000167 tok/s=40,790 eta=13375.031092859417
step=4231 tokens=554565632/1100000000 loss=3.5741 lr=0.000167 tok/s=40,900 eta=13335.742844275821
step=4232 tokens=554696704/1100000000 loss=3.7343 lr=0.000167 tok/s=41,170 eta=13245.200327239987
step=4233 tokens=554827776/1100000000 loss=3.7191 lr=0.000167 tok/s=41,112 eta=13260.607827699441
step=4234 tokens=554958848/1100000000 loss=3.6833 lr=0.000167 tok/s=40,942 eta=13312.47180485993
step=4235 tokens=555089920/1100000000 loss=3.7842 lr=0.000167 tok/s=41,217 eta=13220.394150183178
step=4236 tokens=555220992/1100000000 loss=3.9075 lr=0.000167 tok/s=40,841 eta=13339.163016837849
step=4237 tokens=555352064/1100000000 loss=3.7491 lr=0.000167 tok/s=41,087 eta=13255.92889912849
step=4238 tokens=555483136/1100000000 loss=3.7847 lr=0.000167 tok/s=41,429 eta=13143.282310486338
step=4239 tokens=555614208/1100000000 loss=3.7342 lr=0.000167 tok/s=41,293 eta=13183.41446117545
step=4240 tokens=555745280/1100000000 loss=3.8103 lr=0.000167 tok/s=41,433 eta=13135.768796162634
step=4241 tokens=555876352/1100000000 loss=3.8635 lr=0.000167 tok/s=41,113 eta=13234.706052428706
step=4242 tokens=556007424/1100000000 loss=3.8021 lr=0.000167 tok/s=41,390 eta=13142.97589507718
step=4243 tokens=556138496/1100000000 loss=3.7982 lr=0.000167 tok/s=41,182 eta=13206.196822790524
step=4244 tokens=556269568/1100000000 loss=3.7773 lr=0.000166 tok/s=41,228 eta=13188.307277049646
step=4245 tokens=556400640/1100000000 loss=3.7226 lr=0.000166 tok/s=40,998 eta=13259.074753411478
step=4246 tokens=556531712/1100000000 loss=3.8298 lr=0.000166 tok/s=41,452 eta=13110.655537004086
step=4247 tokens=556662784/1100000000 loss=3.7382 lr=0.000166 tok/s=41,132 eta=13209.614009854726
step=4248 tokens=556793856/1100000000 loss=3.8069 lr=0.000166 tok/s=41,191 eta=13187.451634321844
step=4249 tokens=556924928/1100000000 loss=3.8260 lr=0.000166 tok/s=41,256 eta=13163.423516136578
step=4250 tokens=557056000/1100000000 loss=3.7648 lr=0.000166 tok/s=40,868 eta=13285.338345750832
step=4251 tokens=557187072/1100000000 loss=3.7559 lr=0.000166 tok/s=40,826 eta=13295.913490274925
step=4252 tokens=557318144/1100000000 loss=3.7660 lr=0.000166 tok/s=41,230 eta=13162.389707041293
step=4253 tokens=557449216/1100000000 loss=3.7811 lr=0.000166 tok/s=41,275 eta=13144.86651717149
step=4254 tokens=557580288/1100000000 loss=3.8194 lr=0.000166 tok/s=40,956 eta=13243.860441201527
step=4255 tokens=557711360/1100000000 loss=3.7789 lr=0.000166 tok/s=40,964 eta=13238.019772918633
step=4256 tokens=557842432/1100000000 loss=3.7746 lr=0.000166 tok/s=41,190 eta=13162.370177590796
step=4257 tokens=557973504/1100000000 loss=3.7611 lr=0.000166 tok/s=41,263 eta=13135.83796685403
step=4258 tokens=558104576/1100000000 loss=3.7898 lr=0.000166 tok/s=41,237 eta=13141.027547755546
step=4259 tokens=558235648/1100000000 loss=3.7351 lr=0.000166 tok/s=40,872 eta=13255.251444769809
step=4260 tokens=558366720/1100000000 loss=3.7669 lr=0.000166 tok/s=41,335 eta=13103.38555008902
step=4261 tokens=558497792/1100000000 loss=3.8767 lr=0.000166 tok/s=41,092 eta=13177.714035188745
step=4262 tokens=558628864/1100000000 loss=3.7857 lr=0.000166 tok/s=41,403 eta=13075.61221672316
step=4263 tokens=558759936/1100000000 loss=3.7927 lr=0.000165 tok/s=41,104 eta=13167.687695100432
step=4264 tokens=558891008/1100000000 loss=3.7946 lr=0.000165 tok/s=41,188 eta=13137.501143233623
step=4265 tokens=559022080/1100000000 loss=3.7776 lr=0.000165 tok/s=41,438 eta=13055.125208196228
step=4266 tokens=559153152/1100000000 loss=3.7412 lr=0.000165 tok/s=41,156 eta=13141.398064457473
step=4267 tokens=559284224/1100000000 loss=3.7389 lr=0.000165 tok/s=41,334 eta=13081.748336502586
step=4268 tokens=559415296/1100000000 loss=3.8750 lr=0.000165 tok/s=41,219 eta=13114.900220261166
step=4269 tokens=559546368/1100000000 loss=3.7925 lr=0.000165 tok/s=40,967 eta=13192.448008897689
step=4270 tokens=559677440/1100000000 loss=3.7713 lr=0.000165 tok/s=40,994 eta=13180.611082933003
step=4271 tokens=559808512/1100000000 loss=3.8348 lr=0.000165 tok/s=41,237 eta=13099.74520372564
step=4272 tokens=559939584/1100000000 loss=3.7809 lr=0.000165 tok/s=41,132 eta=13129.934218950628
step=4273 tokens=560070656/1100000000 loss=3.7325 lr=0.000165 tok/s=29,778 eta=18131.821473934375
step=4274 tokens=560201728/1100000000 loss=3.8483 lr=0.000165 tok/s=40,919 eta=13191.866486640394
step=4275 tokens=560332800/1100000000 loss=3.8020 lr=0.000165 tok/s=40,928 eta=13185.7964399745
step=4276 tokens=560463872/1100000000 loss=3.7713 lr=0.000165 tok/s=41,354 eta=13046.664890069658
step=4277 tokens=560594944/1100000000 loss=3.7336 lr=0.000165 tok/s=41,298 eta=13061.30706291009
step=4278 tokens=560726016/1100000000 loss=3.7477 lr=0.000165 tok/s=40,946 eta=13170.246907425884
step=4279 tokens=560857088/1100000000 loss=3.7967 lr=0.000165 tok/s=41,269 eta=13064.032741000388
step=4280 tokens=560988160/1100000000 loss=3.7667 lr=0.000165 tok/s=41,214 eta=13078.296429906768
step=4281 tokens=561119232/1100000000 loss=3.7529 lr=0.000165 tok/s=40,925 eta=13167.375021284648
step=4282 tokens=561250304/1100000000 loss=3.7804 lr=0.000165 tok/s=40,916 eta=13167.140026249004
step=4283 tokens=561381376/1100000000 loss=3.7256 lr=0.000164 tok/s=40,938 eta=13157.047312671344
step=4284 tokens=561512448/1100000000 loss=3.7874 lr=0.000164 tok/s=41,056 eta=13115.945141234932
step=4285 tokens=561643520/1100000000 loss=3.7613 lr=0.000164 tok/s=41,043 eta=13116.99043539285
step=4286 tokens=561774592/1100000000 loss=3.9292 lr=0.000164 tok/s=41,019 eta=13121.454628174206
step=4287 tokens=561905664/1100000000 loss=3.7712 lr=0.000164 tok/s=41,294 eta=13030.870233926682
step=4288 tokens=562036736/1100000000 loss=3.8230 lr=0.000164 tok/s=41,277 eta=13032.958753291043
step=4289 tokens=562167808/1100000000 loss=3.7566 lr=0.000164 tok/s=41,030 eta=13108.204978341224
step=4290 tokens=562298880/1100000000 loss=3.7851 lr=0.000164 tok/s=41,204 eta=13049.80641514879
step=4291 tokens=562429952/1100000000 loss=3.8538 lr=0.000164 tok/s=41,206 eta=13045.815722557969
step=4292 tokens=562561024/1100000000 loss=3.7886 lr=0.000164 tok/s=41,218 eta=13038.887629787023
step=4293 tokens=562692096/1100000000 loss=3.7741 lr=0.000164 tok/s=41,105 eta=13071.60899581174
step=4294 tokens=562823168/1100000000 loss=3.7014 lr=0.000164 tok/s=41,144 eta=13055.910050406255
step=4295 tokens=562954240/1100000000 loss=3.7951 lr=0.000164 tok/s=41,080 eta=13073.191410840258
step=4296 tokens=563085312/1100000000 loss=3.7223 lr=0.000164 tok/s=41,127 eta=13055.057514939632
step=4297 tokens=563216384/1100000000 loss=3.8287 lr=0.000164 tok/s=41,190 eta=13031.970781510347
step=4298 tokens=563347456/1100000000 loss=3.7101 lr=0.000164 tok/s=41,097 eta=13058.276523446928
step=4299 tokens=563478528/1100000000 loss=3.8452 lr=0.000164 tok/s=41,083 eta=13059.41965337308
step=4300 tokens=563609600/1100000000 loss=3.7714 lr=0.000164 tok/s=41,349 eta=12972.21080557249
step=4301 tokens=563740672/1100000000 loss=3.7984 lr=0.000164 tok/s=41,253 eta=12999.190116330272
step=4302 tokens=563871744/1100000000 loss=3.7452 lr=0.000163 tok/s=41,078 eta=13051.341137272784
step=4303 tokens=564002816/1100000000 loss=3.7689 lr=0.000163 tok/s=41,125 eta=13033.310593151064
step=4304 tokens=564133888/1100000000 loss=3.7735 lr=0.000163 tok/s=41,163 eta=13018.104029902937
step=4305 tokens=564264960/1100000000 loss=3.8141 lr=0.000163 tok/s=41,195 eta=13004.962173464013
step=4306 tokens=564396032/1100000000 loss=3.8635 lr=0.000163 tok/s=40,994 eta=13065.346955873394
step=4307 tokens=564527104/1100000000 loss=3.7452 lr=0.000163 tok/s=41,199 eta=12997.191110633661
step=4308 tokens=564658176/1100000000 loss=3.7595 lr=0.000163 tok/s=41,291 eta=12965.154554468365
step=4309 tokens=564789248/1100000000 loss=3.8692 lr=0.000163 tok/s=41,395 eta=12929.437004717796
step=4310 tokens=564920320/1100000000 loss=3.7107 lr=0.000163 tok/s=41,120 eta=13012.771517930765
step=4311 tokens=565051392/1100000000 loss=3.7531 lr=0.000163 tok/s=41,117 eta=13010.458713433556
step=4312 tokens=565182464/1100000000 loss=3.7312 lr=0.000163 tok/s=41,243 eta=12967.332004843674
step=4313 tokens=565313536/1100000000 loss=3.7643 lr=0.000163 tok/s=41,229 eta=12968.654726517781
step=4314 tokens=565444608/1100000000 loss=3.7959 lr=0.000163 tok/s=41,045 eta=13023.617331987803
step=4315 tokens=565575680/1100000000 loss=3.7384 lr=0.000163 tok/s=41,206 eta=12969.472396636153
step=4316 tokens=565706752/1100000000 loss=3.6916 lr=0.000163 tok/s=41,195 eta=12969.948645638184
step=4317 tokens=565837824/1100000000 loss=3.7669 lr=0.000163 tok/s=41,179 eta=12971.799491341853
step=4318 tokens=565968896/1100000000 loss=3.7706 lr=0.000163 tok/s=41,215 eta=12957.099462739234
step=4319 tokens=566099968/1100000000 loss=3.8117 lr=0.000163 tok/s=41,104 eta=12988.982847028352
step=4320 tokens=566231040/1100000000 loss=3.8508 lr=0.000163 tok/s=40,901 eta=13050.373004884554
step=4321 tokens=566362112/1100000000 loss=3.7927 lr=0.000163 tok/s=40,988 eta=13019.233030863094
step=4322 tokens=566493184/1100000000 loss=3.7381 lr=0.000162 tok/s=41,118 eta=12974.890401243149
step=4323 tokens=566624256/1100000000 loss=3.7880 lr=0.000162 tok/s=41,040 eta=12996.461814432694
step=4324 tokens=566755328/1100000000 loss=3.7939 lr=0.000162 tok/s=41,087 eta=12978.431612799566
step=4325 tokens=566886400/1100000000 loss=3.7416 lr=0.000162 tok/s=40,853 eta=13049.637759828216
step=4326 tokens=567017472/1100000000 loss=3.8184 lr=0.000162 tok/s=40,810 eta=13060.02028741708
step=4327 tokens=567148544/1100000000 loss=3.8402 lr=0.000162 tok/s=41,236 eta=12921.868214140211
step=4328 tokens=567279616/1100000000 loss=3.7868 lr=0.000162 tok/s=41,187 eta=12934.066717978558
step=4329 tokens=567410688/1100000000 loss=3.8572 lr=0.000162 tok/s=41,254 eta=12909.924870594583
step=4330 tokens=567541760/1100000000 loss=3.9524 lr=0.000162 tok/s=41,216 eta=12918.759919270857
step=4331 tokens=567672832/1100000000 loss=3.8198 lr=0.000162 tok/s=40,807 eta=13044.8407042882
step=4332 tokens=567803904/1100000000 loss=3.7858 lr=0.000162 tok/s=41,043 eta=12966.6939776106
step=4333 tokens=567934976/1100000000 loss=3.7677 lr=0.000162 tok/s=41,117 eta=12940.399554626929
step=4334 tokens=568066048/1100000000 loss=3.8171 lr=0.000162 tok/s=40,918 eta=13000.05660942337
step=4335 tokens=568197120/1100000000 loss=3.6338 lr=0.000162 tok/s=41,255 eta=12890.663653805286
step=4336 tokens=568328192/1100000000 loss=3.8348 lr=0.000162 tok/s=41,377 eta=12849.552056882225
step=4337 tokens=568459264/1100000000 loss=3.8650 lr=0.000162 tok/s=41,061 eta=12945.168219487574
step=4338 tokens=568590336/1100000000 loss=3.7828 lr=0.000162 tok/s=41,316 eta=12862.078100385652
step=4339 tokens=568721408/1100000000 loss=3.7580 lr=0.000162 tok/s=41,070 eta=12935.853545662136
step=4340 tokens=568852480/1100000000 loss=3.7219 lr=0.000162 tok/s=40,790 eta=13021.367308516132
step=4341 tokens=568983552/1100000000 loss=3.6145 lr=0.000161 tok/s=41,209 eta=12885.863072730115
step=4342 tokens=569114624/1100000000 loss=3.7762 lr=0.000161 tok/s=41,305 eta=12852.739651325472
step=4343 tokens=569245696/1100000000 loss=3.7731 lr=0.000161 tok/s=41,346 eta=12837.008234046523
step=4344 tokens=569376768/1100000000 loss=3.7745 lr=0.000161 tok/s=41,153 eta=12893.956707039644
step=4345 tokens=569507840/1100000000 loss=3.7165 lr=0.000161 tok/s=41,053 eta=12921.984484492326
step=4346 tokens=569638912/1100000000 loss=3.8275 lr=0.000161 tok/s=40,943 eta=12953.65384594966
step=4347 tokens=569769984/1100000000 loss=3.7139 lr=0.000161 tok/s=41,178 eta=12876.668232463093
step=4348 tokens=569901056/1100000000 loss=4.1882 lr=0.000161 tok/s=41,016 eta=12924.225880911383
step=4349 tokens=570032128/1100000000 loss=3.7282 lr=0.000161 tok/s=29,613 eta=17896.540390450085
step=4350 tokens=570163200/1100000000 loss=3.7289 lr=0.000161 tok/s=41,182 eta=12865.63347702097
step=4351 tokens=570294272/1100000000 loss=3.8251 lr=0.000161 tok/s=41,282 eta=12831.267496671937
step=4352 tokens=570425344/1100000000 loss=3.7938 lr=0.000161 tok/s=41,169 eta=12863.336608930475
step=4353 tokens=570556416/1100000000 loss=3.8023 lr=0.000161 tok/s=41,194 eta=12852.476075218185
step=4354 tokens=570687488/1100000000 loss=3.7164 lr=0.000161 tok/s=41,716 eta=12688.400638178811
step=4355 tokens=570818560/1100000000 loss=3.8180 lr=0.000161 tok/s=41,569 eta=12730.339585169004
step=4356 tokens=570949632/1100000000 loss=3.7227 lr=0.000161 tok/s=41,426 eta=12771.106656171627
step=4357 tokens=571080704/1100000000 loss=3.7719 lr=0.000161 tok/s=41,350 eta=12791.23177938539
step=4358 tokens=571211776/1100000000 loss=3.8030 lr=0.000161 tok/s=41,662 eta=12692.326399401709
step=4359 tokens=571342848/1100000000 loss=3.7746 lr=0.000161 tok/s=41,407 eta=12767.230025532679
step=4360 tokens=571473920/1100000000 loss=3.6749 lr=0.00016 tok/s=41,474 eta=12743.403304863696
step=4361 tokens=571604992/1100000000 loss=3.8394 lr=0.00016 tok/s=41,425 eta=12755.595827907733
step=4362 tokens=571736064/1100000000 loss=3.7462 lr=0.00016 tok/s=41,381 eta=12765.93932289916
step=4363 tokens=571867136/1100000000 loss=3.7886 lr=0.00016 tok/s=41,481 eta=12731.80367886988
step=4364 tokens=571998208/1100000000 loss=3.7548 lr=0.00016 tok/s=41,329 eta=12775.489214799074
step=4365 tokens=572129280/1100000000 loss=3.9029 lr=0.00016 tok/s=41,560 eta=12701.293718404399
step=4366 tokens=572260352/1100000000 loss=3.7948 lr=0.00016 tok/s=41,690 eta=12658.768870202972
step=4367 tokens=572391424/1100000000 loss=3.8684 lr=0.00016 tok/s=41,579 eta=12689.219742311298
step=4368 tokens=572522496/1100000000 loss=3.7923 lr=0.00016 tok/s=41,185 eta=12807.498247910638
step=4369 tokens=572653568/1100000000 loss=3.7580 lr=0.00016 tok/s=41,295 eta=12770.107232358838
step=4370 tokens=572784640/1100000000 loss=3.8164 lr=0.00016 tok/s=41,460 eta=12716.320643090572
step=4371 tokens=572915712/1100000000 loss=3.7660 lr=0.00016 tok/s=41,327 eta=12754.028896636895
step=4372 tokens=573046784/1100000000 loss=3.8411 lr=0.00016 tok/s=41,380 eta=12734.493709536071
step=4373 tokens=573177856/1100000000 loss=3.8047 lr=0.00016 tok/s=41,378 eta=12731.946459845009
step=4374 tokens=573308928/1100000000 loss=3.7432 lr=0.00016 tok/s=41,222 eta=12776.8371103063
step=4375 tokens=573440000/1100000000 loss=3.8289 lr=0.00016 tok/s=41,519 eta=12682.356762761816
step=4376 tokens=573571072/1100000000 loss=3.7622 lr=0.00016 tok/s=41,535 eta=12674.29509088804
step=4377 tokens=573702144/1100000000 loss=3.8295 lr=0.00016 tok/s=41,203 eta=12773.424013625372
step=4378 tokens=573833216/1100000000 loss=3.7867 lr=0.00016 tok/s=41,142 eta=12789.09418903375
step=4379 tokens=573964288/1100000000 loss=3.8077 lr=0.00016 tok/s=41,380 eta=12712.395712147289
step=4380 tokens=574095360/1100000000 loss=3.6907 lr=0.000159 tok/s=41,442 eta=12690.225112474709
step=4381 tokens=574226432/1100000000 loss=3.7139 lr=0.000159 tok/s=41,283 eta=12735.811821940459
step=4382 tokens=574357504/1100000000 loss=3.9153 lr=0.000159 tok/s=41,064 eta=12800.487689851689
step=4383 tokens=574488576/1100000000 loss=3.8781 lr=0.000159 tok/s=41,175 eta=12762.799320092823
step=4384 tokens=574619648/1100000000 loss=3.7749 lr=0.000159 tok/s=41,156 eta=12765.435920901988
step=4385 tokens=574750720/1100000000 loss=3.7450 lr=0.000159 tok/s=41,334 eta=12707.421098484729
step=4386 tokens=574881792/1100000000 loss=3.5688 lr=0.000159 tok/s=41,160 eta=12757.880578781256
step=4387 tokens=575012864/1100000000 loss=3.6962 lr=0.000159 tok/s=41,424 eta=12673.547147366204
step=4388 tokens=575143936/1100000000 loss=3.7787 lr=0.000159 tok/s=41,329 eta=12699.35076450039
step=4389 tokens=575275008/1100000000 loss=3.7472 lr=0.000159 tok/s=41,329 eta=12696.245001672036
step=4390 tokens=575406080/1100000000 loss=3.7626 lr=0.000159 tok/s=41,287 eta=12706.141224277633
step=4391 tokens=575537152/1100000000 loss=3.7857 lr=0.000159 tok/s=41,276 eta=12706.327966026825
step=4392 tokens=575668224/1100000000 loss=3.7005 lr=0.000159 tok/s=41,504 eta=12633.245414575524
step=4393 tokens=575799296/1100000000 loss=3.7859 lr=0.000159 tok/s=41,447 eta=12647.462753352522
step=4394 tokens=575930368/1100000000 loss=3.6816 lr=0.000159 tok/s=41,230 eta=12710.952816526495
step=4395 tokens=576061440/1100000000 loss=3.7226 lr=0.000159 tok/s=41,144 eta=12734.211629552234
step=4396 tokens=576192512/1100000000 loss=3.7707 lr=0.000159 tok/s=41,190 eta=12716.915093906611
step=4397 tokens=576323584/1100000000 loss=3.7137 lr=0.000159 tok/s=41,137 eta=12730.031913653836
step=4398 tokens=576454656/1100000000 loss=3.8074 lr=0.000159 tok/s=41,126 eta=12730.328129062182
step=4399 tokens=576585728/1100000000 loss=3.7566 lr=0.000158 tok/s=41,225 eta=12696.664103182058
step=4400 tokens=576716800/1100000000 loss=3.7226 lr=0.000158 tok/s=41,309 eta=12667.405068165475
step=4401 tokens=576847872/1100000000 loss=3.6739 lr=0.000158 tok/s=41,315 eta=12662.67071012269
step=4402 tokens=576978944/1100000000 loss=3.8136 lr=0.000158 tok/s=41,241 eta=12681.975161796725
step=4403 tokens=577110016/1100000000 loss=3.7252 lr=0.000158 tok/s=41,387 eta=12634.203039823125
step=4404 tokens=577241088/1100000000 loss=3.6976 lr=0.000158 tok/s=41,064 eta=12730.282704308618
step=4405 tokens=577372160/1100000000 loss=3.7777 lr=0.000158 tok/s=41,390 eta=12626.953807983165
step=4406 tokens=577503232/1100000000 loss=3.7032 lr=0.000158 tok/s=41,201 eta=12681.578831213505
step=4407 tokens=577634304/1100000000 loss=3.8961 lr=0.000158 tok/s=41,229 eta=12669.881072368193
step=4408 tokens=577765376/1100000000 loss=3.8025 lr=0.000158 tok/s=41,063 eta=12717.772891791928
step=4409 tokens=577896448/1100000000 loss=3.7650 lr=0.000158 tok/s=41,361 eta=12622.983150674263
step=4410 tokens=578027520/1100000000 loss=3.7970 lr=0.000158 tok/s=41,059 eta=12712.736951224984
step=4411 tokens=578158592/1100000000 loss=3.7561 lr=0.000158 tok/s=41,263 eta=12646.830524107789
step=4412 tokens=578289664/1100000000 loss=3.8123 lr=0.000158 tok/s=41,306 eta=12630.429695758074
step=4413 tokens=578420736/1100000000 loss=3.6932 lr=0.000158 tok/s=41,124 eta=12683.002598978303
step=4414 tokens=578551808/1100000000 loss=3.6644 lr=0.000158 tok/s=41,064 eta=12698.542680635579
step=4415 tokens=578682880/1100000000 loss=3.7139 lr=0.000158 tok/s=41,211 eta=12649.915156111942
step=4416 tokens=578813952/1100000000 loss=3.7092 lr=0.000158 tok/s=41,183 eta=12655.436038830107
step=4417 tokens=578945024/1100000000 loss=3.7378 lr=0.000158 tok/s=41,127 eta=12669.264916644155
step=4418 tokens=579076096/1100000000 loss=3.6581 lr=0.000158 tok/s=41,188 eta=12647.594282398393
step=4419 tokens=579207168/1100000000 loss=3.7413 lr=0.000157 tok/s=41,143 eta=12657.972726875834
step=4420 tokens=579338240/1100000000 loss=3.7914 lr=0.000157 tok/s=41,102 eta=12667.629909286043
step=4421 tokens=579469312/1100000000 loss=3.6836 lr=0.000157 tok/s=41,046 eta=12681.494417369764
step=4422 tokens=579600384/1100000000 loss=3.7984 lr=0.000157 tok/s=40,960 eta=12705.204944371839
step=4423 tokens=579731456/1100000000 loss=3.7322 lr=0.000157 tok/s=41,020 eta=12683.42626371988
step=4424 tokens=579862528/1100000000 loss=3.7779 lr=0.000157 tok/s=41,052 eta=12670.175286573847
step=4425 tokens=579993600/1100000000 loss=3.7817 lr=0.000157 tok/s=41,125 eta=12644.64702313963
step=4426 tokens=580124672/1100000000 loss=3.7962 lr=0.000157 tok/s=29,805 eta=17442.348628125714
step=4427 tokens=580255744/1100000000 loss=3.6944 lr=0.000157 tok/s=40,859 eta=12720.391811400445
step=4428 tokens=580386816/1100000000 loss=3.7042 lr=0.000157 tok/s=41,144 eta=12629.227392613235
step=4429 tokens=580517888/1100000000 loss=3.7844 lr=0.000157 tok/s=41,242 eta=12595.882040392027
step=4430 tokens=580648960/1100000000 loss=3.7916 lr=0.000157 tok/s=41,341 eta=12562.734238291654
step=4431 tokens=580780032/1100000000 loss=3.7772 lr=0.000157 tok/s=41,287 eta=12575.785714577807
step=4432 tokens=580911104/1100000000 loss=3.7487 lr=0.000157 tok/s=41,216 eta=12594.26173534217
step=4433 tokens=581042176/1100000000 loss=3.7813 lr=0.000157 tok/s=41,311 eta=12562.11602594324
step=4434 tokens=581173248/1100000000 loss=3.7409 lr=0.000157 tok/s=41,376 eta=12539.32647782424
step=4435 tokens=581304320/1100000000 loss=3.8246 lr=0.000157 tok/s=41,456 eta=12512.023564988654
step=4436 tokens=581435392/1100000000 loss=3.7233 lr=0.000157 tok/s=41,280 eta=12562.171884072968
step=4437 tokens=581566464/1100000000 loss=3.7634 lr=0.000157 tok/s=40,977 eta=12651.794909380733
step=4438 tokens=581697536/1100000000 loss=3.7504 lr=0.000156 tok/s=41,292 eta=12552.154501282492
step=4439 tokens=581828608/1100000000 loss=3.7641 lr=0.000156 tok/s=41,613 eta=12452.047316667884
step=4440 tokens=581959680/1100000000 loss=3.7935 lr=0.000156 tok/s=41,467 eta=12492.699884501368
step=4441 tokens=582090752/1100000000 loss=3.7212 lr=0.000156 tok/s=40,933 eta=12652.654836044578
step=4442 tokens=582221824/1100000000 loss=3.8157 lr=0.000156 tok/s=41,299 eta=12537.234786113899
step=4443 tokens=582352896/1100000000 loss=3.7613 lr=0.000156 tok/s=41,262 eta=12545.474041926891
step=4444 tokens=582483968/1100000000 loss=3.6989 lr=0.000156 tok/s=41,284 eta=12535.565665722754
step=4445 tokens=582615040/1100000000 loss=3.6843 lr=0.000156 tok/s=41,130 eta=12579.14883141779
step=4446 tokens=582746112/1100000000 loss=3.6870 lr=0.000156 tok/s=41,138 eta=12573.678476653024
step=4447 tokens=582877184/1100000000 loss=3.7270 lr=0.000156 tok/s=41,247 eta=12537.241378199671
step=4448 tokens=583008256/1100000000 loss=3.7206 lr=0.000156 tok/s=41,348 eta=12503.487071547612
step=4449 tokens=583139328/1100000000 loss=3.9039 lr=0.000156 tok/s=41,153 eta=12559.44116300228
step=4450 tokens=583270400/1100000000 loss=3.8016 lr=0.000156 tok/s=41,239 eta=12530.222846203866
step=4451 tokens=583401472/1100000000 loss=3.6409 lr=0.000156 tok/s=41,259 eta=12520.818939243349
step=4452 tokens=583532544/1100000000 loss=3.6245 lr=0.000156 tok/s=41,231 eta=12526.344397191466
step=4453 tokens=583663616/1100000000 loss=3.7713 lr=0.000156 tok/s=41,306 eta=12500.309147167529
step=4454 tokens=583794688/1100000000 loss=3.7106 lr=0.000156 tok/s=41,284 eta=12503.705257884267
step=4455 tokens=583925760/1100000000 loss=3.6382 lr=0.000156 tok/s=41,214 eta=12521.854140433152
step=4456 tokens=584056832/1100000000 loss=3.6846 lr=0.000156 tok/s=41,090 eta=12556.564393739227
step=4457 tokens=584187904/1100000000 loss=3.8532 lr=0.000156 tok/s=41,229 eta=12510.872782816654
step=4458 tokens=584318976/1100000000 loss=3.7816 lr=0.000155 tok/s=41,310 eta=12483.132491910814
step=4459 tokens=584450048/1100000000 loss=3.7065 lr=0.000155 tok/s=41,217 eta=12508.249929364601
step=4460 tokens=584581120/1100000000 loss=3.6909 lr=0.000155 tok/s=41,331 eta=12470.422728305508
step=4461 tokens=584712192/1100000000 loss=3.7260 lr=0.000155 tok/s=41,374 eta=12454.45326207473
step=4462 tokens=584843264/1100000000 loss=3.6664 lr=0.000155 tok/s=41,367 eta=12453.38132422978
step=4463 tokens=584974336/1100000000 loss=3.6557 lr=0.000155 tok/s=41,301 eta=12469.972860750733
step=4464 tokens=585105408/1100000000 loss=3.6934 lr=0.000155 tok/s=41,270 eta=12476.379365293646
step=4465 tokens=585236480/1100000000 loss=3.7358 lr=0.000155 tok/s=41,332 eta=12454.444276257802
step=4466 tokens=585367552/1100000000 loss=3.7371 lr=0.000155 tok/s=41,295 eta=12462.194078573355
step=4467 tokens=585498624/1100000000 loss=3.7734 lr=0.000155 tok/s=41,310 eta=12454.643823188959
step=4468 tokens=585629696/1100000000 loss=3.7517 lr=0.000155 tok/s=41,269 eta=12463.978643442902
step=4469 tokens=585760768/1100000000 loss=3.8168 lr=0.000155 tok/s=41,304 eta=12450.162706496681
step=4470 tokens=585891840/1100000000 loss=3.7789 lr=0.000155 tok/s=41,491 eta=12390.746074795927
step=4471 tokens=586022912/1100000000 loss=3.7563 lr=0.000155 tok/s=41,319 eta=12439.14896964677
step=4472 tokens=586153984/1100000000 loss=3.7323 lr=0.000155 tok/s=41,283 eta=12446.845189741633
step=4473 tokens=586285056/1100000000 loss=3.7801 lr=0.000155 tok/s=41,197 eta=12469.583125089086
step=4474 tokens=586416128/1100000000 loss=3.8460 lr=0.000155 tok/s=41,290 eta=12438.341928142398
step=4475 tokens=586547200/1100000000 loss=3.8930 lr=0.000155 tok/s=41,386 eta=12406.457148961234
step=4476 tokens=586678272/1100000000 loss=3.7696 lr=0.000155 tok/s=41,419 eta=12393.417098504427
step=4477 tokens=586809344/1100000000 loss=3.7965 lr=0.000154 tok/s=41,423 eta=12389.118613535577
step=4478 tokens=586940416/1100000000 loss=3.7680 lr=0.000154 tok/s=41,334 eta=12412.414542985098
step=4479 tokens=587071488/1100000000 loss=3.6854 lr=0.000154 tok/s=41,642 eta=12317.567292118496
checkpoint saved: runs/20260905-021323/checkpoints/step_000004479 (time)
step=4480 tokens=587202560/1100000000 loss=3.8158 lr=0.000154 tok/s=33,395 eta=15355.3537292826
step=4481 tokens=587333632/1100000000 loss=3.7971 lr=0.000154 tok/s=41,416 eta=12378.529950334418
step=4482 tokens=587464704/1100000000 loss=3.6723 lr=0.000154 tok/s=41,321 eta=12403.82403285464
step=4483 tokens=587595776/1100000000 loss=3.7710 lr=0.000154 tok/s=41,306 eta=12404.964548166785
step=4484 tokens=587726848/1100000000 loss=3.7514 lr=0.000154 tok/s=41,302 eta=12403.093873822383
step=4485 tokens=587857920/1100000000 loss=3.9397 lr=0.000154 tok/s=41,345 eta=12386.918490503058
step=4486 tokens=587988992/1100000000 loss=3.7078 lr=0.000154 tok/s=41,537 eta=12326.550519027147
step=4487 tokens=588120064/1100000000 loss=3.8400 lr=0.000154 tok/s=41,395 eta=12365.860521657361
step=4488 tokens=588251136/1100000000 loss=3.8011 lr=0.000154 tok/s=41,261 eta=12402.765001290061
step=4489 tokens=588382208/1100000000 loss=3.8627 lr=0.000154 tok/s=41,316 eta=12383.019361686245
step=4490 tokens=588513280/1100000000 loss=3.7299 lr=0.000154 tok/s=41,056 eta=12458.404919644528
step=4491 tokens=588644352/1100000000 loss=3.8196 lr=0.000154 tok/s=41,285 eta=12386.119020818622
step=4492 tokens=588775424/1100000000 loss=3.7814 lr=0.000154 tok/s=41,466 eta=12328.794750039238
step=4493 tokens=588906496/1100000000 loss=3.8116 lr=0.000154 tok/s=41,384 eta=12349.940305293832
step=4494 tokens=589037568/1100000000 loss=3.7899 lr=0.000154 tok/s=41,331 eta=12362.75918273509
step=4495 tokens=589168640/1100000000 loss=3.7536 lr=0.000154 tok/s=41,353 eta=12353.001235545149
step=4496 tokens=589299712/1100000000 loss=3.7890 lr=0.000154 tok/s=41,481 eta=12311.782107770816
step=4497 tokens=589430784/1100000000 loss=3.7737 lr=0.000153 tok/s=41,574 eta=12281.02698426763
step=4498 tokens=589561856/1100000000 loss=3.7281 lr=0.000153 tok/s=41,543 eta=12287.058589302467
step=4499 tokens=589692928/1100000000 loss=3.6913 lr=0.000153 tok/s=41,283 eta=12361.088029606222
step=4500 tokens=589824000/1100000000 loss=3.7710 lr=0.000153 tok/s=41,509 eta=12290.8132527094
step=4501 tokens=589955072/1100000000 loss=3.7485 lr=0.000153 tok/s=41,479 eta=12296.321279711761
step=4502 tokens=590086144/1100000000 loss=3.9796 lr=0.000153 tok/s=30,005 eta=16994.536152234556
step=4503 tokens=590217216/1100000000 loss=3.7861 lr=0.000153 tok/s=41,374 eta=12321.345542324472
step=4504 tokens=590348288/1100000000 loss=3.7607 lr=0.000153 tok/s=41,172 eta=12378.693641021446
step=4505 tokens=590479360/1100000000 loss=3.7575 lr=0.000153 tok/s=41,424 eta=12300.143527913478
step=4506 tokens=590610432/1100000000 loss=3.7660 lr=0.000153 tok/s=41,202 eta=12363.216412938023
step=4507 tokens=590741504/1100000000 loss=3.7834 lr=0.000153 tok/s=41,212 eta=12356.92843880563
step=4508 tokens=590872576/1100000000 loss=3.7285 lr=0.000153 tok/s=41,144 eta=12374.262329925046
step=4509 tokens=591003648/1100000000 loss=3.7025 lr=0.000153 tok/s=41,333 eta=12314.447438339415
step=4510 tokens=591134720/1100000000 loss=3.6436 lr=0.000153 tok/s=41,400 eta=12291.293781015162
step=4511 tokens=591265792/1100000000 loss=3.7448 lr=0.000153 tok/s=41,413 eta=12284.283155377167
step=4512 tokens=591396864/1100000000 loss=3.6066 lr=0.000153 tok/s=41,123 eta=12367.80881030838
step=4513 tokens=591527936/1100000000 loss=3.6674 lr=0.000153 tok/s=41,097 eta=12372.508136748507
step=4514 tokens=591659008/1100000000 loss=3.6058 lr=0.000153 tok/s=41,157 eta=12351.245703981649
step=4515 tokens=591790080/1100000000 loss=3.7395 lr=0.000153 tok/s=41,358 eta=12288.140396227658
step=4516 tokens=591921152/1100000000 loss=3.6286 lr=0.000152 tok/s=41,332 eta=12292.703900184104
step=4517 tokens=592052224/1100000000 loss=3.6694 lr=0.000152 tok/s=41,233 eta=12318.83289950325
step=4518 tokens=592183296/1100000000 loss=3.7205 lr=0.000152 tok/s=41,149 eta=12340.89848969949
step=4519 tokens=592314368/1100000000 loss=3.7500 lr=0.000152 tok/s=41,396 eta=12264.050949635306
step=4520 tokens=592445440/1100000000 loss=3.6699 lr=0.000152 tok/s=41,322 eta=12282.800347527416
step=4521 tokens=592576512/1100000000 loss=3.7611 lr=0.000152 tok/s=41,323 eta=12279.320523100781
step=4522 tokens=592707584/1100000000 loss=3.6844 lr=0.000152 tok/s=41,239 eta=12301.264543691424
step=4523 tokens=592838656/1100000000 loss=3.7227 lr=0.000152 tok/s=41,314 eta=12275.735441618273
step=4524 tokens=592969728/1100000000 loss=3.6864 lr=0.000152 tok/s=41,355 eta=12260.49406350676
step=4525 tokens=593100800/1100000000 loss=3.5954 lr=0.000152 tok/s=41,289 eta=12276.753112511366
step=4526 tokens=593231872/1100000000 loss=3.6591 lr=0.000152 tok/s=41,151 eta=12314.858391791113
step=4527 tokens=593362944/1100000000 loss=3.6355 lr=0.000152 tok/s=41,033 eta=12347.085347121718
step=4528 tokens=593494016/1100000000 loss=3.6976 lr=0.000152 tok/s=41,152 eta=12308.31162069039
step=4529 tokens=593625088/1100000000 loss=3.6738 lr=0.000152 tok/s=41,204 eta=12289.45275281394
step=4530 tokens=593756160/1100000000 loss=3.7298 lr=0.000152 tok/s=41,128 eta=12308.875175838652
step=4531 tokens=593887232/1100000000 loss=3.7069 lr=0.000152 tok/s=41,247 eta=12270.273019446913
step=4532 tokens=594018304/1100000000 loss=3.7479 lr=0.000152 tok/s=41,302 eta=12250.76088555006
step=4533 tokens=594149376/1100000000 loss=3.7320 lr=0.000152 tok/s=41,332 eta=12238.668663847566
step=4534 tokens=594280448/1100000000 loss=3.6856 lr=0.000152 tok/s=41,373 eta=12223.540052567694
step=4535 tokens=594411520/1100000000 loss=3.6374 lr=0.000152 tok/s=41,183 eta=12276.531731336856
step=4536 tokens=594542592/1100000000 loss=3.7245 lr=0.000151 tok/s=41,137 eta=12287.309892768204
step=4537 tokens=594673664/1100000000 loss=3.8235 lr=0.000151 tok/s=41,099 eta=12295.31267627337
step=4538 tokens=594804736/1100000000 loss=3.6257 lr=0.000151 tok/s=41,180 eta=12268.054066196875
step=4539 tokens=594935808/1100000000 loss=3.6804 lr=0.000151 tok/s=41,210 eta=12255.98615116564
step=4540 tokens=595066880/1100000000 loss=3.6404 lr=0.000151 tok/s=41,272 eta=12234.16492812252
step=4541 tokens=595197952/1100000000 loss=3.6760 lr=0.000151 tok/s=41,396 eta=12194.4412442315
step=4542 tokens=595329024/1100000000 loss=3.5549 lr=0.000151 tok/s=41,295 eta=12221.156545085558
step=4543 tokens=595460096/1100000000 loss=3.4593 lr=0.000151 tok/s=41,125 eta=12268.319637937037
step=4544 tokens=595591168/1100000000 loss=3.4419 lr=0.000151 tok/s=41,155 eta=12256.183409508998
step=4545 tokens=595722240/1100000000 loss=3.3552 lr=0.000151 tok/s=41,225 eta=12232.30821428707
step=4546 tokens=595853312/1100000000 loss=3.3920 lr=0.000151 tok/s=40,950 eta=12311.416208960718
step=4547 tokens=595984384/1100000000 loss=3.3428 lr=0.000151 tok/s=41,003 eta=12292.032767859951
step=4548 tokens=596115456/1100000000 loss=3.3289 lr=0.000151 tok/s=40,833 eta=12340.183043231335
step=4549 tokens=596246528/1100000000 loss=3.3379 lr=0.000151 tok/s=40,831 eta=12337.484409322438
step=4550 tokens=596377600/1100000000 loss=3.3604 lr=0.000151 tok/s=40,820 eta=12337.713617599135
step=4551 tokens=596508672/1100000000 loss=3.3170 lr=0.000151 tok/s=41,004 eta=12279.04611016573
step=4552 tokens=596639744/1100000000 loss=3.3090 lr=0.000151 tok/s=41,364 eta=12168.959470454993
step=4553 tokens=596770816/1100000000 loss=3.3176 lr=0.000151 tok/s=41,514 eta=12121.816945956569
step=4554 tokens=596901888/1100000000 loss=3.2849 lr=0.000151 tok/s=41,032 eta=12261.198556738764
step=4555 tokens=597032960/1100000000 loss=3.2858 lr=0.00015 tok/s=41,258 eta=12190.651348680527
step=4556 tokens=597164032/1100000000 loss=3.2973 lr=0.00015 tok/s=41,502 eta=12116.058789340528
step=4557 tokens=597295104/1100000000 loss=3.3003 lr=0.00015 tok/s=41,519 eta=12107.69631300733
step=4558 tokens=597426176/1100000000 loss=3.2890 lr=0.00015 tok/s=41,549 eta=12095.907651318128
step=4559 tokens=597557248/1100000000 loss=3.2850 lr=0.00015 tok/s=41,055 eta=12238.240059008467
step=4560 tokens=597688320/1100000000 loss=3.3077 lr=0.00015 tok/s=40,902 eta=12280.94247606692
step=4561 tokens=597819392/1100000000 loss=3.2800 lr=0.00015 tok/s=41,168 eta=12198.352339217112
step=4562 tokens=597950464/1100000000 loss=3.2813 lr=0.00015 tok/s=41,114 eta=12211.087298853728
step=4563 tokens=598081536/1100000000 loss=3.2558 lr=0.00015 tok/s=41,045 eta=12228.420099186815
step=4564 tokens=598212608/1100000000 loss=3.2079 lr=0.00015 tok/s=41,209 eta=12176.669691797875
step=4565 tokens=598343680/1100000000 loss=3.2440 lr=0.00015 tok/s=40,993 eta=12237.6929926839
step=4566 tokens=598474752/1100000000 loss=3.2064 lr=0.00015 tok/s=41,048 eta=12218.120322030725
step=4567 tokens=598605824/1100000000 loss=3.2255 lr=0.00015 tok/s=40,912 eta=12255.327123945262
step=4568 tokens=598736896/1100000000 loss=3.5620 lr=0.00015 tok/s=41,164 eta=12177.159444295774
step=4569 tokens=598867968/1100000000 loss=3.8004 lr=0.00015 tok/s=41,170 eta=12172.128468767016
step=4570 tokens=598999040/1100000000 loss=3.8122 lr=0.00015 tok/s=41,262 eta=12142.011514333735
step=4571 tokens=599130112/1100000000 loss=3.7731 lr=0.00015 tok/s=41,102 eta=12185.888470910082
step=4572 tokens=599261184/1100000000 loss=3.7619 lr=0.00015 tok/s=41,094 eta=12185.156223282966
step=4573 tokens=599392256/1100000000 loss=3.7944 lr=0.00015 tok/s=41,127 eta=12172.319907684318
step=4574 tokens=599523328/1100000000 loss=3.7977 lr=0.00015 tok/s=41,173 eta=12155.344250594506
step=4575 tokens=599654400/1100000000 loss=3.8603 lr=0.000149 tok/s=41,206 eta=12142.59105349155
step=4576 tokens=599785472/1100000000 loss=3.7701 lr=0.000149 tok/s=41,169 eta=12150.19706617834
step=4577 tokens=599916544/1100000000 loss=3.8790 lr=0.000149 tok/s=41,074 eta=12175.169385437188
step=4578 tokens=600047616/1100000000 loss=3.7676 lr=0.000149 tok/s=29,759 eta=16800.007462752455
checkpoint saved: runs/20260905-021323/checkpoints/tokens_000600m (permanent_tokens)
step=4579 tokens=600178688/1100000000 loss=3.8040 lr=0.000149 tok/s=34,619 eta=14437.574154375203
step=4580 tokens=600309760/1100000000 loss=3.8603 lr=0.000149 tok/s=41,224 eta=12121.415595857963
step=4581 tokens=600440832/1100000000 loss=3.8426 lr=0.000149 tok/s=41,241 eta=12113.057461586957
step=4582 tokens=600571904/1100000000 loss=3.7362 lr=0.000149 tok/s=41,406 eta=12061.59232996388
step=4583 tokens=600702976/1100000000 loss=3.8360 lr=0.000149 tok/s=41,350 eta=12074.888403466857
step=4584 tokens=600834048/1100000000 loss=3.7370 lr=0.000149 tok/s=41,171 eta=12124.259985307968
step=4585 tokens=600965120/1100000000 loss=3.8128 lr=0.000149 tok/s=41,116 eta=12137.36490516314
step=4586 tokens=601096192/1100000000 loss=3.6967 lr=0.000149 tok/s=41,037 eta=12157.541655059083
step=4587 tokens=601227264/1100000000 loss=3.7666 lr=0.000149 tok/s=41,086 eta=12139.650387221214
step=4588 tokens=601358336/1100000000 loss=3.7012 lr=0.000149 tok/s=41,360 eta=12056.167879855746
step=4589 tokens=601489408/1100000000 loss=3.8432 lr=0.000149 tok/s=41,235 eta=12089.420221749826
step=4590 tokens=601620480/1100000000 loss=3.7973 lr=0.000149 tok/s=41,264 eta=12077.744542647604
step=4591 tokens=601751552/1100000000 loss=3.7600 lr=0.000149 tok/s=41,116 eta=12118.177202893938
step=4592 tokens=601882624/1100000000 loss=3.6617 lr=0.000149 tok/s=41,072 eta=12127.77772928821
step=4593 tokens=602013696/1100000000 loss=3.8178 lr=0.000149 tok/s=41,114 eta=12112.213095733883
step=4594 tokens=602144768/1100000000 loss=3.7052 lr=0.000148 tok/s=41,019 eta=12137.109405254043
step=4595 tokens=602275840/1100000000 loss=3.7544 lr=0.000148 tok/s=40,991 eta=12142.25807337327
step=4596 tokens=602406912/1100000000 loss=3.7856 lr=0.000148 tok/s=41,000 eta=12136.338447771148
step=4597 tokens=602537984/1100000000 loss=3.8128 lr=0.000148 tok/s=40,967 eta=12142.911649170115
step=4598 tokens=602669056/1100000000 loss=3.6758 lr=0.000148 tok/s=41,046 eta=12116.499225880028
step=4599 tokens=602800128/1100000000 loss=3.6374 lr=0.000148 tok/s=41,187 eta=12071.8658397816
step=4600 tokens=602931200/1100000000 loss=3.8681 lr=0.000148 tok/s=41,097 eta=12095.108054332557
step=4601 tokens=603062272/1100000000 loss=3.9812 lr=0.000148 tok/s=41,195 eta=12062.943703854251
step=4602 tokens=603193344/1100000000 loss=3.7909 lr=0.000148 tok/s=41,166 eta=12068.379529356962
step=4603 tokens=603324416/1100000000 loss=3.7482 lr=0.000148 tok/s=41,152 eta=12069.157452534857
step=4604 tokens=603455488/1100000000 loss=3.6703 lr=0.000148 tok/s=40,730 eta=12191.035707235316
step=4605 tokens=603586560/1100000000 loss=3.7387 lr=0.000148 tok/s=40,800 eta=12166.879698911362
step=4606 tokens=603717632/1100000000 loss=3.6679 lr=0.000148 tok/s=40,997 eta=12105.296650798582
step=4607 tokens=603848704/1100000000 loss=3.6989 lr=0.000148 tok/s=41,179 eta=12048.69704473563
step=4608 tokens=603979776/1100000000 loss=3.6569 lr=0.000148 tok/s=40,918 eta=12122.30906679551
step=4609 tokens=604110848/1100000000 loss=3.7515 lr=0.000148 tok/s=41,175 eta=12043.347304749163
step=4610 tokens=604241920/1100000000 loss=3.6631 lr=0.000148 tok/s=40,969 eta=12100.809179175
step=4611 tokens=604372992/1100000000 loss=3.5521 lr=0.000148 tok/s=41,226 eta=12022.151108974353
step=4612 tokens=604504064/1100000000 loss=3.6653 lr=0.000148 tok/s=41,169 eta=12035.733239387184
step=4613 tokens=604635136/1100000000 loss=3.6720 lr=0.000148 tok/s=41,161 eta=12034.830919700311
step=4614 tokens=604766208/1100000000 loss=3.6387 lr=0.000147 tok/s=41,175 eta=12027.40581065161
step=4615 tokens=604897280/1100000000 loss=3.6683 lr=0.000147 tok/s=41,128 eta=12038.239855398613
step=4616 tokens=605028352/1100000000 loss=3.6031 lr=0.000147 tok/s=41,127 eta=12035.110337454556
step=4617 tokens=605159424/1100000000 loss=3.5680 lr=0.000147 tok/s=41,336 eta=11971.064340649182
step=4618 tokens=605290496/1100000000 loss=3.5737 lr=0.000147 tok/s=41,238 eta=11996.388469471913
step=4619 tokens=605421568/1100000000 loss=3.6244 lr=0.000147 tok/s=41,182 eta=12009.553744194782
step=4620 tokens=605552640/1100000000 loss=3.5825 lr=0.000147 tok/s=40,840 eta=12106.887201339707
step=4621 tokens=605683712/1100000000 loss=3.6590 lr=0.000147 tok/s=41,092 eta=12029.45400714941
step=4622 tokens=605814784/1100000000 loss=3.5989 lr=0.000147 tok/s=41,171 eta=12003.314102796496
step=4623 tokens=605945856/1100000000 loss=3.6714 lr=0.000147 tok/s=40,841 eta=12096.947272688078
step=4624 tokens=606076928/1100000000 loss=3.5775 lr=0.000147 tok/s=41,036 eta=12036.271924526412
step=4625 tokens=606208000/1100000000 loss=3.5745 lr=0.000147 tok/s=40,879 eta=12079.429578063147
step=4626 tokens=606339072/1100000000 loss=3.5747 lr=0.000147 tok/s=40,940 eta=12058.190199142637
step=4627 tokens=606470144/1100000000 loss=3.6901 lr=0.000147 tok/s=41,139 eta=11996.697378534507
step=4628 tokens=606601216/1100000000 loss=3.4977 lr=0.000147 tok/s=41,079 eta=12011.011167883322
step=4629 tokens=606732288/1100000000 loss=3.5973 lr=0.000147 tok/s=40,863 eta=12071.122317213396
step=4630 tokens=606863360/1100000000 loss=3.6213 lr=0.000147 tok/s=40,962 eta=12038.8589922757
step=4631 tokens=606994432/1100000000 loss=3.5355 lr=0.000147 tok/s=41,085 eta=11999.769577471383
step=4632 tokens=607125504/1100000000 loss=3.7807 lr=0.000147 tok/s=41,282 eta=11939.294620321856
step=4633 tokens=607256576/1100000000 loss=3.9094 lr=0.000147 tok/s=41,225 eta=11952.560715741047
step=4634 tokens=607387648/1100000000 loss=3.8440 lr=0.000146 tok/s=41,254 eta=11940.867349412656
step=4635 tokens=607518720/1100000000 loss=4.0058 lr=0.000146 tok/s=40,976 eta=12018.690995481005
step=4636 tokens=607649792/1100000000 loss=3.8735 lr=0.000146 tok/s=41,224 eta=11943.424621818316
step=4637 tokens=607780864/1100000000 loss=3.9047 lr=0.000146 tok/s=41,192 eta=11949.321101666641
step=4638 tokens=607911936/1100000000 loss=3.8605 lr=0.000146 tok/s=40,950 eta=12016.853178953186
step=4639 tokens=608043008/1100000000 loss=3.7583 lr=0.000146 tok/s=41,075 eta=11976.91943139831
step=4640 tokens=608174080/1100000000 loss=3.8256 lr=0.000146 tok/s=41,229 eta=11929.212556484032
step=4641 tokens=608305152/1100000000 loss=3.8015 lr=0.000146 tok/s=41,283 eta=11910.423210758654
step=4642 tokens=608436224/1100000000 loss=3.9538 lr=0.000146 tok/s=41,180 eta=11936.90624728545
step=4643 tokens=608567296/1100000000 loss=3.9487 lr=0.000146 tok/s=41,169 eta=11936.89504486629
step=4644 tokens=608698368/1100000000 loss=3.8548 lr=0.000146 tok/s=41,254 eta=11909.119324012005
step=4645 tokens=608829440/1100000000 loss=3.7699 lr=0.000146 tok/s=41,293 eta=11894.753870882765
step=4646 tokens=608960512/1100000000 loss=3.7159 lr=0.000146 tok/s=41,378 eta=11867.18893647508
step=4647 tokens=609091584/1100000000 loss=3.7745 lr=0.000146 tok/s=41,214 eta=11911.349708222062
step=4648 tokens=609222656/1100000000 loss=3.7844 lr=0.000146 tok/s=41,211 eta=11908.766612392425
step=4649 tokens=609353728/1100000000 loss=3.7446 lr=0.000146 tok/s=41,231 eta=11899.987392140049
step=4650 tokens=609484800/1100000000 loss=4.0639 lr=0.000146 tok/s=41,175 eta=11913.012863284634
step=4651 tokens=609615872/1100000000 loss=4.4326 lr=0.000146 tok/s=41,261 eta=11884.912077174553
step=4652 tokens=609746944/1100000000 loss=3.9099 lr=0.000146 tok/s=41,078 eta=11934.601852856937
step=4653 tokens=609878016/1100000000 loss=3.7082 lr=0.000145 tok/s=41,360 eta=11850.207874207043
step=4654 tokens=610009088/1100000000 loss=3.8884 lr=0.000145 tok/s=29,922 eta=16375.792003668006
step=4655 tokens=610140160/1100000000 loss=3.7084 lr=0.000145 tok/s=41,342 eta=11848.893938694731
step=4656 tokens=610271232/1100000000 loss=3.7646 lr=0.000145 tok/s=41,397 eta=11830.015868794968
step=4657 tokens=610402304/1100000000 loss=3.8834 lr=0.000145 tok/s=41,381 eta=11831.501931951681
step=4658 tokens=610533376/1100000000 loss=3.8082 lr=0.000145 tok/s=41,353 eta=11836.236338969326
step=4659 tokens=610664448/1100000000 loss=3.8545 lr=0.000145 tok/s=41,352 eta=11833.546941980932
step=4660 tokens=610795520/1100000000 loss=3.7934 lr=0.000145 tok/s=41,403 eta=11815.683599719652
step=4661 tokens=610926592/1100000000 loss=3.7503 lr=0.000145 tok/s=41,354 eta=11826.5413580558
step=4662 tokens=611057664/1100000000 loss=3.8039 lr=0.000145 tok/s=41,243 eta=11855.208420953719
step=4663 tokens=611188736/1100000000 loss=3.7707 lr=0.000145 tok/s=41,325 eta=11828.375927222472
step=4664 tokens=611319808/1100000000 loss=3.7840 lr=0.000145 tok/s=41,237 eta=11850.556456863287
step=4665 tokens=611450880/1100000000 loss=3.7509 lr=0.000145 tok/s=41,096 eta=11888.082373348272
step=4666 tokens=611581952/1100000000 loss=3.7753 lr=0.000145 tok/s=41,300 eta=11825.976861076339
step=4667 tokens=611713024/1100000000 loss=3.7984 lr=0.000145 tok/s=41,366 eta=11803.984825887397
step=4668 tokens=611844096/1100000000 loss=3.7610 lr=0.000145 tok/s=41,162 eta=11859.46178545295
step=4669 tokens=611975168/1100000000 loss=3.7979 lr=0.000145 tok/s=41,096 eta=11875.30909229234
step=4670 tokens=612106240/1100000000 loss=3.7558 lr=0.000145 tok/s=41,140 eta=11859.334265064921
step=4671 tokens=612237312/1100000000 loss=3.8697 lr=0.000145 tok/s=41,199 eta=11839.169383213039
step=4672 tokens=612368384/1100000000 loss=3.7890 lr=0.000145 tok/s=41,160 eta=11847.31186329071
step=4673 tokens=612499456/1100000000 loss=3.8536 lr=0.000144 tok/s=41,315 eta=11799.677991987182
step=4674 tokens=612630528/1100000000 loss=3.7060 lr=0.000144 tok/s=41,316 eta=11796.180005462098
step=4675 tokens=612761600/1100000000 loss=3.9225 lr=0.000144 tok/s=41,048 eta=11870.042575873931
step=4676 tokens=612892672/1100000000 loss=3.8152 lr=0.000144 tok/s=41,261 eta=11805.383366252276
step=4677 tokens=613023744/1100000000 loss=3.6855 lr=0.000144 tok/s=41,063 eta=11859.188161587019
step=4678 tokens=613154816/1100000000 loss=3.7313 lr=0.000144 tok/s=41,136 eta=11834.911036907633
step=4679 tokens=613285888/1100000000 loss=3.7697 lr=0.000144 tok/s=41,045 eta=11857.994299225085
step=4680 tokens=613416960/1100000000 loss=3.8106 lr=0.000144 tok/s=41,317 eta=11776.952405699822
step=4681 tokens=613548032/1100000000 loss=3.7663 lr=0.000144 tok/s=41,256 eta=11790.979036509094
step=4682 tokens=613679104/1100000000 loss=3.7314 lr=0.000144 tok/s=41,421 eta=11741.067529839398
step=4683 tokens=613810176/1100000000 loss=3.7371 lr=0.000144 tok/s=41,230 eta=11792.023854667703
step=4684 tokens=613941248/1100000000 loss=3.7779 lr=0.000144 tok/s=41,250 eta=11783.374050703058
step=4685 tokens=614072320/1100000000 loss=3.6914 lr=0.000144 tok/s=41,302 eta=11765.159610038847
step=4686 tokens=614203392/1100000000 loss=3.9299 lr=0.000144 tok/s=41,476 eta=11712.694620803342
step=4687 tokens=614334464/1100000000 loss=3.8053 lr=0.000144 tok/s=41,140 eta=11805.063779869834
step=4688 tokens=614465536/1100000000 loss=3.8512 lr=0.000144 tok/s=41,071 eta=11821.808346873631
step=4689 tokens=614596608/1100000000 loss=3.7815 lr=0.000144 tok/s=41,112 eta=11806.929483338723
step=4690 tokens=614727680/1100000000 loss=3.7503 lr=0.000144 tok/s=41,091 eta=11809.653036640742
step=4691 tokens=614858752/1100000000 loss=3.7108 lr=0.000144 tok/s=41,239 eta=11763.997620075568
step=4692 tokens=614989824/1100000000 loss=3.8776 lr=0.000143 tok/s=41,267 eta=11753.003165678352
step=4693 tokens=615120896/1100000000 loss=3.7456 lr=0.000143 tok/s=41,194 eta=11770.70765594557
step=4694 tokens=615251968/1100000000 loss=3.7176 lr=0.000143 tok/s=41,055 eta=11807.312946487977
step=4695 tokens=615383040/1100000000 loss=3.8363 lr=0.000143 tok/s=41,110 eta=11788.26088054667
step=4696 tokens=615514112/1100000000 loss=3.6632 lr=0.000143 tok/s=41,093 eta=11789.847025278334
step=4697 tokens=615645184/1100000000 loss=3.7426 lr=0.000143 tok/s=41,148 eta=11771.077518525108
step=4698 tokens=615776256/1100000000 loss=3.6336 lr=0.000143 tok/s=41,395 eta=11697.760156266944
step=4699 tokens=615907328/1100000000 loss=3.6565 lr=0.000143 tok/s=41,434 eta=11683.559224658808
step=4700 tokens=616038400/1100000000 loss=3.6355 lr=0.000143 tok/s=41,297 eta=11718.985363884036
step=4701 tokens=616169472/1100000000 loss=3.7213 lr=0.000143 tok/s=41,188 eta=11746.854697977125
step=4702 tokens=616300544/1100000000 loss=3.7525 lr=0.000143 tok/s=41,217 eta=11735.383426947054
step=4703 tokens=616431616/1100000000 loss=3.7700 lr=0.000143 tok/s=41,089 eta=11768.691401547463
step=4704 tokens=616562688/1100000000 loss=3.7022 lr=0.000143 tok/s=41,358 eta=11689.204893075052
step=4705 tokens=616693760/1100000000 loss=3.6903 lr=0.000143 tok/s=41,304 eta=11701.285082938732
step=4706 tokens=616824832/1100000000 loss=3.7184 lr=0.000143 tok/s=41,400 eta=11670.982091005131
step=4707 tokens=616955904/1100000000 loss=3.6807 lr=0.000143 tok/s=41,550 eta=11625.546008253239
step=4708 tokens=617086976/1100000000 loss=3.7329 lr=0.000143 tok/s=41,339 eta=11681.914227289813
step=4709 tokens=617218048/1100000000 loss=3.6915 lr=0.000143 tok/s=41,280 eta=11695.372447821697
step=4710 tokens=617349120/1100000000 loss=3.6963 lr=0.000143 tok/s=41,344 eta=11674.100149726612
step=4711 tokens=617480192/1100000000 loss=3.7091 lr=0.000143 tok/s=41,268 eta=11692.231142376371
step=4712 tokens=617611264/1100000000 loss=3.7687 lr=0.000142 tok/s=41,194 eta=11710.138788687776
step=4713 tokens=617742336/1100000000 loss=3.7079 lr=0.000142 tok/s=40,954 eta=11775.67205046794
step=4714 tokens=617873408/1100000000 loss=3.7184 lr=0.000142 tok/s=41,120 eta=11724.796154904396
step=4715 tokens=618004480/1100000000 loss=3.6637 lr=0.000142 tok/s=41,395 eta=11643.92142633228
step=4716 tokens=618135552/1100000000 loss=3.5903 lr=0.000142 tok/s=41,314 eta=11663.325298602149
step=4717 tokens=618266624/1100000000 loss=3.6309 lr=0.000142 tok/s=41,177 eta=11699.113237063355
step=4718 tokens=618397696/1100000000 loss=3.5565 lr=0.000142 tok/s=41,246 eta=11676.400862081042
step=4719 tokens=618528768/1100000000 loss=3.6923 lr=0.000142 tok/s=41,201 eta=11685.815550041998
step=4720 tokens=618659840/1100000000 loss=3.6610 lr=0.000142 tok/s=41,069 eta=11720.293715568761
step=4721 tokens=618790912/1100000000 loss=3.7387 lr=0.000142 tok/s=41,086 eta=11712.334445200451
step=4722 tokens=618921984/1100000000 loss=3.6450 lr=0.000142 tok/s=41,368 eta=11629.102631840828
step=4723 tokens=619053056/1100000000 loss=3.7412 lr=0.000142 tok/s=41,260 eta=11656.449351825517
step=4724 tokens=619184128/1100000000 loss=3.6680 lr=0.000142 tok/s=40,980 eta=11732.855497099861
step=4725 tokens=619315200/1100000000 loss=3.6659 lr=0.000142 tok/s=41,306 eta=11637.268668928664
step=4726 tokens=619446272/1100000000 loss=3.6560 lr=0.000142 tok/s=41,296 eta=11636.774956740574
step=4727 tokens=619577344/1100000000 loss=3.6841 lr=0.000142 tok/s=41,185 eta=11665.092749775169
step=4728 tokens=619708416/1100000000 loss=3.5921 lr=0.000142 tok/s=41,347 eta=11616.175329169782
step=4729 tokens=619839488/1100000000 loss=3.4518 lr=0.000142 tok/s=41,245 eta=11641.787189559813
step=4730 tokens=619970560/1100000000 loss=3.3994 lr=0.000142 tok/s=41,132 eta=11670.588995626225
step=4731 tokens=620101632/1100000000 loss=3.3820 lr=0.000142 tok/s=29,953 eta=16021.942185545638
step=4732 tokens=620232704/1100000000 loss=3.3523 lr=0.000141 tok/s=41,395 eta=11590.118146105346
step=4733 tokens=620363776/1100000000 loss=3.2947 lr=0.000141 tok/s=41,043 eta=11686.089735422402
step=4734 tokens=620494848/1100000000 loss=3.3342 lr=0.000141 tok/s=41,073 eta=11674.551496988983
step=4735 tokens=620625920/1100000000 loss=3.2871 lr=0.000141 tok/s=41,390 eta=11581.787390403584
step=4736 tokens=620756992/1100000000 loss=3.2717 lr=0.000141 tok/s=41,487 eta=11551.778686817874
step=4737 tokens=620888064/1100000000 loss=3.2180 lr=0.000141 tok/s=41,187 eta=11632.685480998121
step=4738 tokens=621019136/1100000000 loss=3.2462 lr=0.000141 tok/s=41,623 eta=11507.720521531362
step=4739 tokens=621150208/1100000000 loss=3.3051 lr=0.000141 tok/s=41,112 eta=11647.509197576612
step=4740 tokens=621281280/1100000000 loss=3.2739 lr=0.000141 tok/s=41,551 eta=11521.337302141263
step=4741 tokens=621412352/1100000000 loss=3.1985 lr=0.000141 tok/s=41,498 eta=11532.82096455999
step=4742 tokens=621543424/1100000000 loss=3.2202 lr=0.000141 tok/s=41,569 eta=11510.054789772643
step=4743 tokens=621674496/1100000000 loss=3.2240 lr=0.000141 tok/s=41,450 eta=11539.694042890636
step=4744 tokens=621805568/1100000000 loss=3.2469 lr=0.000141 tok/s=41,471 eta=11530.729686739907
step=4745 tokens=621936640/1100000000 loss=3.2723 lr=0.000141 tok/s=41,332 eta=11566.324357845282
step=4746 tokens=622067712/1100000000 loss=3.2498 lr=0.000141 tok/s=41,699 eta=11461.352470596634
step=4747 tokens=622198784/1100000000 loss=3.2218 lr=0.000141 tok/s=41,420 eta=11535.64466641144
step=4748 tokens=622329856/1100000000 loss=3.2552 lr=0.000141 tok/s=41,565 eta=11492.20141325525
step=4749 tokens=622460928/1100000000 loss=3.2292 lr=0.000141 tok/s=41,326 eta=11555.349554658082
step=4750 tokens=622592000/1100000000 loss=3.2217 lr=0.000141 tok/s=41,252 eta=11573.031302292397
step=4751 tokens=622723072/1100000000 loss=3.2459 lr=0.000141 tok/s=41,387 eta=11532.183086390543
step=4752 tokens=622854144/1100000000 loss=3.1891 lr=0.00014 tok/s=41,559 eta=11481.282036231803
step=4753 tokens=622985216/1100000000 loss=3.1329 lr=0.00014 tok/s=41,381 eta=11527.497585202784
step=4754 tokens=623116288/1100000000 loss=3.2387 lr=0.00014 tok/s=41,160 eta=11586.11408634744
step=4755 tokens=623247360/1100000000 loss=3.1947 lr=0.00014 tok/s=41,381 eta=11521.026727209139
step=4756 tokens=623378432/1100000000 loss=3.1854 lr=0.00014 tok/s=41,303 eta=11539.672828596085
step=4757 tokens=623509504/1100000000 loss=3.1808 lr=0.00014 tok/s=41,311 eta=11534.307377181056
step=4758 tokens=623640576/1100000000 loss=3.1904 lr=0.00014 tok/s=41,387 eta=11509.91046989186
step=4759 tokens=623771648/1100000000 loss=3.1513 lr=0.00014 tok/s=41,244 eta=11546.516177874297
step=4760 tokens=623902720/1100000000 loss=3.5080 lr=0.00014 tok/s=41,242 eta=11544.125993375357
step=4761 tokens=624033792/1100000000 loss=3.7300 lr=0.00014 tok/s=41,542 eta=11457.529711331325
step=4762 tokens=624164864/1100000000 loss=3.8069 lr=0.00014 tok/s=41,630 eta=11430.085468439676
step=4763 tokens=624295936/1100000000 loss=3.7495 lr=0.00014 tok/s=41,422 eta=11484.316599397078
step=4764 tokens=624427008/1100000000 loss=3.7330 lr=0.00014 tok/s=41,566 eta=11441.26767064036
step=4765 tokens=624558080/1100000000 loss=3.7230 lr=0.00014 tok/s=41,597 eta=11429.652249483996
step=4766 tokens=624689152/1100000000 loss=3.7917 lr=0.00014 tok/s=41,473 eta=11460.641286914659
step=4767 tokens=624820224/1100000000 loss=3.7316 lr=0.00014 tok/s=41,385 eta=11481.959170510589
step=4768 tokens=624951296/1100000000 loss=3.7766 lr=0.00014 tok/s=41,357 eta=11486.507630709888
step=4769 tokens=625082368/1100000000 loss=3.9991 lr=0.00014 tok/s=41,294 eta=11500.97790599394
step=4770 tokens=625213440/1100000000 loss=3.9117 lr=0.00014 tok/s=41,315 eta=11491.750658765124
step=4771 tokens=625344512/1100000000 loss=3.8043 lr=0.000139 tok/s=41,261 eta=11503.79097335229
step=4772 tokens=625475584/1100000000 loss=3.8338 lr=0.000139 tok/s=41,245 eta=11505.044163540888
step=4773 tokens=625606656/1100000000 loss=3.7910 lr=0.000139 tok/s=41,117 eta=11537.511969775922
step=4774 tokens=625737728/1100000000 loss=3.7118 lr=0.000139 tok/s=41,141 eta=11527.846864717483
step=4775 tokens=625868800/1100000000 loss=3.6466 lr=0.000139 tok/s=41,237 eta=11497.651406113404
step=4776 tokens=625999872/1100000000 loss=3.7292 lr=0.000139 tok/s=41,133 eta=11523.590012356837
step=4777 tokens=626130944/1100000000 loss=3.7074 lr=0.000139 tok/s=41,114 eta=11525.830873980958
step=4778 tokens=626262016/1100000000 loss=3.7103 lr=0.000139 tok/s=41,241 eta=11486.977229173739
step=4779 tokens=626393088/1100000000 loss=3.7205 lr=0.000139 tok/s=41,353 eta=11452.69006483867
step=4780 tokens=626524160/1100000000 loss=3.7185 lr=0.000139 tok/s=41,281 eta=11469.446229923364
step=4781 tokens=626655232/1100000000 loss=3.7316 lr=0.000139 tok/s=41,126 eta=11509.512639167206
step=4782 tokens=626786304/1100000000 loss=3.7199 lr=0.000139 tok/s=41,215 eta=11481.457107506125
step=4783 tokens=626917376/1100000000 loss=3.7249 lr=0.000139 tok/s=41,460 eta=11410.525650831296
step=4784 tokens=627048448/1100000000 loss=3.7091 lr=0.000139 tok/s=41,496 eta=11397.499847813522
step=4785 tokens=627179520/1100000000 loss=3.6969 lr=0.000139 tok/s=41,202 eta=11475.682842906113
step=4786 tokens=627310592/1100000000 loss=3.8066 lr=0.000139 tok/s=41,346 eta=11432.668261480934
step=4787 tokens=627441664/1100000000 loss=3.8191 lr=0.000139 tok/s=41,194 eta=11471.635154156467
step=4788 tokens=627572736/1100000000 loss=3.6642 lr=0.000139 tok/s=41,266 eta=11448.407832217477
step=4789 tokens=627703808/1100000000 loss=3.7464 lr=0.000139 tok/s=41,272 eta=11443.497780670477
step=4790 tokens=627834880/1100000000 loss=3.7108 lr=0.000139 tok/s=41,269 eta=11441.240160538975
step=4791 tokens=627965952/1100000000 loss=4.0650 lr=0.000138 tok/s=41,382 eta=11406.744376135148
step=4792 tokens=628097024/1100000000 loss=3.7013 lr=0.000138 tok/s=41,376 eta=11405.26976791913
step=4793 tokens=628228096/1100000000 loss=3.8221 lr=0.000138 tok/s=41,255 eta=11435.39799867993
step=4794 tokens=628359168/1100000000 loss=3.8502 lr=0.000138 tok/s=41,072 eta=11483.355367574351
step=4795 tokens=628490240/1100000000 loss=3.7286 lr=0.000138 tok/s=40,936 eta=11518.156255022035
step=4796 tokens=628621312/1100000000 loss=3.8912 lr=0.000138 tok/s=41,138 eta=11458.541783263749
step=4797 tokens=628752384/1100000000 loss=3.7679 lr=0.000138 tok/s=40,938 eta=11511.268784831562
step=4798 tokens=628883456/1100000000 loss=3.7901 lr=0.000138 tok/s=41,304 eta=11406.03527661679
step=4799 tokens=629014528/1100000000 loss=3.7519 lr=0.000138 tok/s=40,963 eta=11497.75846146517
step=4800 tokens=629145600/1100000000 loss=3.7925 lr=0.000138 tok/s=41,049 eta=11470.410431494069
step=4801 tokens=629276672/1100000000 loss=3.7222 lr=0.000138 tok/s=41,303 eta=11396.69410856528
step=4802 tokens=629407744/1100000000 loss=3.8731 lr=0.000138 tok/s=41,334 eta=11385.00212960393
step=4803 tokens=629538816/1100000000 loss=3.7869 lr=0.000138 tok/s=41,307 eta=11389.320927770641
step=4804 tokens=629669888/1100000000 loss=3.8548 lr=0.000138 tok/s=41,062 eta=11454.123886886251
step=4805 tokens=629800960/1100000000 loss=3.7835 lr=0.000138 tok/s=41,001 eta=11468.12812901229
step=4806 tokens=629932032/1100000000 loss=3.7360 lr=0.000138 tok/s=40,832 eta=11512.245001979494
step=4807 tokens=630063104/1100000000 loss=3.7912 lr=0.000138 tok/s=29,709 eta=15817.736854316392
step=4808 tokens=630194176/1100000000 loss=3.8104 lr=0.000138 tok/s=41,365 eta=11357.619076630825
step=4809 tokens=630325248/1100000000 loss=3.7604 lr=0.000138 tok/s=41,224 eta=11393.3574490106
step=4810 tokens=630456320/1100000000 loss=3.7637 lr=0.000138 tok/s=41,065 eta=11434.244302193953
step=4811 tokens=630587392/1100000000 loss=3.8298 lr=0.000137 tok/s=41,339 eta=11355.15040543093
step=4812 tokens=630718464/1100000000 loss=3.6933 lr=0.000137 tok/s=41,158 eta=11401.975895377594
step=4813 tokens=630849536/1100000000 loss=3.7869 lr=0.000137 tok/s=41,277 eta=11365.79810625762
step=4814 tokens=630980608/1100000000 loss=3.6227 lr=0.000137 tok/s=41,605 eta=11273.183548968453
step=4815 tokens=631111680/1100000000 loss=3.8079 lr=0.000137 tok/s=41,449 eta=11312.429647202456
step=4816 tokens=631242752/1100000000 loss=3.8137 lr=0.000137 tok/s=41,199 eta=11377.992325279132
step=4817 tokens=631373824/1100000000 loss=3.7788 lr=0.000137 tok/s=41,670 eta=11246.217148768601
step=4818 tokens=631504896/1100000000 loss=3.6972 lr=0.000137 tok/s=41,205 eta=11369.79949102522
step=4819 tokens=631635968/1100000000 loss=3.7538 lr=0.000137 tok/s=41,062 eta=11406.30774847787
step=4820 tokens=631767040/1100000000 loss=3.6972 lr=0.000137 tok/s=41,009 eta=11417.719493797
step=4821 tokens=631898112/1100000000 loss=3.7142 lr=0.000137 tok/s=41,175 eta=11368.46987662763
step=4822 tokens=632029184/1100000000 loss=3.7856 lr=0.000137 tok/s=41,314 eta=11327.074625025687
step=4823 tokens=632160256/1100000000 loss=3.8277 lr=0.000137 tok/s=41,585 eta=11250.090058212607
step=4824 tokens=632291328/1100000000 loss=3.7501 lr=0.000137 tok/s=41,269 eta=11333.224707267123
step=4825 tokens=632422400/1100000000 loss=3.7353 lr=0.000137 tok/s=41,355 eta=11306.50830054851
step=4826 tokens=632553472/1100000000 loss=3.6903 lr=0.000137 tok/s=41,374 eta=11297.996911296092
step=4827 tokens=632684544/1100000000 loss=3.7208 lr=0.000137 tok/s=41,212 eta=11339.288489614542
step=4828 tokens=632815616/1100000000 loss=3.7188 lr=0.000137 tok/s=41,243 eta=11327.626329564006
step=4829 tokens=632946688/1100000000 loss=3.7696 lr=0.000137 tok/s=41,476 eta=11260.839045747607
step=4830 tokens=633077760/1100000000 loss=3.8120 lr=0.000137 tok/s=41,272 eta=11313.242922596943
step=4831 tokens=633208832/1100000000 loss=3.7126 lr=0.000136 tok/s=41,293 eta=11304.28010571443
step=4832 tokens=633339904/1100000000 loss=3.7460 lr=0.000136 tok/s=41,348 eta=11286.121828516716
step=4833 tokens=633470976/1100000000 loss=3.9619 lr=0.000136 tok/s=41,357 eta=11280.508003327443
step=4834 tokens=633602048/1100000000 loss=3.6835 lr=0.000136 tok/s=41,232 eta=11311.490244451861
step=4835 tokens=633733120/1100000000 loss=3.6780 lr=0.000136 tok/s=41,360 eta=11273.384203985133
step=4836 tokens=633864192/1100000000 loss=3.7330 lr=0.000136 tok/s=41,277 eta=11292.75977157894
step=4837 tokens=633995264/1100000000 loss=3.6648 lr=0.000136 tok/s=41,425 eta=11249.355183883694
step=4838 tokens=634126336/1100000000 loss=3.7776 lr=0.000136 tok/s=41,253 eta=11293.03350251566
step=4839 tokens=634257408/1100000000 loss=3.7463 lr=0.000136 tok/s=41,248 eta=11291.379808278925
step=4840 tokens=634388480/1100000000 loss=3.7576 lr=0.000136 tok/s=41,306 eta=11272.187294768126
step=4841 tokens=634519552/1100000000 loss=3.8590 lr=0.000136 tok/s=41,283 eta=11275.489324623886
step=4842 tokens=634650624/1100000000 loss=3.8003 lr=0.000136 tok/s=41,232 eta=11286.145178537881
step=4843 tokens=634781696/1100000000 loss=3.7820 lr=0.000136 tok/s=41,366 eta=11246.476260572115
step=4844 tokens=634912768/1100000000 loss=3.7566 lr=0.000136 tok/s=41,461 eta=11217.426926851904
step=4845 tokens=635043840/1100000000 loss=3.8005 lr=0.000136 tok/s=41,503 eta=11203.025192301637
step=4846 tokens=635174912/1100000000 loss=3.7117 lr=0.000136 tok/s=41,551 eta=11186.781722486798
step=4847 tokens=635305984/1100000000 loss=3.6940 lr=0.000136 tok/s=41,518 eta=11192.458224875561
step=4848 tokens=635437056/1100000000 loss=3.7448 lr=0.000136 tok/s=41,464 eta=11203.96522563111
step=4849 tokens=635568128/1100000000 loss=3.7348 lr=0.000136 tok/s=41,325 eta=11238.639627278013
step=4850 tokens=635699200/1100000000 loss=3.7756 lr=0.000136 tok/s=41,456 eta=11199.827213191262
step=4851 tokens=635830272/1100000000 loss=3.8204 lr=0.000135 tok/s=41,636 eta=11148.289207487078
step=4852 tokens=635961344/1100000000 loss=3.9360 lr=0.000135 tok/s=41,779 eta=11106.900974824886
step=4853 tokens=636092416/1100000000 loss=3.6892 lr=0.000135 tok/s=41,446 eta=11192.995084190217
step=4854 tokens=636223488/1100000000 loss=3.7566 lr=0.000135 tok/s=41,428 eta=11194.884008370911
step=4855 tokens=636354560/1100000000 loss=3.7499 lr=0.000135 tok/s=41,249 eta=11240.263370917068
step=4856 tokens=636485632/1100000000 loss=3.7423 lr=0.000135 tok/s=41,252 eta=11236.252577127416
step=4857 tokens=636616704/1100000000 loss=3.6642 lr=0.000135 tok/s=41,216 eta=11242.739223252713
step=4858 tokens=636747776/1100000000 loss=3.7189 lr=0.000135 tok/s=41,294 eta=11218.27178059829
step=4859 tokens=636878848/1100000000 loss=3.6431 lr=0.000135 tok/s=41,158 eta=11252.410141935272
step=4860 tokens=637009920/1100000000 loss=3.7065 lr=0.000135 tok/s=41,290 eta=11213.06886659769
step=4861 tokens=637140992/1100000000 loss=3.6613 lr=0.000135 tok/s=41,322 eta=11201.154513029018
checkpoint saved: runs/20260905-021323/checkpoints/step_000004861 (time)
step=4862 tokens=637272064/1100000000 loss=3.7450 lr=0.000135 tok/s=34,233 eta=13516.847694529793
step=4863 tokens=637403136/1100000000 loss=3.6068 lr=0.000135 tok/s=41,270 eta=11209.020501073805
step=4864 tokens=637534208/1100000000 loss=3.7044 lr=0.000135 tok/s=41,277 eta=11203.978025059463
step=4865 tokens=637665280/1100000000 loss=3.8859 lr=0.000135 tok/s=41,289 eta=11197.583144281978
step=4866 tokens=637796352/1100000000 loss=3.6901 lr=0.000135 tok/s=41,359 eta=11175.408153997174
step=4867 tokens=637927424/1100000000 loss=3.7278 lr=0.000135 tok/s=41,478 eta=11140.2153138706
step=4868 tokens=638058496/1100000000 loss=3.7874 lr=0.000135 tok/s=41,332 eta=11176.351338690385
step=4869 tokens=638189568/1100000000 loss=3.6618 lr=0.000135 tok/s=41,285 eta=11185.910030120862
step=4870 tokens=638320640/1100000000 loss=3.6566 lr=0.000135 tok/s=41,345 eta=11166.41396244398
step=4871 tokens=638451712/1100000000 loss=3.7089 lr=0.000134 tok/s=41,137 eta=11219.886378139707
step=4872 tokens=638582784/1100000000 loss=3.6167 lr=0.000134 tok/s=41,215 eta=11195.427552865372
step=4873 tokens=638713856/1100000000 loss=3.9982 lr=0.000134 tok/s=41,225 eta=11189.586106542654
step=4874 tokens=638844928/1100000000 loss=3.7070 lr=0.000134 tok/s=41,202 eta=11192.464284044609
step=4875 tokens=638976000/1100000000 loss=3.7616 lr=0.000134 tok/s=41,152 eta=11202.852025869726
step=4876 tokens=639107072/1100000000 loss=3.7444 lr=0.000134 tok/s=41,227 eta=11179.365487131374
step=4877 tokens=639238144/1100000000 loss=3.8044 lr=0.000134 tok/s=41,162 eta=11193.778325636771
step=4878 tokens=639369216/1100000000 loss=3.7612 lr=0.000134 tok/s=41,185 eta=11184.468109490599
step=4879 tokens=639500288/1100000000 loss=3.7571 lr=0.000134 tok/s=41,243 eta=11165.422400215102
step=4880 tokens=639631360/1100000000 loss=3.5152 lr=0.000134 tok/s=41,393 eta=11121.924331089462
step=4881 tokens=639762432/1100000000 loss=3.6406 lr=0.000134 tok/s=41,428 eta=11109.307459705142
step=4882 tokens=639893504/1100000000 loss=3.7044 lr=0.000134 tok/s=41,470 eta=11094.846130391023
step=4883 tokens=640024576/1100000000 loss=3.7240 lr=0.000134 tok/s=29,839 eta=15415.084699352647
step=4884 tokens=640155648/1100000000 loss=3.7602 lr=0.000134 tok/s=41,505 eta=11079.201340815996
step=4885 tokens=640286720/1100000000 loss=3.6704 lr=0.000134 tok/s=41,157 eta=11169.803257163789
step=4886 tokens=640417792/1100000000 loss=3.8255 lr=0.000134 tok/s=41,321 eta=11122.265186388524
step=4887 tokens=640548864/1100000000 loss=3.7802 lr=0.000134 tok/s=41,431 eta=11089.460806474499
step=4888 tokens=640679936/1100000000 loss=3.7626 lr=0.000134 tok/s=41,232 eta=11139.93678216561
step=4889 tokens=640811008/1100000000 loss=3.7400 lr=0.000134 tok/s=41,185 eta=11149.477003237924
step=4890 tokens=640942080/1100000000 loss=3.7241 lr=0.000134 tok/s=41,304 eta=11114.08971044398
step=4891 tokens=641073152/1100000000 loss=3.7962 lr=0.000133 tok/s=41,331 eta=11103.719884542857
step=4892 tokens=641204224/1100000000 loss=3.6632 lr=0.000133 tok/s=41,317 eta=11104.169679896586
step=4893 tokens=641335296/1100000000 loss=3.7882 lr=0.000133 tok/s=41,231 eta=11124.386116671589
step=4894 tokens=641466368/1100000000 loss=3.8112 lr=0.000133 tok/s=41,483 eta=11053.61700473404
step=4895 tokens=641597440/1100000000 loss=3.7442 lr=0.000133 tok/s=41,640 eta=11008.617119688008
step=4896 tokens=641728512/1100000000 loss=3.7471 lr=0.000133 tok/s=41,125 eta=11143.325841546835
step=4897 tokens=641859584/1100000000 loss=3.6999 lr=0.000133 tok/s=41,215 eta=11115.839881999225
step=4898 tokens=641990656/1100000000 loss=3.7539 lr=0.000133 tok/s=41,081 eta=11148.94875531543
step=4899 tokens=642121728/1100000000 loss=3.7330 lr=0.000133 tok/s=41,168 eta=11122.21774438425
step=4900 tokens=642252800/1100000000 loss=3.8627 lr=0.000133 tok/s=41,205 eta=11108.904577880594
step=4901 tokens=642383872/1100000000 loss=3.7299 lr=0.000133 tok/s=41,429 eta=11045.76432700712
step=4902 tokens=642514944/1100000000 loss=3.8239 lr=0.000133 tok/s=41,260 eta=11087.800452236736
step=4903 tokens=642646016/1100000000 loss=3.7676 lr=0.000133 tok/s=41,234 eta=11091.698559594402
step=4904 tokens=642777088/1100000000 loss=3.7706 lr=0.000133 tok/s=41,337 eta=11060.874423701493
step=4905 tokens=642908160/1100000000 loss=3.8120 lr=0.000133 tok/s=41,179 eta=11100.12425052404
step=4906 tokens=643039232/1100000000 loss=3.6724 lr=0.000133 tok/s=41,697 eta=10959.163032545272
step=4907 tokens=643170304/1100000000 loss=3.7311 lr=0.000133 tok/s=41,326 eta=11054.228299464963
step=4908 tokens=643301376/1100000000 loss=3.7725 lr=0.000133 tok/s=41,248 eta=11071.945366076337
step=4909 tokens=643432448/1100000000 loss=3.7571 lr=0.000133 tok/s=41,220 eta=11076.270542328897
step=4910 tokens=643563520/1100000000 loss=3.7895 lr=0.000133 tok/s=41,134 eta=11096.229897025352
step=4911 tokens=643694592/1100000000 loss=3.7450 lr=0.000132 tok/s=41,222 eta=11069.37464890756
step=4912 tokens=643825664/1100000000 loss=3.7127 lr=0.000132 tok/s=41,397 eta=11019.423883447824
step=4913 tokens=643956736/1100000000 loss=3.7147 lr=0.000132 tok/s=41,426 eta=11008.64986148504
step=4914 tokens=644087808/1100000000 loss=3.7258 lr=0.000132 tok/s=41,417 eta=11007.813704986964
step=4915 tokens=644218880/1100000000 loss=3.6918 lr=0.000132 tok/s=41,097 eta=11090.249752468251
step=4916 tokens=644349952/1100000000 loss=3.8001 lr=0.000132 tok/s=41,209 eta=11056.95151695685
step=4917 tokens=644481024/1100000000 loss=3.7545 lr=0.000132 tok/s=41,302 eta=11029.10778105386
step=4918 tokens=644612096/1100000000 loss=3.7183 lr=0.000132 tok/s=41,187 eta=11056.695720714937
step=4919 tokens=644743168/1100000000 loss=3.6508 lr=0.000132 tok/s=40,996 eta=11105.020800710725
step=4920 tokens=644874240/1100000000 loss=3.6803 lr=0.000132 tok/s=41,320 eta=11014.584999721617
step=4921 tokens=645005312/1100000000 loss=3.6771 lr=0.000132 tok/s=40,965 eta=11106.990261157938
step=4922 tokens=645136384/1100000000 loss=3.7560 lr=0.000132 tok/s=41,211 eta=11037.449927402577
step=4923 tokens=645267456/1100000000 loss=3.7434 lr=0.000132 tok/s=41,318 eta=11005.560271028344
step=4924 tokens=645398528/1100000000 loss=3.6504 lr=0.000132 tok/s=41,461 eta=10964.607673508126
step=4925 tokens=645529600/1100000000 loss=3.7072 lr=0.000132 tok/s=41,011 eta=11081.6484976591
step=4926 tokens=645660672/1100000000 loss=3.5807 lr=0.000132 tok/s=40,971 eta=11089.393290763459
step=4927 tokens=645791744/1100000000 loss=3.7267 lr=0.000132 tok/s=40,811 eta=11129.640696616638
step=4928 tokens=645922816/1100000000 loss=3.6104 lr=0.000132 tok/s=40,888 eta=11105.5053121521
step=4929 tokens=646053888/1100000000 loss=3.6081 lr=0.000132 tok/s=41,105 eta=11043.573302585395
step=4930 tokens=646184960/1100000000 loss=3.6480 lr=0.000132 tok/s=40,985 eta=11072.708944534703
step=4931 tokens=646316032/1100000000 loss=3.6652 lr=0.000131 tok/s=41,012 eta=11062.167579955549
step=4932 tokens=646447104/1100000000 loss=3.5315 lr=0.000131 tok/s=41,339 eta=10971.628460599457
step=4933 tokens=646578176/1100000000 loss=3.6097 lr=0.000131 tok/s=41,257 eta=10990.286252791026
step=4934 tokens=646709248/1100000000 loss=3.5662 lr=0.000131 tok/s=41,284 eta=10979.785301966213
step=4935 tokens=646840320/1100000000 loss=3.5829 lr=0.000131 tok/s=40,943 eta=11068.04898805368
step=4936 tokens=646971392/1100000000 loss=3.6672 lr=0.000131 tok/s=41,008 eta=11047.237873151693
step=4937 tokens=647102464/1100000000 loss=3.6102 lr=0.000131 tok/s=40,834 eta=11091.127248004634
step=4938 tokens=647233536/1100000000 loss=3.5853 lr=0.000131 tok/s=40,901 eta=11069.75842035517
step=4939 tokens=647364608/1100000000 loss=3.6710 lr=0.000131 tok/s=41,301 eta=10959.33833287335
step=4940 tokens=647495680/1100000000 loss=3.6101 lr=0.000131 tok/s=40,981 eta=11041.724988022592
step=4941 tokens=647626752/1100000000 loss=3.6561 lr=0.000131 tok/s=40,815 eta=11083.502303306175
step=4942 tokens=647757824/1100000000 loss=3.6700 lr=0.000131 tok/s=41,285 eta=10954.096440052177
step=4943 tokens=647888896/1100000000 loss=3.6331 lr=0.000131 tok/s=41,111 eta=10997.259882420349
step=4944 tokens=648019968/1100000000 loss=3.6488 lr=0.000131 tok/s=41,126 eta=10990.140102891888
step=4945 tokens=648151040/1100000000 loss=3.6052 lr=0.000131 tok/s=41,162 eta=10977.240417965964
step=4946 tokens=648282112/1100000000 loss=3.6663 lr=0.000131 tok/s=41,131 eta=10982.392882056267
step=4947 tokens=648413184/1100000000 loss=3.6869 lr=0.000131 tok/s=40,990 eta=11016.994003411724
step=4948 tokens=648544256/1100000000 loss=3.6148 lr=0.000131 tok/s=40,882 eta=11042.87036981324
step=4949 tokens=648675328/1100000000 loss=3.7237 lr=0.000131 tok/s=40,961 eta=11018.40978718038
step=4950 tokens=648806400/1100000000 loss=3.6287 lr=0.000131 tok/s=41,227 eta=10944.167431457645
step=4951 tokens=648937472/1100000000 loss=3.6525 lr=0.00013 tok/s=41,251 eta=10934.498941463933
step=4952 tokens=649068544/1100000000 loss=3.5444 lr=0.00013 tok/s=41,109 eta=10969.216743382589
step=4953 tokens=649199616/1100000000 loss=3.3865 lr=0.00013 tok/s=41,105 eta=10966.97600808034
step=4954 tokens=649330688/1100000000 loss=3.2765 lr=0.00013 tok/s=41,219 eta=10933.50973920886
step=4955 tokens=649461760/1100000000 loss=3.2936 lr=0.00013 tok/s=41,234 eta=10926.359381954675
step=4956 tokens=649592832/1100000000 loss=3.3072 lr=0.00013 tok/s=40,861 eta=11022.783853550425
step=4957 tokens=649723904/1100000000 loss=3.2829 lr=0.00013 tok/s=40,929 eta=11001.302060359489
step=4958 tokens=649854976/1100000000 loss=3.2639 lr=0.00013 tok/s=41,044 eta=10967.421960257247
step=4959 tokens=649986048/1100000000 loss=3.2779 lr=0.00013 tok/s=40,945 eta=10990.572354601714
step=4960 tokens=650117120/1100000000 loss=3.2580 lr=0.00013 tok/s=29,594 eta=15201.70954286396
checkpoint saved: runs/20260905-021323/checkpoints/tokens_000650m (permanent_tokens)
step=4961 tokens=650248192/1100000000 loss=3.2147 lr=0.00013 tok/s=34,660 eta=12976.150025235713
step=4962 tokens=650379264/1100000000 loss=3.1828 lr=0.00013 tok/s=41,027 eta=10959.16518515141
step=4963 tokens=650510336/1100000000 loss=3.2178 lr=0.00013 tok/s=41,150 eta=10923.308923396906
step=4964 tokens=650641408/1100000000 loss=3.1642 lr=0.00013 tok/s=41,225 eta=10900.10194597981
step=4965 tokens=650772480/1100000000 loss=3.2519 lr=0.00013 tok/s=41,149 eta=10917.012639249027
step=4966 tokens=650903552/1100000000 loss=3.1830 lr=0.00013 tok/s=41,000 eta=10953.440140097067
step=4967 tokens=651034624/1100000000 loss=3.1951 lr=0.00013 tok/s=41,132 eta=10915.317170265555
step=4968 tokens=651165696/1100000000 loss=3.2112 lr=0.00013 tok/s=40,915 eta=10969.789435296625
step=4969 tokens=651296768/1100000000 loss=3.1701 lr=0.00013 tok/s=40,961 eta=10954.294120869607
step=4970 tokens=651427840/1100000000 loss=3.2079 lr=0.00013 tok/s=40,886 eta=10971.192923587394
step=4971 tokens=651558912/1100000000 loss=3.1792 lr=0.000129 tok/s=41,161 eta=10894.700958037942
step=4972 tokens=651689984/1100000000 loss=3.1862 lr=0.000129 tok/s=41,141 eta=10896.823971184585
step=4973 tokens=651821056/1100000000 loss=3.1816 lr=0.000129 tok/s=41,101 eta=10904.362369600163
step=4974 tokens=651952128/1100000000 loss=3.2009 lr=0.000129 tok/s=40,726 eta=11001.64729441335
step=4975 tokens=652083200/1100000000 loss=3.2119 lr=0.000129 tok/s=41,102 eta=10897.720407222156
step=4976 tokens=652214272/1100000000 loss=3.1885 lr=0.000129 tok/s=40,924 eta=10941.752927015405
step=4977 tokens=652345344/1100000000 loss=3.1129 lr=0.000129 tok/s=41,187 eta=10868.77026345797
step=4978 tokens=652476416/1100000000 loss=3.1894 lr=0.000129 tok/s=41,056 eta=10900.427594892877
step=4979 tokens=652607488/1100000000 loss=3.1458 lr=0.000129 tok/s=41,067 eta=10894.192905410766
step=4980 tokens=652738560/1100000000 loss=3.1506 lr=0.000129 tok/s=41,172 eta=10863.1309623673
step=4981 tokens=652869632/1100000000 loss=3.1639 lr=0.000129 tok/s=41,442 eta=10789.385700486275
step=4982 tokens=653000704/1100000000 loss=3.1792 lr=0.000129 tok/s=41,235 eta=10840.315863205318
step=4983 tokens=653131776/1100000000 loss=3.1579 lr=0.000129 tok/s=41,126 eta=10865.752830815407
step=4984 tokens=653262848/1100000000 loss=3.5964 lr=0.000129 tok/s=41,149 eta=10856.682396454455
step=4985 tokens=653393920/1100000000 loss=3.7853 lr=0.000129 tok/s=41,117 eta=10861.954433317616
step=4986 tokens=653524992/1100000000 loss=3.8094 lr=0.000129 tok/s=41,070 eta=10871.174175035774
step=4987 tokens=653656064/1100000000 loss=3.7168 lr=0.000129 tok/s=41,378 eta=10787.04928772944
step=4988 tokens=653787136/1100000000 loss=3.7309 lr=0.000129 tok/s=41,141 eta=10846.040376728068
step=4989 tokens=653918208/1100000000 loss=3.8227 lr=0.000129 tok/s=41,251 eta=10813.937917102621
step=4990 tokens=654049280/1100000000 loss=3.6709 lr=0.000129 tok/s=41,318 eta=10793.048745741527
step=4991 tokens=654180352/1100000000 loss=3.7644 lr=0.000128 tok/s=41,257 eta=10806.038547961414
step=4992 tokens=654311424/1100000000 loss=3.6899 lr=0.000128 tok/s=41,230 eta=10809.890718217637
step=4993 tokens=654442496/1100000000 loss=3.7295 lr=0.000128 tok/s=41,262 eta=10798.125109988685
step=4994 tokens=654573568/1100000000 loss=3.7356 lr=0.000128 tok/s=41,148 eta=10824.994354014423
step=4995 tokens=654704640/1100000000 loss=3.6787 lr=0.000128 tok/s=41,303 eta=10781.23451640768
step=4996 tokens=654835712/1100000000 loss=3.8133 lr=0.000128 tok/s=41,596 eta=10702.142395205767
step=4997 tokens=654966784/1100000000 loss=3.7418 lr=0.000128 tok/s=41,232 eta=10793.463913278114
step=4998 tokens=655097856/1100000000 loss=3.7325 lr=0.000128 tok/s=41,053 eta=10837.36406861021
step=4999 tokens=655228928/1100000000 loss=4.0398 lr=0.000128 tok/s=41,086 eta=10825.472635707954
step=5000 tokens=655360000/1100000000 loss=3.6619 lr=0.000128 tok/s=41,238 eta=10782.364563254612
step=5001 tokens=655491072/1100000000 loss=3.6325 lr=0.000128 tok/s=41,123 eta=10809.172389910202
step=5002 tokens=655622144/1100000000 loss=3.7433 lr=0.000128 tok/s=41,126 eta=10805.227320759279
step=5003 tokens=655753216/1100000000 loss=3.7715 lr=0.000128 tok/s=41,338 eta=10746.564290941547
step=5004 tokens=655884288/1100000000 loss=3.7358 lr=0.000128 tok/s=41,108 eta=10803.569354615202
step=5005 tokens=656015360/1100000000 loss=3.7351 lr=0.000128 tok/s=41,459 eta=10708.935799110943
step=5006 tokens=656146432/1100000000 loss=3.7182 lr=0.000128 tok/s=41,372 eta=10728.433480635174
step=5007 tokens=656277504/1100000000 loss=3.6992 lr=0.000128 tok/s=41,373 eta=10725.05494329989
step=5008 tokens=656408576/1100000000 loss=3.7402 lr=0.000128 tok/s=41,142 eta=10782.082485473893
step=5009 tokens=656539648/1100000000 loss=3.6693 lr=0.000128 tok/s=41,184 eta=10767.870011986057
step=5010 tokens=656670720/1100000000 loss=3.6954 lr=0.000128 tok/s=41,084 eta=10790.930636185883
step=5011 tokens=656801792/1100000000 loss=3.7723 lr=0.000127 tok/s=41,300 eta=10731.091097593506
step=5012 tokens=656932864/1100000000 loss=3.6443 lr=0.000127 tok/s=41,278 eta=10733.698092365476
step=5013 tokens=657063936/1100000000 loss=3.7379 lr=0.000127 tok/s=41,357 eta=10709.9349610126
step=5014 tokens=657195008/1100000000 loss=3.6963 lr=0.000127 tok/s=41,275 eta=10728.165530094553
step=5015 tokens=657326080/1100000000 loss=3.5147 lr=0.000127 tok/s=41,535 eta=10657.81188069578
step=5016 tokens=657457152/1100000000 loss=3.5603 lr=0.000127 tok/s=41,346 eta=10703.425703050812
step=5017 tokens=657588224/1100000000 loss=3.6981 lr=0.000127 tok/s=41,312 eta=10709.019449867767
step=5018 tokens=657719296/1100000000 loss=3.7282 lr=0.000127 tok/s=41,517 eta=10652.969918808954
step=5019 tokens=657850368/1100000000 loss=3.6576 lr=0.000127 tok/s=41,576 eta=10634.835679034946
step=5020 tokens=657981440/1100000000 loss=3.6926 lr=0.000127 tok/s=41,539 eta=10640.95677988114
step=5021 tokens=658112512/1100000000 loss=3.7901 lr=0.000127 tok/s=41,630 eta=10614.527643097766
step=5022 tokens=658243584/1100000000 loss=3.7661 lr=0.000127 tok/s=41,621 eta=10613.773827182476
step=5023 tokens=658374656/1100000000 loss=3.7420 lr=0.000127 tok/s=41,645 eta=10604.547161424358
step=5024 tokens=658505728/1100000000 loss=3.8266 lr=0.000127 tok/s=41,548 eta=10626.000955673242
step=5025 tokens=658636800/1100000000 loss=3.7002 lr=0.000127 tok/s=41,519 eta=10630.508210835016
step=5026 tokens=658767872/1100000000 loss=3.8113 lr=0.000127 tok/s=41,432 eta=10649.486962683008
step=5027 tokens=658898944/1100000000 loss=3.7451 lr=0.000127 tok/s=41,433 eta=10646.067869261773
step=5028 tokens=659030016/1100000000 loss=3.7752 lr=0.000127 tok/s=41,398 eta=10652.001853633928
step=5029 tokens=659161088/1100000000 loss=3.7126 lr=0.000127 tok/s=41,377 eta=10654.282678885906
step=5030 tokens=659292160/1100000000 loss=3.6237 lr=0.000127 tok/s=41,425 eta=10638.657147897538
step=5031 tokens=659423232/1100000000 loss=3.5852 lr=0.000126 tok/s=41,366 eta=10650.718385576805
step=5032 tokens=659554304/1100000000 loss=3.9499 lr=0.000126 tok/s=41,165 eta=10699.555078481651
step=5033 tokens=659685376/1100000000 loss=3.8229 lr=0.000126 tok/s=41,178 eta=10692.845422842978
step=5034 tokens=659816448/1100000000 loss=3.7481 lr=0.000126 tok/s=41,326 eta=10651.453876105192
step=5035 tokens=659947520/1100000000 loss=3.8015 lr=0.000126 tok/s=41,546 eta=10591.947553590246
step=5036 tokens=660078592/1100000000 loss=3.7436 lr=0.000126 tok/s=29,938 eta=14694.216970291314
step=5037 tokens=660209664/1100000000 loss=3.6500 lr=0.000126 tok/s=41,405 eta=10621.615978932537
step=5038 tokens=660340736/1100000000 loss=3.6786 lr=0.000126 tok/s=41,426 eta=10613.004700238695
step=5039 tokens=660471808/1100000000 loss=3.6645 lr=0.000126 tok/s=41,446 eta=10604.964206861454
step=5040 tokens=660602880/1100000000 loss=3.6710 lr=0.000126 tok/s=41,433 eta=10604.892840219654
step=5041 tokens=660733952/1100000000 loss=3.7414 lr=0.000126 tok/s=41,320 eta=10630.790101775385
step=5042 tokens=660865024/1100000000 loss=3.7185 lr=0.000126 tok/s=41,354 eta=10618.796069498854
step=5043 tokens=660996096/1100000000 loss=3.8500 lr=0.000126 tok/s=41,450 eta=10591.262304320167
step=5044 tokens=661127168/1100000000 loss=3.7244 lr=0.000126 tok/s=41,597 eta=10550.662981857107
step=5045 tokens=661258240/1100000000 loss=3.5844 lr=0.000126 tok/s=41,656 eta=10532.384319896406
step=5046 tokens=661389312/1100000000 loss=3.7510 lr=0.000126 tok/s=41,499 eta=10569.248135599179
step=5047 tokens=661520384/1100000000 loss=3.8107 lr=0.000126 tok/s=41,536 eta=10556.52356679511
step=5048 tokens=661651456/1100000000 loss=3.6827 lr=0.000126 tok/s=41,413 eta=10584.925761429875
step=5049 tokens=661782528/1100000000 loss=3.6874 lr=0.000126 tok/s=41,565 eta=10542.852983929188
step=5050 tokens=661913600/1100000000 loss=3.6741 lr=0.000126 tok/s=41,496 eta=10557.203532295009
step=5051 tokens=662044672/1100000000 loss=3.7601 lr=0.000126 tok/s=41,717 eta=10498.36719610156
step=5052 tokens=662175744/1100000000 loss=3.7495 lr=0.000125 tok/s=41,329 eta=10593.753124779649
step=5053 tokens=662306816/1100000000 loss=3.6777 lr=0.000125 tok/s=41,115 eta=10645.497390927167
step=5054 tokens=662437888/1100000000 loss=3.7286 lr=0.000125 tok/s=41,357 eta=10580.104814563196
step=5055 tokens=662568960/1100000000 loss=3.7120 lr=0.000125 tok/s=41,393 eta=10567.867307025119
step=5056 tokens=662700032/1100000000 loss=3.7692 lr=0.000125 tok/s=41,277 eta=10594.221040802664
step=5057 tokens=662831104/1100000000 loss=3.7061 lr=0.000125 tok/s=41,358 eta=10570.370224460466
step=5058 tokens=662962176/1100000000 loss=3.7365 lr=0.000125 tok/s=41,254 eta=10593.934214983536
step=5059 tokens=663093248/1100000000 loss=3.6595 lr=0.000125 tok/s=41,314 eta=10575.161328801938
step=5060 tokens=663224320/1100000000 loss=3.6964 lr=0.000125 tok/s=41,070 eta=10634.85941311319
step=5061 tokens=663355392/1100000000 loss=3.7201 lr=0.000125 tok/s=41,323 eta=10566.731361160771
step=5062 tokens=663486464/1100000000 loss=3.7120 lr=0.000125 tok/s=41,323 eta=10563.4230820365
step=5063 tokens=663617536/1100000000 loss=3.6323 lr=0.000125 tok/s=41,113 eta=10614.165683144181
step=5064 tokens=663748608/1100000000 loss=3.6926 lr=0.000125 tok/s=40,864 eta=10675.641855638496
step=5065 tokens=663879680/1100000000 loss=3.4836 lr=0.000125 tok/s=41,143 eta=10600.210961466819
step=5066 tokens=664010752/1100000000 loss=3.3115 lr=0.000125 tok/s=40,973 eta=10640.825941116125
step=5067 tokens=664141824/1100000000 loss=3.2750 lr=0.000125 tok/s=40,956 eta=10642.07486304638
step=5068 tokens=664272896/1100000000 loss=3.2434 lr=0.000125 tok/s=41,340 eta=10540.195562402878
step=5069 tokens=664403968/1100000000 loss=3.2504 lr=0.000125 tok/s=40,879 eta=10655.784021055544
step=5070 tokens=664535040/1100000000 loss=3.2270 lr=0.000125 tok/s=41,124 eta=10589.070303119515
step=5071 tokens=664666112/1100000000 loss=3.2129 lr=0.000125 tok/s=41,193 eta=10568.208071158424
step=5072 tokens=664797184/1100000000 loss=3.2422 lr=0.000124 tok/s=40,976 eta=10620.932560139163
step=5073 tokens=664928256/1100000000 loss=3.1688 lr=0.000124 tok/s=41,215 eta=10556.230692985931
step=5074 tokens=665059328/1100000000 loss=3.1959 lr=0.000124 tok/s=41,338 eta=10521.560961241228
step=5075 tokens=665190400/1100000000 loss=3.1854 lr=0.000124 tok/s=41,047 eta=10593.073534412726
step=5076 tokens=665321472/1100000000 loss=3.1706 lr=0.000124 tok/s=41,207 eta=10548.764137884513
step=5077 tokens=665452544/1100000000 loss=3.1716 lr=0.000124 tok/s=41,404 eta=10495.405199823897
step=5078 tokens=665583616/1100000000 loss=3.1910 lr=0.000124 tok/s=41,210 eta=10541.420617549604
step=5079 tokens=665714688/1100000000 loss=3.1219 lr=0.000124 tok/s=41,229 eta=10533.474540931713
step=5080 tokens=665845760/1100000000 loss=3.1315 lr=0.000124 tok/s=41,623 eta=10430.644810542937
step=5081 tokens=665976832/1100000000 loss=3.1614 lr=0.000124 tok/s=41,210 eta=10531.92859024604
step=5082 tokens=666107904/1100000000 loss=3.1076 lr=0.000124 tok/s=41,195 eta=10532.597333197453
step=5083 tokens=666238976/1100000000 loss=3.1773 lr=0.000124 tok/s=41,349 eta=10490.184879205493
step=5084 tokens=666370048/1100000000 loss=3.1500 lr=0.000124 tok/s=41,075 eta=10557.076870338578
step=5085 tokens=666501120/1100000000 loss=3.1109 lr=0.000124 tok/s=41,386 eta=10474.586463371641
step=5086 tokens=666632192/1100000000 loss=3.1664 lr=0.000124 tok/s=41,455 eta=10453.92586930494
step=5087 tokens=666763264/1100000000 loss=3.0908 lr=0.000124 tok/s=41,328 eta=10482.902035719762
step=5088 tokens=666894336/1100000000 loss=3.1520 lr=0.000124 tok/s=41,167 eta=10520.583228686666
step=5089 tokens=667025408/1100000000 loss=3.1246 lr=0.000124 tok/s=41,465 eta=10441.849272165111
step=5090 tokens=667156480/1100000000 loss=3.1431 lr=0.000124 tok/s=41,431 eta=10447.266712230694
step=5091 tokens=667287552/1100000000 loss=3.0919 lr=0.000124 tok/s=41,492 eta=10428.783548297402
step=5092 tokens=667418624/1100000000 loss=3.1561 lr=0.000123 tok/s=41,549 eta=10411.389564190178
step=5093 tokens=667549696/1100000000 loss=3.1170 lr=0.000123 tok/s=41,642 eta=10384.956152587833
step=5094 tokens=667680768/1100000000 loss=3.1340 lr=0.000123 tok/s=41,278 eta=10473.415308162232
step=5095 tokens=667811840/1100000000 loss=3.1076 lr=0.000123 tok/s=40,965 eta=10550.300633182058
step=5096 tokens=667942912/1100000000 loss=3.0858 lr=0.000123 tok/s=41,037 eta=10528.555301497714
step=5097 tokens=668073984/1100000000 loss=3.6090 lr=0.000123 tok/s=41,135 eta=10500.32811912825
step=5098 tokens=668205056/1100000000 loss=3.8158 lr=0.000123 tok/s=41,340 eta=10444.858434891654
step=5099 tokens=668336128/1100000000 loss=3.8629 lr=0.000123 tok/s=41,359 eta=10436.965817952545
step=5100 tokens=668467200/1100000000 loss=3.7044 lr=0.000123 tok/s=41,402 eta=10423.059048405428
step=5101 tokens=668598272/1100000000 loss=3.8008 lr=0.000123 tok/s=41,632 eta=10362.201563542007
step=5102 tokens=668729344/1100000000 loss=3.6551 lr=0.000123 tok/s=41,500 eta=10392.104119762724
step=5103 tokens=668860416/1100000000 loss=3.8235 lr=0.000123 tok/s=41,374 eta=10420.633416774504
step=5104 tokens=668991488/1100000000 loss=3.7306 lr=0.000123 tok/s=41,534 eta=10377.294635037879
step=5105 tokens=669122560/1100000000 loss=3.7672 lr=0.000123 tok/s=41,553 eta=10369.266199859958
step=5106 tokens=669253632/1100000000 loss=3.7368 lr=0.000123 tok/s=41,361 eta=10414.34626623389
step=5107 tokens=669384704/1100000000 loss=3.5972 lr=0.000123 tok/s=41,498 eta=10376.851516116667
step=5108 tokens=669515776/1100000000 loss=3.7512 lr=0.000123 tok/s=41,526 eta=10366.73718922624
step=5109 tokens=669646848/1100000000 loss=3.6956 lr=0.000123 tok/s=41,495 eta=10371.193970453536
step=5110 tokens=669777920/1100000000 loss=3.6858 lr=0.000123 tok/s=41,160 eta=10452.507711782198
step=5111 tokens=669908992/1100000000 loss=3.7162 lr=0.000123 tok/s=41,434 eta=10380.025558979425
step=5112 tokens=670040064/1100000000 loss=3.7380 lr=0.000123 tok/s=30,162 eta=14255.022957745661
step=5113 tokens=670171136/1100000000 loss=3.8228 lr=0.000122 tok/s=41,536 eta=10348.358575320206
step=5114 tokens=670302208/1100000000 loss=3.7924 lr=0.000122 tok/s=41,419 eta=10374.290152312897
step=5115 tokens=670433280/1100000000 loss=3.6280 lr=0.000122 tok/s=41,620 eta=10321.21068505951
step=5116 tokens=670564352/1100000000 loss=3.6126 lr=0.000122 tok/s=41,426 eta=10366.227855603362
step=5117 tokens=670695424/1100000000 loss=3.6481 lr=0.000122 tok/s=41,442 eta=10359.154966061566
step=5118 tokens=670826496/1100000000 loss=3.6852 lr=0.000122 tok/s=41,388 eta=10369.472290175716
step=5119 tokens=670957568/1100000000 loss=3.7249 lr=0.000122 tok/s=41,428 eta=10356.232082893292
step=5120 tokens=671088640/1100000000 loss=3.6585 lr=0.000122 tok/s=41,713 eta=10282.345856636082
step=5121 tokens=671219712/1100000000 loss=3.6846 lr=0.000122 tok/s=41,449 eta=10344.693483911753
step=5122 tokens=671350784/1100000000 loss=3.7858 lr=0.000122 tok/s=41,652 eta=10291.108680693766
step=5123 tokens=671481856/1100000000 loss=3.7559 lr=0.000122 tok/s=41,486 eta=10329.334733313004
step=5124 tokens=671612928/1100000000 loss=3.7454 lr=0.000122 tok/s=41,494 eta=10324.095774737216
step=5125 tokens=671744000/1100000000 loss=3.7547 lr=0.000122 tok/s=41,536 eta=10310.50795271325
step=5126 tokens=671875072/1100000000 loss=3.7989 lr=0.000122 tok/s=41,491 eta=10318.478472063614
step=5127 tokens=672006144/1100000000 loss=3.6505 lr=0.000122 tok/s=41,389 eta=10340.883797500815
step=5128 tokens=672137216/1100000000 loss=3.7547 lr=0.000122 tok/s=41,498 eta=10310.53412121627
step=5129 tokens=672268288/1100000000 loss=3.6702 lr=0.000122 tok/s=41,624 eta=10276.106264595111
step=5130 tokens=672399360/1100000000 loss=3.6548 lr=0.000122 tok/s=41,312 eta=10350.419089813291
step=5131 tokens=672530432/1100000000 loss=3.6700 lr=0.000122 tok/s=41,400 eta=10325.462465578948
step=5132 tokens=672661504/1100000000 loss=3.7629 lr=0.000122 tok/s=41,179 eta=10377.499360009957
step=5133 tokens=672792576/1100000000 loss=3.6724 lr=0.000121 tok/s=41,365 eta=10327.84131634334
step=5134 tokens=672923648/1100000000 loss=3.7037 lr=0.000121 tok/s=41,371 eta=10323.187301453292
step=5135 tokens=673054720/1100000000 loss=3.7203 lr=0.000121 tok/s=41,276 eta=10343.656220443982
step=5136 tokens=673185792/1100000000 loss=3.7391 lr=0.000121 tok/s=41,220 eta=10354.645925504932
step=5137 tokens=673316864/1100000000 loss=3.7698 lr=0.000121 tok/s=41,336 eta=10322.253345479003
step=5138 tokens=673447936/1100000000 loss=3.7963 lr=0.000121 tok/s=41,603 eta=10252.934983224619
step=5139 tokens=673579008/1100000000 loss=3.7310 lr=0.000121 tok/s=41,513 eta=10271.976347141284
step=5140 tokens=673710080/1100000000 loss=3.7140 lr=0.000121 tok/s=41,308 eta=10319.700321927709
step=5141 tokens=673841152/1100000000 loss=3.8396 lr=0.000121 tok/s=41,411 eta=10291.034092636048
step=5142 tokens=673972224/1100000000 loss=3.7543 lr=0.000121 tok/s=41,446 eta=10279.00220370208
step=5143 tokens=674103296/1100000000 loss=3.6508 lr=0.000121 tok/s=41,282 eta=10316.64355944906
step=5144 tokens=674234368/1100000000 loss=3.7113 lr=0.000121 tok/s=41,308 eta=10307.193370143792
step=5145 tokens=674365440/1100000000 loss=3.7095 lr=0.000121 tok/s=41,182 eta=10335.512674917174
step=5146 tokens=674496512/1100000000 loss=3.7739 lr=0.000121 tok/s=41,397 eta=10278.628306099092
step=5147 tokens=674627584/1100000000 loss=3.7443 lr=0.000121 tok/s=41,128 eta=10342.589294829739
step=5148 tokens=674758656/1100000000 loss=3.7450 lr=0.000121 tok/s=41,581 eta=10226.903740671702
step=5149 tokens=674889728/1100000000 loss=3.7155 lr=0.000121 tok/s=41,490 eta=10246.156982077071
step=5150 tokens=675020800/1100000000 loss=3.7209 lr=0.000121 tok/s=41,418 eta=10260.800541403763
step=5151 tokens=675151872/1100000000 loss=3.8035 lr=0.000121 tok/s=41,693 eta=10189.89834766829
step=5152 tokens=675282944/1100000000 loss=3.7945 lr=0.000121 tok/s=41,449 eta=10246.618515060587
step=5153 tokens=675414016/1100000000 loss=3.7883 lr=0.000121 tok/s=41,654 eta=10193.177714077663
step=5154 tokens=675545088/1100000000 loss=3.7338 lr=0.00012 tok/s=41,340 eta=10267.441037919105
step=5155 tokens=675676160/1100000000 loss=3.7214 lr=0.00012 tok/s=41,518 eta=10220.34879600352
step=5156 tokens=675807232/1100000000 loss=3.7337 lr=0.00012 tok/s=41,527 eta=10214.885538626926
step=5157 tokens=675938304/1100000000 loss=3.6743 lr=0.00012 tok/s=41,697 eta=10169.959607208877
step=5158 tokens=676069376/1100000000 loss=3.7267 lr=0.00012 tok/s=41,751 eta=10153.802291843384
step=5159 tokens=676200448/1100000000 loss=3.7915 lr=0.00012 tok/s=41,366 eta=10245.139159352026
step=5160 tokens=676331520/1100000000 loss=3.8214 lr=0.00012 tok/s=41,429 eta=10226.348311931937
step=5161 tokens=676462592/1100000000 loss=3.8206 lr=0.00012 tok/s=41,369 eta=10238.037288586229
step=5162 tokens=676593664/1100000000 loss=3.7238 lr=0.00012 tok/s=41,272 eta=10258.924173453941
step=5163 tokens=676724736/1100000000 loss=3.7064 lr=0.00012 tok/s=41,311 eta=10246.012923442186
step=5164 tokens=676855808/1100000000 loss=3.6541 lr=0.00012 tok/s=41,354 eta=10232.176186418421
step=5165 tokens=676986880/1100000000 loss=3.6703 lr=0.00012 tok/s=41,221 eta=10261.975635252398
step=5166 tokens=677117952/1100000000 loss=3.6713 lr=0.00012 tok/s=41,428 eta=10207.592291769595
step=5167 tokens=677249024/1100000000 loss=3.6294 lr=0.00012 tok/s=41,620 eta=10157.313225042415
step=5168 tokens=677380096/1100000000 loss=3.6837 lr=0.00012 tok/s=41,679 eta=10139.871188358917
step=5169 tokens=677511168/1100000000 loss=3.6599 lr=0.00012 tok/s=41,670 eta=10138.896918192351
step=5170 tokens=677642240/1100000000 loss=3.7012 lr=0.00012 tok/s=41,499 eta=10177.494288737584
step=5171 tokens=677773312/1100000000 loss=3.8004 lr=0.00012 tok/s=41,519 eta=10169.47240181849
step=5172 tokens=677904384/1100000000 loss=3.6924 lr=0.00012 tok/s=41,784 eta=10101.949494429564
step=5173 tokens=678035456/1100000000 loss=3.6944 lr=0.00012 tok/s=41,437 eta=10183.216667613553
step=5174 tokens=678166528/1100000000 loss=3.7566 lr=0.00012 tok/s=41,417 eta=10184.952976981564
step=5175 tokens=678297600/1100000000 loss=3.6941 lr=0.000119 tok/s=41,440 eta=10176.212040337587
step=5176 tokens=678428672/1100000000 loss=3.6317 lr=0.000119 tok/s=41,409 eta=10180.586492674152
step=5177 tokens=678559744/1100000000 loss=3.6927 lr=0.000119 tok/s=41,662 eta=10115.772537313036
step=5178 tokens=678690816/1100000000 loss=3.7011 lr=0.000119 tok/s=41,495 eta=10153.208319962372
step=5179 tokens=678821888/1100000000 loss=3.7597 lr=0.000119 tok/s=41,702 eta=10099.605414955093
step=5180 tokens=678952960/1100000000 loss=3.6936 lr=0.000119 tok/s=41,465 eta=10154.36911226157
step=5181 tokens=679084032/1100000000 loss=3.6675 lr=0.000119 tok/s=41,628 eta=10111.420273214031
step=5182 tokens=679215104/1100000000 loss=3.6407 lr=0.000119 tok/s=41,416 eta=10159.986950525545
step=5183 tokens=679346176/1100000000 loss=3.6694 lr=0.000119 tok/s=41,592 eta=10113.734565004976
step=5184 tokens=679477248/1100000000 loss=3.6869 lr=0.000119 tok/s=41,394 eta=10159.117248895069
step=5185 tokens=679608320/1100000000 loss=3.6694 lr=0.000119 tok/s=41,493 eta=10131.51357420999
step=5186 tokens=679739392/1100000000 loss=3.7642 lr=0.000119 tok/s=41,229 eta=10193.320640699269
step=5187 tokens=679870464/1100000000 loss=3.7102 lr=0.000119 tok/s=41,510 eta=10121.065691801605
step=5188 tokens=680001536/1100000000 loss=3.6869 lr=0.000119 tok/s=30,140 eta=13934.959053558478
step=5189 tokens=680132608/1100000000 loss=3.6742 lr=0.000119 tok/s=41,629 eta=10085.913229983173
step=5190 tokens=680263680/1100000000 loss=3.7488 lr=0.000119 tok/s=41,657 eta=10076.095484968391
step=5191 tokens=680394752/1100000000 loss=3.6702 lr=0.000119 tok/s=41,591 eta=10088.907121781996
step=5192 tokens=680525824/1100000000 loss=3.6928 lr=0.000119 tok/s=41,540 eta=10098.072905460718
step=5193 tokens=680656896/1100000000 loss=3.5331 lr=0.000119 tok/s=41,534 eta=10096.375984192357
step=5194 tokens=680787968/1100000000 loss=3.2769 lr=0.000119 tok/s=41,457 eta=10111.884826681664
step=5195 tokens=680919040/1100000000 loss=3.2313 lr=0.000118 tok/s=41,073 eta=10203.272612637762
step=5196 tokens=681050112/1100000000 loss=3.1910 lr=0.000118 tok/s=41,017 eta=10214.039457387507
step=5197 tokens=681181184/1100000000 loss=3.2043 lr=0.000118 tok/s=41,066 eta=10198.786031989846
step=5198 tokens=681312256/1100000000 loss=3.1924 lr=0.000118 tok/s=41,518 eta=10084.461215439833
step=5199 tokens=681443328/1100000000 loss=3.2217 lr=0.000118 tok/s=41,607 eta=10059.8404318769
step=5200 tokens=681574400/1100000000 loss=3.1227 lr=0.000118 tok/s=41,259 eta=10141.388424402374
step=5201 tokens=681705472/1100000000 loss=3.2014 lr=0.000118 tok/s=41,157 eta=10163.48901858636
step=5202 tokens=681836544/1100000000 loss=3.1699 lr=0.000118 tok/s=41,621 eta=10046.820713337473
step=5203 tokens=681967616/1100000000 loss=3.1523 lr=0.000118 tok/s=41,387 eta=10100.592168029894
step=5204 tokens=682098688/1100000000 loss=3.1421 lr=0.000118 tok/s=40,814 eta=10239.075965916702
step=5205 tokens=682229760/1100000000 loss=3.1439 lr=0.000118 tok/s=41,138 eta=10155.254253759416
step=5206 tokens=682360832/1100000000 loss=3.1174 lr=0.000118 tok/s=41,271 eta=10119.483234163421
step=5207 tokens=682491904/1100000000 loss=3.1389 lr=0.000118 tok/s=41,057 eta=10169.06562118075
step=5208 tokens=682622976/1100000000 loss=3.1233 lr=0.000118 tok/s=40,991 eta=10182.242235079608
step=5209 tokens=682754048/1100000000 loss=3.1829 lr=0.000118 tok/s=41,421 eta=10073.210846299462
step=5210 tokens=682885120/1100000000 loss=3.1022 lr=0.000118 tok/s=41,296 eta=10100.522035753274
step=5211 tokens=683016192/1100000000 loss=3.1460 lr=0.000118 tok/s=41,685 eta=10003.187616642263
step=5212 tokens=683147264/1100000000 loss=3.1357 lr=0.000118 tok/s=41,491 eta=10046.808722901738
step=5213 tokens=683278336/1100000000 loss=3.1590 lr=0.000118 tok/s=41,698 eta=9993.78858342253
step=5214 tokens=683409408/1100000000 loss=3.0825 lr=0.000118 tok/s=41,424 eta=10056.680687561542
step=5215 tokens=683540480/1100000000 loss=3.1286 lr=0.000118 tok/s=41,310 eta=10081.277541443596
step=5216 tokens=683671552/1100000000 loss=3.1146 lr=0.000117 tok/s=41,413 eta=10052.980072994873
step=5217 tokens=683802624/1100000000 loss=3.0834 lr=0.000117 tok/s=41,642 eta=9994.602602558925
step=5218 tokens=683933696/1100000000 loss=3.1078 lr=0.000117 tok/s=41,528 eta=10018.908229382467
step=5219 tokens=684064768/1100000000 loss=3.1092 lr=0.000117 tok/s=41,797 eta=9951.411564326974
step=5220 tokens=684195840/1100000000 loss=3.0753 lr=0.000117 tok/s=41,454 eta=10030.375448154058
step=5221 tokens=684326912/1100000000 loss=3.1088 lr=0.000117 tok/s=41,715 eta=9964.504695473595
step=5222 tokens=684457984/1100000000 loss=3.0584 lr=0.000117 tok/s=41,355 eta=10048.14200861793
step=5223 tokens=684589056/1100000000 loss=3.0835 lr=0.000117 tok/s=41,810 eta=9935.57908287856
step=5224 tokens=684720128/1100000000 loss=3.1157 lr=0.000117 tok/s=41,557 eta=9993.015950383491
step=5225 tokens=684851200/1100000000 loss=3.6203 lr=0.000117 tok/s=41,701 eta=9955.286562865645
step=5226 tokens=684982272/1100000000 loss=3.8426 lr=0.000117 tok/s=41,551 eta=9988.258548277381
step=5227 tokens=685113344/1100000000 loss=3.6979 lr=0.000117 tok/s=41,426 eta=10015.10202359837
step=5228 tokens=685244416/1100000000 loss=3.7165 lr=0.000117 tok/s=41,453 eta=10005.45997522
step=5229 tokens=685375488/1100000000 loss=3.7500 lr=0.000117 tok/s=41,683 eta=9947.196358421892
step=5230 tokens=685506560/1100000000 loss=3.7489 lr=0.000117 tok/s=41,522 eta=9982.461164551993
step=5231 tokens=685637632/1100000000 loss=3.7860 lr=0.000117 tok/s=41,465 eta=9993.103355010071
step=5232 tokens=685768704/1100000000 loss=3.6872 lr=0.000117 tok/s=41,617 eta=9953.445292745599
step=5233 tokens=685899776/1100000000 loss=3.8085 lr=0.000117 tok/s=41,735 eta=9922.021878741154
step=5234 tokens=686030848/1100000000 loss=3.6471 lr=0.000117 tok/s=41,434 eta=9991.003001602647
step=5235 tokens=686161920/1100000000 loss=3.6229 lr=0.000117 tok/s=41,521 eta=9967.060580738478
step=5236 tokens=686292992/1100000000 loss=3.6696 lr=0.000117 tok/s=41,325 eta=10011.176763381645
step=5237 tokens=686424064/1100000000 loss=3.6087 lr=0.000116 tok/s=41,694 eta=9919.405596960696
step=5238 tokens=686555136/1100000000 loss=3.6261 lr=0.000116 tok/s=41,850 eta=9879.114809581723
step=5239 tokens=686686208/1100000000 loss=3.6340 lr=0.000116 tok/s=41,667 eta=9919.36617376913
step=5240 tokens=686817280/1100000000 loss=3.7511 lr=0.000116 tok/s=41,685 eta=9912.082309429923
step=5241 tokens=686948352/1100000000 loss=3.6493 lr=0.000116 tok/s=41,655 eta=9916.017175603014
step=5242 tokens=687079424/1100000000 loss=3.7272 lr=0.000116 tok/s=41,945 eta=9844.417006285983
step=5243 tokens=687210496/1100000000 loss=3.6397 lr=0.000116 tok/s=41,752 eta=9886.618877446756
checkpoint saved: runs/20260905-021323/checkpoints/step_000005243 (time)
step=5244 tokens=687341568/1100000000 loss=3.7621 lr=0.000116 tok/s=33,807 eta=12206.472048253101
step=5245 tokens=687472640/1100000000 loss=3.6816 lr=0.000116 tok/s=41,663 eta=9901.52453937615
step=5246 tokens=687603712/1100000000 loss=3.6705 lr=0.000116 tok/s=41,553 eta=9924.5534795355
step=5247 tokens=687734784/1100000000 loss=3.7206 lr=0.000116 tok/s=41,629 eta=9903.384517270935
step=5248 tokens=687865856/1100000000 loss=3.6400 lr=0.000116 tok/s=41,625 eta=9901.156111089558
step=5249 tokens=687996928/1100000000 loss=3.6023 lr=0.000116 tok/s=41,648 eta=9892.536413558084
step=5250 tokens=688128000/1100000000 loss=3.6509 lr=0.000116 tok/s=41,534 eta=9916.567796374304
step=5251 tokens=688259072/1100000000 loss=3.6400 lr=0.000116 tok/s=41,604 eta=9896.662554334758
step=5252 tokens=688390144/1100000000 loss=3.6927 lr=0.000116 tok/s=41,369 eta=9949.819926414291
step=5253 tokens=688521216/1100000000 loss=3.7903 lr=0.000116 tok/s=41,605 eta=9890.193688926367
step=5254 tokens=688652288/1100000000 loss=3.7409 lr=0.000116 tok/s=41,719 eta=9859.935173928936
step=5255 tokens=688783360/1100000000 loss=3.7909 lr=0.000116 tok/s=41,634 eta=9876.986812776948
step=5256 tokens=688914432/1100000000 loss=3.5992 lr=0.000116 tok/s=41,442 eta=9919.636173134511
step=5257 tokens=689045504/1100000000 loss=3.7001 lr=0.000116 tok/s=41,496 eta=9903.434663593513
step=5258 tokens=689176576/1100000000 loss=3.6546 lr=0.000115 tok/s=41,571 eta=9882.34025683248
step=5259 tokens=689307648/1100000000 loss=3.6094 lr=0.000115 tok/s=41,416 eta=9916.24034704864
step=5260 tokens=689438720/1100000000 loss=3.8209 lr=0.000115 tok/s=41,499 eta=9893.207349178416
step=5261 tokens=689569792/1100000000 loss=3.8368 lr=0.000115 tok/s=41,632 eta=9858.456214626853
step=5262 tokens=689700864/1100000000 loss=4.1310 lr=0.000115 tok/s=41,659 eta=9849.067002515041
step=5263 tokens=689831936/1100000000 loss=3.7828 lr=0.000115 tok/s=41,523 eta=9878.14066969985
step=5264 tokens=689963008/1100000000 loss=3.7828 lr=0.000115 tok/s=41,730 eta=9826.010975077495
step=5265 tokens=690094080/1100000000 loss=3.6720 lr=0.000115 tok/s=30,038 eta=13646.206482106689
step=5266 tokens=690225152/1100000000 loss=3.7576 lr=0.000115 tok/s=41,650 eta=9838.469873553027
step=5267 tokens=690356224/1100000000 loss=3.7258 lr=0.000115 tok/s=41,580 eta=9851.967228982445
step=5268 tokens=690487296/1100000000 loss=3.7229 lr=0.000115 tok/s=41,621 eta=9839.042088398197
step=5269 tokens=690618368/1100000000 loss=3.6625 lr=0.000115 tok/s=41,615 eta=9837.420543276618
step=5270 tokens=690749440/1100000000 loss=3.7121 lr=0.000115 tok/s=41,480 eta=9866.32013359538
step=5271 tokens=690880512/1100000000 loss=3.8037 lr=0.000115 tok/s=41,333 eta=9898.093292582675
step=5272 tokens=691011584/1100000000 loss=3.7062 lr=0.000115 tok/s=41,539 eta=9845.784114722896
step=5273 tokens=691142656/1100000000 loss=4.0425 lr=0.000115 tok/s=41,510 eta=9849.545894305906
step=5274 tokens=691273728/1100000000 loss=3.8028 lr=0.000115 tok/s=41,583 eta=9829.269930095821
step=5275 tokens=691404800/1100000000 loss=3.7279 lr=0.000115 tok/s=41,095 eta=9942.7659120529
step=5276 tokens=691535872/1100000000 loss=3.8195 lr=0.000115 tok/s=41,623 eta=9813.372969462896
step=5277 tokens=691666944/1100000000 loss=3.7957 lr=0.000115 tok/s=41,564 eta=9824.26354656037
step=5278 tokens=691798016/1100000000 loss=3.6786 lr=0.000115 tok/s=41,402 eta=9859.564721561326
step=5279 tokens=691929088/1100000000 loss=3.6905 lr=0.000114 tok/s=41,504 eta=9832.024859357101
step=5280 tokens=692060160/1100000000 loss=3.7051 lr=0.000114 tok/s=41,484 eta=9833.617647355
step=5281 tokens=692191232/1100000000 loss=3.7222 lr=0.000114 tok/s=41,521 eta=9821.718884730553
step=5282 tokens=692322304/1100000000 loss=3.7555 lr=0.000114 tok/s=41,480 eta=9828.347703934915
step=5283 tokens=692453376/1100000000 loss=3.7106 lr=0.000114 tok/s=41,380 eta=9848.923022005762
step=5284 tokens=692584448/1100000000 loss=3.6535 lr=0.000114 tok/s=41,616 eta=9789.936451526582
step=5285 tokens=692715520/1100000000 loss=3.7324 lr=0.000114 tok/s=41,637 eta=9781.90463782987
step=5286 tokens=692846592/1100000000 loss=3.8353 lr=0.000114 tok/s=41,639 eta=9778.244245613645
step=5287 tokens=692977664/1100000000 loss=3.7332 lr=0.000114 tok/s=41,667 eta=9768.506026091476
step=5288 tokens=693108736/1100000000 loss=3.7441 lr=0.000114 tok/s=41,542 eta=9794.590151595092
step=5289 tokens=693239808/1100000000 loss=3.7132 lr=0.000114 tok/s=41,589 eta=9780.363203125456
step=5290 tokens=693370880/1100000000 loss=3.7208 lr=0.000114 tok/s=41,643 eta=9764.645260628758
step=5291 tokens=693501952/1100000000 loss=3.6548 lr=0.000114 tok/s=41,650 eta=9759.926429129837
step=5292 tokens=693633024/1100000000 loss=3.7655 lr=0.000114 tok/s=41,611 eta=9765.896947276386
step=5293 tokens=693764096/1100000000 loss=3.7013 lr=0.000114 tok/s=41,450 eta=9800.743040518575
step=5294 tokens=693895168/1100000000 loss=3.7585 lr=0.000114 tok/s=41,664 eta=9747.160285151616
step=5295 tokens=694026240/1100000000 loss=3.7556 lr=0.000114 tok/s=41,667 eta=9743.25354174482
step=5296 tokens=694157312/1100000000 loss=3.6965 lr=0.000114 tok/s=41,715 eta=9728.85962247246
step=5297 tokens=694288384/1100000000 loss=3.6839 lr=0.000114 tok/s=41,743 eta=9719.163495428393
step=5298 tokens=694419456/1100000000 loss=3.7020 lr=0.000114 tok/s=41,801 eta=9702.64633482548
step=5299 tokens=694550528/1100000000 loss=3.5777 lr=0.000114 tok/s=41,728 eta=9716.371414146503
step=5300 tokens=694681600/1100000000 loss=3.7184 lr=0.000113 tok/s=41,766 eta=9704.56909002986
step=5301 tokens=694812672/1100000000 loss=3.7191 lr=0.000113 tok/s=41,549 eta=9751.983074037054
step=5302 tokens=694943744/1100000000 loss=3.6975 lr=0.000113 tok/s=41,783 eta=9694.225207178686
step=5303 tokens=695074816/1100000000 loss=3.7236 lr=0.000113 tok/s=41,547 eta=9746.173466450162
step=5304 tokens=695205888/1100000000 loss=3.6952 lr=0.000113 tok/s=41,648 eta=9719.338041053896
step=5305 tokens=695336960/1100000000 loss=3.6798 lr=0.000113 tok/s=41,338 eta=9789.192727052301
step=5306 tokens=695468032/1100000000 loss=3.6747 lr=0.000113 tok/s=41,673 eta=9707.246308231002
step=5307 tokens=695599104/1100000000 loss=3.7145 lr=0.000113 tok/s=41,828 eta=9668.157613941044
step=5308 tokens=695730176/1100000000 loss=3.7137 lr=0.000113 tok/s=41,482 eta=9745.784025999717
step=5309 tokens=695861248/1100000000 loss=3.6420 lr=0.000113 tok/s=41,806 eta=9666.908183752405
step=5310 tokens=695992320/1100000000 loss=3.7439 lr=0.000113 tok/s=41,929 eta=9635.441414539833
step=5311 tokens=696123392/1100000000 loss=3.6706 lr=0.000113 tok/s=41,797 eta=9662.738731815596
step=5312 tokens=696254464/1100000000 loss=3.6875 lr=0.000113 tok/s=41,789 eta=9661.467748366993
step=5313 tokens=696385536/1100000000 loss=3.5943 lr=0.000113 tok/s=41,661 eta=9688.1635772908
step=5314 tokens=696516608/1100000000 loss=3.7862 lr=0.000113 tok/s=41,578 eta=9704.331573969534
step=5315 tokens=696647680/1100000000 loss=3.7835 lr=0.000113 tok/s=41,738 eta=9663.841206127787
step=5316 tokens=696778752/1100000000 loss=3.7753 lr=0.000113 tok/s=41,626 eta=9686.683040202413
step=5317 tokens=696909824/1100000000 loss=3.7000 lr=0.000113 tok/s=41,631 eta=9682.471989660831
step=5318 tokens=697040896/1100000000 loss=3.6768 lr=0.000113 tok/s=41,862 eta=9625.953964640607
step=5319 tokens=697171968/1100000000 loss=4.1953 lr=0.000113 tok/s=41,720 eta=9655.529115435525
step=5320 tokens=697303040/1100000000 loss=3.7366 lr=0.000113 tok/s=41,967 eta=9595.67318763573
step=5321 tokens=697434112/1100000000 loss=3.7582 lr=0.000112 tok/s=41,820 eta=9626.259908503454
step=5322 tokens=697565184/1100000000 loss=3.7764 lr=0.000112 tok/s=41,868 eta=9612.029392494005
step=5323 tokens=697696256/1100000000 loss=3.5875 lr=0.000112 tok/s=41,459 eta=9703.559417701375
step=5324 tokens=697827328/1100000000 loss=3.7493 lr=0.000112 tok/s=41,756 eta=9631.56776062537
step=5325 tokens=697958400/1100000000 loss=3.6985 lr=0.000112 tok/s=41,761 eta=9627.274411953926
step=5326 tokens=698089472/1100000000 loss=3.7677 lr=0.000112 tok/s=41,483 eta=9688.465325251354
step=5327 tokens=698220544/1100000000 loss=3.7212 lr=0.000112 tok/s=41,547 eta=9670.388491593032
step=5328 tokens=698351616/1100000000 loss=3.8172 lr=0.000112 tok/s=41,545 eta=9667.887882597495
step=5329 tokens=698482688/1100000000 loss=3.7008 lr=0.000112 tok/s=41,532 eta=9667.603833492538
step=5330 tokens=698613760/1100000000 loss=3.8317 lr=0.000112 tok/s=41,600 eta=9648.682033730694
step=5331 tokens=698744832/1100000000 loss=3.7871 lr=0.000112 tok/s=41,586 eta=9648.736553814864
step=5332 tokens=698875904/1100000000 loss=3.6530 lr=0.000112 tok/s=41,444 eta=9678.67441437445
step=5333 tokens=699006976/1100000000 loss=3.7855 lr=0.000112 tok/s=41,328 eta=9702.580967775426
step=5334 tokens=699138048/1100000000 loss=3.7330 lr=0.000112 tok/s=41,444 eta=9672.28963409834
step=5335 tokens=699269120/1100000000 loss=3.6851 lr=0.000112 tok/s=41,596 eta=9633.820414547663
step=5336 tokens=699400192/1100000000 loss=3.7149 lr=0.000112 tok/s=41,391 eta=9678.332431923838
step=5337 tokens=699531264/1100000000 loss=3.7273 lr=0.000112 tok/s=41,473 eta=9656.088349264368
step=5338 tokens=699662336/1100000000 loss=3.6565 lr=0.000112 tok/s=41,671 eta=9607.213802283033
step=5339 tokens=699793408/1100000000 loss=3.7869 lr=0.000112 tok/s=41,587 eta=9623.259284281614
step=5340 tokens=699924480/1100000000 loss=3.6942 lr=0.000112 tok/s=41,834 eta=9563.427466323452
step=5341 tokens=700055552/1100000000 loss=3.7428 lr=0.000112 tok/s=30,073 eta=13299.251901085448
checkpoint saved: runs/20260905-021323/checkpoints/tokens_000700m (permanent_tokens)
step=5342 tokens=700186624/1100000000 loss=3.7944 lr=0.000111 tok/s=34,694 eta=11524.108387720938
step=5343 tokens=700317696/1100000000 loss=3.6637 lr=0.000111 tok/s=41,641 eta=9598.182404939977
step=5344 tokens=700448768/1100000000 loss=3.6989 lr=0.000111 tok/s=41,569 eta=9611.807120716072
step=5345 tokens=700579840/1100000000 loss=3.7116 lr=0.000111 tok/s=41,385 eta=9651.357928974003
step=5346 tokens=700710912/1100000000 loss=3.6611 lr=0.000111 tok/s=41,556 eta=9608.492717205163
step=5347 tokens=700841984/1100000000 loss=3.7347 lr=0.000111 tok/s=41,371 eta=9648.283437516926
step=5348 tokens=700973056/1100000000 loss=3.6863 lr=0.000111 tok/s=41,149 eta=9697.137257863826
step=5349 tokens=701104128/1100000000 loss=3.7962 lr=0.000111 tok/s=41,271 eta=9665.337639475578
step=5350 tokens=701235200/1100000000 loss=3.8059 lr=0.000111 tok/s=41,486 eta=9611.97545761401
step=5351 tokens=701366272/1100000000 loss=3.6547 lr=0.000111 tok/s=41,508 eta=9603.741607828639
step=5352 tokens=701497344/1100000000 loss=3.6601 lr=0.000111 tok/s=41,295 eta=9650.184822104497
step=5353 tokens=701628416/1100000000 loss=3.6550 lr=0.000111 tok/s=41,220 eta=9664.470434742296
step=5354 tokens=701759488/1100000000 loss=3.5738 lr=0.000111 tok/s=41,529 eta=9589.377183931061
step=5355 tokens=701890560/1100000000 loss=3.8267 lr=0.000111 tok/s=41,592 eta=9571.797687281087
step=5356 tokens=702021632/1100000000 loss=3.7017 lr=0.000111 tok/s=41,538 eta=9581.12248383545
step=5357 tokens=702152704/1100000000 loss=3.7726 lr=0.000111 tok/s=41,661 eta=9549.67116391842
step=5358 tokens=702283776/1100000000 loss=3.7384 lr=0.000111 tok/s=41,780 eta=9519.221339429096
step=5359 tokens=702414848/1100000000 loss=3.7608 lr=0.000111 tok/s=41,466 eta=9588.28905711859
step=5360 tokens=702545920/1100000000 loss=3.6975 lr=0.000111 tok/s=41,556 eta=9564.362290333334
step=5361 tokens=702676992/1100000000 loss=3.7204 lr=0.000111 tok/s=41,619 eta=9546.599941913682
step=5362 tokens=702808064/1100000000 loss=3.7003 lr=0.000111 tok/s=41,432 eta=9586.633294656924
step=5363 tokens=702939136/1100000000 loss=3.6801 lr=0.00011 tok/s=41,378 eta=9595.89510870975
step=5364 tokens=703070208/1100000000 loss=3.7048 lr=0.00011 tok/s=41,580 eta=9546.109055947345
step=5365 tokens=703201280/1100000000 loss=3.6545 lr=0.00011 tok/s=41,522 eta=9556.36097585247
step=5366 tokens=703332352/1100000000 loss=3.8560 lr=0.00011 tok/s=41,697 eta=9513.124009858997
step=5367 tokens=703463424/1100000000 loss=3.6727 lr=0.00011 tok/s=41,259 eta=9611.017053856534
step=5368 tokens=703594496/1100000000 loss=3.6392 lr=0.00011 tok/s=41,526 eta=9546.030041334217
step=5369 tokens=703725568/1100000000 loss=3.7042 lr=0.00011 tok/s=41,237 eta=9609.671162928062
step=5370 tokens=703856640/1100000000 loss=3.7234 lr=0.00011 tok/s=41,294 eta=9593.207119087785
step=5371 tokens=703987712/1100000000 loss=3.7078 lr=0.00011 tok/s=41,504 eta=9541.591092604998
step=5372 tokens=704118784/1100000000 loss=3.7052 lr=0.00011 tok/s=41,387 eta=9565.37520587306
step=5373 tokens=704249856/1100000000 loss=3.6577 lr=0.00011 tok/s=41,548 eta=9525.14179144726
step=5374 tokens=704380928/1100000000 loss=3.9225 lr=0.00011 tok/s=41,400 eta=9556.006925867036
step=5375 tokens=704512000/1100000000 loss=3.6848 lr=0.00011 tok/s=41,537 eta=9521.452029573313
step=5376 tokens=704643072/1100000000 loss=3.6854 lr=0.00011 tok/s=41,523 eta=9521.436862080416
step=5377 tokens=704774144/1100000000 loss=3.6046 lr=0.00011 tok/s=41,480 eta=9528.067648817132
step=5378 tokens=704905216/1100000000 loss=3.6310 lr=0.00011 tok/s=41,339 eta=9557.39998276529
step=5379 tokens=705036288/1100000000 loss=3.6590 lr=0.00011 tok/s=41,453 eta=9527.982970137571
step=5380 tokens=705167360/1100000000 loss=3.7055 lr=0.00011 tok/s=41,548 eta=9503.029772374377
step=5381 tokens=705298432/1100000000 loss=3.6284 lr=0.00011 tok/s=41,362 eta=9542.65017372942
step=5382 tokens=705429504/1100000000 loss=3.6867 lr=0.00011 tok/s=41,362 eta=9539.478574217947
step=5383 tokens=705560576/1100000000 loss=3.7116 lr=0.00011 tok/s=41,383 eta=9531.497329546068
step=5384 tokens=705691648/1100000000 loss=3.6697 lr=0.000109 tok/s=41,393 eta=9525.93346214705
step=5385 tokens=705822720/1100000000 loss=3.5870 lr=0.000109 tok/s=41,465 eta=9506.169170563233
step=5386 tokens=705953792/1100000000 loss=3.5605 lr=0.000109 tok/s=41,411 eta=9515.467664707008
step=5387 tokens=706084864/1100000000 loss=3.5825 lr=0.000109 tok/s=40,965 eta=9615.97429451156
step=5388 tokens=706215936/1100000000 loss=3.5686 lr=0.000109 tok/s=41,321 eta=9529.813634993418
step=5389 tokens=706347008/1100000000 loss=3.3942 lr=0.000109 tok/s=41,161 eta=9563.772539774038
step=5390 tokens=706478080/1100000000 loss=3.6832 lr=0.000109 tok/s=41,174 eta=9557.613670151013
step=5391 tokens=706609152/1100000000 loss=3.7139 lr=0.000109 tok/s=41,429 eta=9495.47998834482
step=5392 tokens=706740224/1100000000 loss=3.6296 lr=0.000109 tok/s=41,439 eta=9490.199364494309
step=5393 tokens=706871296/1100000000 loss=3.5844 lr=0.000109 tok/s=41,685 eta=9430.873368061035
step=5394 tokens=707002368/1100000000 loss=3.8053 lr=0.000109 tok/s=41,400 eta=9492.688787889761
step=5395 tokens=707133440/1100000000 loss=3.6304 lr=0.000109 tok/s=41,100 eta=9558.788523814857
step=5396 tokens=707264512/1100000000 loss=3.6285 lr=0.000109 tok/s=41,111 eta=9553.143224098847
step=5397 tokens=707395584/1100000000 loss=3.6304 lr=0.000109 tok/s=41,341 eta=9496.675003358807
step=5398 tokens=707526656/1100000000 loss=3.6415 lr=0.000109 tok/s=41,347 eta=9492.229598311873
step=5399 tokens=707657728/1100000000 loss=3.6567 lr=0.000109 tok/s=41,161 eta=9532.000963987077
step=5400 tokens=707788800/1100000000 loss=3.6841 lr=0.000109 tok/s=41,323 eta=9491.258340381208
step=5401 tokens=707919872/1100000000 loss=3.7250 lr=0.000109 tok/s=41,344 eta=9483.387096760443
step=5402 tokens=708050944/1100000000 loss=3.7070 lr=0.000109 tok/s=41,174 eta=9519.277296894526
step=5403 tokens=708182016/1100000000 loss=3.6148 lr=0.000109 tok/s=41,254 eta=9497.602023306976
step=5404 tokens=708313088/1100000000 loss=3.5710 lr=0.000109 tok/s=41,163 eta=9515.484074040029
step=5405 tokens=708444160/1100000000 loss=3.6245 lr=0.000109 tok/s=41,233 eta=9496.236977761482
step=5406 tokens=708575232/1100000000 loss=3.6295 lr=0.000108 tok/s=41,247 eta=9489.7189810331
step=5407 tokens=708706304/1100000000 loss=3.6293 lr=0.000108 tok/s=40,981 eta=9548.255469154057
step=5408 tokens=708837376/1100000000 loss=3.6299 lr=0.000108 tok/s=41,190 eta=9496.642634117838
step=5409 tokens=708968448/1100000000 loss=3.6184 lr=0.000108 tok/s=41,213 eta=9488.02544336548
step=5410 tokens=709099520/1100000000 loss=3.6984 lr=0.000108 tok/s=41,187 eta=9490.951089178223
step=5411 tokens=709230592/1100000000 loss=3.6723 lr=0.000108 tok/s=41,322 eta=9456.634022757276
step=5412 tokens=709361664/1100000000 loss=3.6586 lr=0.000108 tok/s=41,381 eta=9440.019407278605
step=5413 tokens=709492736/1100000000 loss=3.6499 lr=0.000108 tok/s=41,244 eta=9468.185792851957
step=5414 tokens=709623808/1100000000 loss=3.5574 lr=0.000108 tok/s=41,463 eta=9414.997632414903
step=5415 tokens=709754880/1100000000 loss=3.5995 lr=0.000108 tok/s=41,264 eta=9457.19904417414
step=5416 tokens=709885952/1100000000 loss=3.6794 lr=0.000108 tok/s=41,252 eta=9456.776403489343
step=5417 tokens=710017024/1100000000 loss=3.5963 lr=0.000108 tok/s=29,863 eta=13058.85963871584
step=5418 tokens=710148096/1100000000 loss=3.5828 lr=0.000108 tok/s=41,012 eta=9505.900253110018
step=5419 tokens=710279168/1100000000 loss=3.6588 lr=0.000108 tok/s=41,556 eta=9378.175257725368
step=5420 tokens=710410240/1100000000 loss=3.6640 lr=0.000108 tok/s=41,251 eta=9444.362499398108
step=5421 tokens=710541312/1100000000 loss=3.7012 lr=0.000108 tok/s=41,160 eta=9462.082711898112
step=5422 tokens=710672384/1100000000 loss=3.6708 lr=0.000108 tok/s=41,315 eta=9423.368133550097
step=5423 tokens=710803456/1100000000 loss=3.6183 lr=0.000108 tok/s=41,464 eta=9386.465424353073
step=5424 tokens=710934528/1100000000 loss=3.6668 lr=0.000108 tok/s=41,225 eta=9437.659800942007
step=5425 tokens=711065600/1100000000 loss=3.6400 lr=0.000108 tok/s=41,279 eta=9422.067684588306
step=5426 tokens=711196672/1100000000 loss=3.5963 lr=0.000108 tok/s=41,167 eta=9444.599065783666
step=5427 tokens=711327744/1100000000 loss=3.6176 lr=0.000107 tok/s=41,160 eta=9442.935430120478
step=5428 tokens=711458816/1100000000 loss=3.5537 lr=0.000107 tok/s=41,243 eta=9420.863790022626
step=5429 tokens=711589888/1100000000 loss=3.7091 lr=0.000107 tok/s=41,331 eta=9397.662097935363
step=5430 tokens=711720960/1100000000 loss=3.5834 lr=0.000107 tok/s=41,501 eta=9355.910990379847
step=5431 tokens=711852032/1100000000 loss=3.6261 lr=0.000107 tok/s=41,543 eta=9343.293426301096
step=5432 tokens=711983104/1100000000 loss=3.6604 lr=0.000107 tok/s=41,435 eta=9364.409010221294
step=5433 tokens=712114176/1100000000 loss=3.6137 lr=0.000107 tok/s=41,439 eta=9360.357693326672
step=5434 tokens=712245248/1100000000 loss=3.8255 lr=0.000107 tok/s=41,539 eta=9334.759397748829
step=5435 tokens=712376320/1100000000 loss=3.7272 lr=0.000107 tok/s=41,234 eta=9400.538377364095
step=5436 tokens=712507392/1100000000 loss=3.5347 lr=0.000107 tok/s=41,501 eta=9336.934203414781
step=5437 tokens=712638464/1100000000 loss=3.6495 lr=0.000107 tok/s=41,371 eta=9363.22773151682
step=5438 tokens=712769536/1100000000 loss=3.6009 lr=0.000107 tok/s=41,339 eta=9367.255169773689
step=5439 tokens=712900608/1100000000 loss=3.5386 lr=0.000107 tok/s=41,581 eta=9309.591361210681
step=5440 tokens=713031680/1100000000 loss=3.6752 lr=0.000107 tok/s=41,257 eta=9379.408346680666
step=5441 tokens=713162752/1100000000 loss=3.6777 lr=0.000107 tok/s=41,242 eta=9379.804137095276
step=5442 tokens=713293824/1100000000 loss=3.6595 lr=0.000107 tok/s=41,148 eta=9397.897878800979
step=5443 tokens=713424896/1100000000 loss=3.6457 lr=0.000107 tok/s=41,140 eta=9396.67746088295
step=5444 tokens=713555968/1100000000 loss=3.6824 lr=0.000107 tok/s=41,241 eta=9370.460752131225
step=5445 tokens=713687040/1100000000 loss=3.6823 lr=0.000107 tok/s=41,183 eta=9380.346838250007
step=5446 tokens=713818112/1100000000 loss=3.6890 lr=0.000107 tok/s=41,282 eta=9354.633997575684
step=5447 tokens=713949184/1100000000 loss=3.6601 lr=0.000107 tok/s=41,254 eta=9357.946217276194
step=5448 tokens=714080256/1100000000 loss=3.7649 lr=0.000106 tok/s=41,230 eta=9360.057198376395
step=5449 tokens=714211328/1100000000 loss=3.6743 lr=0.000106 tok/s=41,311 eta=9338.696699714967
step=5450 tokens=714342400/1100000000 loss=3.7693 lr=0.000106 tok/s=41,436 eta=9307.24021407164
step=5451 tokens=714473472/1100000000 loss=3.5823 lr=0.000106 tok/s=41,613 eta=9264.676204983261
step=5452 tokens=714604544/1100000000 loss=3.6777 lr=0.000106 tok/s=41,495 eta=9287.77307217091
step=5453 tokens=714735616/1100000000 loss=3.7020 lr=0.000106 tok/s=41,488 eta=9286.213142929297
step=5454 tokens=714866688/1100000000 loss=3.6624 lr=0.000106 tok/s=41,617 eta=9254.321552270889
step=5455 tokens=714997760/1100000000 loss=3.6848 lr=0.000106 tok/s=41,508 eta=9275.321101335738
step=5456 tokens=715128832/1100000000 loss=3.6612 lr=0.000106 tok/s=41,482 eta=9277.923493867513
step=5457 tokens=715259904/1100000000 loss=3.6491 lr=0.000106 tok/s=41,757 eta=9213.779069787955
step=5458 tokens=715390976/1100000000 loss=3.5557 lr=0.000106 tok/s=41,398 eta=9290.479996966673
step=5459 tokens=715522048/1100000000 loss=3.6591 lr=0.000106 tok/s=41,452 eta=9275.232659141844
step=5460 tokens=715653120/1100000000 loss=3.5999 lr=0.000106 tok/s=41,376 eta=9289.203839247146
step=5461 tokens=715784192/1100000000 loss=3.6282 lr=0.000106 tok/s=41,485 eta=9261.533440064053
step=5462 tokens=715915264/1100000000 loss=3.6831 lr=0.000106 tok/s=41,441 eta=9268.248192423585
step=5463 tokens=716046336/1100000000 loss=3.6443 lr=0.000106 tok/s=41,377 eta=9279.430019062815
step=5464 tokens=716177408/1100000000 loss=3.7631 lr=0.000106 tok/s=41,359 eta=9280.212106170695
step=5465 tokens=716308480/1100000000 loss=3.6703 lr=0.000106 tok/s=41,529 eta=9239.17699157027
step=5466 tokens=716439552/1100000000 loss=3.6566 lr=0.000106 tok/s=41,554 eta=9230.342912636443
step=5467 tokens=716570624/1100000000 loss=3.6825 lr=0.000106 tok/s=41,587 eta=9220.000003620687
step=5468 tokens=716701696/1100000000 loss=3.6888 lr=0.000106 tok/s=41,400 eta=9258.372663896242
step=5469 tokens=716832768/1100000000 loss=3.6048 lr=0.000106 tok/s=41,469 eta=9239.890311657526
step=5470 tokens=716963840/1100000000 loss=3.6432 lr=0.000105 tok/s=41,655 eta=9195.388759266974
step=5471 tokens=717094912/1100000000 loss=3.6302 lr=0.000105 tok/s=41,491 eta=9228.700621245134
step=5472 tokens=717225984/1100000000 loss=3.6823 lr=0.000105 tok/s=41,564 eta=9209.270007356989
step=5473 tokens=717357056/1100000000 loss=3.7422 lr=0.000105 tok/s=41,347 eta=9254.358295276941
step=5474 tokens=717488128/1100000000 loss=3.6352 lr=0.000105 tok/s=41,475 eta=9222.693655509132
step=5475 tokens=717619200/1100000000 loss=3.6799 lr=0.000105 tok/s=41,666 eta=9177.21231714041
step=5476 tokens=717750272/1100000000 loss=3.6644 lr=0.000105 tok/s=41,551 eta=9199.532432795415
step=5477 tokens=717881344/1100000000 loss=3.6585 lr=0.000105 tok/s=41,536 eta=9199.73338331368
step=5478 tokens=718012416/1100000000 loss=3.6302 lr=0.000105 tok/s=41,715 eta=9157.124102740494
step=5479 tokens=718143488/1100000000 loss=3.6398 lr=0.000105 tok/s=41,704 eta=9156.287707176914
step=5480 tokens=718274560/1100000000 loss=3.7123 lr=0.000105 tok/s=41,237 eta=9256.883610070372
step=5481 tokens=718405632/1100000000 loss=3.4440 lr=0.000105 tok/s=41,467 eta=9202.26983439298
step=5482 tokens=718536704/1100000000 loss=3.2884 lr=0.000105 tok/s=41,172 eta=9265.18873854061
step=5483 tokens=718667776/1100000000 loss=3.3110 lr=0.000105 tok/s=40,951 eta=9311.826330293745
step=5484 tokens=718798848/1100000000 loss=3.1761 lr=0.000105 tok/s=41,315 eta=9226.75491568999
step=5485 tokens=718929920/1100000000 loss=3.2252 lr=0.000105 tok/s=41,116 eta=9268.250841189694
step=5486 tokens=719060992/1100000000 loss=3.2074 lr=0.000105 tok/s=41,426 eta=9195.626677354447
step=5487 tokens=719192064/1100000000 loss=3.2383 lr=0.000105 tok/s=41,274 eta=9226.234246622778
step=5488 tokens=719323136/1100000000 loss=3.1755 lr=0.000105 tok/s=41,345 eta=9207.404232473304
step=5489 tokens=719454208/1100000000 loss=3.1888 lr=0.000105 tok/s=41,449 eta=9180.997463020416
step=5490 tokens=719585280/1100000000 loss=3.1805 lr=0.000105 tok/s=41,715 eta=9119.42859561099
step=5491 tokens=719716352/1100000000 loss=3.1295 lr=0.000105 tok/s=41,525 eta=9158.053157901646
step=5492 tokens=719847424/1100000000 loss=3.2077 lr=0.000104 tok/s=41,140 eta=9240.49967581955
step=5493 tokens=719978496/1100000000 loss=3.1633 lr=0.000104 tok/s=41,422 eta=9174.287509390986
step=5494 tokens=720109568/1100000000 loss=3.1728 lr=0.000104 tok/s=29,963 eta=12678.612747534698
step=5495 tokens=720240640/1100000000 loss=3.1009 lr=0.000104 tok/s=41,287 eta=9198.074140321087
step=5496 tokens=720371712/1100000000 loss=3.1406 lr=0.000104 tok/s=40,973 eta=9265.39738530783
step=5497 tokens=720502784/1100000000 loss=3.1301 lr=0.000104 tok/s=41,197 eta=9211.686455271154
step=5498 tokens=720633856/1100000000 loss=3.1105 lr=0.000104 tok/s=40,973 eta=9258.850231717683
step=5499 tokens=720764928/1100000000 loss=3.0969 lr=0.000104 tok/s=41,278 eta=9187.355783806805
step=5500 tokens=720896000/1100000000 loss=3.1409 lr=0.000104 tok/s=41,034 eta=9238.680382495708
step=5501 tokens=721027072/1100000000 loss=3.0986 lr=0.000104 tok/s=41,360 eta=9162.895317940603
step=5502 tokens=721158144/1100000000 loss=3.1551 lr=0.000104 tok/s=41,524 eta=9123.349878345516
step=5503 tokens=721289216/1100000000 loss=3.0586 lr=0.000104 tok/s=41,287 eta=9172.540076994967
step=5504 tokens=721420288/1100000000 loss=3.1186 lr=0.000104 tok/s=40,914 eta=9253.071957102817
step=5505 tokens=721551360/1100000000 loss=3.1212 lr=0.000104 tok/s=41,220 eta=9181.095218567647
step=5506 tokens=721682432/1100000000 loss=3.0530 lr=0.000104 tok/s=41,209 eta=9180.387577817519
step=5507 tokens=721813504/1100000000 loss=3.0649 lr=0.000104 tok/s=40,998 eta=9224.528825052335
step=5508 tokens=721944576/1100000000 loss=3.1092 lr=0.000104 tok/s=41,381 eta=9135.901417583771
step=5509 tokens=722075648/1100000000 loss=3.0954 lr=0.000104 tok/s=41,242 eta=9163.650354479883
step=5510 tokens=722206720/1100000000 loss=3.0663 lr=0.000104 tok/s=41,297 eta=9148.25626231539
step=5511 tokens=722337792/1100000000 loss=3.0757 lr=0.000104 tok/s=41,575 eta=9083.818203113242
step=5512 tokens=722468864/1100000000 loss=3.1240 lr=0.000104 tok/s=41,205 eta=9162.198070750994
step=5513 tokens=722599936/1100000000 loss=3.5662 lr=0.000104 tok/s=41,372 eta=9122.09502096002
step=5514 tokens=722731008/1100000000 loss=3.8220 lr=0.000103 tok/s=41,305 eta=9133.751462693795
step=5515 tokens=722862080/1100000000 loss=3.9046 lr=0.000103 tok/s=41,280 eta=9136.184040661354
step=5516 tokens=722993152/1100000000 loss=3.8237 lr=0.000103 tok/s=41,532 eta=9077.45465348356
step=5517 tokens=723124224/1100000000 loss=3.7608 lr=0.000103 tok/s=41,529 eta=9075.054046508787
step=5518 tokens=723255296/1100000000 loss=3.6857 lr=0.000103 tok/s=41,608 eta=9054.664777356751
step=5519 tokens=723386368/1100000000 loss=3.7376 lr=0.000103 tok/s=41,320 eta=9114.583917884287
step=5520 tokens=723517440/1100000000 loss=3.7913 lr=0.000103 tok/s=41,455 eta=9081.790750631859
step=5521 tokens=723648512/1100000000 loss=3.4686 lr=0.000103 tok/s=41,432 eta=9083.553643098709
step=5522 tokens=723779584/1100000000 loss=3.7628 lr=0.000103 tok/s=41,486 eta=9068.535615680115
step=5523 tokens=723910656/1100000000 loss=3.7748 lr=0.000103 tok/s=41,631 eta=9033.852013009988
step=5524 tokens=724041728/1100000000 loss=3.6088 lr=0.000103 tok/s=41,706 eta=9014.491270277227
step=5525 tokens=724172800/1100000000 loss=3.5506 lr=0.000103 tok/s=41,394 eta=9079.286669441011
step=5526 tokens=724303872/1100000000 loss=3.6653 lr=0.000103 tok/s=41,492 eta=9054.560363001801
step=5527 tokens=724434944/1100000000 loss=3.6573 lr=0.000103 tok/s=41,874 eta=8968.930446260969
step=5528 tokens=724566016/1100000000 loss=3.6889 lr=0.000103 tok/s=41,640 eta=9016.20734227991
step=5529 tokens=724697088/1100000000 loss=3.5417 lr=0.000103 tok/s=41,553 eta=9031.83309308722
step=5530 tokens=724828160/1100000000 loss=3.6263 lr=0.000103 tok/s=41,260 eta=9092.8497526746
step=5531 tokens=724959232/1100000000 loss=3.6383 lr=0.000103 tok/s=41,367 eta=9066.128923782093
step=5532 tokens=725090304/1100000000 loss=3.5677 lr=0.000103 tok/s=41,574 eta=9017.912122702566
step=5533 tokens=725221376/1100000000 loss=3.6198 lr=0.000103 tok/s=41,480 eta=9035.09458350003
step=5534 tokens=725352448/1100000000 loss=3.6265 lr=0.000103 tok/s=41,428 eta=9043.418955088866
step=5535 tokens=725483520/1100000000 loss=3.6622 lr=0.000102 tok/s=41,465 eta=9032.210485067772
step=5536 tokens=725614592/1100000000 loss=3.6601 lr=0.000102 tok/s=41,581 eta=9003.8167883791
step=5537 tokens=725745664/1100000000 loss=3.5916 lr=0.000102 tok/s=41,591 eta=8998.351896609656
step=5538 tokens=725876736/1100000000 loss=3.6120 lr=0.000102 tok/s=41,408 eta=9035.077307978849
step=5539 tokens=726007808/1100000000 loss=3.6017 lr=0.000102 tok/s=41,307 eta=9053.933160321374
step=5540 tokens=726138880/1100000000 loss=3.6514 lr=0.000102 tok/s=41,311 eta=9049.886754562116
step=5541 tokens=726269952/1100000000 loss=3.6334 lr=0.000102 tok/s=41,453 eta=9015.799973434741
step=5542 tokens=726401024/1100000000 loss=3.7139 lr=0.000102 tok/s=41,286 eta=9049.101841565407
step=5543 tokens=726532096/1100000000 loss=3.6839 lr=0.000102 tok/s=41,177 eta=9069.748317237454
step=5544 tokens=726663168/1100000000 loss=3.6697 lr=0.000102 tok/s=41,228 eta=9055.420455102112
step=5545 tokens=726794240/1100000000 loss=3.6488 lr=0.000102 tok/s=41,458 eta=9001.92014323605
step=5546 tokens=726925312/1100000000 loss=3.6634 lr=0.000102 tok/s=41,260 eta=9042.041773643276
step=5547 tokens=727056384/1100000000 loss=3.7128 lr=0.000102 tok/s=41,404 eta=9007.383244426077
step=5548 tokens=727187456/1100000000 loss=3.7403 lr=0.000102 tok/s=41,256 eta=9036.563854302678
step=5549 tokens=727318528/1100000000 loss=3.7341 lr=0.000102 tok/s=41,232 eta=9038.69137195073
step=5550 tokens=727449600/1100000000 loss=3.7508 lr=0.000102 tok/s=41,215 eta=9039.263471395267
step=5551 tokens=727580672/1100000000 loss=3.6882 lr=0.000102 tok/s=41,310 eta=9015.168618154636
step=5552 tokens=727711744/1100000000 loss=3.6676 lr=0.000102 tok/s=41,167 eta=9043.392666046693
step=5553 tokens=727842816/1100000000 loss=3.7760 lr=0.000102 tok/s=41,036 eta=9069.11631321211
step=5554 tokens=727973888/1100000000 loss=3.6780 lr=0.000102 tok/s=41,471 eta=8970.787959512303
step=5555 tokens=728104960/1100000000 loss=3.6933 lr=0.000102 tok/s=41,108 eta=9046.801692489465
step=5556 tokens=728236032/1100000000 loss=3.6644 lr=0.000102 tok/s=41,195 eta=9024.426591981368
step=5557 tokens=728367104/1100000000 loss=3.6916 lr=0.000101 tok/s=41,074 eta=9047.911460986537
step=5558 tokens=728498176/1100000000 loss=3.7031 lr=0.000101 tok/s=41,182 eta=9020.900503107592
step=5559 tokens=728629248/1100000000 loss=3.7704 lr=0.000101 tok/s=41,312 eta=8989.44285776071
step=5560 tokens=728760320/1100000000 loss=3.8924 lr=0.000101 tok/s=41,128 eta=9026.51147619216
step=5561 tokens=728891392/1100000000 loss=3.7353 lr=0.000101 tok/s=41,396 eta=8964.856888833025
step=5562 tokens=729022464/1100000000 loss=3.6968 lr=0.000101 tok/s=41,413 eta=8957.889644143692
step=5563 tokens=729153536/1100000000 loss=3.6865 lr=0.000101 tok/s=41,534 eta=8928.655270195655
step=5564 tokens=729284608/1100000000 loss=3.7181 lr=0.000101 tok/s=41,462 eta=8940.987426000069
step=5565 tokens=729415680/1100000000 loss=3.7065 lr=0.000101 tok/s=41,535 eta=8922.321162438126
step=5566 tokens=729546752/1100000000 loss=3.7794 lr=0.000101 tok/s=41,427 eta=8942.272876851037
step=5567 tokens=729677824/1100000000 loss=3.8261 lr=0.000101 tok/s=41,385 eta=8948.140511921858
step=5568 tokens=729808896/1100000000 loss=3.7359 lr=0.000101 tok/s=41,445 eta=8932.084758210818
step=5569 tokens=729939968/1100000000 loss=3.7526 lr=0.000101 tok/s=41,469 eta=8923.67968522604
step=5570 tokens=730071040/1100000000 loss=3.7325 lr=0.000101 tok/s=30,071 eta=12301.928947741399
step=5571 tokens=730202112/1100000000 loss=3.6647 lr=0.000101 tok/s=41,492 eta=8912.432885107388
step=5572 tokens=730333184/1100000000 loss=3.6801 lr=0.000101 tok/s=41,374 eta=8934.653758299306
step=5573 tokens=730464256/1100000000 loss=3.6867 lr=0.000101 tok/s=41,682 eta=8865.63286497048
step=5574 tokens=730595328/1100000000 loss=3.7294 lr=0.000101 tok/s=41,503 eta=8900.698551252055
step=5575 tokens=730726400/1100000000 loss=3.6228 lr=0.000101 tok/s=41,195 eta=8964.058738145734
step=5576 tokens=730857472/1100000000 loss=3.6438 lr=0.000101 tok/s=41,329 eta=8931.872401460185
step=5577 tokens=730988544/1100000000 loss=3.4262 lr=0.000101 tok/s=41,347 eta=8924.646267320724
step=5578 tokens=731119616/1100000000 loss=3.2285 lr=0.000101 tok/s=41,452 eta=8898.992874693367
step=5579 tokens=731250688/1100000000 loss=3.2415 lr=0.0001 tok/s=40,936 eta=9008.04358236846
step=5580 tokens=731381760/1100000000 loss=3.1980 lr=0.0001 tok/s=40,947 eta=9002.362464495569
step=5581 tokens=731512832/1100000000 loss=3.2169 lr=0.0001 tok/s=41,529 eta=8872.999322910242
step=5582 tokens=731643904/1100000000 loss=3.1452 lr=0.0001 tok/s=41,298 eta=8919.387672134993
step=5583 tokens=731774976/1100000000 loss=3.1116 lr=0.0001 tok/s=41,430 eta=8887.82164831319
step=5584 tokens=731906048/1100000000 loss=3.1624 lr=0.0001 tok/s=41,306 eta=8911.4798959052
step=5585 tokens=732037120/1100000000 loss=3.1040 lr=0.0001 tok/s=41,059 eta=8961.756160803492
step=5586 tokens=732168192/1100000000 loss=3.0730 lr=0.0001 tok/s=41,222 eta=8923.18156042053
step=5587 tokens=732299264/1100000000 loss=3.0863 lr=0.0001 tok/s=41,138 eta=8938.255756455057
step=5588 tokens=732430336/1100000000 loss=3.1171 lr=0.0001 tok/s=41,190 eta=8923.808642932072
step=5589 tokens=732561408/1100000000 loss=3.1060 lr=0.0001 tok/s=41,296 eta=8897.677479629061
step=5590 tokens=732692480/1100000000 loss=3.1052 lr=0.0001 tok/s=41,210 eta=8913.004573515393
step=5591 tokens=732823552/1100000000 loss=3.1492 lr=0.0001 tok/s=41,233 eta=8904.9292211486
step=5592 tokens=732954624/1100000000 loss=3.0431 lr=9.99e-05 tok/s=41,110 eta=8928.293179001214
step=5593 tokens=733085696/1100000000 loss=3.0963 lr=9.99e-05 tok/s=41,277 eta=8889.045153257564
step=5594 tokens=733216768/1100000000 loss=2.9930 lr=9.98e-05 tok/s=41,700 eta=8795.73414209211
step=5595 tokens=733347840/1100000000 loss=3.0559 lr=9.98e-05 tok/s=41,167 eta=8906.398180373582
step=5596 tokens=733478912/1100000000 loss=3.1089 lr=9.97e-05 tok/s=41,347 eta=8864.440909734758
step=5597 tokens=733609984/1100000000 loss=3.0689 lr=9.97e-05 tok/s=41,400 eta=8850.07172014555
step=5598 tokens=733741056/1100000000 loss=3.1006 lr=9.96e-05 tok/s=41,164 eta=8897.508136340934
step=5599 tokens=733872128/1100000000 loss=3.1104 lr=9.96e-05 tok/s=41,345 eta=8855.484149429096
step=5600 tokens=734003200/1100000000 loss=3.0672 lr=9.95e-05 tok/s=41,297 eta=8862.562018234503
step=5601 tokens=734134272/1100000000 loss=3.0181 lr=9.95e-05 tok/s=41,455 eta=8825.572883520155
step=5602 tokens=734265344/1100000000 loss=3.0947 lr=9.95e-05 tok/s=41,266 eta=8862.881227063463
step=5603 tokens=734396416/1100000000 loss=3.0731 lr=9.94e-05 tok/s=41,270 eta=8858.927760795543
step=5604 tokens=734527488/1100000000 loss=3.0714 lr=9.94e-05 tok/s=41,287 eta=8851.90358277207
step=5605 tokens=734658560/1100000000 loss=3.0913 lr=9.93e-05 tok/s=41,329 eta=8839.801786053888
step=5606 tokens=734789632/1100000000 loss=3.0586 lr=9.93e-05 tok/s=41,350 eta=8832.088440060365
step=5607 tokens=734920704/1100000000 loss=3.0559 lr=9.92e-05 tok/s=41,332 eta=8832.883741926637
step=5608 tokens=735051776/1100000000 loss=3.0728 lr=9.92e-05 tok/s=41,324 eta=8831.334828001167
step=5609 tokens=735182848/1100000000 loss=3.6769 lr=9.91e-05 tok/s=41,110 eta=8874.129543891353
step=5610 tokens=735313920/1100000000 loss=3.7048 lr=9.91e-05 tok/s=41,138 eta=8864.869486288288
step=5611 tokens=735444992/1100000000 loss=3.9279 lr=9.91e-05 tok/s=41,023 eta=8886.665276060969
step=5612 tokens=735576064/1100000000 loss=3.8181 lr=9.9e-05 tok/s=41,150 eta=8856.051038803034
step=5613 tokens=735707136/1100000000 loss=3.7949 lr=9.9e-05 tok/s=41,122 eta=8858.799566815793
step=5614 tokens=735838208/1100000000 loss=3.7176 lr=9.89e-05 tok/s=41,428 eta=8790.275999174812
step=5615 tokens=735969280/1100000000 loss=3.7028 lr=9.89e-05 tok/s=41,204 eta=8834.9289731603
step=5616 tokens=736100352/1100000000 loss=3.7489 lr=9.88e-05 tok/s=41,359 eta=8798.474196807656
step=5617 tokens=736231424/1100000000 loss=3.6702 lr=9.88e-05 tok/s=41,403 eta=8786.149680067854
step=5618 tokens=736362496/1100000000 loss=3.7601 lr=9.87e-05 tok/s=41,146 eta=8837.764623095707
step=5619 tokens=736493568/1100000000 loss=3.7697 lr=9.87e-05 tok/s=41,124 eta=8839.227091965256
step=5620 tokens=736624640/1100000000 loss=3.7692 lr=9.87e-05 tok/s=41,372 eta=8783.224366797089
step=5621 tokens=736755712/1100000000 loss=3.6950 lr=9.86e-05 tok/s=41,366 eta=8781.228371631876
step=5622 tokens=736886784/1100000000 loss=3.6867 lr=9.86e-05 tok/s=41,387 eta=8773.523210330512
step=5623 tokens=737017856/1100000000 loss=3.6823 lr=9.85e-05 tok/s=41,628 eta=8719.670279078497
step=5624 tokens=737148928/1100000000 loss=3.7038 lr=9.85e-05 tok/s=41,558 eta=8731.239764910984
checkpoint saved: runs/20260905-021323/checkpoints/step_000005624 (time)
step=5625 tokens=737280000/1100000000 loss=3.7155 lr=9.84e-05 tok/s=34,142 eta=10623.8338256676
step=5626 tokens=737411072/1100000000 loss=3.7021 lr=9.84e-05 tok/s=41,762 eta=8682.231544651415
step=5627 tokens=737542144/1100000000 loss=3.7292 lr=9.83e-05 tok/s=41,092 eta=8820.554022449438
step=5628 tokens=737673216/1100000000 loss=3.7060 lr=9.83e-05 tok/s=41,321 eta=8768.52750336441
step=5629 tokens=737804288/1100000000 loss=3.3996 lr=9.82e-05 tok/s=41,436 eta=8741.183977485483
step=5630 tokens=737935360/1100000000 loss=3.7150 lr=9.82e-05 tok/s=41,674 eta=8688.01739727466
step=5631 tokens=738066432/1100000000 loss=3.6938 lr=9.82e-05 tok/s=41,330 eta=8757.125165347801
step=5632 tokens=738197504/1100000000 loss=3.6864 lr=9.81e-05 tok/s=41,258 eta=8769.333295256203
step=5633 tokens=738328576/1100000000 loss=3.7088 lr=9.81e-05 tok/s=41,393 eta=8737.553570438811
step=5634 tokens=738459648/1100000000 loss=3.6171 lr=9.8e-05 tok/s=41,442 eta=8723.98362462476
step=5635 tokens=738590720/1100000000 loss=3.6784 lr=9.8e-05 tok/s=41,231 eta=8765.51019074503
step=5636 tokens=738721792/1100000000 loss=3.7255 lr=9.79e-05 tok/s=41,321 eta=8743.123110053099
step=5637 tokens=738852864/1100000000 loss=3.6909 lr=9.79e-05 tok/s=41,072 eta=8793.074103101375
step=5638 tokens=738983936/1100000000 loss=3.7803 lr=9.78e-05 tok/s=41,216 eta=8759.220797153477
step=5639 tokens=739115008/1100000000 loss=3.7205 lr=9.78e-05 tok/s=41,501 eta=8695.889965522116
step=5640 tokens=739246080/1100000000 loss=3.6387 lr=9.78e-05 tok/s=41,224 eta=8750.976296792032
step=5641 tokens=739377152/1100000000 loss=3.8028 lr=9.77e-05 tok/s=41,250 eta=8742.372457085046
step=5642 tokens=739508224/1100000000 loss=3.6622 lr=9.77e-05 tok/s=41,557 eta=8674.608187126672
step=5643 tokens=739639296/1100000000 loss=3.6952 lr=9.76e-05 tok/s=41,173 eta=8752.343763004748
step=5644 tokens=739770368/1100000000 loss=3.5992 lr=9.76e-05 tok/s=41,319 eta=8718.254382466852
step=5645 tokens=739901440/1100000000 loss=3.6028 lr=9.75e-05 tok/s=41,055 eta=8771.102496667767
step=5646 tokens=740032512/1100000000 loss=3.6376 lr=9.75e-05 tok/s=29,918 eta=12031.653164639962
step=5647 tokens=740163584/1100000000 loss=3.6600 lr=9.74e-05 tok/s=41,197 eta=8734.600152519795
step=5648 tokens=740294656/1100000000 loss=3.5714 lr=9.74e-05 tok/s=41,227 eta=8724.917200488648
step=5649 tokens=740425728/1100000000 loss=3.6251 lr=9.74e-05 tok/s=41,189 eta=8729.828593495757
step=5650 tokens=740556800/1100000000 loss=3.6179 lr=9.73e-05 tok/s=41,148 eta=8735.303119654176
step=5651 tokens=740687872/1100000000 loss=3.6013 lr=9.73e-05 tok/s=41,114 eta=8739.461013141043
step=5652 tokens=740818944/1100000000 loss=3.5484 lr=9.72e-05 tok/s=41,073 eta=8744.871299482082
step=5653 tokens=740950016/1100000000 loss=3.6481 lr=9.72e-05 tok/s=41,228 eta=8708.962864009476
step=5654 tokens=741081088/1100000000 loss=3.7266 lr=9.71e-05 tok/s=41,273 eta=8696.168903416188
step=5655 tokens=741212160/1100000000 loss=3.6789 lr=9.71e-05 tok/s=41,257 eta=8696.471808636472
step=5656 tokens=741343232/1100000000 loss=3.6002 lr=9.7e-05 tok/s=41,311 eta=8681.86668790456
step=5657 tokens=741474304/1100000000 loss=3.6201 lr=9.7e-05 tok/s=41,389 eta=8662.379342583177
step=5658 tokens=741605376/1100000000 loss=3.5056 lr=9.7e-05 tok/s=41,204 eta=8698.069740276762
step=5659 tokens=741736448/1100000000 loss=3.6132 lr=9.69e-05 tok/s=41,327 eta=8668.944184156328
step=5660 tokens=741867520/1100000000 loss=3.7230 lr=9.69e-05 tok/s=41,311 eta=8669.078358832132
step=5661 tokens=741998592/1100000000 loss=3.5875 lr=9.68e-05 tok/s=41,285 eta=8671.549845476617
step=5662 tokens=742129664/1100000000 loss=3.6025 lr=9.68e-05 tok/s=41,248 eta=8676.028420533885
step=5663 tokens=742260736/1100000000 loss=3.6441 lr=9.67e-05 tok/s=41,277 eta=8666.835802418525
step=5664 tokens=742391808/1100000000 loss=3.7860 lr=9.67e-05 tok/s=41,207 eta=8678.278042157568
step=5665 tokens=742522880/1100000000 loss=3.7076 lr=9.66e-05 tok/s=41,257 eta=8664.583080289029
step=5666 tokens=742653952/1100000000 loss=3.6693 lr=9.66e-05 tok/s=41,135 eta=8687.065490898683
step=5667 tokens=742785024/1100000000 loss=3.7141 lr=9.66e-05 tok/s=41,135 eta=8684.05891888883
step=5668 tokens=742916096/1100000000 loss=3.6182 lr=9.65e-05 tok/s=41,334 eta=8638.9790066649
step=5669 tokens=743047168/1100000000 loss=3.6309 lr=9.65e-05 tok/s=41,289 eta=8645.179996649274
step=5670 tokens=743178240/1100000000 loss=3.7267 lr=9.64e-05 tok/s=41,380 eta=8623.032377523487
step=5671 tokens=743309312/1100000000 loss=3.6164 lr=9.64e-05 tok/s=41,442 eta=8606.943356959548
step=5672 tokens=743440384/1100000000 loss=3.6277 lr=9.63e-05 tok/s=41,407 eta=8611.151708286705
step=5673 tokens=743571456/1100000000 loss=3.7421 lr=9.63e-05 tok/s=41,243 eta=8642.172510889606
step=5674 tokens=743702528/1100000000 loss=3.7008 lr=9.62e-05 tok/s=41,278 eta=8631.755453007565
step=5675 tokens=743833600/1100000000 loss=3.7496 lr=9.62e-05 tok/s=41,535 eta=8575.06565937912
step=5676 tokens=743964672/1100000000 loss=3.7233 lr=9.62e-05 tok/s=41,278 eta=8625.407017445259
step=5677 tokens=744095744/1100000000 loss=3.6696 lr=9.61e-05 tok/s=41,177 eta=8643.322614157323
step=5678 tokens=744226816/1100000000 loss=3.6523 lr=9.61e-05 tok/s=40,908 eta=8696.99654488903
step=5679 tokens=744357888/1100000000 loss=3.6712 lr=9.6e-05 tok/s=41,229 eta=8626.113522333035
step=5680 tokens=744488960/1100000000 loss=3.6747 lr=9.6e-05 tok/s=41,297 eta=8608.553259070288
step=5681 tokens=744620032/1100000000 loss=3.6603 lr=9.59e-05 tok/s=41,234 eta=8618.611853248047
step=5682 tokens=744751104/1100000000 loss=3.6137 lr=9.59e-05 tok/s=41,199 eta=8622.788493196997
step=5683 tokens=744882176/1100000000 loss=3.5186 lr=9.58e-05 tok/s=41,316 eta=8595.248777347937
step=5684 tokens=745013248/1100000000 loss=3.6482 lr=9.58e-05 tok/s=41,437 eta=8566.985324572672
step=5685 tokens=745144320/1100000000 loss=3.6082 lr=9.58e-05 tok/s=41,287 eta=8594.876215371405
step=5686 tokens=745275392/1100000000 loss=3.6739 lr=9.57e-05 tok/s=41,462 eta=8555.355705008598
step=5687 tokens=745406464/1100000000 loss=3.6801 lr=9.57e-05 tok/s=41,613 eta=8521.29288797459
step=5688 tokens=745537536/1100000000 loss=3.6088 lr=9.56e-05 tok/s=40,946 eta=8656.921061459985
step=5689 tokens=745668608/1100000000 loss=3.7239 lr=9.56e-05 tok/s=41,542 eta=8529.50065757725
step=5690 tokens=745799680/1100000000 loss=3.6137 lr=9.55e-05 tok/s=41,660 eta=8502.182019499622
step=5691 tokens=745930752/1100000000 loss=3.6554 lr=9.55e-05 tok/s=41,377 eta=8557.131976349026
step=5692 tokens=746061824/1100000000 loss=3.6494 lr=9.54e-05 tok/s=41,429 eta=8543.159997181545
step=5693 tokens=746192896/1100000000 loss=3.6714 lr=9.54e-05 tok/s=41,347 eta=8557.07866910061
step=5694 tokens=746323968/1100000000 loss=3.7377 lr=9.54e-05 tok/s=41,262 eta=8571.408668082306
step=5695 tokens=746455040/1100000000 loss=3.7301 lr=9.53e-05 tok/s=41,274 eta=8565.750265537
step=5696 tokens=746586112/1100000000 loss=3.6488 lr=9.53e-05 tok/s=41,356 eta=8545.552258092608
step=5697 tokens=746717184/1100000000 loss=3.6785 lr=9.52e-05 tok/s=41,157 eta=8583.797723257527
step=5698 tokens=746848256/1100000000 loss=3.6752 lr=9.52e-05 tok/s=41,213 eta=8568.919181236952
step=5699 tokens=746979328/1100000000 loss=3.7009 lr=9.51e-05 tok/s=41,028 eta=8604.318434893725
step=5700 tokens=747110400/1100000000 loss=3.6989 lr=9.51e-05 tok/s=41,115 eta=8582.931148020341
step=5701 tokens=747241472/1100000000 loss=3.7105 lr=9.51e-05 tok/s=41,409 eta=8518.802036444009
step=5702 tokens=747372544/1100000000 loss=3.7394 lr=9.5e-05 tok/s=41,465 eta=8504.235813137326
step=5703 tokens=747503616/1100000000 loss=3.6545 lr=9.5e-05 tok/s=41,410 eta=8512.326928830582
step=5704 tokens=747634688/1100000000 loss=3.5563 lr=9.49e-05 tok/s=41,650 eta=8460.160982755677
step=5705 tokens=747765760/1100000000 loss=3.7177 lr=9.49e-05 tok/s=41,130 eta=8563.860510521397
step=5706 tokens=747896832/1100000000 loss=3.7138 lr=9.48e-05 tok/s=41,477 eta=8489.107655696835
step=5707 tokens=748027904/1100000000 loss=3.6651 lr=9.48e-05 tok/s=41,472 eta=8486.929323812374
step=5708 tokens=748158976/1100000000 loss=3.7015 lr=9.47e-05 tok/s=41,391 eta=8500.348444980757
step=5709 tokens=748290048/1100000000 loss=3.6122 lr=9.47e-05 tok/s=41,144 eta=8548.237434250686
step=5710 tokens=748421120/1100000000 loss=3.6407 lr=9.47e-05 tok/s=41,206 eta=8532.18477469116
step=5711 tokens=748552192/1100000000 loss=3.6173 lr=9.46e-05 tok/s=41,353 eta=8498.754716787442
step=5712 tokens=748683264/1100000000 loss=3.6895 lr=9.46e-05 tok/s=41,607 eta=8443.71138881053
step=5713 tokens=748814336/1100000000 loss=3.6640 lr=9.45e-05 tok/s=41,487 eta=8464.938781764336
step=5714 tokens=748945408/1100000000 loss=3.7774 lr=9.45e-05 tok/s=41,466 eta=8466.080970291043
step=5715 tokens=749076480/1100000000 loss=3.6835 lr=9.44e-05 tok/s=41,357 eta=8485.304095561132
step=5716 tokens=749207552/1100000000 loss=3.7622 lr=9.44e-05 tok/s=41,336 eta=8486.43958477015
step=5717 tokens=749338624/1100000000 loss=3.7453 lr=9.43e-05 tok/s=41,380 eta=8474.142817473585
step=5718 tokens=749469696/1100000000 loss=3.7483 lr=9.43e-05 tok/s=41,312 eta=8484.91720854253
step=5719 tokens=749600768/1100000000 loss=3.6711 lr=9.43e-05 tok/s=41,366 eta=8470.657451780951
step=5720 tokens=749731840/1100000000 loss=3.5544 lr=9.42e-05 tok/s=41,558 eta=8428.347546286102
step=5721 tokens=749862912/1100000000 loss=3.6889 lr=9.42e-05 tok/s=41,605 eta=8415.674913229224
step=5722 tokens=749993984/1100000000 loss=3.6640 lr=9.41e-05 tok/s=41,319 eta=8470.762004425755
step=5723 tokens=750125056/1100000000 loss=3.6753 lr=9.41e-05 tok/s=30,016 eta=11656.33553093201
checkpoint saved: runs/20260905-021323/checkpoints/tokens_000750m (permanent_tokens)
step=5724 tokens=750256128/1100000000 loss=3.6996 lr=9.4e-05 tok/s=34,808 eta=10047.82345721205
step=5725 tokens=750387200/1100000000 loss=3.6611 lr=9.4e-05 tok/s=41,349 eta=8455.09146508031
step=5726 tokens=750518272/1100000000 loss=3.6777 lr=9.4e-05 tok/s=41,297 eta=8462.707389281319
step=5727 tokens=750649344/1100000000 loss=3.6609 lr=9.39e-05 tok/s=41,390 eta=8440.378181120668
step=5728 tokens=750780416/1100000000 loss=3.6942 lr=9.39e-05 tok/s=41,359 eta=8443.637763679499
step=5729 tokens=750911488/1100000000 loss=3.7070 lr=9.38e-05 tok/s=41,333 eta=8445.675799471639
step=5730 tokens=751042560/1100000000 loss=3.6421 lr=9.38e-05 tok/s=41,507 eta=8407.117899105424
step=5731 tokens=751173632/1100000000 loss=3.5771 lr=9.37e-05 tok/s=41,288 eta=8448.61264478892
step=5732 tokens=751304704/1100000000 loss=3.5420 lr=9.37e-05 tok/s=41,223 eta=8458.726982946346
step=5733 tokens=751435776/1100000000 loss=3.6670 lr=9.36e-05 tok/s=41,453 eta=8408.681222196108
step=5734 tokens=751566848/1100000000 loss=3.5864 lr=9.36e-05 tok/s=41,327 eta=8431.094808342863
step=5735 tokens=751697920/1100000000 loss=3.5563 lr=9.36e-05 tok/s=41,177 eta=8458.599575322523
step=5736 tokens=751828992/1100000000 loss=3.6917 lr=9.35e-05 tok/s=41,384 eta=8413.262121498266
step=5737 tokens=751960064/1100000000 loss=3.7885 lr=9.35e-05 tok/s=40,959 eta=8497.201848617073
step=5738 tokens=752091136/1100000000 loss=3.6220 lr=9.34e-05 tok/s=41,016 eta=8482.30431052137
step=5739 tokens=752222208/1100000000 loss=3.6508 lr=9.34e-05 tok/s=41,184 eta=8444.47108236171
step=5740 tokens=752353280/1100000000 loss=3.5535 lr=9.33e-05 tok/s=41,165 eta=8445.290995479745
step=5741 tokens=752484352/1100000000 loss=3.5732 lr=9.33e-05 tok/s=40,988 eta=8478.53599059131
step=5742 tokens=752615424/1100000000 loss=3.6836 lr=9.33e-05 tok/s=41,415 eta=8387.862981193655
step=5743 tokens=752746496/1100000000 loss=3.7367 lr=9.32e-05 tok/s=41,320 eta=8403.929597903496
step=5744 tokens=752877568/1100000000 loss=3.6834 lr=9.32e-05 tok/s=41,036 eta=8458.88001042428
step=5745 tokens=753008640/1100000000 loss=3.7514 lr=9.31e-05 tok/s=41,128 eta=8436.825197429751
step=5746 tokens=753139712/1100000000 loss=3.6988 lr=9.31e-05 tok/s=41,420 eta=8374.157277716953
step=5747 tokens=753270784/1100000000 loss=3.7275 lr=9.3e-05 tok/s=41,404 eta=8374.319871941287
step=5748 tokens=753401856/1100000000 loss=3.7197 lr=9.3e-05 tok/s=41,180 eta=8416.570428298808
step=5749 tokens=753532928/1100000000 loss=3.7144 lr=9.3e-05 tok/s=41,376 eta=8373.541839037385
step=5750 tokens=753664000/1100000000 loss=3.6772 lr=9.29e-05 tok/s=41,096 eta=8427.398461879096
step=5751 tokens=753795072/1100000000 loss=3.5946 lr=9.29e-05 tok/s=41,378 eta=8366.98046128167
step=5752 tokens=753926144/1100000000 loss=3.6188 lr=9.28e-05 tok/s=41,133 eta=8413.522852412996
step=5753 tokens=754057216/1100000000 loss=3.6979 lr=9.28e-05 tok/s=41,352 eta=8365.786569146892
step=5754 tokens=754188288/1100000000 loss=3.7415 lr=9.27e-05 tok/s=41,229 eta=8387.685059810821
step=5755 tokens=754319360/1100000000 loss=3.6941 lr=9.27e-05 tok/s=41,400 eta=8349.783454478562
step=5756 tokens=754450432/1100000000 loss=3.6629 lr=9.26e-05 tok/s=41,172 eta=8392.785154804655
step=5757 tokens=754581504/1100000000 loss=3.6894 lr=9.26e-05 tok/s=41,464 eta=8330.582993695563
step=5758 tokens=754712576/1100000000 loss=3.6885 lr=9.26e-05 tok/s=41,163 eta=8388.380292156655
step=5759 tokens=754843648/1100000000 loss=3.6906 lr=9.25e-05 tok/s=41,454 eta=8326.206092055869
step=5760 tokens=754974720/1100000000 loss=3.7090 lr=9.25e-05 tok/s=41,214 eta=8371.508609331015
step=5761 tokens=755105792/1100000000 loss=3.6790 lr=9.24e-05 tok/s=41,238 eta=8363.467811562343
step=5762 tokens=755236864/1100000000 loss=3.6757 lr=9.24e-05 tok/s=41,242 eta=8359.602533531324
step=5763 tokens=755367936/1100000000 loss=3.6681 lr=9.23e-05 tok/s=41,314 eta=8341.777649770389
step=5764 tokens=755499008/1100000000 loss=3.7281 lr=9.23e-05 tok/s=41,541 eta=8293.133607246102
step=5765 tokens=755630080/1100000000 loss=3.6557 lr=9.23e-05 tok/s=41,315 eta=8335.266191311504
step=5766 tokens=755761152/1100000000 loss=3.6192 lr=9.22e-05 tok/s=41,544 eta=8286.223867144934
step=5767 tokens=755892224/1100000000 loss=3.7825 lr=9.22e-05 tok/s=41,380 eta=8315.767897248636
step=5768 tokens=756023296/1100000000 loss=3.7342 lr=9.21e-05 tok/s=41,564 eta=8275.737502907452
step=5769 tokens=756154368/1100000000 loss=3.6562 lr=9.21e-05 tok/s=41,447 eta=8295.981937081828
step=5770 tokens=756285440/1100000000 loss=3.7151 lr=9.2e-05 tok/s=41,436 eta=8295.014092853575
step=5771 tokens=756416512/1100000000 loss=3.6230 lr=9.2e-05 tok/s=41,309 eta=8317.456067823174
step=5772 tokens=756547584/1100000000 loss=3.6936 lr=9.2e-05 tok/s=41,607 eta=8254.648999556217
step=5773 tokens=756678656/1100000000 loss=3.7310 lr=9.19e-05 tok/s=41,201 eta=8332.901553202597
step=5774 tokens=756809728/1100000000 loss=3.5846 lr=9.19e-05 tok/s=41,186 eta=8332.728037936964
step=5775 tokens=756940800/1100000000 loss=3.6659 lr=9.18e-05 tok/s=41,275 eta=8311.489473383815
step=5776 tokens=757071872/1100000000 loss=3.6946 lr=9.18e-05 tok/s=41,486 eta=8266.097124155283
step=5777 tokens=757202944/1100000000 loss=3.7001 lr=9.17e-05 tok/s=41,197 eta=8320.981746935327
step=5778 tokens=757334016/1100000000 loss=3.5578 lr=9.17e-05 tok/s=41,081 eta=8341.214396228092
step=5779 tokens=757465088/1100000000 loss=3.6771 lr=9.16e-05 tok/s=40,977 eta=8359.244937531605
step=5780 tokens=757596160/1100000000 loss=3.7286 lr=9.16e-05 tok/s=41,175 eta=8315.875170620957
step=5781 tokens=757727232/1100000000 loss=3.6956 lr=9.16e-05 tok/s=41,323 eta=8282.851160321985
step=5782 tokens=757858304/1100000000 loss=3.6817 lr=9.15e-05 tok/s=41,116 eta=8321.438774495227
step=5783 tokens=757989376/1100000000 loss=3.6751 lr=9.15e-05 tok/s=41,130 eta=8315.349515847081
step=5784 tokens=758120448/1100000000 loss=3.5684 lr=9.14e-05 tok/s=41,342 eta=8269.504566857646
step=5785 tokens=758251520/1100000000 loss=3.6262 lr=9.14e-05 tok/s=41,253 eta=8284.286223890243
step=5786 tokens=758382592/1100000000 loss=3.6448 lr=9.13e-05 tok/s=41,013 eta=8329.390060517306
step=5787 tokens=758513664/1100000000 loss=3.7367 lr=9.13e-05 tok/s=41,157 eta=8297.15615625078
step=5788 tokens=758644736/1100000000 loss=3.7315 lr=9.13e-05 tok/s=41,235 eta=8278.215648472982
step=5789 tokens=758775808/1100000000 loss=3.8527 lr=9.12e-05 tok/s=41,081 eta=8306.079867422197
step=5790 tokens=758906880/1100000000 loss=3.7442 lr=9.12e-05 tok/s=41,372 eta=8244.522037253608
step=5791 tokens=759037952/1100000000 loss=3.7386 lr=9.11e-05 tok/s=41,450 eta=8225.790671058703
step=5792 tokens=759169024/1100000000 loss=3.7240 lr=9.11e-05 tok/s=41,051 eta=8302.59915758772
step=5793 tokens=759300096/1100000000 loss=3.7154 lr=9.1e-05 tok/s=41,270 eta=8255.292360274387
step=5794 tokens=759431168/1100000000 loss=3.6737 lr=9.1e-05 tok/s=41,324 eta=8241.485205274168
step=5795 tokens=759562240/1100000000 loss=3.6930 lr=9.1e-05 tok/s=41,140 eta=8275.008074198118
step=5796 tokens=759693312/1100000000 loss=3.6212 lr=9.09e-05 tok/s=41,155 eta=8268.911712413372
step=5797 tokens=759824384/1100000000 loss=3.6666 lr=9.09e-05 tok/s=41,175 eta=8261.676777173829
step=5798 tokens=759955456/1100000000 loss=3.6282 lr=9.08e-05 tok/s=41,106 eta=8272.361866723595
step=5799 tokens=760086528/1100000000 loss=3.6633 lr=9.08e-05 tok/s=29,762 eta=11420.905996195119
step=5800 tokens=760217600/1100000000 loss=3.6075 lr=9.07e-05 tok/s=41,240 eta=8239.126934671483
step=5801 tokens=760348672/1100000000 loss=3.6165 lr=9.07e-05 tok/s=41,456 eta=8193.03559743906
step=5802 tokens=760479744/1100000000 loss=3.5255 lr=9.07e-05 tok/s=41,363 eta=8208.295178727958
step=5803 tokens=760610816/1100000000 loss=3.6727 lr=9.06e-05 tok/s=41,201 eta=8237.458763805109
step=5804 tokens=760741888/1100000000 loss=3.5812 lr=9.06e-05 tok/s=41,215 eta=8231.425048363424
step=5805 tokens=760872960/1100000000 loss=3.5946 lr=9.05e-05 tok/s=41,250 eta=8221.186868292702
step=5806 tokens=761004032/1100000000 loss=3.6266 lr=9.05e-05 tok/s=41,204 eta=8227.179269739956
step=5807 tokens=761135104/1100000000 loss=3.6440 lr=9.04e-05 tok/s=41,069 eta=8251.084608065865
step=5808 tokens=761266176/1100000000 loss=3.7818 lr=9.04e-05 tok/s=40,948 eta=8272.392127293488
step=5809 tokens=761397248/1100000000 loss=3.7670 lr=9.04e-05 tok/s=41,121 eta=8234.341210769438
step=5810 tokens=761528320/1100000000 loss=3.7724 lr=9.03e-05 tok/s=41,209 eta=8213.457674172658
step=5811 tokens=761659392/1100000000 loss=3.5969 lr=9.03e-05 tok/s=41,195 eta=8213.16418283363
step=5812 tokens=761790464/1100000000 loss=3.6478 lr=9.02e-05 tok/s=41,242 eta=8200.64442936233
step=5813 tokens=761921536/1100000000 loss=3.6416 lr=9.02e-05 tok/s=41,325 eta=8181.008110517618
step=5814 tokens=762052608/1100000000 loss=3.6021 lr=9.01e-05 tok/s=41,335 eta=8175.8570409777385
step=5815 tokens=762183680/1100000000 loss=3.6278 lr=9.01e-05 tok/s=41,214 eta=8196.597855017508
step=5816 tokens=762314752/1100000000 loss=3.5936 lr=9.01e-05 tok/s=41,222 eta=8191.900271217711
step=5817 tokens=762445824/1100000000 loss=3.6288 lr=9e-05 tok/s=41,067 eta=8219.654497663583
step=5818 tokens=762576896/1100000000 loss=3.6492 lr=9e-05 tok/s=41,225 eta=8184.83548253595
step=5819 tokens=762707968/1100000000 loss=3.6996 lr=8.99e-05 tok/s=41,173 eta=8191.987455693963
step=5820 tokens=762839040/1100000000 loss=3.6470 lr=8.99e-05 tok/s=41,203 eta=8182.838966387568
step=5821 tokens=762970112/1100000000 loss=3.5813 lr=8.98e-05 tok/s=41,464 eta=8128.3402573244075
step=5822 tokens=763101184/1100000000 loss=3.6166 lr=8.98e-05 tok/s=41,391 eta=8139.42873785375
step=5823 tokens=763232256/1100000000 loss=3.5190 lr=8.98e-05 tok/s=41,435 eta=8127.57899485152
step=5824 tokens=763363328/1100000000 loss=3.6615 lr=8.97e-05 tok/s=41,608 eta=8090.592832748405
step=5825 tokens=763494400/1100000000 loss=3.6794 lr=8.97e-05 tok/s=41,527 eta=8103.37700476056
step=5826 tokens=763625472/1100000000 loss=3.4765 lr=8.96e-05 tok/s=41,495 eta=8106.329507931652
step=5827 tokens=763756544/1100000000 loss=3.6685 lr=8.96e-05 tok/s=41,182 eta=8164.733893865542
step=5828 tokens=763887616/1100000000 loss=3.6106 lr=8.95e-05 tok/s=41,383 eta=8121.954007828237
step=5829 tokens=764018688/1100000000 loss=3.4997 lr=8.95e-05 tok/s=41,019 eta=8190.901698696663
step=5830 tokens=764149760/1100000000 loss=3.6278 lr=8.95e-05 tok/s=41,465 eta=8099.674781288616
step=5831 tokens=764280832/1100000000 loss=3.5231 lr=8.94e-05 tok/s=41,506 eta=8088.533707357984
step=5832 tokens=764411904/1100000000 loss=3.5311 lr=8.94e-05 tok/s=41,609 eta=8065.360215145925
step=5833 tokens=764542976/1100000000 loss=3.6729 lr=8.93e-05 tok/s=41,374 eta=8107.862050925201
step=5834 tokens=764674048/1100000000 loss=3.6556 lr=8.93e-05 tok/s=41,583 eta=8063.983227223367
step=5835 tokens=764805120/1100000000 loss=3.6294 lr=8.92e-05 tok/s=41,654 eta=8047.117430371412
step=5836 tokens=764936192/1100000000 loss=3.6161 lr=8.92e-05 tok/s=41,439 eta=8085.6552938222685
step=5837 tokens=765067264/1100000000 loss=3.6501 lr=8.92e-05 tok/s=41,502 eta=8070.292616936402
step=5838 tokens=765198336/1100000000 loss=3.6550 lr=8.91e-05 tok/s=41,762 eta=8016.982105851742
step=5839 tokens=765329408/1100000000 loss=3.6938 lr=8.91e-05 tok/s=41,785 eta=8009.253116283787
step=5840 tokens=765460480/1100000000 loss=3.6486 lr=8.9e-05 tok/s=41,724 eta=8017.896623718621
step=5841 tokens=765591552/1100000000 loss=3.5486 lr=8.9e-05 tok/s=41,707 eta=8018.128278143189
step=5842 tokens=765722624/1100000000 loss=3.7246 lr=8.89e-05 tok/s=41,693 eta=8017.526662494742
step=5843 tokens=765853696/1100000000 loss=3.6575 lr=8.89e-05 tok/s=41,661 eta=8020.66230754977
step=5844 tokens=765984768/1100000000 loss=3.5610 lr=8.89e-05 tok/s=41,253 eta=8096.768550463201
step=5845 tokens=766115840/1100000000 loss=3.6256 lr=8.88e-05 tok/s=41,262 eta=8091.761192659363
step=5846 tokens=766246912/1100000000 loss=3.5799 lr=8.88e-05 tok/s=41,229 eta=8095.08478344349
step=5847 tokens=766377984/1100000000 loss=3.6887 lr=8.87e-05 tok/s=41,438 eta=8051.168777981231
step=5848 tokens=766509056/1100000000 loss=3.6449 lr=8.87e-05 tok/s=41,192 eta=8096.071595724926
step=5849 tokens=766640128/1100000000 loss=3.6459 lr=8.87e-05 tok/s=41,025 eta=8125.702500169113
step=5850 tokens=766771200/1100000000 loss=3.6879 lr=8.86e-05 tok/s=41,300 eta=8068.574024305221
step=5851 tokens=766902272/1100000000 loss=3.6316 lr=8.86e-05 tok/s=41,322 eta=8061.050165002541
step=5852 tokens=767033344/1100000000 loss=3.6107 lr=8.85e-05 tok/s=41,103 eta=8100.844260032714
step=5853 tokens=767164416/1100000000 loss=3.6951 lr=8.85e-05 tok/s=41,125 eta=8093.253818545135
step=5854 tokens=767295488/1100000000 loss=3.5988 lr=8.84e-05 tok/s=41,204 eta=8074.63408934545
step=5855 tokens=767426560/1100000000 loss=3.6790 lr=8.84e-05 tok/s=41,216 eta=8068.964883024518
step=5856 tokens=767557632/1100000000 loss=3.5564 lr=8.84e-05 tok/s=41,128 eta=8083.133907821929
step=5857 tokens=767688704/1100000000 loss=3.5892 lr=8.83e-05 tok/s=41,043 eta=8096.733157048684
step=5858 tokens=767819776/1100000000 loss=3.4944 lr=8.83e-05 tok/s=41,391 eta=8025.416530407667
step=5859 tokens=767950848/1100000000 loss=3.5521 lr=8.82e-05 tok/s=41,094 eta=8080.193122258221
step=5860 tokens=768081920/1100000000 loss=3.5942 lr=8.82e-05 tok/s=40,916 eta=8112.164443030547
step=5861 tokens=768212992/1100000000 loss=3.5607 lr=8.81e-05 tok/s=41,191 eta=8054.8934011428155
step=5862 tokens=768344064/1100000000 loss=3.6162 lr=8.81e-05 tok/s=41,289 eta=8032.6266013430195
step=5863 tokens=768475136/1100000000 loss=3.5714 lr=8.81e-05 tok/s=41,145 eta=8057.5148248810265
step=5864 tokens=768606208/1100000000 loss=3.5815 lr=8.8e-05 tok/s=41,128 eta=8057.619612085917
step=5865 tokens=768737280/1100000000 loss=3.3757 lr=8.8e-05 tok/s=41,109 eta=8058.252789363429
step=5866 tokens=768868352/1100000000 loss=3.2685 lr=8.79e-05 tok/s=41,096 eta=8057.549693562599
step=5867 tokens=768999424/1100000000 loss=3.2360 lr=8.79e-05 tok/s=41,282 eta=8017.940148021593
step=5868 tokens=769130496/1100000000 loss=3.1954 lr=8.78e-05 tok/s=41,002 eta=8069.677581572539
step=5869 tokens=769261568/1100000000 loss=3.1971 lr=8.78e-05 tok/s=41,079 eta=8051.3041458902035
step=5870 tokens=769392640/1100000000 loss=3.1457 lr=8.78e-05 tok/s=41,279 eta=8009.177368996187
step=5871 tokens=769523712/1100000000 loss=3.1659 lr=8.77e-05 tok/s=41,162 eta=8028.642572563191
step=5872 tokens=769654784/1100000000 loss=3.1249 lr=8.77e-05 tok/s=41,117 eta=8034.205201239104
step=5873 tokens=769785856/1100000000 loss=3.1350 lr=8.76e-05 tok/s=40,942 eta=8065.489100950396
step=5874 tokens=769916928/1100000000 loss=3.1607 lr=8.76e-05 tok/s=41,108 eta=8029.5737499897605
step=5875 tokens=770048000/1100000000 loss=3.1061 lr=8.76e-05 tok/s=29,752 eta=11089.985220412453
step=5876 tokens=770179072/1100000000 loss=3.1323 lr=8.75e-05 tok/s=41,180 eta=8009.206248435985
step=5877 tokens=770310144/1100000000 loss=3.1199 lr=8.75e-05 tok/s=41,470 eta=7950.12105735324
step=5878 tokens=770441216/1100000000 loss=3.0981 lr=8.74e-05 tok/s=41,227 eta=7993.852623407359
step=5879 tokens=770572288/1100000000 loss=3.0697 lr=8.74e-05 tok/s=41,110 eta=8013.318259420469
step=5880 tokens=770703360/1100000000 loss=3.0870 lr=8.73e-05 tok/s=41,354 eta=7962.841706755669
step=5881 tokens=770834432/1100000000 loss=3.1032 lr=8.73e-05 tok/s=41,060 eta=8016.681254039037
step=5882 tokens=770965504/1100000000 loss=3.0774 lr=8.73e-05 tok/s=40,982 eta=8028.712682900736
step=5883 tokens=771096576/1100000000 loss=3.0592 lr=8.72e-05 tok/s=41,279 eta=7967.8064439735945
step=5884 tokens=771227648/1100000000 loss=3.0256 lr=8.72e-05 tok/s=41,283 eta=7963.951380437617
step=5885 tokens=771358720/1100000000 loss=3.0971 lr=8.71e-05 tok/s=41,164 eta=7983.617196186992
step=5886 tokens=771489792/1100000000 loss=3.0440 lr=8.71e-05 tok/s=41,115 eta=7990.028865526013
step=5887 tokens=771620864/1100000000 loss=3.0913 lr=8.7e-05 tok/s=41,148 eta=7980.48016354024
step=5888 tokens=771751936/1100000000 loss=3.0830 lr=8.7e-05 tok/s=40,963 eta=8013.328998407982
step=5889 tokens=771883008/1100000000 loss=3.0728 lr=8.7e-05 tok/s=41,231 eta=7957.984646878444
step=5890 tokens=772014080/1100000000 loss=3.0558 lr=8.69e-05 tok/s=41,481 eta=7906.969276833245
step=5891 tokens=772145152/1100000000 loss=3.1111 lr=8.69e-05 tok/s=41,283 eta=7941.5654897690265
step=5892 tokens=772276224/1100000000 loss=3.0220 lr=8.68e-05 tok/s=41,307 eta=7933.865338240119
step=5893 tokens=772407296/1100000000 loss=3.0706 lr=8.68e-05 tok/s=41,445 eta=7904.2042619527
step=5894 tokens=772538368/1100000000 loss=3.0593 lr=8.68e-05 tok/s=41,391 eta=7911.493510468815
step=5895 tokens=772669440/1100000000 loss=3.0596 lr=8.67e-05 tok/s=41,419 eta=7902.977331039646
step=5896 tokens=772800512/1100000000 loss=3.0240 lr=8.67e-05 tok/s=41,354 eta=7912.241273398765
step=5897 tokens=772931584/1100000000 loss=3.6014 lr=8.66e-05 tok/s=41,149 eta=7948.445416840743
step=5898 tokens=773062656/1100000000 loss=3.7828 lr=8.66e-05 tok/s=41,632 eta=7852.97079872152
step=5899 tokens=773193728/1100000000 loss=3.8062 lr=8.65e-05 tok/s=41,263 eta=7920.10419188738
step=5900 tokens=773324800/1100000000 loss=3.8325 lr=8.65e-05 tok/s=41,380 eta=7894.546075046536
step=5901 tokens=773455872/1100000000 loss=3.6823 lr=8.65e-05 tok/s=41,445 eta=7879.002012488662
step=5902 tokens=773586944/1100000000 loss=3.8240 lr=8.64e-05 tok/s=41,366 eta=7890.815829427593
step=5903 tokens=773718016/1100000000 loss=3.7748 lr=8.64e-05 tok/s=41,493 eta=7863.578999505186
step=5904 tokens=773849088/1100000000 loss=3.6596 lr=8.63e-05 tok/s=41,231 eta=7910.359712120411
step=5905 tokens=773980160/1100000000 loss=3.7108 lr=8.63e-05 tok/s=41,430 eta=7869.1060728139155
step=5906 tokens=774111232/1100000000 loss=3.7351 lr=8.63e-05 tok/s=41,392 eta=7873.324327545087
step=5907 tokens=774242304/1100000000 loss=3.6973 lr=8.62e-05 tok/s=41,284 eta=7890.674293676942
step=5908 tokens=774373376/1100000000 loss=3.6188 lr=8.62e-05 tok/s=41,366 eta=7871.813932574445
step=5909 tokens=774504448/1100000000 loss=3.6752 lr=8.61e-05 tok/s=41,215 eta=7897.529711739202
step=5910 tokens=774635520/1100000000 loss=3.6328 lr=8.61e-05 tok/s=41,492 eta=7841.632147603583
step=5911 tokens=774766592/1100000000 loss=3.6863 lr=8.6e-05 tok/s=41,238 eta=7886.752708317419
step=5912 tokens=774897664/1100000000 loss=3.7587 lr=8.6e-05 tok/s=41,422 eta=7848.609617751873
step=5913 tokens=775028736/1100000000 loss=3.6117 lr=8.6e-05 tok/s=41,562 eta=7818.906927360685
step=5914 tokens=775159808/1100000000 loss=3.7484 lr=8.59e-05 tok/s=41,308 eta=7863.891993718334
step=5915 tokens=775290880/1100000000 loss=3.7053 lr=8.59e-05 tok/s=41,301 eta=7862.046471849463
step=5916 tokens=775421952/1100000000 loss=3.6845 lr=8.58e-05 tok/s=41,305 eta=7858.169744953141
step=5917 tokens=775553024/1100000000 loss=3.7198 lr=8.58e-05 tok/s=41,088 eta=7896.350839621995
step=5918 tokens=775684096/1100000000 loss=3.7555 lr=8.57e-05 tok/s=41,230 eta=7865.998007457983
step=5919 tokens=775815168/1100000000 loss=3.7057 lr=8.57e-05 tok/s=41,170 eta=7874.282129515111
step=5920 tokens=775946240/1100000000 loss=3.7172 lr=8.57e-05 tok/s=41,086 eta=7887.155708803405
step=5921 tokens=776077312/1100000000 loss=3.4971 lr=8.56e-05 tok/s=41,346 eta=7834.405690409333
step=5922 tokens=776208384/1100000000 loss=3.6730 lr=8.56e-05 tok/s=41,124 eta=7873.507182474779
step=5923 tokens=776339456/1100000000 loss=3.7244 lr=8.55e-05 tok/s=41,136 eta=7868.09123170318
step=5924 tokens=776470528/1100000000 loss=3.6571 lr=8.55e-05 tok/s=41,282 eta=7837.000666318458
step=5925 tokens=776601600/1100000000 loss=3.7038 lr=8.55e-05 tok/s=41,243 eta=7841.38684928961
step=5926 tokens=776732672/1100000000 loss=3.6803 lr=8.54e-05 tok/s=41,232 eta=7840.111705432829
step=5927 tokens=776863744/1100000000 loss=3.6667 lr=8.54e-05 tok/s=41,035 eta=7874.6359206073275
step=5928 tokens=776994816/1100000000 loss=3.6145 lr=8.53e-05 tok/s=41,407 eta=7800.657253462697
step=5929 tokens=777125888/1100000000 loss=3.5987 lr=8.53e-05 tok/s=40,998 eta=7875.401365408798
step=5930 tokens=777256960/1100000000 loss=3.6798 lr=8.53e-05 tok/s=41,260 eta=7822.085250732797
step=5931 tokens=777388032/1100000000 loss=3.6489 lr=8.52e-05 tok/s=41,303 eta=7810.872585288643
step=5932 tokens=777519104/1100000000 loss=3.6664 lr=8.52e-05 tok/s=41,364 eta=7796.227685113016
step=5933 tokens=777650176/1100000000 loss=3.6524 lr=8.51e-05 tok/s=41,024 eta=7857.660987467311
step=5934 tokens=777781248/1100000000 loss=3.7159 lr=8.51e-05 tok/s=41,168 eta=7826.920727101026
step=5935 tokens=777912320/1100000000 loss=3.7447 lr=8.5e-05 tok/s=41,294 eta=7799.853939001723
step=5936 tokens=778043392/1100000000 loss=3.5916 lr=8.5e-05 tok/s=41,309 eta=7793.789365200743
step=5937 tokens=778174464/1100000000 loss=3.7024 lr=8.5e-05 tok/s=41,318 eta=7788.904347389902
step=5938 tokens=778305536/1100000000 loss=3.7331 lr=8.49e-05 tok/s=41,347 eta=7780.320008181849
step=5939 tokens=778436608/1100000000 loss=3.6098 lr=8.49e-05 tok/s=41,293 eta=7787.412165655936
step=5940 tokens=778567680/1100000000 loss=3.6831 lr=8.48e-05 tok/s=41,236 eta=7795.035600612232
step=5941 tokens=778698752/1100000000 loss=3.6737 lr=8.48e-05 tok/s=41,125 eta=7812.8757756494515
step=5942 tokens=778829824/1100000000 loss=3.6088 lr=8.48e-05 tok/s=41,058 eta=7822.3851714445345
step=5943 tokens=778960896/1100000000 loss=3.6921 lr=8.47e-05 tok/s=41,277 eta=7777.662369404405
step=5944 tokens=779091968/1100000000 loss=3.7584 lr=8.47e-05 tok/s=41,067 eta=7814.202242360626
step=5945 tokens=779223040/1100000000 loss=3.7243 lr=8.46e-05 tok/s=41,289 eta=7768.979914132739
step=5946 tokens=779354112/1100000000 loss=3.6908 lr=8.46e-05 tok/s=41,180 eta=7786.459199557655
step=5947 tokens=779485184/1100000000 loss=3.6851 lr=8.45e-05 tok/s=41,233 eta=7773.168729651597
step=5948 tokens=779616256/1100000000 loss=3.6985 lr=8.45e-05 tok/s=41,156 eta=7784.539888459349
step=5949 tokens=779747328/1100000000 loss=3.6989 lr=8.45e-05 tok/s=41,196 eta=7773.841387605007
step=5950 tokens=779878400/1100000000 loss=3.5897 lr=8.44e-05 tok/s=41,292 eta=7752.626014083159
step=5951 tokens=780009472/1100000000 loss=3.6917 lr=8.44e-05 tok/s=29,815 eta=10732.574542723472
step=5952 tokens=780140544/1100000000 loss=3.8625 lr=8.43e-05 tok/s=41,154 eta=7772.221500488454
step=5953 tokens=780271616/1100000000 loss=3.6498 lr=8.43e-05 tok/s=41,173 eta=7765.417201342799
step=5954 tokens=780402688/1100000000 loss=3.7017 lr=8.43e-05 tok/s=41,047 eta=7786.19490963916
step=5955 tokens=780533760/1100000000 loss=3.6707 lr=8.42e-05 tok/s=41,053 eta=7781.858168650885
step=5956 tokens=780664832/1100000000 loss=3.7970 lr=8.42e-05 tok/s=41,160 eta=7758.348946200461
step=5957 tokens=780795904/1100000000 loss=3.7244 lr=8.41e-05 tok/s=41,148 eta=7757.473460388489
step=5958 tokens=780926976/1100000000 loss=3.6836 lr=8.41e-05 tok/s=41,064 eta=7770.214059126594
step=5959 tokens=781058048/1100000000 loss=3.5849 lr=8.41e-05 tok/s=41,044 eta=7770.699314388127
step=5960 tokens=781189120/1100000000 loss=3.6493 lr=8.4e-05 tok/s=41,196 eta=7738.878656130604
step=5961 tokens=781320192/1100000000 loss=3.7326 lr=8.4e-05 tok/s=41,062 eta=7760.990017192232
step=5962 tokens=781451264/1100000000 loss=3.6486 lr=8.39e-05 tok/s=41,073 eta=7755.620719634381
step=5963 tokens=781582336/1100000000 loss=3.6317 lr=8.39e-05 tok/s=41,068 eta=7753.463027181504
step=5964 tokens=781713408/1100000000 loss=3.7382 lr=8.38e-05 tok/s=41,166 eta=7731.69848438502
step=5965 tokens=781844480/1100000000 loss=3.7253 lr=8.38e-05 tok/s=41,198 eta=7722.510235519624
step=5966 tokens=781975552/1100000000 loss=3.8248 lr=8.38e-05 tok/s=41,101 eta=7737.623553288418
step=5967 tokens=782106624/1100000000 loss=3.6276 lr=8.37e-05 tok/s=41,283 eta=7700.348374555336
step=5968 tokens=782237696/1100000000 loss=3.8053 lr=8.37e-05 tok/s=41,055 eta=7739.902939373387
step=5969 tokens=782368768/1100000000 loss=3.6819 lr=8.36e-05 tok/s=40,979 eta=7751.12676142659
step=5970 tokens=782499840/1100000000 loss=3.6623 lr=8.36e-05 tok/s=41,030 eta=7738.207454896871
step=5971 tokens=782630912/1100000000 loss=3.5913 lr=8.36e-05 tok/s=41,149 eta=7712.62452487327
step=5972 tokens=782761984/1100000000 loss=3.7286 lr=8.35e-05 tok/s=41,172 eta=7705.172182433852
step=5973 tokens=782893056/1100000000 loss=3.8121 lr=8.35e-05 tok/s=41,329 eta=7672.662755404997
step=5974 tokens=783024128/1100000000 loss=4.0796 lr=8.34e-05 tok/s=41,328 eta=7669.754490065122
step=5975 tokens=783155200/1100000000 loss=3.6631 lr=8.34e-05 tok/s=41,128 eta=7703.860991346752
step=5976 tokens=783286272/1100000000 loss=3.6856 lr=8.34e-05 tok/s=41,161 eta=7694.5128210858375
step=5977 tokens=783417344/1100000000 loss=3.6042 lr=8.33e-05 tok/s=41,203 eta=7683.529654190395
step=5978 tokens=783548416/1100000000 loss=3.7157 lr=8.33e-05 tok/s=41,140 eta=7691.973318849614
step=5979 tokens=783679488/1100000000 loss=3.7387 lr=8.32e-05 tok/s=41,110 eta=7694.471309878607
step=5980 tokens=783810560/1100000000 loss=3.7382 lr=8.32e-05 tok/s=41,226 eta=7669.6106384416635
step=5981 tokens=783941632/1100000000 loss=3.7801 lr=8.31e-05 tok/s=41,185 eta=7674.198157758546
step=5982 tokens=784072704/1100000000 loss=3.7103 lr=8.31e-05 tok/s=40,860 eta=7731.874894022171
step=5983 tokens=784203776/1100000000 loss=3.6831 lr=8.31e-05 tok/s=41,126 eta=7678.680039625885
step=5984 tokens=784334848/1100000000 loss=3.7620 lr=8.3e-05 tok/s=41,178 eta=7665.8070385804585
step=5985 tokens=784465920/1100000000 loss=3.6536 lr=8.3e-05 tok/s=41,190 eta=7660.509446551114
step=5986 tokens=784596992/1100000000 loss=3.7645 lr=8.29e-05 tok/s=40,972 eta=7697.960871175685
step=5987 tokens=784728064/1100000000 loss=3.8262 lr=8.29e-05 tok/s=40,937 eta=7701.422731639206
step=5988 tokens=784859136/1100000000 loss=3.6831 lr=8.29e-05 tok/s=41,234 eta=7642.817165851166
step=5989 tokens=784990208/1100000000 loss=3.7384 lr=8.28e-05 tok/s=41,112 eta=7662.205515261125
step=5990 tokens=785121280/1100000000 loss=3.7065 lr=8.28e-05 tok/s=41,052 eta=7670.1611083789585
step=5991 tokens=785252352/1100000000 loss=3.6717 lr=8.27e-05 tok/s=41,086 eta=7660.619697327849
step=5992 tokens=785383424/1100000000 loss=3.6703 lr=8.27e-05 tok/s=41,316 eta=7614.841420670052
step=5993 tokens=785514496/1100000000 loss=3.6931 lr=8.27e-05 tok/s=40,755 eta=7716.477028184767
step=5994 tokens=785645568/1100000000 loss=3.7546 lr=8.26e-05 tok/s=41,094 eta=7649.6834245919235
step=5995 tokens=785776640/1100000000 loss=3.6833 lr=8.26e-05 tok/s=41,176 eta=7631.206762750867
step=5996 tokens=785907712/1100000000 loss=3.7102 lr=8.25e-05 tok/s=41,543 eta=7560.692941744044
step=5997 tokens=786038784/1100000000 loss=3.6346 lr=8.25e-05 tok/s=41,417 eta=7580.492230499596
step=5998 tokens=786169856/1100000000 loss=3.6858 lr=8.25e-05 tok/s=41,384 eta=7583.3149593854005
step=5999 tokens=786300928/1100000000 loss=3.6394 lr=8.24e-05 tok/s=41,451 eta=7567.980835439754
step=6000 tokens=786432000/1100000000 loss=3.6883 lr=8.24e-05 tok/s=41,506 eta=7554.7840943650535
step=6001 tokens=786563072/1100000000 loss=3.6494 lr=8.23e-05 tok/s=41,497 eta=7553.174806253372
step=6002 tokens=786694144/1100000000 loss=3.6741 lr=8.23e-05 tok/s=41,369 eta=7573.4175382339845
step=6003 tokens=786825216/1100000000 loss=3.7451 lr=8.22e-05 tok/s=41,339 eta=7575.777348455722
step=6004 tokens=786956288/1100000000 loss=3.6080 lr=8.22e-05 tok/s=41,425 eta=7556.861032922908
step=6005 tokens=787087360/1100000000 loss=3.6736 lr=8.22e-05 tok/s=41,206 eta=7593.81855062545
step=6006 tokens=787218432/1100000000 loss=3.7549 lr=8.21e-05 tok/s=41,351 eta=7564.110635026051
checkpoint saved: runs/20260905-021323/checkpoints/step_000006006 (time)
step=6007 tokens=787349504/1100000000 loss=3.5988 lr=8.21e-05 tok/s=34,327 eta=9108.055292524316
step=6008 tokens=787480576/1100000000 loss=3.6817 lr=8.2e-05 tok/s=41,367 eta=7554.8337928961855
step=6009 tokens=787611648/1100000000 loss=3.6619 lr=8.2e-05 tok/s=41,270 eta=7569.376222889062
step=6010 tokens=787742720/1100000000 loss=3.7352 lr=8.2e-05 tok/s=41,627 eta=7501.369068445819
step=6011 tokens=787873792/1100000000 loss=3.7207 lr=8.19e-05 tok/s=41,258 eta=7565.182989301874
step=6012 tokens=788004864/1100000000 loss=3.6895 lr=8.19e-05 tok/s=41,382 eta=7539.4067189881425
step=6013 tokens=788135936/1100000000 loss=3.6425 lr=8.18e-05 tok/s=41,142 eta=7580.278978350178
step=6014 tokens=788267008/1100000000 loss=3.6544 lr=8.18e-05 tok/s=41,271 eta=7553.300558774251
step=6015 tokens=788398080/1100000000 loss=3.7443 lr=8.18e-05 tok/s=41,649 eta=7481.625136588748
step=6016 tokens=788529152/1100000000 loss=3.8536 lr=8.17e-05 tok/s=41,591 eta=7488.909303049666
step=6017 tokens=788660224/1100000000 loss=3.8417 lr=8.17e-05 tok/s=41,436 eta=7513.661126920555
step=6018 tokens=788791296/1100000000 loss=3.7701 lr=8.16e-05 tok/s=41,416 eta=7514.269134217143
step=6019 tokens=788922368/1100000000 loss=3.6978 lr=8.16e-05 tok/s=41,491 eta=7497.4506128391695
step=6020 tokens=789053440/1100000000 loss=3.6727 lr=8.16e-05 tok/s=41,448 eta=7502.063678549303
step=6021 tokens=789184512/1100000000 loss=3.6508 lr=8.15e-05 tok/s=41,460 eta=7496.6902621366535
step=6022 tokens=789315584/1100000000 loss=3.6716 lr=8.15e-05 tok/s=41,358 eta=7511.991248974882
step=6023 tokens=789446656/1100000000 loss=3.6787 lr=8.14e-05 tok/s=41,450 eta=7492.182589992898
step=6024 tokens=789577728/1100000000 loss=3.7046 lr=8.14e-05 tok/s=41,135 eta=7546.414639184108
step=6025 tokens=789708800/1100000000 loss=3.6505 lr=8.14e-05 tok/s=41,297 eta=7513.578718550587
step=6026 tokens=789839872/1100000000 loss=3.5826 lr=8.13e-05 tok/s=41,168 eta=7533.9859929307395
step=6027 tokens=789970944/1100000000 loss=3.5376 lr=8.13e-05 tok/s=41,226 eta=7520.218926426001
step=6028 tokens=790102016/1100000000 loss=3.6181 lr=8.12e-05 tok/s=29,882 eta=10370.61570886464
step=6029 tokens=790233088/1100000000 loss=3.6139 lr=8.12e-05 tok/s=41,247 eta=7510.134116156545
step=6030 tokens=790364160/1100000000 loss=3.5441 lr=8.12e-05 tok/s=41,244 eta=7507.3476705317735
step=6031 tokens=790495232/1100000000 loss=3.5468 lr=8.11e-05 tok/s=41,126 eta=7525.715508602655
step=6032 tokens=790626304/1100000000 loss=3.5234 lr=8.11e-05 tok/s=41,169 eta=7514.7113424302925
step=6033 tokens=790757376/1100000000 loss=3.5819 lr=8.1e-05 tok/s=41,313 eta=7485.37181381477
step=6034 tokens=790888448/1100000000 loss=3.6131 lr=8.1e-05 tok/s=41,199 eta=7502.929387570019
step=6035 tokens=791019520/1100000000 loss=3.5832 lr=8.1e-05 tok/s=41,316 eta=7478.527704086614
step=6036 tokens=791150592/1100000000 loss=3.5628 lr=8.09e-05 tok/s=41,281 eta=7481.633289781566
step=6037 tokens=791281664/1100000000 loss=3.4441 lr=8.09e-05 tok/s=41,643 eta=7413.388320620883
step=6038 tokens=791412736/1100000000 loss=3.5928 lr=8.08e-05 tok/s=41,124 eta=7503.781086810692
step=6039 tokens=791543808/1100000000 loss=3.5549 lr=8.08e-05 tok/s=40,914 eta=7539.084451175064
step=6040 tokens=791674880/1100000000 loss=3.5466 lr=8.08e-05 tok/s=41,205 eta=7482.723937338564
step=6041 tokens=791805952/1100000000 loss=3.6828 lr=8.07e-05 tok/s=41,177 eta=7484.6870991014375
step=6042 tokens=791937024/1100000000 loss=3.7352 lr=8.07e-05 tok/s=41,358 eta=7448.716263700137
step=6043 tokens=792068096/1100000000 loss=3.6419 lr=8.06e-05 tok/s=41,226 eta=7469.415874474949
step=6044 tokens=792199168/1100000000 loss=3.6987 lr=8.06e-05 tok/s=41,265 eta=7459.134462612023
step=6045 tokens=792330240/1100000000 loss=3.6874 lr=8.06e-05 tok/s=41,210 eta=7465.972476242801
step=6046 tokens=792461312/1100000000 loss=3.6299 lr=8.05e-05 tok/s=41,199 eta=7464.633317567005
step=6047 tokens=792592384/1100000000 loss=3.6194 lr=8.05e-05 tok/s=41,136 eta=7473.025157712968
step=6048 tokens=792723456/1100000000 loss=3.6614 lr=8.04e-05 tok/s=41,222 eta=7454.136675344524
step=6049 tokens=792854528/1100000000 loss=3.8269 lr=8.04e-05 tok/s=41,295 eta=7437.888255309817
step=6050 tokens=792985600/1100000000 loss=3.6523 lr=8.04e-05 tok/s=41,145 eta=7461.816908453955
step=6051 tokens=793116672/1100000000 loss=3.6945 lr=8.03e-05 tok/s=41,130 eta=7461.229254555949
step=6052 tokens=793247744/1100000000 loss=3.6301 lr=8.03e-05 tok/s=41,110 eta=7461.778288602359
step=6053 tokens=793378816/1100000000 loss=3.6470 lr=8.02e-05 tok/s=41,135 eta=7454.028388600705
step=6054 tokens=793509888/1100000000 loss=3.6955 lr=8.02e-05 tok/s=41,127 eta=7452.226709415898
step=6055 tokens=793640960/1100000000 loss=3.5593 lr=8.02e-05 tok/s=41,246 eta=7427.598227529924
step=6056 tokens=793772032/1100000000 loss=3.7008 lr=8.01e-05 tok/s=41,173 eta=7437.676175944345
step=6057 tokens=793903104/1100000000 loss=3.7045 lr=8.01e-05 tok/s=41,051 eta=7456.577947883834
step=6058 tokens=794034176/1100000000 loss=3.7104 lr=8e-05 tok/s=41,414 eta=7387.916936660186
step=6059 tokens=794165248/1100000000 loss=3.6718 lr=8e-05 tok/s=41,173 eta=7427.996366528395
step=6060 tokens=794296320/1100000000 loss=3.6466 lr=8e-05 tok/s=41,397 eta=7384.647499684478
step=6061 tokens=794427392/1100000000 loss=3.6535 lr=7.99e-05 tok/s=41,490 eta=7365.018819886635
step=6062 tokens=794558464/1100000000 loss=3.7296 lr=7.99e-05 tok/s=41,283 eta=7398.644019201418
step=6063 tokens=794689536/1100000000 loss=3.7783 lr=7.98e-05 tok/s=41,111 eta=7426.425666714851
step=6064 tokens=794820608/1100000000 loss=3.5909 lr=7.98e-05 tok/s=41,210 eta=7405.3975856202815
step=6065 tokens=794951680/1100000000 loss=3.7211 lr=7.98e-05 tok/s=41,284 eta=7389.011536008045
step=6066 tokens=795082752/1100000000 loss=3.6651 lr=7.97e-05 tok/s=41,374 eta=7369.695631941101
step=6067 tokens=795213824/1100000000 loss=3.6811 lr=7.97e-05 tok/s=41,337 eta=7373.27246804035
step=6068 tokens=795344896/1100000000 loss=3.8013 lr=7.96e-05 tok/s=41,346 eta=7368.408167268845
step=6069 tokens=795475968/1100000000 loss=3.7482 lr=7.96e-05 tok/s=41,411 eta=7353.729841622205
step=6070 tokens=795607040/1100000000 loss=3.7186 lr=7.96e-05 tok/s=41,488 eta=7336.8339466787575
step=6071 tokens=795738112/1100000000 loss=3.5289 lr=7.95e-05 tok/s=41,360 eta=7356.381166152498
step=6072 tokens=795869184/1100000000 loss=3.6642 lr=7.95e-05 tok/s=41,491 eta=7330.079451022404
step=6073 tokens=796000256/1100000000 loss=3.6828 lr=7.94e-05 tok/s=41,309 eta=7359.19855522117
step=6074 tokens=796131328/1100000000 loss=3.6892 lr=7.94e-05 tok/s=41,295 eta=7358.439898279492
step=6075 tokens=796262400/1100000000 loss=3.7615 lr=7.94e-05 tok/s=41,430 eta=7331.385078891846
step=6076 tokens=796393472/1100000000 loss=3.6077 lr=7.93e-05 tok/s=41,511 eta=7313.829913359073
step=6077 tokens=796524544/1100000000 loss=3.6112 lr=7.93e-05 tok/s=41,287 eta=7350.463164365341
step=6078 tokens=796655616/1100000000 loss=3.6698 lr=7.92e-05 tok/s=41,284 eta=7347.7086598352735
step=6079 tokens=796786688/1100000000 loss=3.6988 lr=7.92e-05 tok/s=41,254 eta=7349.978825534024
step=6080 tokens=796917760/1100000000 loss=3.6717 lr=7.92e-05 tok/s=41,373 eta=7325.568861255155
step=6081 tokens=797048832/1100000000 loss=3.6628 lr=7.91e-05 tok/s=41,770 eta=7252.779957469803
step=6082 tokens=797179904/1100000000 loss=3.6347 lr=7.91e-05 tok/s=41,184 eta=7352.839338670929
step=6083 tokens=797310976/1100000000 loss=3.7025 lr=7.9e-05 tok/s=41,415 eta=7308.670375555496
step=6084 tokens=797442048/1100000000 loss=3.6260 lr=7.9e-05 tok/s=41,512 eta=7288.414299279319
step=6085 tokens=797573120/1100000000 loss=3.6463 lr=7.9e-05 tok/s=41,579 eta=7273.553028095536
step=6086 tokens=797704192/1100000000 loss=3.6406 lr=7.89e-05 tok/s=41,197 eta=7337.855740825217
step=6087 tokens=797835264/1100000000 loss=3.6178 lr=7.89e-05 tok/s=41,474 eta=7285.709885719415
step=6088 tokens=797966336/1100000000 loss=3.6528 lr=7.88e-05 tok/s=41,226 eta=7326.316029998838
step=6089 tokens=798097408/1100000000 loss=3.4102 lr=7.88e-05 tok/s=41,034 eta=7357.302574291865
step=6090 tokens=798228480/1100000000 loss=3.1996 lr=7.88e-05 tok/s=41,224 eta=7320.3628608342
step=6091 tokens=798359552/1100000000 loss=3.2108 lr=7.87e-05 tok/s=41,639 eta=7244.219075871611
step=6092 tokens=798490624/1100000000 loss=3.1773 lr=7.87e-05 tok/s=41,544 eta=7257.546932420746
step=6093 tokens=798621696/1100000000 loss=3.1537 lr=7.86e-05 tok/s=41,245 eta=7306.965949399499
step=6094 tokens=798752768/1100000000 loss=3.1706 lr=7.86e-05 tok/s=41,434 eta=7270.506751910112
step=6095 tokens=798883840/1100000000 loss=3.1322 lr=7.86e-05 tok/s=41,293 eta=7292.222238744025
step=6096 tokens=799014912/1100000000 loss=3.1250 lr=7.85e-05 tok/s=41,320 eta=7284.203679498252
step=6097 tokens=799145984/1100000000 loss=3.0987 lr=7.85e-05 tok/s=41,593 eta=7233.199448568902
step=6098 tokens=799277056/1100000000 loss=3.0980 lr=7.84e-05 tok/s=41,333 eta=7275.581531669381
step=6099 tokens=799408128/1100000000 loss=3.1374 lr=7.84e-05 tok/s=41,297 eta=7278.837427604265
step=6100 tokens=799539200/1100000000 loss=3.1390 lr=7.84e-05 tok/s=41,476 eta=7244.173280230191
step=6101 tokens=799670272/1100000000 loss=3.0552 lr=7.83e-05 tok/s=41,377 eta=7258.394272610606
step=6102 tokens=799801344/1100000000 loss=3.0622 lr=7.83e-05 tok/s=41,221 eta=7282.59919040155
step=6103 tokens=799932416/1100000000 loss=3.0466 lr=7.82e-05 tok/s=41,526 eta=7226.08794740622
step=6104 tokens=800063488/1100000000 loss=3.0519 lr=7.82e-05 tok/s=29,895 eta=10032.95789180601
checkpoint saved: runs/20260905-021323/checkpoints/tokens_000800m (permanent_tokens)
step=6105 tokens=800194560/1100000000 loss=3.0409 lr=7.82e-05 tok/s=34,671 eta=8647.09266336598
step=6106 tokens=800325632/1100000000 loss=3.1074 lr=7.81e-05 tok/s=41,682 eta=7189.483651863756
step=6107 tokens=800456704/1100000000 loss=3.0696 lr=7.81e-05 tok/s=41,645 eta=7192.792995888406
step=6108 tokens=800587776/1100000000 loss=3.0450 lr=7.8e-05 tok/s=41,290 eta=7251.462494371469
step=6109 tokens=800718848/1100000000 loss=3.0466 lr=7.8e-05 tok/s=41,494 eta=7212.680663226259
step=6110 tokens=800849920/1100000000 loss=3.1147 lr=7.8e-05 tok/s=41,581 eta=7194.3086822115965
step=6111 tokens=800980992/1100000000 loss=3.0717 lr=7.79e-05 tok/s=41,411 eta=7220.710432572596
step=6112 tokens=801112064/1100000000 loss=3.0337 lr=7.79e-05 tok/s=41,555 eta=7192.638802900032
step=6113 tokens=801243136/1100000000 loss=3.0269 lr=7.79e-05 tok/s=41,411 eta=7214.358350562075
step=6114 tokens=801374208/1100000000 loss=3.0473 lr=7.78e-05 tok/s=41,444 eta=7205.448189064537
step=6115 tokens=801505280/1100000000 loss=3.0370 lr=7.78e-05 tok/s=41,513 eta=7190.388101938023
step=6116 tokens=801636352/1100000000 loss=3.0462 lr=7.77e-05 tok/s=41,465 eta=7195.613863594262
step=6117 tokens=801767424/1100000000 loss=3.0475 lr=7.77e-05 tok/s=41,798 eta=7135.006968168815
step=6118 tokens=801898496/1100000000 loss=3.0406 lr=7.77e-05 tok/s=41,843 eta=7124.30204179047
step=6119 tokens=802029568/1100000000 loss=2.9858 lr=7.76e-05 tok/s=41,766 eta=7134.359867714363
step=6120 tokens=802160640/1100000000 loss=3.0480 lr=7.76e-05 tok/s=41,631 eta=7154.235144991878
step=6121 tokens=802291712/1100000000 loss=3.5268 lr=7.75e-05 tok/s=41,493 eta=7174.91609874199
step=6122 tokens=802422784/1100000000 loss=3.8120 lr=7.75e-05 tok/s=41,432 eta=7182.304060600064
step=6123 tokens=802553856/1100000000 loss=3.8370 lr=7.75e-05 tok/s=41,450 eta=7176.107276016128
step=6124 tokens=802684928/1100000000 loss=3.7257 lr=7.74e-05 tok/s=41,576 eta=7151.116832836504
step=6125 tokens=802816000/1100000000 loss=3.7788 lr=7.74e-05 tok/s=41,398 eta=7178.709139687012
step=6126 tokens=802947072/1100000000 loss=3.7907 lr=7.73e-05 tok/s=41,502 eta=7157.573533558834
step=6127 tokens=803078144/1100000000 loss=3.7063 lr=7.73e-05 tok/s=41,428 eta=7167.178269813063
step=6128 tokens=803209216/1100000000 loss=3.7183 lr=7.73e-05 tok/s=41,440 eta=7162.019837599437
step=6129 tokens=803340288/1100000000 loss=3.7557 lr=7.72e-05 tok/s=41,345 eta=7175.1574467424225
step=6130 tokens=803471360/1100000000 loss=3.6837 lr=7.72e-05 tok/s=41,369 eta=7167.962974277126
step=6131 tokens=803602432/1100000000 loss=3.7446 lr=7.71e-05 tok/s=41,471 eta=7147.035773760359
step=6132 tokens=803733504/1100000000 loss=3.6364 lr=7.71e-05 tok/s=41,296 eta=7174.183491948878
step=6133 tokens=803864576/1100000000 loss=3.7202 lr=7.71e-05 tok/s=41,581 eta=7121.861650371976
step=6134 tokens=803995648/1100000000 loss=3.7316 lr=7.7e-05 tok/s=41,397 eta=7150.319744404217
step=6135 tokens=804126720/1100000000 loss=3.7285 lr=7.7e-05 tok/s=41,590 eta=7114.131080954094
step=6136 tokens=804257792/1100000000 loss=3.6056 lr=7.69e-05 tok/s=41,434 eta=7137.595718407709
step=6137 tokens=804388864/1100000000 loss=3.7056 lr=7.69e-05 tok/s=41,474 eta=7127.586012821881
step=6138 tokens=804519936/1100000000 loss=3.8082 lr=7.69e-05 tok/s=41,445 eta=7129.482561287441
step=6139 tokens=804651008/1100000000 loss=3.6391 lr=7.68e-05 tok/s=41,729 eta=7077.848499768761
step=6140 tokens=804782080/1100000000 loss=3.6831 lr=7.68e-05 tok/s=41,333 eta=7142.374667173935
step=6141 tokens=804913152/1100000000 loss=3.7249 lr=7.68e-05 tok/s=41,590 eta=7095.195303886694
step=6142 tokens=805044224/1100000000 loss=3.6736 lr=7.67e-05 tok/s=41,464 eta=7113.5339624603375
step=6143 tokens=805175296/1100000000 loss=3.6918 lr=7.67e-05 tok/s=41,361 eta=7128.148231885004
step=6144 tokens=805306368/1100000000 loss=3.6483 lr=7.66e-05 tok/s=41,585 eta=7086.580442204859
step=6145 tokens=805437440/1100000000 loss=3.7044 lr=7.66e-05 tok/s=41,633 eta=7075.2522889906995
step=6146 tokens=805568512/1100000000 loss=3.7672 lr=7.66e-05 tok/s=41,550 eta=7086.279236587265
step=6147 tokens=805699584/1100000000 loss=3.6677 lr=7.65e-05 tok/s=41,590 eta=7076.236417091844
step=6148 tokens=805830656/1100000000 loss=3.6780 lr=7.65e-05 tok/s=41,870 eta=7025.851134984291
step=6149 tokens=805961728/1100000000 loss=3.6978 lr=7.64e-05 tok/s=41,667 eta=7056.888864390059
step=6150 tokens=806092800/1100000000 loss=3.6495 lr=7.64e-05 tok/s=41,746 eta=7040.3286242490085
step=6151 tokens=806223872/1100000000 loss=3.7222 lr=7.64e-05 tok/s=41,651 eta=7053.263739197033
step=6152 tokens=806354944/1100000000 loss=3.6313 lr=7.63e-05 tok/s=41,678 eta=7045.618197106666
step=6153 tokens=806486016/1100000000 loss=3.6531 lr=7.63e-05 tok/s=41,249 eta=7115.584765158187
step=6154 tokens=806617088/1100000000 loss=3.6307 lr=7.62e-05 tok/s=41,518 eta=7066.3704380201525
step=6155 tokens=806748160/1100000000 loss=3.5991 lr=7.62e-05 tok/s=41,610 eta=7047.692237697646
step=6156 tokens=806879232/1100000000 loss=3.6106 lr=7.62e-05 tok/s=41,680 eta=7032.573062866309
step=6157 tokens=807010304/1100000000 loss=3.6527 lr=7.61e-05 tok/s=41,566 eta=7048.739505428567
step=6158 tokens=807141376/1100000000 loss=3.6313 lr=7.61e-05 tok/s=41,571 eta=7044.734800867303
step=6159 tokens=807272448/1100000000 loss=3.5906 lr=7.61e-05 tok/s=41,540 eta=7046.953132359452
step=6160 tokens=807403520/1100000000 loss=3.6110 lr=7.6e-05 tok/s=41,669 eta=7021.965719963673
step=6161 tokens=807534592/1100000000 loss=3.6464 lr=7.6e-05 tok/s=41,605 eta=7029.634567668212
step=6162 tokens=807665664/1100000000 loss=3.6193 lr=7.59e-05 tok/s=41,599 eta=7027.461102899115
step=6163 tokens=807796736/1100000000 loss=3.6750 lr=7.59e-05 tok/s=41,418 eta=7054.937873901645
step=6164 tokens=807927808/1100000000 loss=3.5918 lr=7.59e-05 tok/s=41,604 eta=7020.271950331779
step=6165 tokens=808058880/1100000000 loss=3.5385 lr=7.58e-05 tok/s=41,512 eta=7032.725893844013
step=6166 tokens=808189952/1100000000 loss=3.5809 lr=7.58e-05 tok/s=41,693 eta=6998.955053411507
step=6167 tokens=808321024/1100000000 loss=3.6041 lr=7.57e-05 tok/s=41,803 eta=6977.386160272245
step=6168 tokens=808452096/1100000000 loss=3.6471 lr=7.57e-05 tok/s=41,485 eta=7027.795130500691
step=6169 tokens=808583168/1100000000 loss=3.6307 lr=7.57e-05 tok/s=41,347 eta=7048.100207311726
step=6170 tokens=808714240/1100000000 loss=3.6308 lr=7.56e-05 tok/s=41,440 eta=7029.1801827940335
step=6171 tokens=808845312/1100000000 loss=3.6090 lr=7.56e-05 tok/s=41,652 eta=6990.139525961045
step=6172 tokens=808976384/1100000000 loss=3.5893 lr=7.56e-05 tok/s=41,585 eta=6998.2071060885
step=6173 tokens=809107456/1100000000 loss=3.5295 lr=7.55e-05 tok/s=41,608 eta=6991.185794843375
step=6174 tokens=809238528/1100000000 loss=3.5662 lr=7.55e-05 tok/s=41,480 eta=7009.600852538811
step=6175 tokens=809369600/1100000000 loss=3.5764 lr=7.54e-05 tok/s=41,563 eta=6992.590384517613
step=6176 tokens=809500672/1100000000 loss=3.5832 lr=7.54e-05 tok/s=41,476 eta=7004.115105217281
step=6177 tokens=809631744/1100000000 loss=3.5340 lr=7.54e-05 tok/s=41,353 eta=7021.68843422978
step=6178 tokens=809762816/1100000000 loss=3.5758 lr=7.53e-05 tok/s=41,287 eta=7029.756663242016
step=6179 tokens=809893888/1100000000 loss=3.5027 lr=7.53e-05 tok/s=41,251 eta=7032.673700762116
step=6180 tokens=810024960/1100000000 loss=3.5764 lr=7.52e-05 tok/s=29,788 eta=9734.517047193645
step=6181 tokens=810156032/1100000000 loss=3.5614 lr=7.52e-05 tok/s=41,119 eta=7048.875772873438
step=6182 tokens=810287104/1100000000 loss=3.5995 lr=7.52e-05 tok/s=41,265 eta=7020.769639747046
step=6183 tokens=810418176/1100000000 loss=3.5018 lr=7.51e-05 tok/s=41,346 eta=7003.945336853318
step=6184 tokens=810549248/1100000000 loss=3.5508 lr=7.51e-05 tok/s=41,510 eta=6973.076375738621
step=6185 tokens=810680320/1100000000 loss=3.6622 lr=7.51e-05 tok/s=41,108 eta=7038.105562045792
step=6186 tokens=810811392/1100000000 loss=3.7011 lr=7.5e-05 tok/s=41,277 eta=7005.99499471683
step=6187 tokens=810942464/1100000000 loss=3.8776 lr=7.5e-05 tok/s=40,996 eta=7050.900397766423
step=6188 tokens=811073536/1100000000 loss=3.6422 lr=7.49e-05 tok/s=41,221 eta=7009.174723383863
step=6189 tokens=811204608/1100000000 loss=3.6479 lr=7.49e-05 tok/s=41,335 eta=6986.786295788733
step=6190 tokens=811335680/1100000000 loss=3.6818 lr=7.49e-05 tok/s=41,255 eta=6997.087534520119
step=6191 tokens=811466752/1100000000 loss=3.5590 lr=7.48e-05 tok/s=41,200 eta=7003.253354298263
step=6192 tokens=811597824/1100000000 loss=3.5695 lr=7.48e-05 tok/s=41,397 eta=6966.691287201484
step=6193 tokens=811728896/1100000000 loss=3.6910 lr=7.47e-05 tok/s=41,315 eta=6977.355544593605
step=6194 tokens=811859968/1100000000 loss=3.7350 lr=7.47e-05 tok/s=41,312 eta=6974.7285732596565
step=6195 tokens=811991040/1100000000 loss=3.5468 lr=7.47e-05 tok/s=41,499 eta=6940.120682806436
step=6196 tokens=812122112/1100000000 loss=3.6951 lr=7.46e-05 tok/s=41,160 eta=6994.072901689443
step=6197 tokens=812253184/1100000000 loss=3.7767 lr=7.46e-05 tok/s=41,219 eta=6980.97160314629
step=6198 tokens=812384256/1100000000 loss=3.7456 lr=7.46e-05 tok/s=41,365 eta=6953.087011125507
step=6199 tokens=812515328/1100000000 loss=3.6041 lr=7.45e-05 tok/s=41,462 eta=6933.681738678808
step=6200 tokens=812646400/1100000000 loss=3.7633 lr=7.45e-05 tok/s=41,502 eta=6923.793634175415
step=6201 tokens=812777472/1100000000 loss=3.8016 lr=7.44e-05 tok/s=41,381 eta=6940.974500849061
step=6202 tokens=812908544/1100000000 loss=3.7255 lr=7.44e-05 tok/s=41,554 eta=6908.952085916962
step=6203 tokens=813039616/1100000000 loss=3.6281 lr=7.44e-05 tok/s=41,226 eta=6960.591536700015
step=6204 tokens=813170688/1100000000 loss=3.7184 lr=7.43e-05 tok/s=41,301 eta=6944.836940959645
step=6205 tokens=813301760/1100000000 loss=3.6769 lr=7.43e-05 tok/s=41,386 eta=6927.38391395243
step=6206 tokens=813432832/1100000000 loss=3.7114 lr=7.43e-05 tok/s=41,264 eta=6944.716861803168
step=6207 tokens=813563904/1100000000 loss=3.6267 lr=7.42e-05 tok/s=41,467 eta=6907.60155071986
step=6208 tokens=813694976/1100000000 loss=3.6987 lr=7.42e-05 tok/s=41,484 eta=6901.497975677032
step=6209 tokens=813826048/1100000000 loss=3.8029 lr=7.41e-05 tok/s=41,585 eta=6881.657823955971
step=6210 tokens=813957120/1100000000 loss=3.6434 lr=7.41e-05 tok/s=41,501 eta=6892.412686745955
step=6211 tokens=814088192/1100000000 loss=3.6627 lr=7.41e-05 tok/s=41,309 eta=6921.25172512977
step=6212 tokens=814219264/1100000000 loss=3.6392 lr=7.4e-05 tok/s=41,529 eta=6881.41032478403
step=6213 tokens=814350336/1100000000 loss=3.6082 lr=7.4e-05 tok/s=41,168 eta=6938.661125676427
step=6214 tokens=814481408/1100000000 loss=3.6338 lr=7.39e-05 tok/s=41,461 eta=6886.496029687598
step=6215 tokens=814612480/1100000000 loss=3.6444 lr=7.39e-05 tok/s=41,379 eta=6896.892744221405
step=6216 tokens=814743552/1100000000 loss=3.7422 lr=7.39e-05 tok/s=41,247 eta=6915.836062902722
step=6217 tokens=814874624/1100000000 loss=3.5722 lr=7.38e-05 tok/s=41,324 eta=6899.695706400134
step=6218 tokens=815005696/1100000000 loss=3.5706 lr=7.38e-05 tok/s=41,282 eta=6903.592846789212
step=6219 tokens=815136768/1100000000 loss=3.5761 lr=7.38e-05 tok/s=41,260 eta=6904.05839325145
step=6220 tokens=815267840/1100000000 loss=3.4861 lr=7.37e-05 tok/s=41,156 eta=6918.297979060523
step=6221 tokens=815398912/1100000000 loss=3.6281 lr=7.37e-05 tok/s=41,418 eta=6871.434079777733
step=6222 tokens=815529984/1100000000 loss=3.6031 lr=7.36e-05 tok/s=41,052 eta=6929.587972556613
step=6223 tokens=815661056/1100000000 loss=3.6908 lr=7.36e-05 tok/s=40,828 eta=6964.333036429917
step=6224 tokens=815792128/1100000000 loss=3.6599 lr=7.36e-05 tok/s=41,197 eta=6898.730802631884
step=6225 tokens=815923200/1100000000 loss=3.6835 lr=7.35e-05 tok/s=41,202 eta=6894.805958027561
step=6226 tokens=816054272/1100000000 loss=3.7171 lr=7.35e-05 tok/s=41,338 eta=6868.895857601469
step=6227 tokens=816185344/1100000000 loss=3.7074 lr=7.35e-05 tok/s=41,257 eta=6879.188467130607
step=6228 tokens=816316416/1100000000 loss=3.6783 lr=7.34e-05 tok/s=41,371 eta=6857.03989057669
step=6229 tokens=816447488/1100000000 loss=3.6583 lr=7.34e-05 tok/s=41,251 eta=6873.901040801234
step=6230 tokens=816578560/1100000000 loss=3.6188 lr=7.33e-05 tok/s=41,016 eta=6910.105569245098
step=6231 tokens=816709632/1100000000 loss=3.6712 lr=7.33e-05 tok/s=41,351 eta=6850.8008629422575
step=6232 tokens=816840704/1100000000 loss=3.6541 lr=7.33e-05 tok/s=41,632 eta=6801.498156635697
step=6233 tokens=816971776/1100000000 loss=3.7176 lr=7.32e-05 tok/s=41,292 eta=6854.255295416359
step=6234 tokens=817102848/1100000000 loss=3.6502 lr=7.32e-05 tok/s=41,446 eta=6825.669851214591
step=6235 tokens=817233920/1100000000 loss=3.6349 lr=7.32e-05 tok/s=41,093 eta=6881.177330739977
step=6236 tokens=817364992/1100000000 loss=3.6321 lr=7.31e-05 tok/s=41,184 eta=6862.699579100153
step=6237 tokens=817496064/1100000000 loss=3.8235 lr=7.31e-05 tok/s=41,385 eta=6826.223236614511
step=6238 tokens=817627136/1100000000 loss=3.6642 lr=7.3e-05 tok/s=41,075 eta=6874.606440522157
step=6239 tokens=817758208/1100000000 loss=3.6907 lr=7.3e-05 tok/s=41,411 eta=6815.564502429563
step=6240 tokens=817889280/1100000000 loss=3.6484 lr=7.3e-05 tok/s=41,322 eta=6827.153337323827
step=6241 tokens=818020352/1100000000 loss=3.6761 lr=7.29e-05 tok/s=41,119 eta=6857.5783475462285
step=6242 tokens=818151424/1100000000 loss=3.6552 lr=7.29e-05 tok/s=41,264 eta=6830.395654437153
step=6243 tokens=818282496/1100000000 loss=3.7735 lr=7.28e-05 tok/s=41,371 eta=6809.480843648649
step=6244 tokens=818413568/1100000000 loss=3.6631 lr=7.28e-05 tok/s=41,571 eta=6773.582432659874
step=6245 tokens=818544640/1100000000 loss=3.7119 lr=7.28e-05 tok/s=41,571 eta=6770.480541048225
step=6246 tokens=818675712/1100000000 loss=3.6272 lr=7.27e-05 tok/s=41,587 eta=6764.692136489494
step=6247 tokens=818806784/1100000000 loss=3.6155 lr=7.27e-05 tok/s=41,531 eta=6770.747624599861
step=6248 tokens=818937856/1100000000 loss=3.6220 lr=7.27e-05 tok/s=41,541 eta=6765.888521701356
step=6249 tokens=819068928/1100000000 loss=3.6870 lr=7.26e-05 tok/s=41,322 eta=6798.571806260048
step=6250 tokens=819200000/1100000000 loss=3.5123 lr=7.26e-05 tok/s=41,294 eta=6800.024111744386
step=6251 tokens=819331072/1100000000 loss=3.6492 lr=7.25e-05 tok/s=41,261 eta=6802.255892637677
step=6252 tokens=819462144/1100000000 loss=3.5941 lr=7.25e-05 tok/s=41,367 eta=6781.656257892025
step=6253 tokens=819593216/1100000000 loss=3.5965 lr=7.25e-05 tok/s=41,476 eta=6760.628726683914
step=6254 tokens=819724288/1100000000 loss=3.6060 lr=7.24e-05 tok/s=41,439 eta=6763.585610915515
step=6255 tokens=819855360/1100000000 loss=3.5361 lr=7.24e-05 tok/s=41,541 eta=6743.790716349067
step=6256 tokens=819986432/1100000000 loss=3.6589 lr=7.24e-05 tok/s=41,445 eta=6756.332272330474
step=6257 tokens=820117504/1100000000 loss=3.5831 lr=7.23e-05 tok/s=29,979 eta=9336.045780895593
step=6258 tokens=820248576/1100000000 loss=3.7139 lr=7.23e-05 tok/s=41,614 eta=6722.527715402116
step=6259 tokens=820379648/1100000000 loss=3.6429 lr=7.22e-05 tok/s=41,245 eta=6779.441002247126
step=6260 tokens=820510720/1100000000 loss=3.5971 lr=7.22e-05 tok/s=41,157 eta=6790.840408678311
step=6261 tokens=820641792/1100000000 loss=3.5674 lr=7.22e-05 tok/s=41,387 eta=6749.965660575731
step=6262 tokens=820772864/1100000000 loss=3.5996 lr=7.21e-05 tok/s=41,243 eta=6770.277321055938
step=6263 tokens=820903936/1100000000 loss=3.5102 lr=7.21e-05 tok/s=41,331 eta=6752.641667674139
step=6264 tokens=821035008/1100000000 loss=3.5748 lr=7.21e-05 tok/s=41,375 eta=6742.366677175989
step=6265 tokens=821166080/1100000000 loss=3.5684 lr=7.2e-05 tok/s=41,323 eta=6747.728893233382
step=6266 tokens=821297152/1100000000 loss=3.5791 lr=7.2e-05 tok/s=41,394 eta=6732.95386625687
step=6267 tokens=821428224/1100000000 loss=3.5287 lr=7.2e-05 tok/s=41,455 eta=6719.897376017252
step=6268 tokens=821559296/1100000000 loss=3.5673 lr=7.19e-05 tok/s=41,347 eta=6734.320305770879
step=6269 tokens=821690368/1100000000 loss=3.5350 lr=7.19e-05 tok/s=41,509 eta=6704.777968478387
step=6270 tokens=821821440/1100000000 loss=3.5142 lr=7.18e-05 tok/s=41,636 eta=6681.268896656499
step=6271 tokens=821952512/1100000000 loss=3.6154 lr=7.18e-05 tok/s=41,654 eta=6675.157486698699
step=6272 tokens=822083584/1100000000 loss=3.5574 lr=7.18e-05 tok/s=41,208 eta=6744.283027493152
step=6273 tokens=822214656/1100000000 loss=3.5869 lr=7.17e-05 tok/s=41,321 eta=6722.607683022524
step=6274 tokens=822345728/1100000000 loss=3.5684 lr=7.17e-05 tok/s=41,267 eta=6728.2717352201025
step=6275 tokens=822476800/1100000000 loss=3.5709 lr=7.17e-05 tok/s=41,498 eta=6687.567242171461
step=6276 tokens=822607872/1100000000 loss=3.6305 lr=7.16e-05 tok/s=41,672 eta=6656.591858167364
step=6277 tokens=822738944/1100000000 loss=3.5778 lr=7.16e-05 tok/s=41,399 eta=6697.323178764027
step=6278 tokens=822870016/1100000000 loss=3.4834 lr=7.15e-05 tok/s=41,353 eta=6701.5868505089775
step=6279 tokens=823001088/1100000000 loss=3.5326 lr=7.15e-05 tok/s=41,322 eta=6703.407078007605
step=6280 tokens=823132160/1100000000 loss=3.6311 lr=7.15e-05 tok/s=41,464 eta=6677.256561335444
step=6281 tokens=823263232/1100000000 loss=3.6661 lr=7.14e-05 tok/s=41,254 eta=6708.163557009225
step=6282 tokens=823394304/1100000000 loss=3.5734 lr=7.14e-05 tok/s=41,476 eta=6668.988420300342
step=6283 tokens=823525376/1100000000 loss=3.6169 lr=7.14e-05 tok/s=41,556 eta=6653.024723344148
step=6284 tokens=823656448/1100000000 loss=3.6073 lr=7.13e-05 tok/s=41,383 eta=6677.641884832413
step=6285 tokens=823787520/1100000000 loss=3.6320 lr=7.13e-05 tok/s=41,276 eta=6691.7768272606245
step=6286 tokens=823918592/1100000000 loss=3.4846 lr=7.12e-05 tok/s=41,393 eta=6669.810346908004
step=6287 tokens=824049664/1100000000 loss=3.5733 lr=7.12e-05 tok/s=41,473 eta=6653.766412868821
step=6288 tokens=824180736/1100000000 loss=3.6087 lr=7.12e-05 tok/s=41,229 eta=6689.945037261725
step=6289 tokens=824311808/1100000000 loss=3.6320 lr=7.11e-05 tok/s=41,405 eta=6658.253621625739
step=6290 tokens=824442880/1100000000 loss=3.5827 lr=7.11e-05 tok/s=41,598 eta=6624.351063467817
step=6291 tokens=824573952/1100000000 loss=3.5630 lr=7.11e-05 tok/s=41,460 eta=6643.182373335398
step=6292 tokens=824705024/1100000000 loss=3.5960 lr=7.1e-05 tok/s=41,508 eta=6632.308921460066
step=6293 tokens=824836096/1100000000 loss=3.6271 lr=7.1e-05 tok/s=41,658 eta=6605.243376004565
step=6294 tokens=824967168/1100000000 loss=3.5989 lr=7.09e-05 tok/s=41,463 eta=6633.233448842007
step=6295 tokens=825098240/1100000000 loss=3.5630 lr=7.09e-05 tok/s=41,498 eta=6624.429238644857
step=6296 tokens=825229312/1100000000 loss=3.7807 lr=7.09e-05 tok/s=41,616 eta=6602.49821880356
step=6297 tokens=825360384/1100000000 loss=3.5798 lr=7.08e-05 tok/s=41,339 eta=6643.635615201383
step=6298 tokens=825491456/1100000000 loss=3.6074 lr=7.08e-05 tok/s=41,501 eta=6614.473216966505
step=6299 tokens=825622528/1100000000 loss=3.7188 lr=7.08e-05 tok/s=41,552 eta=6603.205123601724
step=6300 tokens=825753600/1100000000 loss=3.6081 lr=7.07e-05 tok/s=41,407 eta=6623.2538176973585
step=6301 tokens=825884672/1100000000 loss=3.5020 lr=7.07e-05 tok/s=41,292 eta=6638.520186712314
step=6302 tokens=826015744/1100000000 loss=3.6133 lr=7.07e-05 tok/s=41,407 eta=6616.8310111594665
step=6303 tokens=826146816/1100000000 loss=3.6310 lr=7.06e-05 tok/s=41,149 eta=6655.203081130472
step=6304 tokens=826277888/1100000000 loss=3.5709 lr=7.06e-05 tok/s=41,166 eta=6649.228800866214
step=6305 tokens=826408960/1100000000 loss=3.6063 lr=7.05e-05 tok/s=41,027 eta=6668.50037977344
step=6306 tokens=826540032/1100000000 loss=3.6386 lr=7.05e-05 tok/s=41,191 eta=6638.869076925201
step=6307 tokens=826671104/1100000000 loss=3.5884 lr=7.05e-05 tok/s=41,252 eta=6625.839553295571
step=6308 tokens=826802176/1100000000 loss=3.6859 lr=7.04e-05 tok/s=41,302 eta=6614.642015800333
step=6309 tokens=826933248/1100000000 loss=3.6114 lr=7.04e-05 tok/s=41,156 eta=6634.969473444265
step=6310 tokens=827064320/1100000000 loss=3.5957 lr=7.04e-05 tok/s=41,130 eta=6635.87657946522
step=6311 tokens=827195392/1100000000 loss=3.6328 lr=7.03e-05 tok/s=41,332 eta=6600.298774378015
step=6312 tokens=827326464/1100000000 loss=3.6123 lr=7.03e-05 tok/s=41,194 eta=6619.315807883293
step=6313 tokens=827457536/1100000000 loss=3.7985 lr=7.02e-05 tok/s=41,244 eta=6607.9730145177755
step=6314 tokens=827588608/1100000000 loss=3.8653 lr=7.02e-05 tok/s=40,874 eta=6664.704481378309
step=6315 tokens=827719680/1100000000 loss=3.8525 lr=7.02e-05 tok/s=41,203 eta=6608.211836614327
step=6316 tokens=827850752/1100000000 loss=3.8302 lr=7.01e-05 tok/s=41,081 eta=6624.662474273339
step=6317 tokens=827981824/1100000000 loss=3.7559 lr=7.01e-05 tok/s=41,097 eta=6618.8974589480085
step=6318 tokens=828112896/1100000000 loss=3.7182 lr=7.01e-05 tok/s=40,874 eta=6651.783488163098
step=6319 tokens=828243968/1100000000 loss=3.6309 lr=7e-05 tok/s=41,187 eta=6598.086756034396
step=6320 tokens=828375040/1100000000 loss=3.6811 lr=7e-05 tok/s=41,221 eta=6589.487406049198
step=6321 tokens=828506112/1100000000 loss=3.7178 lr=7e-05 tok/s=41,251 eta=6581.447732526111
step=6322 tokens=828637184/1100000000 loss=3.6636 lr=6.99e-05 tok/s=40,991 eta=6620.086118608623
step=6323 tokens=828768256/1100000000 loss=3.6923 lr=6.99e-05 tok/s=41,177 eta=6586.892053728151
step=6324 tokens=828899328/1100000000 loss=3.5223 lr=6.98e-05 tok/s=40,950 eta=6620.329347121242
step=6325 tokens=829030400/1100000000 loss=3.5750 lr=6.98e-05 tok/s=41,279 eta=6564.32355015213
step=6326 tokens=829161472/1100000000 loss=3.6268 lr=6.98e-05 tok/s=41,394 eta=6542.997523287662
step=6327 tokens=829292544/1100000000 loss=3.6347 lr=6.97e-05 tok/s=41,036 eta=6596.866583326017
step=6328 tokens=829423616/1100000000 loss=3.5895 lr=6.97e-05 tok/s=41,079 eta=6586.804741261994
step=6329 tokens=829554688/1100000000 loss=3.6042 lr=6.97e-05 tok/s=41,086 eta=6582.360137656047
step=6330 tokens=829685760/1100000000 loss=3.5956 lr=6.96e-05 tok/s=40,818 eta=6622.4029227014635
step=6331 tokens=829816832/1100000000 loss=3.5653 lr=6.96e-05 tok/s=41,074 eta=6578.008192031426
step=6332 tokens=829947904/1100000000 loss=3.6254 lr=6.96e-05 tok/s=40,606 eta=6650.627247687191
step=6333 tokens=830078976/1100000000 loss=3.6212 lr=6.95e-05 tok/s=29,693 eta=9090.369988480901
step=6334 tokens=830210048/1100000000 loss=3.5831 lr=6.95e-05 tok/s=40,934 eta=6590.7798542941955
step=6335 tokens=830341120/1100000000 loss=3.4783 lr=6.94e-05 tok/s=41,506 eta=6496.929837128566
step=6336 tokens=830472192/1100000000 loss=3.5481 lr=6.94e-05 tok/s=41,230 eta=6537.102158196804
step=6337 tokens=830603264/1100000000 loss=3.6743 lr=6.94e-05 tok/s=40,990 eta=6572.300436823544
step=6338 tokens=830734336/1100000000 loss=3.5464 lr=6.93e-05 tok/s=41,261 eta=6525.955573958045
step=6339 tokens=830865408/1100000000 loss=3.5902 lr=6.93e-05 tok/s=41,349 eta=6508.840861724179
step=6340 tokens=830996480/1100000000 loss=3.5353 lr=6.93e-05 tok/s=41,059 eta=6551.665209822671
step=6341 tokens=831127552/1100000000 loss=3.5401 lr=6.92e-05 tok/s=41,295 eta=6511.051131929224
step=6342 tokens=831258624/1100000000 loss=3.5668 lr=6.92e-05 tok/s=41,137 eta=6532.856781792938
step=6343 tokens=831389696/1100000000 loss=3.5094 lr=6.92e-05 tok/s=41,482 eta=6475.357631041324
step=6344 tokens=831520768/1100000000 loss=3.4947 lr=6.91e-05 tok/s=41,299 eta=6500.85045213973
step=6345 tokens=831651840/1100000000 loss=3.7152 lr=6.91e-05 tok/s=41,340 eta=6491.270509770132
step=6346 tokens=831782912/1100000000 loss=3.8142 lr=6.9e-05 tok/s=41,365 eta=6484.078351081264
step=6347 tokens=831913984/1100000000 loss=3.6832 lr=6.9e-05 tok/s=41,338 eta=6485.26338676507
step=6348 tokens=832045056/1100000000 loss=3.7673 lr=6.9e-05 tok/s=41,403 eta=6471.858363666398
step=6349 tokens=832176128/1100000000 loss=3.7969 lr=6.89e-05 tok/s=41,425 eta=6465.205766555376
step=6350 tokens=832307200/1100000000 loss=3.7605 lr=6.89e-05 tok/s=41,537 eta=6444.636609797632
step=6351 tokens=832438272/1100000000 loss=3.6548 lr=6.89e-05 tok/s=41,548 eta=6439.773757622999
step=6352 tokens=832569344/1100000000 loss=3.6740 lr=6.88e-05 tok/s=41,450 eta=6451.853195884715
step=6353 tokens=832700416/1100000000 loss=3.7230 lr=6.88e-05 tok/s=41,392 eta=6457.723093607211
step=6354 tokens=832831488/1100000000 loss=3.6751 lr=6.88e-05 tok/s=41,500 eta=6437.731028392078
step=6355 tokens=832962560/1100000000 loss=3.6590 lr=6.87e-05 tok/s=41,496 eta=6435.194535694649
step=6356 tokens=833093632/1100000000 loss=3.6680 lr=6.87e-05 tok/s=41,752 eta=6392.699739736606
step=6357 tokens=833224704/1100000000 loss=3.6915 lr=6.86e-05 tok/s=41,584 eta=6415.391751167004
step=6358 tokens=833355776/1100000000 loss=3.7743 lr=6.86e-05 tok/s=41,615 eta=6407.339299764513
step=6359 tokens=833486848/1100000000 loss=3.6987 lr=6.86e-05 tok/s=41,379 eta=6440.769946995887
step=6360 tokens=833617920/1100000000 loss=3.7314 lr=6.85e-05 tok/s=41,423 eta=6430.727573970293
step=6361 tokens=833748992/1100000000 loss=3.8265 lr=6.85e-05 tok/s=41,514 eta=6413.581300015639
step=6362 tokens=833880064/1100000000 loss=3.7310 lr=6.85e-05 tok/s=41,600 eta=6397.078654857649
step=6363 tokens=834011136/1100000000 loss=3.6243 lr=6.84e-05 tok/s=41,373 eta=6429.068024725221
step=6364 tokens=834142208/1100000000 loss=3.6067 lr=6.84e-05 tok/s=41,488 eta=6408.033070575304
step=6365 tokens=834273280/1100000000 loss=3.8083 lr=6.84e-05 tok/s=41,563 eta=6393.3631299039025
step=6366 tokens=834404352/1100000000 loss=3.6756 lr=6.83e-05 tok/s=41,313 eta=6428.8248418726025
step=6367 tokens=834535424/1100000000 loss=3.6669 lr=6.83e-05 tok/s=41,243 eta=6436.606927217343
step=6368 tokens=834666496/1100000000 loss=3.7609 lr=6.83e-05 tok/s=41,165 eta=6445.552731695898
step=6369 tokens=834797568/1100000000 loss=3.7112 lr=6.82e-05 tok/s=41,069 eta=6457.455559861816
step=6370 tokens=834928640/1100000000 loss=3.7055 lr=6.82e-05 tok/s=41,115 eta=6447.117844686402
step=6371 tokens=835059712/1100000000 loss=3.5781 lr=6.81e-05 tok/s=41,177 eta=6434.195591981351
step=6372 tokens=835190784/1100000000 loss=3.6193 lr=6.81e-05 tok/s=41,305 eta=6411.098467192299
step=6373 tokens=835321856/1100000000 loss=3.7011 lr=6.81e-05 tok/s=41,141 eta=6433.487957914012
step=6374 tokens=835452928/1100000000 loss=3.6567 lr=6.8e-05 tok/s=41,164 eta=6426.600511049135
step=6375 tokens=835584000/1100000000 loss=3.5942 lr=6.8e-05 tok/s=41,178 eta=6421.310702249731
step=6376 tokens=835715072/1100000000 loss=3.8151 lr=6.8e-05 tok/s=41,041 eta=6439.512213419007
step=6377 tokens=835846144/1100000000 loss=3.7338 lr=6.79e-05 tok/s=41,164 eta=6417.105823074974
step=6378 tokens=835977216/1100000000 loss=3.6999 lr=6.79e-05 tok/s=40,860 eta=6461.675798838964
step=6379 tokens=836108288/1100000000 loss=3.6206 lr=6.79e-05 tok/s=41,240 eta=6398.923087558217
step=6380 tokens=836239360/1100000000 loss=3.6087 lr=6.78e-05 tok/s=40,827 eta=6460.500692860919
step=6381 tokens=836370432/1100000000 loss=3.5373 lr=6.78e-05 tok/s=41,064 eta=6420.016483526747
step=6382 tokens=836501504/1100000000 loss=3.5204 lr=6.78e-05 tok/s=41,351 eta=6372.2559399132315
step=6383 tokens=836632576/1100000000 loss=3.5113 lr=6.77e-05 tok/s=41,324 eta=6373.235356172148
step=6384 tokens=836763648/1100000000 loss=3.5774 lr=6.77e-05 tok/s=41,507 eta=6342.051025792266
step=6385 tokens=836894720/1100000000 loss=3.6192 lr=6.76e-05 tok/s=41,243 eta=6379.333991483957
step=6386 tokens=837025792/1100000000 loss=3.5601 lr=6.76e-05 tok/s=40,996 eta=6414.557918943485
step=6387 tokens=837156864/1100000000 loss=3.4993 lr=6.76e-05 tok/s=41,327 eta=6360.110691374916
checkpoint saved: runs/20260905-021323/checkpoints/step_000006387 (time)
step=6388 tokens=837287936/1100000000 loss=3.5268 lr=6.75e-05 tok/s=34,262 eta=7667.692302804317
step=6389 tokens=837419008/1100000000 loss=3.4774 lr=6.75e-05 tok/s=41,225 eta=6369.487339148624
step=6390 tokens=837550080/1100000000 loss=3.6165 lr=6.75e-05 tok/s=41,195 eta=6370.900604996381
step=6391 tokens=837681152/1100000000 loss=3.6132 lr=6.74e-05 tok/s=41,591 eta=6307.108720216281
step=6392 tokens=837812224/1100000000 loss=3.6137 lr=6.74e-05 tok/s=41,349 eta=6340.811047120552
step=6393 tokens=837943296/1100000000 loss=3.5920 lr=6.74e-05 tok/s=41,272 eta=6349.502087840513
step=6394 tokens=838074368/1100000000 loss=3.5588 lr=6.73e-05 tok/s=41,361 eta=6332.60034058513
step=6395 tokens=838205440/1100000000 loss=3.4417 lr=6.73e-05 tok/s=41,315 eta=6336.530692602439
step=6396 tokens=838336512/1100000000 loss=3.4469 lr=6.73e-05 tok/s=41,542 eta=6298.773215247491
step=6397 tokens=838467584/1100000000 loss=3.5414 lr=6.72e-05 tok/s=41,425 eta=6313.347437672377
step=6398 tokens=838598656/1100000000 loss=3.5601 lr=6.72e-05 tok/s=41,311 eta=6327.681588789945
step=6399 tokens=838729728/1100000000 loss=3.5426 lr=6.71e-05 tok/s=41,499 eta=6295.88521487944
step=6400 tokens=838860800/1100000000 loss=3.5096 lr=6.71e-05 tok/s=41,380 eta=6310.69984496711
step=6401 tokens=838991872/1100000000 loss=3.4210 lr=6.71e-05 tok/s=41,356 eta=6311.327810705128
step=6402 tokens=839122944/1100000000 loss=3.4790 lr=6.7e-05 tok/s=41,353 eta=6308.506521208567
step=6403 tokens=839254016/1100000000 loss=3.5645 lr=6.7e-05 tok/s=41,408 eta=6296.97013490216
step=6404 tokens=839385088/1100000000 loss=3.5249 lr=6.7e-05 tok/s=41,228 eta=6321.258646653173
step=6405 tokens=839516160/1100000000 loss=3.4876 lr=6.69e-05 tok/s=41,588 eta=6263.371640486624
step=6406 tokens=839647232/1100000000 loss=3.4627 lr=6.69e-05 tok/s=41,308 eta=6302.784681403768
step=6407 tokens=839778304/1100000000 loss=3.5634 lr=6.69e-05 tok/s=41,781 eta=6228.253671225796
step=6408 tokens=839909376/1100000000 loss=3.4773 lr=6.68e-05 tok/s=41,243 eta=6306.239145114891
step=6409 tokens=840040448/1100000000 loss=3.4054 lr=6.68e-05 tok/s=29,968 eta=8674.541708896957
step=6410 tokens=840171520/1100000000 loss=3.3036 lr=6.68e-05 tok/s=41,234 eta=6301.348779604781
step=6411 tokens=840302592/1100000000 loss=3.2310 lr=6.67e-05 tok/s=41,397 eta=6273.366067732203
step=6412 tokens=840433664/1100000000 loss=3.2302 lr=6.67e-05 tok/s=41,509 eta=6253.2134659711
step=6413 tokens=840564736/1100000000 loss=3.2221 lr=6.67e-05 tok/s=41,391 eta=6267.930292425973
step=6414 tokens=840695808/1100000000 loss=3.1681 lr=6.66e-05 tok/s=41,583 eta=6235.858209567332
step=6415 tokens=840826880/1100000000 loss=3.2159 lr=6.66e-05 tok/s=41,323 eta=6271.893986913506
step=6416 tokens=840957952/1100000000 loss=3.1147 lr=6.65e-05 tok/s=41,617 eta=6224.4027261389665
step=6417 tokens=841089024/1100000000 loss=3.1335 lr=6.65e-05 tok/s=41,345 eta=6262.135193915194
step=6418 tokens=841220096/1100000000 loss=3.0787 lr=6.65e-05 tok/s=41,176 eta=6284.749832458579
step=6419 tokens=841351168/1100000000 loss=3.1759 lr=6.64e-05 tok/s=41,280 eta=6265.755381098773
step=6420 tokens=841482240/1100000000 loss=3.1402 lr=6.64e-05 tok/s=41,377 eta=6247.800229148842
step=6421 tokens=841613312/1100000000 loss=3.1038 lr=6.64e-05 tok/s=41,475 eta=6229.972546784829
step=6422 tokens=841744384/1100000000 loss=3.0766 lr=6.63e-05 tok/s=41,288 eta=6254.9135792241705
step=6423 tokens=841875456/1100000000 loss=3.0983 lr=6.63e-05 tok/s=41,267 eta=6254.921100013839
step=6424 tokens=842006528/1100000000 loss=3.0684 lr=6.63e-05 tok/s=41,421 eta=6228.544452394973
step=6425 tokens=842137600/1100000000 loss=3.0837 lr=6.62e-05 tok/s=41,222 eta=6255.403867515293
step=6426 tokens=842268672/1100000000 loss=3.0784 lr=6.62e-05 tok/s=41,396 eta=6226.000355040686
step=6427 tokens=842399744/1100000000 loss=3.0656 lr=6.62e-05 tok/s=41,542 eta=6200.946876834087
step=6428 tokens=842530816/1100000000 loss=3.0707 lr=6.61e-05 tok/s=41,266 eta=6239.26614803207
step=6429 tokens=842661888/1100000000 loss=3.0526 lr=6.61e-05 tok/s=41,481 eta=6203.786561152489
step=6430 tokens=842792960/1100000000 loss=3.0682 lr=6.61e-05 tok/s=41,196 eta=6243.523722767501
step=6431 tokens=842924032/1100000000 loss=3.0706 lr=6.6e-05 tok/s=41,373 eta=6213.609809219885
step=6432 tokens=843055104/1100000000 loss=3.0610 lr=6.6e-05 tok/s=41,104 eta=6251.020211080082
step=6433 tokens=843186176/1100000000 loss=3.0407 lr=6.6e-05 tok/s=41,081 eta=6251.34168754909
step=6434 tokens=843317248/1100000000 loss=3.0543 lr=6.59e-05 tok/s=41,080 eta=6248.406359294486
step=6435 tokens=843448320/1100000000 loss=3.0171 lr=6.59e-05 tok/s=41,370 eta=6201.4296772826765
step=6436 tokens=843579392/1100000000 loss=3.1110 lr=6.58e-05 tok/s=41,108 eta=6237.787780618107
step=6437 tokens=843710464/1100000000 loss=3.0514 lr=6.58e-05 tok/s=41,022 eta=6247.666129595903
step=6438 tokens=843841536/1100000000 loss=3.0315 lr=6.58e-05 tok/s=41,518 eta=6169.743108812665
step=6439 tokens=843972608/1100000000 loss=3.0834 lr=6.57e-05 tok/s=41,277 eta=6202.598536729264
step=6440 tokens=844103680/1100000000 loss=3.0248 lr=6.57e-05 tok/s=41,198 eta=6211.331311515841
step=6441 tokens=844234752/1100000000 loss=3.5180 lr=6.57e-05 tok/s=41,382 eta=6180.547930948869
step=6442 tokens=844365824/1100000000 loss=3.7328 lr=6.56e-05 tok/s=41,343 eta=6183.265896216255
step=6443 tokens=844496896/1100000000 loss=3.7276 lr=6.56e-05 tok/s=41,372 eta=6175.707428832232
step=6444 tokens=844627968/1100000000 loss=3.8937 lr=6.56e-05 tok/s=41,527 eta=6149.556241633448
step=6445 tokens=844759040/1100000000 loss=3.6885 lr=6.55e-05 tok/s=41,616 eta=6133.193950529596
step=6446 tokens=844890112/1100000000 loss=3.7101 lr=6.55e-05 tok/s=41,651 eta=6124.989186096347
step=6447 tokens=845021184/1100000000 loss=3.6996 lr=6.55e-05 tok/s=41,619 eta=6126.554846580706
step=6448 tokens=845152256/1100000000 loss=3.6677 lr=6.54e-05 tok/s=41,646 eta=6119.332465777597
step=6449 tokens=845283328/1100000000 loss=3.6830 lr=6.54e-05 tok/s=41,282 eta=6170.125005516416
step=6450 tokens=845414400/1100000000 loss=3.6018 lr=6.54e-05 tok/s=41,546 eta=6127.823518098985
step=6451 tokens=845545472/1100000000 loss=3.5870 lr=6.53e-05 tok/s=41,431 eta=6141.718104630126
step=6452 tokens=845676544/1100000000 loss=3.6480 lr=6.53e-05 tok/s=41,332 eta=6153.189923375633
step=6453 tokens=845807616/1100000000 loss=3.6102 lr=6.53e-05 tok/s=41,347 eta=6147.730075139994
step=6454 tokens=845938688/1100000000 loss=3.6407 lr=6.52e-05 tok/s=41,502 eta=6121.6867009682755
step=6455 tokens=846069760/1100000000 loss=3.6738 lr=6.52e-05 tok/s=41,554 eta=6110.871398174088
step=6456 tokens=846200832/1100000000 loss=3.6278 lr=6.51e-05 tok/s=41,378 eta=6133.729803691248
step=6457 tokens=846331904/1100000000 loss=3.6113 lr=6.51e-05 tok/s=41,257 eta=6148.557893386685
step=6458 tokens=846462976/1100000000 loss=3.7452 lr=6.51e-05 tok/s=41,182 eta=6156.538480950775
step=6459 tokens=846594048/1100000000 loss=3.6347 lr=6.5e-05 tok/s=41,311 eta=6134.147081734269
step=6460 tokens=846725120/1100000000 loss=3.7027 lr=6.5e-05 tok/s=41,422 eta=6114.570063921419
step=6461 tokens=846856192/1100000000 loss=3.6575 lr=6.5e-05 tok/s=41,482 eta=6102.43147692122
step=6462 tokens=846987264/1100000000 loss=3.6059 lr=6.49e-05 tok/s=41,152 eta=6148.321119875414
step=6463 tokens=847118336/1100000000 loss=3.6245 lr=6.49e-05 tok/s=41,176 eta=6141.442188690083
step=6464 tokens=847249408/1100000000 loss=3.6101 lr=6.49e-05 tok/s=41,155 eta=6141.372489644945
step=6465 tokens=847380480/1100000000 loss=3.6356 lr=6.48e-05 tok/s=41,418 eta=6099.212188038892
step=6466 tokens=847511552/1100000000 loss=3.5994 lr=6.48e-05 tok/s=41,430 eta=6094.367167523659
step=6467 tokens=847642624/1100000000 loss=3.6221 lr=6.48e-05 tok/s=41,387 eta=6097.469315737194
step=6468 tokens=847773696/1100000000 loss=3.6314 lr=6.47e-05 tok/s=41,271 eta=6111.501272219834
step=6469 tokens=847904768/1100000000 loss=3.6098 lr=6.47e-05 tok/s=41,367 eta=6094.156089158596
step=6470 tokens=848035840/1100000000 loss=3.5655 lr=6.47e-05 tok/s=41,095 eta=6131.226019513445
step=6471 tokens=848166912/1100000000 loss=3.5963 lr=6.46e-05 tok/s=41,111 eta=6125.720170318305
step=6472 tokens=848297984/1100000000 loss=3.6278 lr=6.46e-05 tok/s=41,235 eta=6104.084613413618
step=6473 tokens=848429056/1100000000 loss=3.6844 lr=6.46e-05 tok/s=41,132 eta=6116.134049320416
step=6474 tokens=848560128/1100000000 loss=3.6681 lr=6.45e-05 tok/s=41,122 eta=6114.429763715235
step=6475 tokens=848691200/1100000000 loss=3.6455 lr=6.45e-05 tok/s=41,182 eta=6102.37841074104
step=6476 tokens=848822272/1100000000 loss=3.5907 lr=6.45e-05 tok/s=41,075 eta=6115.042674348742
step=6477 tokens=848953344/1100000000 loss=3.5828 lr=6.44e-05 tok/s=41,213 eta=6091.511488778181
step=6478 tokens=849084416/1100000000 loss=3.7005 lr=6.44e-05 tok/s=41,308 eta=6074.244624027985
step=6479 tokens=849215488/1100000000 loss=3.5856 lr=6.44e-05 tok/s=41,208 eta=6085.776025876481
step=6480 tokens=849346560/1100000000 loss=3.6334 lr=6.43e-05 tok/s=41,146 eta=6091.8406834164225
step=6481 tokens=849477632/1100000000 loss=3.5802 lr=6.43e-05 tok/s=41,154 eta=6087.446340027963
step=6482 tokens=849608704/1100000000 loss=3.6285 lr=6.43e-05 tok/s=41,205 eta=6076.6710362273725
step=6483 tokens=849739776/1100000000 loss=3.5764 lr=6.42e-05 tok/s=40,994 eta=6104.758163648687
step=6484 tokens=849870848/1100000000 loss=3.8504 lr=6.42e-05 tok/s=41,130 eta=6081.362806310191
step=6485 tokens=850001920/1100000000 loss=3.6490 lr=6.42e-05 tok/s=29,720 eta=8411.812435739526
checkpoint saved: runs/20260905-021323/checkpoints/tokens_000850m (permanent_tokens)
step=6486 tokens=850132992/1100000000 loss=3.5723 lr=6.41e-05 tok/s=34,859 eta=7167.976180187768
step=6487 tokens=850264064/1100000000 loss=3.5706 lr=6.41e-05 tok/s=41,475 eta=6021.326372039765
step=6488 tokens=850395136/1100000000 loss=3.6601 lr=6.4e-05 tok/s=41,226 eta=6054.5700283909155
step=6489 tokens=850526208/1100000000 loss=3.6058 lr=6.4e-05 tok/s=41,153 eta=6062.075679186418
step=6490 tokens=850657280/1100000000 loss=3.6028 lr=6.4e-05 tok/s=41,193 eta=6052.977368938967
step=6491 tokens=850788352/1100000000 loss=3.5218 lr=6.39e-05 tok/s=41,110 eta=6062.010000352197
step=6492 tokens=850919424/1100000000 loss=3.6605 lr=6.39e-05 tok/s=41,186 eta=6047.734784461624
step=6493 tokens=851050496/1100000000 loss=3.6034 lr=6.39e-05 tok/s=41,157 eta=6048.72979289746
step=6494 tokens=851181568/1100000000 loss=3.7109 lr=6.38e-05 tok/s=41,368 eta=6014.792289163621
step=6495 tokens=851312640/1100000000 loss=3.6264 lr=6.38e-05 tok/s=41,173 eta=6040.102517880892
step=6496 tokens=851443712/1100000000 loss=3.6048 lr=6.38e-05 tok/s=41,159 eta=6038.9705245614805
step=6497 tokens=851574784/1100000000 loss=3.6888 lr=6.37e-05 tok/s=41,218 eta=6027.046902260459
step=6498 tokens=851705856/1100000000 loss=3.5915 lr=6.37e-05 tok/s=41,404 eta=5996.88065613704
step=6499 tokens=851836928/1100000000 loss=3.7053 lr=6.37e-05 tok/s=41,228 eta=6019.216976761082
step=6500 tokens=851968000/1100000000 loss=3.7119 lr=6.36e-05 tok/s=41,211 eta=6018.5190668994155
step=6501 tokens=852099072/1100000000 loss=3.6744 lr=6.36e-05 tok/s=41,198 eta=6017.34980907875
step=6502 tokens=852230144/1100000000 loss=3.6553 lr=6.36e-05 tok/s=41,345 eta=5992.811977744666
step=6503 tokens=852361216/1100000000 loss=3.6670 lr=6.35e-05 tok/s=41,418 eta=5979.004020575642
step=6504 tokens=852492288/1100000000 loss=3.6979 lr=6.35e-05 tok/s=40,963 eta=6042.181082078738
step=6505 tokens=852623360/1100000000 loss=3.6789 lr=6.35e-05 tok/s=40,987 eta=6035.529172449443
step=6506 tokens=852754432/1100000000 loss=3.7221 lr=6.34e-05 tok/s=41,128 eta=6011.578222662712
step=6507 tokens=852885504/1100000000 loss=3.6016 lr=6.34e-05 tok/s=41,224 eta=5994.458882215184
step=6508 tokens=853016576/1100000000 loss=3.6728 lr=6.34e-05 tok/s=41,487 eta=5953.28890055344
step=6509 tokens=853147648/1100000000 loss=3.6193 lr=6.33e-05 tok/s=41,355 eta=5969.088719407978
step=6510 tokens=853278720/1100000000 loss=3.6900 lr=6.33e-05 tok/s=41,384 eta=5961.7146952358435
step=6511 tokens=853409792/1100000000 loss=3.6118 lr=6.33e-05 tok/s=41,329 eta=5966.476798351387
step=6512 tokens=853540864/1100000000 loss=3.7052 lr=6.32e-05 tok/s=41,509 eta=5937.432760475971
step=6513 tokens=853671936/1100000000 loss=3.6691 lr=6.32e-05 tok/s=41,631 eta=5916.976773470973
step=6514 tokens=853803008/1100000000 loss=3.7292 lr=6.32e-05 tok/s=41,619 eta=5915.447160876048
step=6515 tokens=853934080/1100000000 loss=3.7191 lr=6.31e-05 tok/s=41,337 eta=5952.669294031476
step=6516 tokens=854065152/1100000000 loss=3.7082 lr=6.31e-05 tok/s=41,566 eta=5916.691290951387
step=6517 tokens=854196224/1100000000 loss=3.7261 lr=6.31e-05 tok/s=41,394 eta=5938.188023249606
step=6518 tokens=854327296/1100000000 loss=3.6991 lr=6.3e-05 tok/s=41,367 eta=5938.918535808657
step=6519 tokens=854458368/1100000000 loss=3.5984 lr=6.3e-05 tok/s=41,647 eta=5895.803732562258
step=6520 tokens=854589440/1100000000 loss=3.7243 lr=6.3e-05 tok/s=41,541 eta=5907.685033965496
step=6521 tokens=854720512/1100000000 loss=3.6691 lr=6.29e-05 tok/s=41,615 eta=5894.070655207643
step=6522 tokens=854851584/1100000000 loss=3.5556 lr=6.29e-05 tok/s=41,457 eta=5913.282557971985
step=6523 tokens=854982656/1100000000 loss=3.7024 lr=6.29e-05 tok/s=41,375 eta=5921.919745626305
step=6524 tokens=855113728/1100000000 loss=3.5860 lr=6.28e-05 tok/s=41,472 eta=5904.9252732146215
step=6525 tokens=855244800/1100000000 loss=3.6441 lr=6.28e-05 tok/s=41,542 eta=5891.767102577931
step=6526 tokens=855375872/1100000000 loss=3.7255 lr=6.28e-05 tok/s=41,527 eta=5890.66504716025
step=6527 tokens=855506944/1100000000 loss=3.7125 lr=6.27e-05 tok/s=41,485 eta=5893.499321157073
step=6528 tokens=855638016/1100000000 loss=3.6856 lr=6.27e-05 tok/s=41,678 eta=5863.141900420569
step=6529 tokens=855769088/1100000000 loss=3.6533 lr=6.27e-05 tok/s=41,349 eta=5906.525067865327
step=6530 tokens=855900160/1100000000 loss=3.6534 lr=6.26e-05 tok/s=41,339 eta=5904.820099368169
step=6531 tokens=856031232/1100000000 loss=3.6962 lr=6.26e-05 tok/s=41,193 eta=5922.558790997486
step=6532 tokens=856162304/1100000000 loss=3.6102 lr=6.26e-05 tok/s=41,321 eta=5901.113671756334
step=6533 tokens=856293376/1100000000 loss=3.6552 lr=6.25e-05 tok/s=41,230 eta=5910.896096358633
step=6534 tokens=856424448/1100000000 loss=3.6775 lr=6.25e-05 tok/s=41,287 eta=5899.572675918059
step=6535 tokens=856555520/1100000000 loss=3.6869 lr=6.25e-05 tok/s=41,061 eta=5928.851668971387
step=6536 tokens=856686592/1100000000 loss=3.5977 lr=6.24e-05 tok/s=41,364 eta=5882.284251557944
step=6537 tokens=856817664/1100000000 loss=3.6179 lr=6.24e-05 tok/s=41,249 eta=5895.4595291049445
step=6538 tokens=856948736/1100000000 loss=3.5837 lr=6.24e-05 tok/s=41,120 eta=5910.790246976746
step=6539 tokens=857079808/1100000000 loss=3.5746 lr=6.23e-05 tok/s=41,040 eta=5919.120848343567
step=6540 tokens=857210880/1100000000 loss=3.5625 lr=6.23e-05 tok/s=41,196 eta=5893.541604486908
step=6541 tokens=857341952/1100000000 loss=3.5751 lr=6.23e-05 tok/s=41,280 eta=5878.298647952567
step=6542 tokens=857473024/1100000000 loss=3.6896 lr=6.22e-05 tok/s=41,098 eta=5901.211592949051
step=6543 tokens=857604096/1100000000 loss=3.5409 lr=6.22e-05 tok/s=40,889 eta=5928.198815251657
step=6544 tokens=857735168/1100000000 loss=3.6277 lr=6.22e-05 tok/s=41,256 eta=5872.222606599831
step=6545 tokens=857866240/1100000000 loss=3.5860 lr=6.21e-05 tok/s=41,355 eta=5854.944517980715
step=6546 tokens=857997312/1100000000 loss=3.6919 lr=6.21e-05 tok/s=40,997 eta=5902.981008234582
step=6547 tokens=858128384/1100000000 loss=3.6626 lr=6.21e-05 tok/s=41,131 eta=5880.56353955845
step=6548 tokens=858259456/1100000000 loss=3.5079 lr=6.2e-05 tok/s=41,034 eta=5891.183104930562
step=6549 tokens=858390528/1100000000 loss=3.5480 lr=6.2e-05 tok/s=41,207 eta=5863.247681032923
step=6550 tokens=858521600/1100000000 loss=3.4360 lr=6.2e-05 tok/s=41,189 eta=5862.647122372748
step=6551 tokens=858652672/1100000000 loss=3.5272 lr=6.19e-05 tok/s=41,251 eta=5850.656196547464
step=6552 tokens=858783744/1100000000 loss=3.5483 lr=6.19e-05 tok/s=41,161 eta=5860.315025860999
step=6553 tokens=858914816/1100000000 loss=3.5653 lr=6.19e-05 tok/s=40,988 eta=5881.846595605136
step=6554 tokens=859045888/1100000000 loss=3.5386 lr=6.18e-05 tok/s=41,182 eta=5850.91082633731
step=6555 tokens=859176960/1100000000 loss=3.5885 lr=6.18e-05 tok/s=41,221 eta=5842.182064986979
step=6556 tokens=859308032/1100000000 loss=3.5529 lr=6.18e-05 tok/s=41,171 eta=5846.206736020145
step=6557 tokens=859439104/1100000000 loss=3.5412 lr=6.17e-05 tok/s=40,998 eta=5867.556955724182
step=6558 tokens=859570176/1100000000 loss=3.5514 lr=6.17e-05 tok/s=41,286 eta=5823.550164149803
step=6559 tokens=859701248/1100000000 loss=3.5774 lr=6.17e-05 tok/s=41,224 eta=5829.059835663523
step=6560 tokens=859832320/1100000000 loss=3.7024 lr=6.16e-05 tok/s=40,761 eta=5892.110213522757
step=6561 tokens=859963392/1100000000 loss=3.5315 lr=6.16e-05 tok/s=41,111 eta=5838.731685469562
step=6562 tokens=860094464/1100000000 loss=3.5266 lr=6.16e-05 tok/s=29,773 eta=8057.825001317388
step=6563 tokens=860225536/1100000000 loss=3.5837 lr=6.15e-05 tok/s=41,325 eta=5802.160855978377
step=6564 tokens=860356608/1100000000 loss=3.5306 lr=6.15e-05 tok/s=41,075 eta=5834.342925072843
step=6565 tokens=860487680/1100000000 loss=3.6086 lr=6.15e-05 tok/s=41,158 eta=5819.355295237608
step=6566 tokens=860618752/1100000000 loss=3.6033 lr=6.14e-05 tok/s=41,167 eta=5814.83852843567
step=6567 tokens=860749824/1100000000 loss=3.5738 lr=6.14e-05 tok/s=41,083 eta=5823.62893960941
step=6568 tokens=860880896/1100000000 loss=3.5469 lr=6.14e-05 tok/s=41,053 eta=5824.633278078051
step=6569 tokens=861011968/1100000000 loss=3.8173 lr=6.13e-05 tok/s=41,006 eta=5828.172590260752
step=6570 tokens=861143040/1100000000 loss=3.6815 lr=6.13e-05 tok/s=41,102 eta=5811.387963461183
step=6571 tokens=861274112/1100000000 loss=3.5990 lr=6.13e-05 tok/s=41,131 eta=5804.000543780572
step=6572 tokens=861405184/1100000000 loss=3.5974 lr=6.12e-05 tok/s=40,746 eta=5855.7332534814595
step=6573 tokens=861536256/1100000000 loss=3.5702 lr=6.12e-05 tok/s=40,806 eta=5843.86915899847
step=6574 tokens=861667328/1100000000 loss=3.5612 lr=6.12e-05 tok/s=40,862 eta=5832.662519239989
step=6575 tokens=861798400/1100000000 loss=3.5792 lr=6.11e-05 tok/s=41,007 eta=5808.776435767563
step=6576 tokens=861929472/1100000000 loss=3.6013 lr=6.11e-05 tok/s=41,227 eta=5774.609102778372
step=6577 tokens=862060544/1100000000 loss=3.5476 lr=6.11e-05 tok/s=40,817 eta=5829.486216128717
step=6578 tokens=862191616/1100000000 loss=3.5802 lr=6.1e-05 tok/s=40,942 eta=5808.477094595181
step=6579 tokens=862322688/1100000000 loss=3.5226 lr=6.1e-05 tok/s=41,077 eta=5786.115504060029
step=6580 tokens=862453760/1100000000 loss=3.5143 lr=6.1e-05 tok/s=40,958 eta=5799.7243434617085
step=6581 tokens=862584832/1100000000 loss=3.4839 lr=6.09e-05 tok/s=41,249 eta=5755.669841540337
step=6582 tokens=862715904/1100000000 loss=3.4201 lr=6.09e-05 tok/s=40,771 eta=5819.8964604475805
step=6583 tokens=862846976/1100000000 loss=3.4982 lr=6.09e-05 tok/s=41,119 eta=5767.4640006600175
step=6584 tokens=862978048/1100000000 loss=3.5388 lr=6.08e-05 tok/s=40,897 eta=5795.515282624109
step=6585 tokens=863109120/1100000000 loss=3.4844 lr=6.08e-05 tok/s=40,767 eta=5810.807109178701
step=6586 tokens=863240192/1100000000 loss=3.5283 lr=6.08e-05 tok/s=41,126 eta=5756.949178754273
step=6587 tokens=863371264/1100000000 loss=3.4969 lr=6.07e-05 tok/s=41,068 eta=5761.81371574694
step=6588 tokens=863502336/1100000000 loss=3.5160 lr=6.07e-05 tok/s=40,860 eta=5787.987199720368
step=6589 tokens=863633408/1100000000 loss=3.5457 lr=6.07e-05 tok/s=41,381 eta=5711.903409883085
step=6590 tokens=863764480/1100000000 loss=3.4844 lr=6.06e-05 tok/s=41,187 eta=5735.706275849564
step=6591 tokens=863895552/1100000000 loss=3.5806 lr=6.06e-05 tok/s=41,350 eta=5709.913992400197
step=6592 tokens=864026624/1100000000 loss=3.4642 lr=6.06e-05 tok/s=41,388 eta=5701.536227579198
step=6593 tokens=864157696/1100000000 loss=3.4598 lr=6.05e-05 tok/s=41,104 eta=5737.694194524776
step=6594 tokens=864288768/1100000000 loss=3.5023 lr=6.05e-05 tok/s=41,411 eta=5692.050354223552
step=6595 tokens=864419840/1100000000 loss=3.5012 lr=6.05e-05 tok/s=41,337 eta=5698.986096205958
step=6596 tokens=864550912/1100000000 loss=3.4787 lr=6.04e-05 tok/s=41,362 eta=5692.360838451184
step=6597 tokens=864681984/1100000000 loss=3.4555 lr=6.04e-05 tok/s=41,273 eta=5701.530058861827
step=6598 tokens=864813056/1100000000 loss=3.4730 lr=6.04e-05 tok/s=41,341 eta=5689.0177711395745
step=6599 tokens=864944128/1100000000 loss=3.5673 lr=6.03e-05 tok/s=41,384 eta=5679.881786060976
step=6600 tokens=865075200/1100000000 loss=3.5215 lr=6.03e-05 tok/s=41,219 eta=5699.465561915295
step=6601 tokens=865206272/1100000000 loss=3.6835 lr=6.03e-05 tok/s=41,393 eta=5672.315633659234
step=6602 tokens=865337344/1100000000 loss=3.8558 lr=6.02e-05 tok/s=41,595 eta=5641.629672480787
step=6603 tokens=865468416/1100000000 loss=3.7913 lr=6.02e-05 tok/s=41,399 eta=5665.089524629172
step=6604 tokens=865599488/1100000000 loss=3.6829 lr=6.02e-05 tok/s=41,674 eta=5624.618587716279
step=6605 tokens=865730560/1100000000 loss=3.7423 lr=6.02e-05 tok/s=41,356 eta=5664.71046681142
step=6606 tokens=865861632/1100000000 loss=3.6928 lr=6.01e-05 tok/s=41,348 eta=5662.570398232483
step=6607 tokens=865992704/1100000000 loss=3.6373 lr=6.01e-05 tok/s=41,240 eta=5674.32285700904
step=6608 tokens=866123776/1100000000 loss=3.6664 lr=6.01e-05 tok/s=41,411 eta=5647.655238790941
step=6609 tokens=866254848/1100000000 loss=3.7392 lr=6e-05 tok/s=41,258 eta=5665.437633160438
step=6610 tokens=866385920/1100000000 loss=3.6797 lr=6e-05 tok/s=41,544 eta=5623.3320928189905
step=6611 tokens=866516992/1100000000 loss=3.7090 lr=6e-05 tok/s=41,517 eta=5623.820326006259
step=6612 tokens=866648064/1100000000 loss=3.6960 lr=5.99e-05 tok/s=41,406 eta=5635.648911723793
step=6613 tokens=866779136/1100000000 loss=3.6603 lr=5.99e-05 tok/s=41,333 eta=5642.543964435545
step=6614 tokens=866910208/1100000000 loss=3.6927 lr=5.99e-05 tok/s=41,464 eta=5621.434108916191
step=6615 tokens=867041280/1100000000 loss=3.6412 lr=5.98e-05 tok/s=41,435 eta=5622.213015669998
step=6616 tokens=867172352/1100000000 loss=3.5334 lr=5.98e-05 tok/s=41,646 eta=5590.593533977296
step=6617 tokens=867303424/1100000000 loss=3.6509 lr=5.98e-05 tok/s=41,423 eta=5617.601415752116
step=6618 tokens=867434496/1100000000 loss=3.8060 lr=5.97e-05 tok/s=41,315 eta=5629.127130087962
step=6619 tokens=867565568/1100000000 loss=3.8302 lr=5.97e-05 tok/s=41,257 eta=5633.821643781793
step=6620 tokens=867696640/1100000000 loss=3.5665 lr=5.97e-05 tok/s=41,243 eta=5632.520732345006
step=6621 tokens=867827712/1100000000 loss=3.6784 lr=5.96e-05 tok/s=41,256 eta=5627.664834833049
step=6622 tokens=867958784/1100000000 loss=3.6292 lr=5.96e-05 tok/s=41,277 eta=5621.5252170075555
step=6623 tokens=868089856/1100000000 loss=3.6810 lr=5.96e-05 tok/s=41,211 eta=5627.42674071619
step=6624 tokens=868220928/1100000000 loss=3.6058 lr=5.95e-05 tok/s=41,226 eta=5622.089753587616
step=6625 tokens=868352000/1100000000 loss=3.6116 lr=5.95e-05 tok/s=41,403 eta=5594.964597696378
step=6626 tokens=868483072/1100000000 loss=3.7005 lr=5.95e-05 tok/s=41,438 eta=5587.058822197419
step=6627 tokens=868614144/1100000000 loss=3.5820 lr=5.94e-05 tok/s=41,545 eta=5569.572957326834
step=6628 tokens=868745216/1100000000 loss=3.6904 lr=5.94e-05 tok/s=41,411 eta=5584.320078924936
step=6629 tokens=868876288/1100000000 loss=3.6714 lr=5.94e-05 tok/s=41,238 eta=5604.693513482057
step=6630 tokens=869007360/1100000000 loss=3.7229 lr=5.93e-05 tok/s=41,234 eta=5602.011419723432
step=6631 tokens=869138432/1100000000 loss=3.6795 lr=5.93e-05 tok/s=41,278 eta=5592.816575423238
step=6632 tokens=869269504/1100000000 loss=3.6008 lr=5.93e-05 tok/s=41,437 eta=5568.22994236628
step=6633 tokens=869400576/1100000000 loss=3.6776 lr=5.93e-05 tok/s=41,342 eta=5577.822064856519
step=6634 tokens=869531648/1100000000 loss=3.5924 lr=5.92e-05 tok/s=41,471 eta=5557.388212430353
step=6635 tokens=869662720/1100000000 loss=3.7001 lr=5.92e-05 tok/s=41,359 eta=5569.185026566774
step=6636 tokens=869793792/1100000000 loss=3.6220 lr=5.92e-05 tok/s=41,355 eta=5566.633986135785
step=6637 tokens=869924864/1100000000 loss=3.6475 lr=5.91e-05 tok/s=41,624 eta=5527.421006808006
step=6638 tokens=870055936/1100000000 loss=3.6634 lr=5.91e-05 tok/s=30,023 eta=7658.832870433494
step=6639 tokens=870187008/1100000000 loss=3.7031 lr=5.91e-05 tok/s=41,579 eta=5527.14537185129
step=6640 tokens=870318080/1100000000 loss=3.5425 lr=5.9e-05 tok/s=41,080 eta=5591.025075692988
step=6641 tokens=870449152/1100000000 loss=3.6190 lr=5.9e-05 tok/s=41,138 eta=5580.017578227281
step=6642 tokens=870580224/1100000000 loss=3.6439 lr=5.9e-05 tok/s=41,359 eta=5546.977478725955
step=6643 tokens=870711296/1100000000 loss=3.5771 lr=5.89e-05 tok/s=41,242 eta=5559.640582438984
step=6644 tokens=870842368/1100000000 loss=3.6087 lr=5.89e-05 tok/s=41,320 eta=5545.943036776898
step=6645 tokens=870973440/1100000000 loss=3.5712 lr=5.89e-05 tok/s=41,436 eta=5527.290455277151
step=6646 tokens=871104512/1100000000 loss=3.6190 lr=5.88e-05 tok/s=41,246 eta=5549.489248914976
step=6647 tokens=871235584/1100000000 loss=3.6319 lr=5.88e-05 tok/s=41,224 eta=5549.277393667196
step=6648 tokens=871366656/1100000000 loss=3.6455 lr=5.88e-05 tok/s=41,185 eta=5551.412949006907
step=6649 tokens=871497728/1100000000 loss=3.6695 lr=5.87e-05 tok/s=41,322 eta=5529.789500428838
step=6650 tokens=871628800/1100000000 loss=3.6361 lr=5.87e-05 tok/s=41,277 eta=5532.617585854834
step=6651 tokens=871759872/1100000000 loss=3.5540 lr=5.87e-05 tok/s=41,058 eta=5558.969794045779
step=6652 tokens=871890944/1100000000 loss=3.5720 lr=5.86e-05 tok/s=41,093 eta=5551.073038760696
step=6653 tokens=872022016/1100000000 loss=3.5441 lr=5.86e-05 tok/s=41,261 eta=5525.322634567165
step=6654 tokens=872153088/1100000000 loss=3.6083 lr=5.86e-05 tok/s=41,360 eta=5508.860870921894
step=6655 tokens=872284160/1100000000 loss=3.6286 lr=5.85e-05 tok/s=41,076 eta=5543.74915578073
step=6656 tokens=872415232/1100000000 loss=3.8004 lr=5.85e-05 tok/s=41,389 eta=5498.700954427033
step=6657 tokens=872546304/1100000000 loss=3.9556 lr=5.85e-05 tok/s=41,427 eta=5490.467284542682
step=6658 tokens=872677376/1100000000 loss=3.5971 lr=5.85e-05 tok/s=41,565 eta=5469.069209848647
step=6659 tokens=872808448/1100000000 loss=3.6004 lr=5.84e-05 tok/s=41,595 eta=5462.040026885857
step=6660 tokens=872939520/1100000000 loss=3.5330 lr=5.84e-05 tok/s=41,579 eta=5460.9842736450255
step=6661 tokens=873070592/1100000000 loss=3.5833 lr=5.84e-05 tok/s=41,578 eta=5457.893068440269
step=6662 tokens=873201664/1100000000 loss=3.6407 lr=5.83e-05 tok/s=41,547 eta=5458.797728984374
step=6663 tokens=873332736/1100000000 loss=3.5773 lr=5.83e-05 tok/s=41,337 eta=5483.382729297142
step=6664 tokens=873463808/1100000000 loss=3.6824 lr=5.83e-05 tok/s=41,279 eta=5487.956563589892
step=6665 tokens=873594880/1100000000 loss=3.5106 lr=5.82e-05 tok/s=41,032 eta=5517.720832582848
step=6666 tokens=873725952/1100000000 loss=3.5611 lr=5.82e-05 tok/s=41,205 eta=5491.455776157657
step=6667 tokens=873857024/1100000000 loss=3.6299 lr=5.82e-05 tok/s=41,218 eta=5486.512520450131
step=6668 tokens=873988096/1100000000 loss=3.5361 lr=5.81e-05 tok/s=41,294 eta=5473.172440531401
step=6669 tokens=874119168/1100000000 loss=3.5608 lr=5.81e-05 tok/s=41,479 eta=5445.637539724604
step=6670 tokens=874250240/1100000000 loss=3.5924 lr=5.81e-05 tok/s=41,412 eta=5451.272107689679
step=6671 tokens=874381312/1100000000 loss=3.5330 lr=5.8e-05 tok/s=41,301 eta=5462.811538366613
step=6672 tokens=874512384/1100000000 loss=3.5988 lr=5.8e-05 tok/s=41,329 eta=5455.905496108479
step=6673 tokens=874643456/1100000000 loss=3.5611 lr=5.8e-05 tok/s=41,389 eta=5444.783839136493
step=6674 tokens=874774528/1100000000 loss=3.6388 lr=5.8e-05 tok/s=41,280 eta=5456.00986820659
step=6675 tokens=874905600/1100000000 loss=3.5553 lr=5.79e-05 tok/s=41,509 eta=5422.780925010303
step=6676 tokens=875036672/1100000000 loss=3.6463 lr=5.79e-05 tok/s=41,432 eta=5429.737360002114
step=6677 tokens=875167744/1100000000 loss=3.4530 lr=5.79e-05 tok/s=41,436 eta=5425.94856416865
step=6678 tokens=875298816/1100000000 loss=3.5910 lr=5.78e-05 tok/s=41,527 eta=5410.949675371444
step=6679 tokens=875429888/1100000000 loss=3.5579 lr=5.78e-05 tok/s=41,316 eta=5435.427365555533
step=6680 tokens=875560960/1100000000 loss=3.4310 lr=5.78e-05 tok/s=41,361 eta=5426.287658164926
step=6681 tokens=875692032/1100000000 loss=3.5677 lr=5.77e-05 tok/s=41,400 eta=5418.125281164548
step=6682 tokens=875823104/1100000000 loss=3.6134 lr=5.77e-05 tok/s=41,419 eta=5412.359572941272
step=6683 tokens=875954176/1100000000 loss=3.6865 lr=5.77e-05 tok/s=41,549 eta=5392.382502119135
step=6684 tokens=876085248/1100000000 loss=3.5564 lr=5.76e-05 tok/s=41,607 eta=5381.692879520306
step=6685 tokens=876216320/1100000000 loss=3.5348 lr=5.76e-05 tok/s=41,517 eta=5390.169922766976
step=6686 tokens=876347392/1100000000 loss=3.5249 lr=5.76e-05 tok/s=41,487 eta=5390.93288381063
step=6687 tokens=876478464/1100000000 loss=3.4896 lr=5.75e-05 tok/s=41,646 eta=5367.150921171132
step=6688 tokens=876609536/1100000000 loss=3.4947 lr=5.75e-05 tok/s=41,588 eta=5371.56420875334
step=6689 tokens=876740608/1100000000 loss=3.6097 lr=5.75e-05 tok/s=41,526 eta=5376.312883337451
step=6690 tokens=876871680/1100000000 loss=3.5041 lr=5.75e-05 tok/s=41,385 eta=5391.514727446191
step=6691 tokens=877002752/1100000000 loss=3.5749 lr=5.74e-05 tok/s=41,239 eta=5407.459196621256
step=6692 tokens=877133824/1100000000 loss=3.5212 lr=5.74e-05 tok/s=41,265 eta=5400.836214108466
step=6693 tokens=877264896/1100000000 loss=3.4587 lr=5.74e-05 tok/s=41,441 eta=5374.779047091695
step=6694 tokens=877395968/1100000000 loss=3.6042 lr=5.73e-05 tok/s=41,543 eta=5358.368184816102
step=6695 tokens=877527040/1100000000 loss=3.5669 lr=5.73e-05 tok/s=41,563 eta=5352.645534021505
step=6696 tokens=877658112/1100000000 loss=3.5257 lr=5.73e-05 tok/s=41,514 eta=5355.830352537872
step=6697 tokens=877789184/1100000000 loss=3.5954 lr=5.72e-05 tok/s=41,163 eta=5398.249881957451
step=6698 tokens=877920256/1100000000 loss=3.6564 lr=5.72e-05 tok/s=41,239 eta=5385.179562265114
step=6699 tokens=878051328/1100000000 loss=3.6057 lr=5.72e-05 tok/s=41,191 eta=5388.326557029962
step=6700 tokens=878182400/1100000000 loss=3.6070 lr=5.71e-05 tok/s=41,111 eta=5395.520000994625
step=6701 tokens=878313472/1100000000 loss=3.5702 lr=5.71e-05 tok/s=41,098 eta=5394.089005237675
step=6702 tokens=878444544/1100000000 loss=3.6469 lr=5.71e-05 tok/s=41,142 eta=5385.1609737610925
step=6703 tokens=878575616/1100000000 loss=3.6564 lr=5.7e-05 tok/s=41,215 eta=5372.476519662315
step=6704 tokens=878706688/1100000000 loss=3.5557 lr=5.7e-05 tok/s=40,922 eta=5407.6572873240075
step=6705 tokens=878837760/1100000000 loss=3.5790 lr=5.7e-05 tok/s=41,237 eta=5363.13834013105
step=6706 tokens=878968832/1100000000 loss=3.6433 lr=5.7e-05 tok/s=41,090 eta=5379.172987813967
step=6707 tokens=879099904/1100000000 loss=3.5715 lr=5.69e-05 tok/s=41,139 eta=5369.5687461753305
step=6708 tokens=879230976/1100000000 loss=3.6042 lr=5.69e-05 tok/s=41,136 eta=5366.841815857792
step=6709 tokens=879362048/1100000000 loss=3.6173 lr=5.69e-05 tok/s=41,148 eta=5362.110343043641
step=6710 tokens=879493120/1100000000 loss=3.6414 lr=5.68e-05 tok/s=41,194 eta=5352.901648289149
step=6711 tokens=879624192/1100000000 loss=3.6660 lr=5.68e-05 tok/s=41,157 eta=5354.545167252403
step=6712 tokens=879755264/1100000000 loss=3.5923 lr=5.68e-05 tok/s=41,363 eta=5324.737397946462
step=6713 tokens=879886336/1100000000 loss=3.6080 lr=5.67e-05 tok/s=41,336 eta=5325.035398749811
step=6714 tokens=880017408/1100000000 loss=3.6467 lr=5.67e-05 tok/s=29,766 eta=7390.337244958038
step=6715 tokens=880148480/1100000000 loss=3.6079 lr=5.67e-05 tok/s=41,136 eta=5344.518506991783
step=6716 tokens=880279552/1100000000 loss=3.5987 lr=5.66e-05 tok/s=41,128 eta=5342.370535986461
step=6717 tokens=880410624/1100000000 loss=3.7570 lr=5.66e-05 tok/s=41,138 eta=5337.913838367437
step=6718 tokens=880541696/1100000000 loss=3.6410 lr=5.66e-05 tok/s=41,372 eta=5304.570526842973
step=6719 tokens=880672768/1100000000 loss=3.6177 lr=5.66e-05 tok/s=41,153 eta=5329.543011063554
step=6720 tokens=880803840/1100000000 loss=3.6412 lr=5.65e-05 tok/s=40,993 eta=5347.0978459144335
step=6721 tokens=880934912/1100000000 loss=3.6369 lr=5.65e-05 tok/s=41,179 eta=5319.878235833642
step=6722 tokens=881065984/1100000000 loss=3.6068 lr=5.65e-05 tok/s=41,125 eta=5323.60687416457
step=6723 tokens=881197056/1100000000 loss=3.6453 lr=5.64e-05 tok/s=41,203 eta=5310.373532562227
step=6724 tokens=881328128/1100000000 loss=3.6256 lr=5.64e-05 tok/s=41,200 eta=5307.539501381551
step=6725 tokens=881459200/1100000000 loss=3.5399 lr=5.64e-05 tok/s=41,052 eta=5323.5130966472525
step=6726 tokens=881590272/1100000000 loss=3.5454 lr=5.63e-05 tok/s=41,055 eta=5319.938218444682
step=6727 tokens=881721344/1100000000 loss=3.6797 lr=5.63e-05 tok/s=41,130 eta=5307.018680559929
step=6728 tokens=881852416/1100000000 loss=3.6480 lr=5.63e-05 tok/s=41,176 eta=5297.981429387861
step=6729 tokens=881983488/1100000000 loss=3.6596 lr=5.63e-05 tok/s=40,970 eta=5321.4168699469055
step=6730 tokens=882114560/1100000000 loss=3.6435 lr=5.62e-05 tok/s=41,120 eta=5298.771411901241
step=6731 tokens=882245632/1100000000 loss=3.6314 lr=5.62e-05 tok/s=41,126 eta=5294.779679008674
step=6732 tokens=882376704/1100000000 loss=3.5583 lr=5.62e-05 tok/s=41,235 eta=5277.590690238725
step=6733 tokens=882507776/1100000000 loss=3.5685 lr=5.61e-05 tok/s=41,468 eta=5244.879723197403
step=6734 tokens=882638848/1100000000 loss=3.5475 lr=5.61e-05 tok/s=41,240 eta=5270.6521802436
step=6735 tokens=882769920/1100000000 loss=3.5638 lr=5.61e-05 tok/s=41,151 eta=5278.895939633688
step=6736 tokens=882900992/1100000000 loss=3.6444 lr=5.6e-05 tok/s=41,322 eta=5253.832565459717
step=6737 tokens=883032064/1100000000 loss=3.6527 lr=5.6e-05 tok/s=41,174 eta=5269.513370211446
step=6738 tokens=883163136/1100000000 loss=3.6796 lr=5.6e-05 tok/s=41,339 eta=5245.303514411948
step=6739 tokens=883294208/1100000000 loss=3.5887 lr=5.59e-05 tok/s=41,162 eta=5264.667464154113
step=6740 tokens=883425280/1100000000 loss=3.6237 lr=5.59e-05 tok/s=41,489 eta=5220.0380807206775
step=6741 tokens=883556352/1100000000 loss=3.6007 lr=5.59e-05 tok/s=41,141 eta=5260.9831078250945
step=6742 tokens=883687424/1100000000 loss=3.5683 lr=5.59e-05 tok/s=40,902 eta=5288.601400772367
step=6743 tokens=883818496/1100000000 loss=3.6778 lr=5.58e-05 tok/s=41,219 eta=5244.728588236715
step=6744 tokens=883949568/1100000000 loss=3.5963 lr=5.58e-05 tok/s=41,137 eta=5252.003671460292
step=6745 tokens=884080640/1100000000 loss=3.6651 lr=5.58e-05 tok/s=41,050 eta=5259.8498464110935
step=6746 tokens=884211712/1100000000 loss=3.6067 lr=5.57e-05 tok/s=41,090 eta=5251.5590823898065
step=6747 tokens=884342784/1100000000 loss=3.6142 lr=5.57e-05 tok/s=41,173 eta=5237.8628991732585
step=6748 tokens=884473856/1100000000 loss=3.5872 lr=5.57e-05 tok/s=40,888 eta=5271.164244019108
step=6749 tokens=884604928/1100000000 loss=3.5660 lr=5.56e-05 tok/s=40,943 eta=5260.843362340766
step=6750 tokens=884736000/1100000000 loss=3.6252 lr=5.56e-05 tok/s=41,286 eta=5213.966571145647
step=6751 tokens=884867072/1100000000 loss=3.6973 lr=5.56e-05 tok/s=41,272 eta=5212.581931098252
step=6752 tokens=884998144/1100000000 loss=3.6536 lr=5.56e-05 tok/s=41,277 eta=5208.711942673345
step=6753 tokens=885129216/1100000000 loss=3.5956 lr=5.55e-05 tok/s=41,318 eta=5200.355909127383
step=6754 tokens=885260288/1100000000 loss=3.6747 lr=5.55e-05 tok/s=41,051 eta=5231.02173376204
step=6755 tokens=885391360/1100000000 loss=3.6356 lr=5.55e-05 tok/s=41,000 eta=5234.34984471026
step=6756 tokens=885522432/1100000000 loss=3.6647 lr=5.54e-05 tok/s=41,231 eta=5201.8738441753785
step=6757 tokens=885653504/1100000000 loss=3.6516 lr=5.54e-05 tok/s=41,236 eta=5198.008845972845
step=6758 tokens=885784576/1100000000 loss=3.6998 lr=5.54e-05 tok/s=41,201 eta=5199.2251217989115
step=6759 tokens=885915648/1100000000 loss=3.6744 lr=5.53e-05 tok/s=41,138 eta=5204.100706467683
step=6760 tokens=886046720/1100000000 loss=3.6352 lr=5.53e-05 tok/s=40,963 eta=5223.101243067585
step=6761 tokens=886177792/1100000000 loss=3.6500 lr=5.53e-05 tok/s=41,100 eta=5202.5208264689045
step=6762 tokens=886308864/1100000000 loss=3.6829 lr=5.53e-05 tok/s=41,121 eta=5196.613564137847
step=6763 tokens=886439936/1100000000 loss=3.6315 lr=5.52e-05 tok/s=41,306 eta=5170.246969230771
step=6764 tokens=886571008/1100000000 loss=3.5867 lr=5.52e-05 tok/s=41,258 eta=5173.0496121206625
step=6765 tokens=886702080/1100000000 loss=3.7971 lr=5.52e-05 tok/s=41,244 eta=5171.594530331725
step=6766 tokens=886833152/1100000000 loss=3.6910 lr=5.51e-05 tok/s=41,231 eta=5170.120599067225
step=6767 tokens=886964224/1100000000 loss=3.5859 lr=5.51e-05 tok/s=41,021 eta=5193.369840362405
step=6768 tokens=887095296/1100000000 loss=3.7247 lr=5.51e-05 tok/s=41,016 eta=5190.718846004182
checkpoint saved: runs/20260905-021323/checkpoints/step_000006768 (time)
step=6769 tokens=887226368/1100000000 loss=3.6377 lr=5.5e-05 tok/s=34,431 eta=6179.752065420354
step=6770 tokens=887357440/1100000000 loss=3.5924 lr=5.5e-05 tok/s=41,438 eta=5131.5828412638275
step=6771 tokens=887488512/1100000000 loss=3.6243 lr=5.5e-05 tok/s=41,418 eta=5130.934135678414
step=6772 tokens=887619584/1100000000 loss=3.7985 lr=5.5e-05 tok/s=41,173 eta=5158.30545538654
step=6773 tokens=887750656/1100000000 loss=3.6602 lr=5.49e-05 tok/s=40,935 eta=5184.986301499683
step=6774 tokens=887881728/1100000000 loss=3.6418 lr=5.49e-05 tok/s=41,405 eta=5123.048947838179
step=6775 tokens=888012800/1100000000 loss=3.6372 lr=5.49e-05 tok/s=41,449 eta=5114.427770678268
step=6776 tokens=888143872/1100000000 loss=3.6665 lr=5.48e-05 tok/s=41,160 eta=5147.0907001233745
step=6777 tokens=888274944/1100000000 loss=3.6300 lr=5.48e-05 tok/s=41,416 eta=5112.213494057435
step=6778 tokens=888406016/1100000000 loss=3.5853 lr=5.48e-05 tok/s=41,310 eta=5122.155233207783
step=6779 tokens=888537088/1100000000 loss=3.6628 lr=5.47e-05 tok/s=41,312 eta=5118.679214537833
step=6780 tokens=888668160/1100000000 loss=3.6860 lr=5.47e-05 tok/s=41,244 eta=5123.970992313578
step=6781 tokens=888799232/1100000000 loss=3.5529 lr=5.47e-05 tok/s=41,185 eta=5128.11482006048
step=6782 tokens=888930304/1100000000 loss=3.6407 lr=5.47e-05 tok/s=41,255 eta=5116.233381058881
step=6783 tokens=889061376/1100000000 loss=3.6833 lr=5.46e-05 tok/s=41,437 eta=5090.526630550097
step=6784 tokens=889192448/1100000000 loss=3.6342 lr=5.46e-05 tok/s=41,108 eta=5128.1312758377135
step=6785 tokens=889323520/1100000000 loss=3.6632 lr=5.46e-05 tok/s=41,359 eta=5093.863319484533
step=6786 tokens=889454592/1100000000 loss=3.6513 lr=5.45e-05 tok/s=41,334 eta=5093.815399185573
step=6787 tokens=889585664/1100000000 loss=3.6025 lr=5.45e-05 tok/s=41,458 eta=5075.308284765713
step=6788 tokens=889716736/1100000000 loss=3.7262 lr=5.45e-05 tok/s=41,210 eta=5102.770944871633
step=6789 tokens=889847808/1100000000 loss=3.6948 lr=5.44e-05 tok/s=41,243 eta=5095.4485368444275
step=6790 tokens=889978880/1100000000 loss=3.6790 lr=5.44e-05 tok/s=41,168 eta=5101.618875864052
step=6791 tokens=890109952/1100000000 loss=3.5861 lr=5.44e-05 tok/s=29,773 eta=7049.748492220315
step=6792 tokens=890241024/1100000000 loss=3.6588 lr=5.44e-05 tok/s=41,465 eta=5058.743323686038
step=6793 tokens=890372096/1100000000 loss=3.6014 lr=5.43e-05 tok/s=41,327 eta=5072.376537649296
step=6794 tokens=890503168/1100000000 loss=3.6608 lr=5.43e-05 tok/s=41,264 eta=5076.943685350334
step=6795 tokens=890634240/1100000000 loss=3.6068 lr=5.43e-05 tok/s=41,342 eta=5064.283440193338
step=6796 tokens=890765312/1100000000 loss=3.6568 lr=5.42e-05 tok/s=41,183 eta=5080.55415716842
step=6797 tokens=890896384/1100000000 loss=3.6616 lr=5.42e-05 tok/s=41,192 eta=5076.359314256405
step=6798 tokens=891027456/1100000000 loss=3.6482 lr=5.42e-05 tok/s=41,353 eta=5053.407581477499
step=6799 tokens=891158528/1100000000 loss=3.6045 lr=5.42e-05 tok/s=41,303 eta=5056.354498120891
step=6800 tokens=891289600/1100000000 loss=3.6332 lr=5.41e-05 tok/s=41,082 eta=5080.3400070885
step=6801 tokens=891420672/1100000000 loss=3.6272 lr=5.41e-05 tok/s=41,073 eta=5078.215114666669
step=6802 tokens=891551744/1100000000 loss=3.6163 lr=5.41e-05 tok/s=41,151 eta=5065.442652916386
step=6803 tokens=891682816/1100000000 loss=3.7247 lr=5.4e-05 tok/s=40,998 eta=5081.197751444902
step=6804 tokens=891813888/1100000000 loss=3.5861 lr=5.4e-05 tok/s=40,926 eta=5086.924246185461
step=6805 tokens=891944960/1100000000 loss=3.5927 lr=5.4e-05 tok/s=41,162 eta=5054.546881041907
step=6806 tokens=892076032/1100000000 loss=3.5801 lr=5.39e-05 tok/s=41,327 eta=5031.241600533448
step=6807 tokens=892207104/1100000000 loss=3.6652 lr=5.39e-05 tok/s=41,012 eta=5066.670067784957
step=6808 tokens=892338176/1100000000 loss=3.5715 lr=5.39e-05 tok/s=41,254 eta=5033.797589203616
step=6809 tokens=892469248/1100000000 loss=3.6227 lr=5.39e-05 tok/s=41,063 eta=5053.976000602062
step=6810 tokens=892600320/1100000000 loss=3.6437 lr=5.38e-05 tok/s=41,321 eta=5019.232877138209
step=6811 tokens=892731392/1100000000 loss=3.7510 lr=5.38e-05 tok/s=41,278 eta=5021.333027623414
step=6812 tokens=892862464/1100000000 loss=3.6598 lr=5.38e-05 tok/s=41,114 eta=5038.091773958961
step=6813 tokens=892993536/1100000000 loss=3.6908 lr=5.37e-05 tok/s=41,043 eta=5043.597745696602
step=6814 tokens=893124608/1100000000 loss=3.6571 lr=5.37e-05 tok/s=41,092 eta=5034.438653260398
step=6815 tokens=893255680/1100000000 loss=3.6262 lr=5.37e-05 tok/s=41,112 eta=5028.7950525873875
step=6816 tokens=893386752/1100000000 loss=3.6464 lr=5.37e-05 tok/s=41,196 eta=5015.331447949575
step=6817 tokens=893517824/1100000000 loss=3.6512 lr=5.36e-05 tok/s=41,142 eta=5018.771118321338
step=6818 tokens=893648896/1100000000 loss=3.8149 lr=5.36e-05 tok/s=41,182 eta=5010.697969978332
step=6819 tokens=893779968/1100000000 loss=3.6877 lr=5.36e-05 tok/s=41,099 eta=5017.650175642687
step=6820 tokens=893911040/1100000000 loss=3.6392 lr=5.35e-05 tok/s=41,028 eta=5023.1178578008885
step=6821 tokens=894042112/1100000000 loss=3.6260 lr=5.35e-05 tok/s=41,277 eta=4989.604953794995
step=6822 tokens=894173184/1100000000 loss=3.6133 lr=5.35e-05 tok/s=41,182 eta=4997.950767058945
step=6823 tokens=894304256/1100000000 loss=3.6022 lr=5.35e-05 tok/s=41,197 eta=4992.98114367375
step=6824 tokens=894435328/1100000000 loss=3.7194 lr=5.34e-05 tok/s=41,216 eta=4987.456512002716
step=6825 tokens=894566400/1100000000 loss=3.5623 lr=5.34e-05 tok/s=40,834 eta=5030.9583841853955
step=6826 tokens=894697472/1100000000 loss=3.5223 lr=5.34e-05 tok/s=41,122 eta=4992.506796554094
step=6827 tokens=894828544/1100000000 loss=3.5954 lr=5.33e-05 tok/s=41,131 eta=4988.18584689423
step=6828 tokens=894959616/1100000000 loss=3.6596 lr=5.33e-05 tok/s=41,356 eta=4957.9740276037755
step=6829 tokens=895090688/1100000000 loss=3.7229 lr=5.33e-05 tok/s=41,261 eta=4966.128371030497
step=6830 tokens=895221760/1100000000 loss=3.6611 lr=5.33e-05 tok/s=41,180 eta=4972.817781961172
step=6831 tokens=895352832/1100000000 loss=3.5760 lr=5.32e-05 tok/s=41,111 eta=4977.87867916922
step=6832 tokens=895483904/1100000000 loss=3.6388 lr=5.32e-05 tok/s=41,362 eta=4944.539002127501
step=6833 tokens=895614976/1100000000 loss=3.5934 lr=5.32e-05 tok/s=41,085 eta=4974.631766297918
step=6834 tokens=895746048/1100000000 loss=3.6231 lr=5.31e-05 tok/s=41,012 eta=4980.319120275296
step=6835 tokens=895877120/1100000000 loss=3.5864 lr=5.31e-05 tok/s=41,247 eta=4948.758133290974
step=6836 tokens=896008192/1100000000 loss=3.5495 lr=5.31e-05 tok/s=41,018 eta=4973.232873765916
step=6837 tokens=896139264/1100000000 loss=3.5346 lr=5.3e-05 tok/s=41,162 eta=4952.61638323984
step=6838 tokens=896270336/1100000000 loss=3.6053 lr=5.3e-05 tok/s=41,259 eta=4937.866044535361
step=6839 tokens=896401408/1100000000 loss=3.6056 lr=5.3e-05 tok/s=41,121 eta=4951.186664304968
step=6840 tokens=896532480/1100000000 loss=3.6523 lr=5.3e-05 tok/s=41,244 eta=4933.240578891177
step=6841 tokens=896663552/1100000000 loss=3.6911 lr=5.29e-05 tok/s=41,177 eta=4938.106419186073
step=6842 tokens=896794624/1100000000 loss=3.6974 lr=5.29e-05 tok/s=41,357 eta=4913.453236931359
step=6843 tokens=896925696/1100000000 loss=3.7485 lr=5.29e-05 tok/s=41,203 eta=4928.686774804662
step=6844 tokens=897056768/1100000000 loss=3.5812 lr=5.28e-05 tok/s=41,530 eta=4886.658842434375
step=6845 tokens=897187840/1100000000 loss=3.6328 lr=5.28e-05 tok/s=41,353 eta=4904.3623470457
step=6846 tokens=897318912/1100000000 loss=3.6093 lr=5.28e-05 tok/s=41,142 eta=4926.335955442485
step=6847 tokens=897449984/1100000000 loss=3.5903 lr=5.28e-05 tok/s=41,259 eta=4909.195612602754
step=6848 tokens=897581056/1100000000 loss=3.6610 lr=5.27e-05 tok/s=41,408 eta=4888.358470062963
step=6849 tokens=897712128/1100000000 loss=3.6664 lr=5.27e-05 tok/s=41,368 eta=4889.963618852464
step=6850 tokens=897843200/1100000000 loss=3.5613 lr=5.27e-05 tok/s=41,147 eta=4913.014447784869
step=6851 tokens=897974272/1100000000 loss=3.6987 lr=5.26e-05 tok/s=41,290 eta=4892.89142909911
step=6852 tokens=898105344/1100000000 loss=3.8403 lr=5.26e-05 tok/s=41,305 eta=4887.949349438171
step=6853 tokens=898236416/1100000000 loss=3.7356 lr=5.26e-05 tok/s=41,278 eta=4887.945485528429
step=6854 tokens=898367488/1100000000 loss=3.6209 lr=5.26e-05 tok/s=41,550 eta=4852.785686031271
step=6855 tokens=898498560/1100000000 loss=3.6987 lr=5.25e-05 tok/s=41,670 eta=4835.689643747639
step=6856 tokens=898629632/1100000000 loss=3.7547 lr=5.25e-05 tok/s=41,681 eta=4831.2564602455595
step=6857 tokens=898760704/1100000000 loss=3.6014 lr=5.25e-05 tok/s=41,243 eta=4879.4052719303
step=6858 tokens=898891776/1100000000 loss=3.5272 lr=5.24e-05 tok/s=41,186 eta=4882.915335039879
step=6859 tokens=899022848/1100000000 loss=3.6402 lr=5.24e-05 tok/s=41,250 eta=4872.225948654226
step=6860 tokens=899153920/1100000000 loss=3.6281 lr=5.24e-05 tok/s=41,342 eta=4858.207640257676
step=6861 tokens=899284992/1100000000 loss=3.4819 lr=5.24e-05 tok/s=41,350 eta=4854.042896266779
step=6862 tokens=899416064/1100000000 loss=3.4271 lr=5.23e-05 tok/s=41,126 eta=4877.24403227929
step=6863 tokens=899547136/1100000000 loss=3.5505 lr=5.23e-05 tok/s=41,109 eta=4876.1765167500325
step=6864 tokens=899678208/1100000000 loss=3.5205 lr=5.23e-05 tok/s=41,137 eta=4869.579471074331
step=6865 tokens=899809280/1100000000 loss=3.5083 lr=5.23e-05 tok/s=41,200 eta=4859.024944991851
step=6866 tokens=899940352/1100000000 loss=3.6333 lr=5.22e-05 tok/s=41,423 eta=4829.730832667318
step=6867 tokens=900071424/1100000000 loss=3.5330 lr=5.22e-05 tok/s=29,830 eta=6702.354342798704
checkpoint saved: runs/20260905-021323/checkpoints/tokens_000900m (permanent_tokens)
step=6868 tokens=900202496/1100000000 loss=3.5868 lr=5.22e-05 tok/s=34,638 eta=5768.173883335161
step=6869 tokens=900333568/1100000000 loss=3.5791 lr=5.21e-05 tok/s=41,492 eta=4812.143972757495
step=6870 tokens=900464640/1100000000 loss=3.5765 lr=5.21e-05 tok/s=41,450 eta=4813.877899335478
step=6871 tokens=900595712/1100000000 loss=3.5008 lr=5.21e-05 tok/s=41,174 eta=4842.962535164364
step=6872 tokens=900726784/1100000000 loss=3.6373 lr=5.21e-05 tok/s=41,347 eta=4819.5326247913
step=6873 tokens=900857856/1100000000 loss=3.5654 lr=5.2e-05 tok/s=41,360 eta=4814.890955351635
step=6874 tokens=900988928/1100000000 loss=3.5642 lr=5.2e-05 tok/s=41,246 eta=4824.955495202785
step=6875 tokens=901120000/1100000000 loss=3.5652 lr=5.2e-05 tok/s=41,288 eta=4816.911266296238
step=6876 tokens=901251072/1100000000 loss=3.5733 lr=5.19e-05 tok/s=41,169 eta=4827.633006716123
step=6877 tokens=901382144/1100000000 loss=3.5862 lr=5.19e-05 tok/s=41,309 eta=4808.156517466089
step=6878 tokens=901513216/1100000000 loss=3.5125 lr=5.19e-05 tok/s=41,365 eta=4798.429749903162
step=6879 tokens=901644288/1100000000 loss=3.6343 lr=5.19e-05 tok/s=41,310 eta=4801.590775999068
step=6880 tokens=901775360/1100000000 loss=3.5474 lr=5.18e-05 tok/s=41,364 eta=4792.254551098926
step=6881 tokens=901906432/1100000000 loss=3.6165 lr=5.18e-05 tok/s=41,236 eta=4803.944630415803
step=6882 tokens=902037504/1100000000 loss=3.4894 lr=5.18e-05 tok/s=41,289 eta=4794.541589048275
step=6883 tokens=902168576/1100000000 loss=3.4751 lr=5.17e-05 tok/s=41,516 eta=4765.206485280403
step=6884 tokens=902299648/1100000000 loss=3.6508 lr=5.17e-05 tok/s=41,353 eta=4780.841371904763
step=6885 tokens=902430720/1100000000 loss=3.6197 lr=5.17e-05 tok/s=41,299 eta=4783.905026874117
step=6886 tokens=902561792/1100000000 loss=3.5531 lr=5.17e-05 tok/s=41,214 eta=4790.585244302501
step=6887 tokens=902692864/1100000000 loss=3.6359 lr=5.16e-05 tok/s=41,182 eta=4791.103204958822
step=6888 tokens=902823936/1100000000 loss=3.5703 lr=5.16e-05 tok/s=41,181 eta=4788.040472774246
step=6889 tokens=902955008/1100000000 loss=3.5969 lr=5.16e-05 tok/s=41,295 eta=4771.661676967858
step=6890 tokens=903086080/1100000000 loss=3.5907 lr=5.15e-05 tok/s=41,223 eta=4776.748000090933
step=6891 tokens=903217152/1100000000 loss=3.6994 lr=5.15e-05 tok/s=41,374 eta=4756.227652422
step=6892 tokens=903348224/1100000000 loss=3.6597 lr=5.15e-05 tok/s=41,225 eta=4770.179018738061
step=6893 tokens=903479296/1100000000 loss=3.6448 lr=5.15e-05 tok/s=41,483 eta=4737.354295965908
step=6894 tokens=903610368/1100000000 loss=3.5867 lr=5.14e-05 tok/s=41,445 eta=4738.522359362006
step=6895 tokens=903741440/1100000000 loss=3.6555 lr=5.14e-05 tok/s=41,176 eta=4766.359814159183
step=6896 tokens=903872512/1100000000 loss=3.6870 lr=5.14e-05 tok/s=41,087 eta=4773.506692521531
step=6897 tokens=904003584/1100000000 loss=3.7270 lr=5.14e-05 tok/s=40,942 eta=4787.224722543939
step=6898 tokens=904134656/1100000000 loss=3.6370 lr=5.13e-05 tok/s=41,274 eta=4745.491197534421
step=6899 tokens=904265728/1100000000 loss=3.6148 lr=5.13e-05 tok/s=41,167 eta=4754.59315080693
step=6900 tokens=904396800/1100000000 loss=3.7541 lr=5.13e-05 tok/s=41,259 eta=4740.827198229775
step=6901 tokens=904527872/1100000000 loss=3.7171 lr=5.12e-05 tok/s=41,125 eta=4753.12275823524
step=6902 tokens=904658944/1100000000 loss=3.6163 lr=5.12e-05 tok/s=41,206 eta=4740.642130014936
step=6903 tokens=904790016/1100000000 loss=3.5833 lr=5.12e-05 tok/s=41,179 eta=4740.564390728243
step=6904 tokens=904921088/1100000000 loss=3.6149 lr=5.12e-05 tok/s=41,004 eta=4757.531897708609
step=6905 tokens=905052160/1100000000 loss=3.6314 lr=5.11e-05 tok/s=41,368 eta=4712.480215067945
step=6906 tokens=905183232/1100000000 loss=3.6024 lr=5.11e-05 tok/s=41,374 eta=4708.70424322702
step=6907 tokens=905314304/1100000000 loss=3.6987 lr=5.11e-05 tok/s=41,526 eta=4688.237349727985
step=6908 tokens=905445376/1100000000 loss=3.7496 lr=5.1e-05 tok/s=41,380 eta=4701.6987813699725
step=6909 tokens=905576448/1100000000 loss=3.6100 lr=5.1e-05 tok/s=41,274 eta=4710.580125630527
step=6910 tokens=905707520/1100000000 loss=3.7138 lr=5.1e-05 tok/s=41,532 eta=4678.143539428547
step=6911 tokens=905838592/1100000000 loss=3.7322 lr=5.1e-05 tok/s=41,516 eta=4676.82355615438
step=6912 tokens=905969664/1100000000 loss=3.6642 lr=5.09e-05 tok/s=41,419 eta=4684.5288472549155
step=6913 tokens=906100736/1100000000 loss=3.6016 lr=5.09e-05 tok/s=41,387 eta=4685.062008438932
step=6914 tokens=906231808/1100000000 loss=3.6251 lr=5.09e-05 tok/s=41,421 eta=4678.0630467812225
step=6915 tokens=906362880/1100000000 loss=3.6581 lr=5.09e-05 tok/s=41,311 eta=4687.249416635132
step=6916 tokens=906493952/1100000000 loss=3.5618 lr=5.08e-05 tok/s=41,321 eta=4682.950310273928
step=6917 tokens=906625024/1100000000 loss=3.6272 lr=5.08e-05 tok/s=41,320 eta=4679.954734131693
step=6918 tokens=906756096/1100000000 loss=3.6762 lr=5.08e-05 tok/s=41,364 eta=4671.791597862786
step=6919 tokens=906887168/1100000000 loss=3.6271 lr=5.07e-05 tok/s=41,616 eta=4640.359139398572
step=6920 tokens=907018240/1100000000 loss=3.6239 lr=5.07e-05 tok/s=41,654 eta=4632.944185926094
step=6921 tokens=907149312/1100000000 loss=3.6976 lr=5.07e-05 tok/s=41,289 eta=4670.717808410222
step=6922 tokens=907280384/1100000000 loss=3.7016 lr=5.07e-05 tok/s=41,453 eta=4649.138924338561
step=6923 tokens=907411456/1100000000 loss=3.6100 lr=5.06e-05 tok/s=41,420 eta=4649.691042811778
step=6924 tokens=907542528/1100000000 loss=3.6379 lr=5.06e-05 tok/s=41,375 eta=4651.496334407882
step=6925 tokens=907673600/1100000000 loss=3.6497 lr=5.06e-05 tok/s=41,428 eta=4642.451618074166
step=6926 tokens=907804672/1100000000 loss=3.5498 lr=5.06e-05 tok/s=41,321 eta=4651.256532195705
step=6927 tokens=907935744/1100000000 loss=3.5873 lr=5.05e-05 tok/s=41,313 eta=4649.050410021898
step=6928 tokens=908066816/1100000000 loss=3.5814 lr=5.05e-05 tok/s=41,419 eta=4633.9721546724095
step=6929 tokens=908197888/1100000000 loss=3.4968 lr=5.05e-05 tok/s=41,550 eta=4616.144791008403
step=6930 tokens=908328960/1100000000 loss=3.5485 lr=5.04e-05 tok/s=41,161 eta=4656.5975715701115
step=6931 tokens=908460032/1100000000 loss=3.4906 lr=5.04e-05 tok/s=41,359 eta=4631.1762941863
step=6932 tokens=908591104/1100000000 loss=3.5232 lr=5.04e-05 tok/s=41,503 eta=4611.902265311086
step=6933 tokens=908722176/1100000000 loss=3.5100 lr=5.04e-05 tok/s=41,561 eta=4602.3828539028145
step=6934 tokens=908853248/1100000000 loss=3.5017 lr=5.03e-05 tok/s=41,590 eta=4595.970647815347
step=6935 tokens=908984320/1100000000 loss=3.5054 lr=5.03e-05 tok/s=41,480 eta=4605.011296288439
step=6936 tokens=909115392/1100000000 loss=3.5366 lr=5.03e-05 tok/s=41,314 eta=4620.292184068588
step=6937 tokens=909246464/1100000000 loss=3.4970 lr=5.03e-05 tok/s=41,363 eta=4611.65232863675
step=6938 tokens=909377536/1100000000 loss=3.4793 lr=5.02e-05 tok/s=41,242 eta=4622.022509388143
step=6939 tokens=909508608/1100000000 loss=3.4677 lr=5.02e-05 tok/s=41,363 eta=4605.379956375676
step=6940 tokens=909639680/1100000000 loss=3.5240 lr=5.02e-05 tok/s=41,597 eta=4576.277022789253
step=6941 tokens=909770752/1100000000 loss=3.5114 lr=5.01e-05 tok/s=41,413 eta=4593.483621877795
step=6942 tokens=909901824/1100000000 loss=3.5520 lr=5.01e-05 tok/s=41,506 eta=4580.037772078077
step=6943 tokens=910032896/1100000000 loss=3.5078 lr=5.01e-05 tok/s=30,028 eta=6326.412343149748
step=6944 tokens=910163968/1100000000 loss=3.4033 lr=5.01e-05 tok/s=41,431 eta=4582.022163053057
step=6945 tokens=910295040/1100000000 loss=3.4086 lr=5e-05 tok/s=41,421 eta=4579.952899946139
step=6946 tokens=910426112/1100000000 loss=3.4597 lr=5e-05 tok/s=41,564 eta=4561.024005623235
step=6947 tokens=910557184/1100000000 loss=3.3637 lr=5e-05 tok/s=41,548 eta=4559.661646337619
step=6948 tokens=910688256/1100000000 loss=3.5226 lr=5e-05 tok/s=41,419 eta=4570.6601543433535
step=6949 tokens=910819328/1100000000 loss=3.5471 lr=4.99e-05 tok/s=41,407 eta=4568.845667673394
step=6950 tokens=910950400/1100000000 loss=3.4597 lr=4.99e-05 tok/s=41,141 eta=4595.205029181439
step=6951 tokens=911081472/1100000000 loss=3.5916 lr=4.99e-05 tok/s=41,508 eta=4551.354699668878
step=6952 tokens=911212544/1100000000 loss=3.4952 lr=4.98e-05 tok/s=41,600 eta=4538.157808140591
step=6953 tokens=911343616/1100000000 loss=3.6755 lr=4.98e-05 tok/s=41,333 eta=4564.307211167377
step=6954 tokens=911474688/1100000000 loss=3.5877 lr=4.98e-05 tok/s=41,370 eta=4557.026452928775
step=6955 tokens=911605760/1100000000 loss=3.6787 lr=4.98e-05 tok/s=41,394 eta=4551.285607970306
step=6956 tokens=911736832/1100000000 loss=3.7008 lr=4.97e-05 tok/s=41,358 eta=4552.080772356094
step=6957 tokens=911867904/1100000000 loss=3.6790 lr=4.97e-05 tok/s=41,348 eta=4549.967889472865
step=6958 tokens=911998976/1100000000 loss=3.6433 lr=4.97e-05 tok/s=41,475 eta=4532.9128980003525
step=6959 tokens=912130048/1100000000 loss=3.6939 lr=4.97e-05 tok/s=41,613 eta=4514.727673372304
step=6960 tokens=912261120/1100000000 loss=3.6450 lr=4.96e-05 tok/s=41,410 eta=4533.66244959061
step=6961 tokens=912392192/1100000000 loss=3.6378 lr=4.96e-05 tok/s=41,198 eta=4553.782574466625
step=6962 tokens=912523264/1100000000 loss=3.6388 lr=4.96e-05 tok/s=41,285 eta=4541.079671779273
step=6963 tokens=912654336/1100000000 loss=3.6962 lr=4.96e-05 tok/s=41,318 eta=4534.201697471545
step=6964 tokens=912785408/1100000000 loss=3.6575 lr=4.95e-05 tok/s=41,396 eta=4522.569917301333
step=6965 tokens=912916480/1100000000 loss=3.7186 lr=4.95e-05 tok/s=41,242 eta=4536.263159782283
step=6966 tokens=913047552/1100000000 loss=3.6055 lr=4.95e-05 tok/s=41,273 eta=4529.604779111281
step=6967 tokens=913178624/1100000000 loss=3.6171 lr=4.94e-05 tok/s=41,482 eta=4503.688808966394
step=6968 tokens=913309696/1100000000 loss=3.6307 lr=4.94e-05 tok/s=41,243 eta=4526.6238219172665
step=6969 tokens=913440768/1100000000 loss=3.6242 lr=4.94e-05 tok/s=41,150 eta=4533.655039889787
step=6970 tokens=913571840/1100000000 loss=3.5439 lr=4.94e-05 tok/s=41,308 eta=4513.071379095024
step=6971 tokens=913702912/1100000000 loss=3.6434 lr=4.93e-05 tok/s=41,428 eta=4496.8551555810545
step=6972 tokens=913833984/1100000000 loss=3.6629 lr=4.93e-05 tok/s=41,277 eta=4510.160167669484
step=6973 tokens=913965056/1100000000 loss=3.7090 lr=4.93e-05 tok/s=41,496 eta=4483.181099386613
step=6974 tokens=914096128/1100000000 loss=3.7017 lr=4.93e-05 tok/s=41,357 eta=4495.076115989163
step=6975 tokens=914227200/1100000000 loss=3.6284 lr=4.92e-05 tok/s=41,397 eta=4487.548584538698
step=6976 tokens=914358272/1100000000 loss=3.7064 lr=4.92e-05 tok/s=41,396 eta=4484.481042262267
step=6977 tokens=914489344/1100000000 loss=3.6675 lr=4.92e-05 tok/s=41,349 eta=4486.500008756516
step=6978 tokens=914620416/1100000000 loss=3.5505 lr=4.92e-05 tok/s=41,221 eta=4497.197594923535
step=6979 tokens=914751488/1100000000 loss=3.6227 lr=4.91e-05 tok/s=41,166 eta=4499.989434652675
step=6980 tokens=914882560/1100000000 loss=3.6316 lr=4.91e-05 tok/s=41,237 eta=4489.08991064747
step=6981 tokens=915013632/1100000000 loss=3.7700 lr=4.91e-05 tok/s=41,361 eta=4472.524676156465
step=6982 tokens=915144704/1100000000 loss=3.7611 lr=4.91e-05 tok/s=41,300 eta=4475.967381571343
step=6983 tokens=915275776/1100000000 loss=3.6301 lr=4.9e-05 tok/s=41,364 eta=4465.859821553213
step=6984 tokens=915406848/1100000000 loss=3.6041 lr=4.9e-05 tok/s=41,317 eta=4467.762351932121
step=6985 tokens=915537920/1100000000 loss=3.4226 lr=4.9e-05 tok/s=41,283 eta=4468.213834643486
step=6986 tokens=915668992/1100000000 loss=3.2556 lr=4.89e-05 tok/s=41,449 eta=4447.182724783986
step=6987 tokens=915800064/1100000000 loss=3.2504 lr=4.89e-05 tok/s=41,343 eta=4455.455155228928
step=6988 tokens=915931136/1100000000 loss=3.2036 lr=4.89e-05 tok/s=41,462 eta=4439.504346934063
step=6989 tokens=916062208/1100000000 loss=3.1462 lr=4.89e-05 tok/s=41,429 eta=4439.844218541585
step=6990 tokens=916193280/1100000000 loss=3.1775 lr=4.88e-05 tok/s=41,460 eta=4433.299582167239
step=6991 tokens=916324352/1100000000 loss=3.1111 lr=4.88e-05 tok/s=41,359 eta=4441.027207077721
step=6992 tokens=916455424/1100000000 loss=3.1240 lr=4.88e-05 tok/s=41,390 eta=4434.527519974824
step=6993 tokens=916586496/1100000000 loss=3.1635 lr=4.88e-05 tok/s=41,302 eta=4440.7688573564
step=6994 tokens=916717568/1100000000 loss=3.1411 lr=4.87e-05 tok/s=41,445 eta=4422.3465028302335
step=6995 tokens=916848640/1100000000 loss=3.0869 lr=4.87e-05 tok/s=41,327 eta=4431.807864613801
step=6996 tokens=916979712/1100000000 loss=3.0987 lr=4.87e-05 tok/s=41,370 eta=4424.0167100403905
step=6997 tokens=917110784/1100000000 loss=3.0836 lr=4.87e-05 tok/s=41,524 eta=4404.410237085682
step=6998 tokens=917241856/1100000000 loss=3.0911 lr=4.86e-05 tok/s=41,574 eta=4395.946210633715
step=6999 tokens=917372928/1100000000 loss=3.0395 lr=4.86e-05 tok/s=41,125 eta=4440.795422522445
step=7000 tokens=917504000/1100000000 loss=3.0740 lr=4.86e-05 tok/s=41,428 eta=4405.179068055723
step=7001 tokens=917635072/1100000000 loss=3.0675 lr=4.86e-05 tok/s=41,275 eta=4418.2529784935
step=7002 tokens=917766144/1100000000 loss=3.0510 lr=4.85e-05 tok/s=41,084 eta=4435.675900458781
step=7003 tokens=917897216/1100000000 loss=3.0799 lr=4.85e-05 tok/s=41,071 eta=4433.873597438409
step=7004 tokens=918028288/1100000000 loss=3.0468 lr=4.85e-05 tok/s=41,183 eta=4418.6196844209035
step=7005 tokens=918159360/1100000000 loss=3.0654 lr=4.84e-05 tok/s=41,580 eta=4373.2619342261
step=7006 tokens=918290432/1100000000 loss=3.0192 lr=4.84e-05 tok/s=41,646 eta=4363.237393835498
step=7007 tokens=918421504/1100000000 loss=3.0653 lr=4.84e-05 tok/s=41,519 eta=4373.373826148698
step=7008 tokens=918552576/1100000000 loss=3.0394 lr=4.84e-05 tok/s=41,467 eta=4375.754575281439
step=7009 tokens=918683648/1100000000 loss=3.0619 lr=4.83e-05 tok/s=41,491 eta=4370.059034001229
step=7010 tokens=918814720/1100000000 loss=3.0782 lr=4.83e-05 tok/s=41,479 eta=4368.079565852615
step=7011 tokens=918945792/1100000000 loss=3.0572 lr=4.83e-05 tok/s=41,597 eta=4352.620280209219
step=7012 tokens=919076864/1100000000 loss=2.9733 lr=4.83e-05 tok/s=41,380 eta=4372.247164615803
step=7013 tokens=919207936/1100000000 loss=3.0600 lr=4.82e-05 tok/s=41,316 eta=4375.853521935082
step=7014 tokens=919339008/1100000000 loss=3.1013 lr=4.82e-05 tok/s=41,579 eta=4344.981124801392
step=7015 tokens=919470080/1100000000 loss=3.0041 lr=4.82e-05 tok/s=41,334 eta=4367.589301984514
step=7016 tokens=919601152/1100000000 loss=3.0183 lr=4.82e-05 tok/s=41,311 eta=4366.88138053112
step=7017 tokens=919732224/1100000000 loss=3.4695 lr=4.81e-05 tok/s=41,276 eta=4367.334145431528
step=7018 tokens=919863296/1100000000 loss=3.6567 lr=4.81e-05 tok/s=41,188 eta=4373.471063246333
step=7019 tokens=919994368/1100000000 loss=3.5649 lr=4.81e-05 tok/s=41,301 eta=4358.434951967371
step=7020 tokens=920125440/1100000000 loss=3.5652 lr=4.81e-05 tok/s=29,967 eta=6002.434499880773
step=7021 tokens=920256512/1100000000 loss=3.5694 lr=4.8e-05 tok/s=41,379 eta=4343.847344915547
step=7022 tokens=920387584/1100000000 loss=3.5275 lr=4.8e-05 tok/s=41,472 eta=4330.9215305458965
step=7023 tokens=920518656/1100000000 loss=3.6056 lr=4.8e-05 tok/s=41,095 eta=4367.4522525411385
step=7024 tokens=920649728/1100000000 loss=3.5549 lr=4.8e-05 tok/s=41,381 eta=4334.080210575872
step=7025 tokens=920780800/1100000000 loss=3.5603 lr=4.79e-05 tok/s=41,486 eta=4319.967114398372
step=7026 tokens=920911872/1100000000 loss=3.4964 lr=4.79e-05 tok/s=41,591 eta=4305.909074171565
step=7027 tokens=921042944/1100000000 loss=3.5341 lr=4.79e-05 tok/s=41,303 eta=4332.826373076108
step=7028 tokens=921174016/1100000000 loss=3.5497 lr=4.79e-05 tok/s=41,286 eta=4331.409833418274
step=7029 tokens=921305088/1100000000 loss=3.4833 lr=4.78e-05 tok/s=41,689 eta=4286.386876121877
step=7030 tokens=921436160/1100000000 loss=3.4527 lr=4.78e-05 tok/s=41,519 eta=4300.726544768061
step=7031 tokens=921567232/1100000000 loss=3.5601 lr=4.78e-05 tok/s=41,464 eta=4303.30300739439
step=7032 tokens=921698304/1100000000 loss=3.5095 lr=4.78e-05 tok/s=41,419 eta=4304.784885516889
step=7033 tokens=921829376/1100000000 loss=3.4017 lr=4.77e-05 tok/s=41,611 eta=4281.82178073868
step=7034 tokens=921960448/1100000000 loss=3.5035 lr=4.77e-05 tok/s=41,285 eta=4312.43599112081
step=7035 tokens=922091520/1100000000 loss=3.4968 lr=4.77e-05 tok/s=41,258 eta=4312.068417701286
step=7036 tokens=922222592/1100000000 loss=3.5061 lr=4.77e-05 tok/s=41,283 eta=4306.289877812862
step=7037 tokens=922353664/1100000000 loss=3.5710 lr=4.76e-05 tok/s=41,291 eta=4302.285801519076
step=7038 tokens=922484736/1100000000 loss=3.4843 lr=4.76e-05 tok/s=41,364 eta=4291.527039214266
step=7039 tokens=922615808/1100000000 loss=3.4501 lr=4.76e-05 tok/s=41,340 eta=4290.875132122859
step=7040 tokens=922746880/1100000000 loss=3.4992 lr=4.76e-05 tok/s=41,215 eta=4300.731702042228
step=7041 tokens=922877952/1100000000 loss=3.5035 lr=4.75e-05 tok/s=41,319 eta=4286.694870738701
step=7042 tokens=923009024/1100000000 loss=3.5029 lr=4.75e-05 tok/s=41,528 eta=4261.917658771237
step=7043 tokens=923140096/1100000000 loss=3.5329 lr=4.75e-05 tok/s=41,229 eta=4289.661045855727
step=7044 tokens=923271168/1100000000 loss=3.4794 lr=4.74e-05 tok/s=41,385 eta=4270.309194282305
step=7045 tokens=923402240/1100000000 loss=3.5453 lr=4.74e-05 tok/s=41,221 eta=4284.144457060787
step=7046 tokens=923533312/1100000000 loss=3.4563 lr=4.74e-05 tok/s=41,139 eta=4289.547677052068
step=7047 tokens=923664384/1100000000 loss=3.4478 lr=4.74e-05 tok/s=41,383 eta=4261.023493410878
step=7048 tokens=923795456/1100000000 loss=3.3947 lr=4.73e-05 tok/s=41,239 eta=4272.795775934289
step=7049 tokens=923926528/1100000000 loss=3.6771 lr=4.73e-05 tok/s=41,302 eta=4263.110381054016
step=7050 tokens=924057600/1100000000 loss=3.6639 lr=4.73e-05 tok/s=41,404 eta=4249.416574479636
step=7051 tokens=924188672/1100000000 loss=3.6999 lr=4.73e-05 tok/s=41,343 eta=4252.473866918062
step=7052 tokens=924319744/1100000000 loss=3.6495 lr=4.72e-05 tok/s=41,496 eta=4233.627437765836
step=7053 tokens=924450816/1100000000 loss=3.6669 lr=4.72e-05 tok/s=41,445 eta=4235.731035437446
step=7054 tokens=924581888/1100000000 loss=3.6431 lr=4.72e-05 tok/s=41,449 eta=4232.110933999693
step=7055 tokens=924712960/1100000000 loss=3.6027 lr=4.72e-05 tok/s=41,318 eta=4242.3924825498025
step=7056 tokens=924844032/1100000000 loss=3.6037 lr=4.71e-05 tok/s=41,355 eta=4235.451438711416
step=7057 tokens=924975104/1100000000 loss=3.6487 lr=4.71e-05 tok/s=41,461 eta=4221.388441815379
step=7058 tokens=925106176/1100000000 loss=3.5988 lr=4.71e-05 tok/s=41,566 eta=4207.610271450684
step=7059 tokens=925237248/1100000000 loss=3.5952 lr=4.71e-05 tok/s=41,422 eta=4219.0768534296985
step=7060 tokens=925368320/1100000000 loss=3.6120 lr=4.7e-05 tok/s=41,327 eta=4225.559594006548
step=7061 tokens=925499392/1100000000 loss=3.6015 lr=4.7e-05 tok/s=41,573 eta=4197.426548123692
step=7062 tokens=925630464/1100000000 loss=3.6527 lr=4.7e-05 tok/s=41,574 eta=4194.239721952304
step=7063 tokens=925761536/1100000000 loss=3.6658 lr=4.7e-05 tok/s=41,534 eta=4195.094804192597
step=7064 tokens=925892608/1100000000 loss=3.6734 lr=4.69e-05 tok/s=41,449 eta=4200.518264217154
step=7065 tokens=926023680/1100000000 loss=3.6791 lr=4.69e-05 tok/s=41,369 eta=4205.501380159536
step=7066 tokens=926154752/1100000000 loss=3.6456 lr=4.69e-05 tok/s=41,472 eta=4191.836488960409
step=7067 tokens=926285824/1100000000 loss=3.6073 lr=4.69e-05 tok/s=41,573 eta=4178.511569152768
step=7068 tokens=926416896/1100000000 loss=3.6776 lr=4.68e-05 tok/s=41,504 eta=4182.363915634163
step=7069 tokens=926547968/1100000000 loss=3.6371 lr=4.68e-05 tok/s=41,355 eta=4194.179155306803
step=7070 tokens=926679040/1100000000 loss=3.6613 lr=4.68e-05 tok/s=41,596 eta=4166.774547591391
step=7071 tokens=926810112/1100000000 loss=3.7181 lr=4.68e-05 tok/s=41,578 eta=4165.468298540549
step=7072 tokens=926941184/1100000000 loss=3.6515 lr=4.67e-05 tok/s=41,571 eta=4162.966703728331
step=7073 tokens=927072256/1100000000 loss=3.5653 lr=4.67e-05 tok/s=41,469 eta=4170.040940132897
step=7074 tokens=927203328/1100000000 loss=3.6512 lr=4.67e-05 tok/s=41,471 eta=4166.6452383310825
step=7075 tokens=927334400/1100000000 loss=3.5686 lr=4.67e-05 tok/s=41,240 eta=4186.813434616534
step=7076 tokens=927465472/1100000000 loss=3.5611 lr=4.66e-05 tok/s=41,445 eta=4162.96801560882
step=7077 tokens=927596544/1100000000 loss=3.5966 lr=4.66e-05 tok/s=41,292 eta=4175.219928155891
step=7078 tokens=927727616/1100000000 loss=3.6354 lr=4.66e-05 tok/s=41,225 eta=4178.85388721987
step=7079 tokens=927858688/1100000000 loss=3.6107 lr=4.66e-05 tok/s=41,114 eta=4186.923029956412
step=7080 tokens=927989760/1100000000 loss=3.6072 lr=4.65e-05 tok/s=41,196 eta=4175.419220537454
step=7081 tokens=928120832/1100000000 loss=3.5869 lr=4.65e-05 tok/s=41,289 eta=4162.820043947459
step=7082 tokens=928251904/1100000000 loss=3.5943 lr=4.65e-05 tok/s=41,267 eta=4161.85407472385
step=7083 tokens=928382976/1100000000 loss=3.6194 lr=4.65e-05 tok/s=41,185 eta=4166.965106130392
step=7084 tokens=928514048/1100000000 loss=3.6587 lr=4.65e-05 tok/s=41,209 eta=4161.364891722231
step=7085 tokens=928645120/1100000000 loss=3.6372 lr=4.64e-05 tok/s=40,888 eta=4190.85852593697
step=7086 tokens=928776192/1100000000 loss=3.6335 lr=4.64e-05 tok/s=41,313 eta=4144.5204319442
step=7087 tokens=928907264/1100000000 loss=3.6277 lr=4.64e-05 tok/s=41,333 eta=4139.331041962623
step=7088 tokens=929038336/1100000000 loss=3.6478 lr=4.64e-05 tok/s=41,240 eta=4145.569284672881
step=7089 tokens=929169408/1100000000 loss=3.6450 lr=4.63e-05 tok/s=41,233 eta=4143.059738754165
step=7090 tokens=929300480/1100000000 loss=3.6481 lr=4.63e-05 tok/s=41,439 eta=4119.311885229022
step=7091 tokens=929431552/1100000000 loss=3.6576 lr=4.63e-05 tok/s=41,238 eta=4136.150712081248
step=7092 tokens=929562624/1100000000 loss=3.6614 lr=4.63e-05 tok/s=41,130 eta=4143.904730217307
step=7093 tokens=929693696/1100000000 loss=3.6254 lr=4.62e-05 tok/s=41,149 eta=4138.721586388986
step=7094 tokens=929824768/1100000000 loss=3.5978 lr=4.62e-05 tok/s=41,075 eta=4143.061536428101
step=7095 tokens=929955840/1100000000 loss=3.6444 lr=4.62e-05 tok/s=41,214 eta=4125.912456269138
step=7096 tokens=930086912/1100000000 loss=3.6200 lr=4.62e-05 tok/s=29,996 eta=5664.442859255482
step=7097 tokens=930217984/1100000000 loss=3.6450 lr=4.61e-05 tok/s=41,225 eta=4118.38488288213
step=7098 tokens=930349056/1100000000 loss=3.6432 lr=4.61e-05 tok/s=41,107 eta=4127.103455154663
step=7099 tokens=930480128/1100000000 loss=3.6411 lr=4.61e-05 tok/s=41,311 eta=4103.4815878242935
step=7100 tokens=930611200/1100000000 loss=3.6111 lr=4.61e-05 tok/s=41,086 eta=4122.784935217363
step=7101 tokens=930742272/1100000000 loss=3.6231 lr=4.6e-05 tok/s=41,119 eta=4116.310475613786
step=7102 tokens=930873344/1100000000 loss=3.6374 lr=4.6e-05 tok/s=41,249 eta=4100.090838419717
step=7103 tokens=931004416/1100000000 loss=3.5910 lr=4.6e-05 tok/s=41,124 eta=4109.444348549519
step=7104 tokens=931135488/1100000000 loss=3.5970 lr=4.6e-05 tok/s=41,192 eta=4099.454308906596
step=7105 tokens=931266560/1100000000 loss=3.6348 lr=4.59e-05 tok/s=41,160 eta=4099.448742070677
step=7106 tokens=931397632/1100000000 loss=3.6659 lr=4.59e-05 tok/s=41,185 eta=4093.748444276339
step=7107 tokens=931528704/1100000000 loss=3.6445 lr=4.59e-05 tok/s=41,134 eta=4095.6300390077554
step=7108 tokens=931659776/1100000000 loss=3.5776 lr=4.59e-05 tok/s=41,150 eta=4090.883180484793
step=7109 tokens=931790848/1100000000 loss=3.5132 lr=4.58e-05 tok/s=40,923 eta=4110.3746258494075
step=7110 tokens=931921920/1100000000 loss=3.5275 lr=4.58e-05 tok/s=41,253 eta=4074.318701807899
step=7111 tokens=932052992/1100000000 loss=3.6370 lr=4.58e-05 tok/s=41,130 eta=4083.275620540846
step=7112 tokens=932184064/1100000000 loss=3.6161 lr=4.58e-05 tok/s=41,451 eta=4048.5683786538752
step=7113 tokens=932315136/1100000000 loss=3.6261 lr=4.57e-05 tok/s=41,240 eta=4066.0892278894953
step=7114 tokens=932446208/1100000000 loss=3.5525 lr=4.57e-05 tok/s=41,265 eta=4060.4001572179127
step=7115 tokens=932577280/1100000000 loss=3.6223 lr=4.57e-05 tok/s=41,156 eta=4067.9553479077413
step=7116 tokens=932708352/1100000000 loss=3.4877 lr=4.57e-05 tok/s=41,173 eta=4063.1026947202918
step=7117 tokens=932839424/1100000000 loss=3.5539 lr=4.56e-05 tok/s=41,227 eta=4054.682200814988
step=7118 tokens=932970496/1100000000 loss=3.6373 lr=4.56e-05 tok/s=41,549 eta=4020.0683731497406
step=7119 tokens=933101568/1100000000 loss=3.6835 lr=4.56e-05 tok/s=41,308 eta=4040.3203582185693
step=7120 tokens=933232640/1100000000 loss=3.6969 lr=4.56e-05 tok/s=41,496 eta=4018.8978169949323
step=7121 tokens=933363712/1100000000 loss=3.5925 lr=4.56e-05 tok/s=41,364 eta=4028.541664494199
step=7122 tokens=933494784/1100000000 loss=3.6482 lr=4.55e-05 tok/s=41,550 eta=4007.373548081684
step=7123 tokens=933625856/1100000000 loss=3.5693 lr=4.55e-05 tok/s=41,754 eta=3984.6248266509183
step=7124 tokens=933756928/1100000000 loss=3.5159 lr=4.55e-05 tok/s=41,479 eta=4007.9137211481057
step=7125 tokens=933888000/1100000000 loss=3.5652 lr=4.55e-05 tok/s=41,562 eta=3996.7046909783403
step=7126 tokens=934019072/1100000000 loss=3.5607 lr=4.54e-05 tok/s=41,460 eta=4003.4330496877074
step=7127 tokens=934150144/1100000000 loss=3.5349 lr=4.54e-05 tok/s=41,493 eta=3997.033007187458
step=7128 tokens=934281216/1100000000 loss=3.4992 lr=4.54e-05 tok/s=41,626 eta=3981.104081165747
step=7129 tokens=934412288/1100000000 loss=3.4677 lr=4.54e-05 tok/s=41,559 eta=3984.3723991126335
step=7130 tokens=934543360/1100000000 loss=3.5007 lr=4.53e-05 tok/s=41,681 eta=3969.616674666933
step=7131 tokens=934674432/1100000000 loss=3.4989 lr=4.53e-05 tok/s=41,698 eta=3964.7964088617023
step=7132 tokens=934805504/1100000000 loss=3.6047 lr=4.53e-05 tok/s=41,578 eta=3973.0953489941726
step=7133 tokens=934936576/1100000000 loss=3.5034 lr=4.53e-05 tok/s=41,512 eta=3976.303398336125
step=7134 tokens=935067648/1100000000 loss=3.6277 lr=4.52e-05 tok/s=41,682 eta=3956.88324975476
step=7135 tokens=935198720/1100000000 loss=3.6041 lr=4.52e-05 tok/s=41,674 eta=3954.492607116666
step=7136 tokens=935329792/1100000000 loss=3.5257 lr=4.52e-05 tok/s=41,620 eta=3956.560247132954
step=7137 tokens=935460864/1100000000 loss=3.4801 lr=4.52e-05 tok/s=41,398 eta=3974.5691078806763
step=7138 tokens=935591936/1100000000 loss=3.4977 lr=4.51e-05 tok/s=41,377 eta=3973.4062235688443
step=7139 tokens=935723008/1100000000 loss=3.4753 lr=4.51e-05 tok/s=41,644 eta=3944.77271168385
step=7140 tokens=935854080/1100000000 loss=3.5312 lr=4.51e-05 tok/s=41,715 eta=3934.895634948963
step=7141 tokens=935985152/1100000000 loss=3.4389 lr=4.51e-05 tok/s=41,581 eta=3944.4375431945823
step=7142 tokens=936116224/1100000000 loss=3.5348 lr=4.51e-05 tok/s=41,431 eta=3955.5679109971984
step=7143 tokens=936247296/1100000000 loss=3.5942 lr=4.5e-05 tok/s=41,577 eta=3938.500943764897
step=7144 tokens=936378368/1100000000 loss=3.6133 lr=4.5e-05 tok/s=41,476 eta=3944.939771616288
step=7145 tokens=936509440/1100000000 loss=3.6633 lr=4.5e-05 tok/s=41,138 eta=3974.242922984739
step=7146 tokens=936640512/1100000000 loss=3.6079 lr=4.5e-05 tok/s=41,244 eta=3960.8459649602223
step=7147 tokens=936771584/1100000000 loss=3.7028 lr=4.49e-05 tok/s=41,316 eta=3950.774611972795
step=7148 tokens=936902656/1100000000 loss=3.6850 lr=4.49e-05 tok/s=41,537 eta=3926.5929133947316
step=7149 tokens=937033728/1100000000 loss=3.6478 lr=4.49e-05 tok/s=41,524 eta=3924.667177975486
step=7150 tokens=937164800/1100000000 loss=3.6181 lr=4.49e-05 tok/s=41,682 eta=3906.6460052416364
checkpoint saved: runs/20260905-021323/checkpoints/step_000007150 (time)
step=7151 tokens=937295872/1100000000 loss=3.5377 lr=4.48e-05 tok/s=34,308 eta=4742.412392765685
step=7152 tokens=937426944/1100000000 loss=3.7556 lr=4.48e-05 tok/s=41,626 eta=3905.551958602314
step=7153 tokens=937558016/1100000000 loss=3.7144 lr=4.48e-05 tok/s=41,426 eta=3921.2095841071814
step=7154 tokens=937689088/1100000000 loss=3.6336 lr=4.48e-05 tok/s=41,307 eta=3929.3824352771635
step=7155 tokens=937820160/1100000000 loss=3.6398 lr=4.47e-05 tok/s=41,451 eta=3912.537571520529
step=7156 tokens=937951232/1100000000 loss=3.6029 lr=4.47e-05 tok/s=41,698 eta=3886.257953050577
step=7157 tokens=938082304/1100000000 loss=3.5986 lr=4.47e-05 tok/s=41,226 eta=3927.5713873823897
step=7158 tokens=938213376/1100000000 loss=3.5755 lr=4.47e-05 tok/s=41,388 eta=3909.0008898662613
step=7159 tokens=938344448/1100000000 loss=3.5750 lr=4.47e-05 tok/s=41,291 eta=3915.0442511798337
step=7160 tokens=938475520/1100000000 loss=3.6015 lr=4.46e-05 tok/s=41,353 eta=3906.03664095855
step=7161 tokens=938606592/1100000000 loss=3.5411 lr=4.46e-05 tok/s=41,551 eta=3884.2601396982373
step=7162 tokens=938737664/1100000000 loss=3.6427 lr=4.46e-05 tok/s=41,405 eta=3894.74773022727
step=7163 tokens=938868736/1100000000 loss=3.5797 lr=4.46e-05 tok/s=41,422 eta=3890.0093674896652
step=7164 tokens=938999808/1100000000 loss=3.6528 lr=4.45e-05 tok/s=41,240 eta=3903.9479016955406
step=7165 tokens=939130880/1100000000 loss=3.6827 lr=4.45e-05 tok/s=41,447 eta=3881.367247940601
step=7166 tokens=939261952/1100000000 loss=3.6534 lr=4.45e-05 tok/s=41,508 eta=3872.477327754758
step=7167 tokens=939393024/1100000000 loss=3.5851 lr=4.45e-05 tok/s=41,443 eta=3875.331849152811
step=7168 tokens=939524096/1100000000 loss=3.5364 lr=4.44e-05 tok/s=41,531 eta=3864.0199555770932
step=7169 tokens=939655168/1100000000 loss=3.6026 lr=4.44e-05 tok/s=41,434 eta=3869.9165015283984
step=7170 tokens=939786240/1100000000 loss=3.6698 lr=4.44e-05 tok/s=41,382 eta=3871.6253974159463
step=7171 tokens=939917312/1100000000 loss=3.6869 lr=4.44e-05 tok/s=41,358 eta=3870.622562560687
step=7172 tokens=940048384/1100000000 loss=3.5601 lr=4.44e-05 tok/s=30,044 eta=5323.935760879258
step=7173 tokens=940179456/1100000000 loss=3.6802 lr=4.43e-05 tok/s=41,522 eta=3849.077922930578
step=7174 tokens=940310528/1100000000 loss=3.6194 lr=4.43e-05 tok/s=41,702 eta=3829.3115572082825
step=7175 tokens=940441600/1100000000 loss=3.5710 lr=4.43e-05 tok/s=41,526 eta=3842.4008339892493
step=7176 tokens=940572672/1100000000 loss=3.7868 lr=4.43e-05 tok/s=41,329 eta=3857.5584277777157
step=7177 tokens=940703744/1100000000 loss=3.3008 lr=4.42e-05 tok/s=41,048 eta=3880.7518367277976
step=7178 tokens=940834816/1100000000 loss=3.2199 lr=4.42e-05 tok/s=41,296 eta=3854.2515999197294
step=7179 tokens=940965888/1100000000 loss=3.1561 lr=4.42e-05 tok/s=41,469 eta=3835.0445332924764
step=7180 tokens=941096960/1100000000 loss=3.1608 lr=4.42e-05 tok/s=41,235 eta=3853.6127842201417
step=7181 tokens=941228032/1100000000 loss=3.1372 lr=4.41e-05 tok/s=41,249 eta=3849.1495004554345
step=7182 tokens=941359104/1100000000 loss=3.1110 lr=4.41e-05 tok/s=41,232 eta=3847.483790381774
step=7183 tokens=941490176/1100000000 loss=3.0894 lr=4.41e-05 tok/s=41,111 eta=3855.6459544234244
step=7184 tokens=941621248/1100000000 loss=3.0561 lr=4.41e-05 tok/s=41,589 eta=3808.232705926022
step=7185 tokens=941752320/1100000000 loss=3.0380 lr=4.41e-05 tok/s=41,104 eta=3849.925293886565
step=7186 tokens=941883392/1100000000 loss=3.1124 lr=4.4e-05 tok/s=41,454 eta=3814.29995317807
step=7187 tokens=942014464/1100000000 loss=3.0618 lr=4.4e-05 tok/s=41,241 eta=3830.8086206099915
step=7188 tokens=942145536/1100000000 loss=3.0484 lr=4.4e-05 tok/s=41,488 eta=3804.863536669237
step=7189 tokens=942276608/1100000000 loss=3.0894 lr=4.4e-05 tok/s=41,317 eta=3817.435366836761
step=7190 tokens=942407680/1100000000 loss=3.0599 lr=4.39e-05 tok/s=41,372 eta=3809.1947007706563
step=7191 tokens=942538752/1100000000 loss=3.0041 lr=4.39e-05 tok/s=41,472 eta=3796.841271223492
step=7192 tokens=942669824/1100000000 loss=3.0367 lr=4.39e-05 tok/s=41,389 eta=3801.3007356364405
step=7193 tokens=942800896/1100000000 loss=3.0081 lr=4.39e-05 tok/s=41,240 eta=3811.7820928652955
step=7194 tokens=942931968/1100000000 loss=3.1200 lr=4.38e-05 tok/s=41,163 eta=3815.7133879929984
step=7195 tokens=943063040/1100000000 loss=3.0708 lr=4.38e-05 tok/s=41,544 eta=3777.63379195775
step=7196 tokens=943194112/1100000000 loss=2.9949 lr=4.38e-05 tok/s=41,202 eta=3805.7556681200313
step=7197 tokens=943325184/1100000000 loss=3.0516 lr=4.38e-05 tok/s=41,413 eta=3783.2383480055873
step=7198 tokens=943456256/1100000000 loss=3.0461 lr=4.38e-05 tok/s=41,343 eta=3786.4722677233663
step=7199 tokens=943587328/1100000000 loss=3.0601 lr=4.37e-05 tok/s=41,334 eta=3784.1229710223747
step=7200 tokens=943718400/1100000000 loss=3.0238 lr=4.37e-05 tok/s=41,125 eta=3800.2028997716175
step=7201 tokens=943849472/1100000000 loss=3.0659 lr=4.37e-05 tok/s=40,970 eta=3811.3815695303215
step=7202 tokens=943980544/1100000000 loss=3.0095 lr=4.37e-05 tok/s=41,252 eta=3782.109525519935
step=7203 tokens=944111616/1100000000 loss=3.0288 lr=4.36e-05 tok/s=41,496 eta=3756.690380832167
step=7204 tokens=944242688/1100000000 loss=3.0642 lr=4.36e-05 tok/s=41,342 eta=3767.5703408514287
step=7205 tokens=944373760/1100000000 loss=3.0418 lr=4.36e-05 tok/s=41,386 eta=3760.3749367350138
step=7206 tokens=944504832/1100000000 loss=3.0221 lr=4.36e-05 tok/s=41,165 eta=3777.3317360073383
step=7207 tokens=944635904/1100000000 loss=3.0652 lr=4.36e-05 tok/s=41,175 eta=3773.241234602351
step=7208 tokens=944766976/1100000000 loss=3.0129 lr=4.35e-05 tok/s=41,302 eta=3758.5119290541934
step=7209 tokens=944898048/1100000000 loss=3.5745 lr=4.35e-05 tok/s=41,323 eta=3753.442356431236
step=7210 tokens=945029120/1100000000 loss=3.7958 lr=4.35e-05 tok/s=41,256 eta=3756.289382877322
step=7211 tokens=945160192/1100000000 loss=3.6678 lr=4.35e-05 tok/s=41,167 eta=3761.2217761181337
step=7212 tokens=945291264/1100000000 loss=3.6887 lr=4.34e-05 tok/s=41,325 eta=3743.6700608956576
step=7213 tokens=945422336/1100000000 loss=3.6434 lr=4.34e-05 tok/s=41,300 eta=3742.7855972762527
step=7214 tokens=945553408/1100000000 loss=3.7074 lr=4.34e-05 tok/s=41,264 eta=3742.9004011592788
step=7215 tokens=945684480/1100000000 loss=3.6808 lr=4.34e-05 tok/s=41,152 eta=3749.8834408942475
step=7216 tokens=945815552/1100000000 loss=3.6965 lr=4.34e-05 tok/s=41,176 eta=3744.513846430512
step=7217 tokens=945946624/1100000000 loss=3.6828 lr=4.33e-05 tok/s=41,066 eta=3751.335375579506
step=7218 tokens=946077696/1100000000 loss=3.6117 lr=4.33e-05 tok/s=41,221 eta=3734.0338121765026
step=7219 tokens=946208768/1100000000 loss=3.6137 lr=4.33e-05 tok/s=41,113 eta=3740.7086264108775
step=7220 tokens=946339840/1100000000 loss=3.6985 lr=4.33e-05 tok/s=41,172 eta=3732.180701210017
step=7221 tokens=946470912/1100000000 loss=3.5616 lr=4.32e-05 tok/s=40,920 eta=3751.949758410596
step=7222 tokens=946601984/1100000000 loss=3.6225 lr=4.32e-05 tok/s=41,269 eta=3717.0164424268405
step=7223 tokens=946733056/1100000000 loss=3.6435 lr=4.32e-05 tok/s=41,064 eta=3732.3953895612917
step=7224 tokens=946864128/1100000000 loss=3.6679 lr=4.32e-05 tok/s=41,155 eta=3720.9936116567983
step=7225 tokens=946995200/1100000000 loss=3.6494 lr=4.32e-05 tok/s=41,280 eta=3706.5317989047076
step=7226 tokens=947126272/1100000000 loss=3.6277 lr=4.31e-05 tok/s=41,347 eta=3697.2996125186605
step=7227 tokens=947257344/1100000000 loss=3.5288 lr=4.31e-05 tok/s=41,329 eta=3695.7678432701246
step=7228 tokens=947388416/1100000000 loss=3.5748 lr=4.31e-05 tok/s=41,428 eta=3683.8112145706286
step=7229 tokens=947519488/1100000000 loss=3.6939 lr=4.31e-05 tok/s=41,263 eta=3695.372922379217
step=7230 tokens=947650560/1100000000 loss=3.7344 lr=4.3e-05 tok/s=41,279 eta=3690.7661757251512
step=7231 tokens=947781632/1100000000 loss=3.6104 lr=4.3e-05 tok/s=41,069 eta=3706.3779483326243
step=7232 tokens=947912704/1100000000 loss=3.4866 lr=4.3e-05 tok/s=41,211 eta=3690.455893269107
step=7233 tokens=948043776/1100000000 loss=3.6187 lr=4.3e-05 tok/s=41,172 eta=3690.8010645607956
step=7234 tokens=948174848/1100000000 loss=3.5313 lr=4.3e-05 tok/s=40,978 eta=3705.018150707219
step=7235 tokens=948305920/1100000000 loss=3.5620 lr=4.29e-05 tok/s=41,141 eta=3687.2144200848174
step=7236 tokens=948436992/1100000000 loss=3.4515 lr=4.29e-05 tok/s=41,357 eta=3664.738310404862
step=7237 tokens=948568064/1100000000 loss=3.5645 lr=4.29e-05 tok/s=41,271 eta=3669.1865654554663
step=7238 tokens=948699136/1100000000 loss=3.4722 lr=4.29e-05 tok/s=40,794 eta=3708.8653422909097
step=7239 tokens=948830208/1100000000 loss=3.5079 lr=4.28e-05 tok/s=41,041 eta=3683.376138476119
step=7240 tokens=948961280/1100000000 loss=3.5607 lr=4.28e-05 tok/s=41,422 eta=3646.3677139883744
step=7241 tokens=949092352/1100000000 loss=3.6298 lr=4.28e-05 tok/s=41,306 eta=3653.3893012998637
step=7242 tokens=949223424/1100000000 loss=3.5434 lr=4.28e-05 tok/s=41,143 eta=3664.6690400151115
step=7243 tokens=949354496/1100000000 loss=3.6801 lr=4.28e-05 tok/s=41,260 eta=3651.135556433301
step=7244 tokens=949485568/1100000000 loss=3.6576 lr=4.27e-05 tok/s=41,223 eta=3651.21197744662
step=7245 tokens=949616640/1100000000 loss=3.7177 lr=4.27e-05 tok/s=41,317 eta=3639.7233966003514
step=7246 tokens=949747712/1100000000 loss=3.7472 lr=4.27e-05 tok/s=41,395 eta=3629.709744183278
step=7247 tokens=949878784/1100000000 loss=3.6722 lr=4.27e-05 tok/s=41,397 eta=3626.3799086112713
step=7248 tokens=950009856/1100000000 loss=3.6234 lr=4.26e-05 tok/s=29,828 eta=5028.500885959723
checkpoint saved: runs/20260905-021323/checkpoints/tokens_000950m (permanent_tokens)
step=7249 tokens=950140928/1100000000 loss=3.6405 lr=4.26e-05 tok/s=34,890 eta=4295.199938601974
step=7250 tokens=950272000/1100000000 loss=3.7444 lr=4.26e-05 tok/s=41,202 eta=3633.9737210025937
step=7251 tokens=950403072/1100000000 loss=3.6464 lr=4.26e-05 tok/s=41,264 eta=3625.342741042692
step=7252 tokens=950534144/1100000000 loss=3.6366 lr=4.26e-05 tok/s=41,306 eta=3618.4753920694743
step=7253 tokens=950665216/1100000000 loss=3.5345 lr=4.25e-05 tok/s=41,667 eta=3583.9634253263794
step=7254 tokens=950796288/1100000000 loss=3.5932 lr=4.25e-05 tok/s=41,342 eta=3608.9669824876173
step=7255 tokens=950927360/1100000000 loss=3.6619 lr=4.25e-05 tok/s=41,405 eta=3600.3383830313423
step=7256 tokens=951058432/1100000000 loss=3.5727 lr=4.25e-05 tok/s=41,518 eta=3587.42488591326
step=7257 tokens=951189504/1100000000 loss=3.7311 lr=4.25e-05 tok/s=41,456 eta=3589.5781990749742
step=7258 tokens=951320576/1100000000 loss=3.6883 lr=4.24e-05 tok/s=41,357 eta=3594.9825351760287
step=7259 tokens=951451648/1100000000 loss=3.7137 lr=4.24e-05 tok/s=41,398 eta=3588.278516487124
step=7260 tokens=951582720/1100000000 loss=3.6471 lr=4.24e-05 tok/s=41,330 eta=3591.06537793901
step=7261 tokens=951713792/1100000000 loss=3.5543 lr=4.24e-05 tok/s=41,379 eta=3583.631970779161
step=7262 tokens=951844864/1100000000 loss=3.7288 lr=4.23e-05 tok/s=41,140 eta=3601.2730175537595
step=7263 tokens=951975936/1100000000 loss=3.7484 lr=4.23e-05 tok/s=41,207 eta=3592.2433650520097
step=7264 tokens=952107008/1100000000 loss=3.6495 lr=4.23e-05 tok/s=41,227 eta=3587.299135438852
step=7265 tokens=952238080/1100000000 loss=3.6543 lr=4.23e-05 tok/s=41,224 eta=3584.3924905027407
step=7266 tokens=952369152/1100000000 loss=3.5699 lr=4.23e-05 tok/s=41,152 eta=3587.4939144432574
step=7267 tokens=952500224/1100000000 loss=3.5722 lr=4.22e-05 tok/s=41,140 eta=3585.2883231993865
step=7268 tokens=952631296/1100000000 loss=3.6128 lr=4.22e-05 tok/s=41,053 eta=3589.7103082808608
step=7269 tokens=952762368/1100000000 loss=3.5987 lr=4.22e-05 tok/s=41,195 eta=3574.1717499486085
step=7270 tokens=952893440/1100000000 loss=3.5782 lr=4.22e-05 tok/s=41,278 eta=3563.8063575796705
step=7271 tokens=953024512/1100000000 loss=3.6506 lr=4.22e-05 tok/s=41,106 eta=3575.5090569544413
step=7272 tokens=953155584/1100000000 loss=3.6102 lr=4.21e-05 tok/s=41,043 eta=3577.8394734288067
step=7273 tokens=953286656/1100000000 loss=3.6665 lr=4.21e-05 tok/s=41,060 eta=3573.1870903997155
step=7274 tokens=953417728/1100000000 loss=3.5390 lr=4.21e-05 tok/s=41,274 eta=3551.450529485051
step=7275 tokens=953548800/1100000000 loss=3.6397 lr=4.21e-05 tok/s=41,324 eta=3543.9587360866813
step=7276 tokens=953679872/1100000000 loss=3.6331 lr=4.2e-05 tok/s=41,200 eta=3551.4885836046383
step=7277 tokens=953810944/1100000000 loss=3.6779 lr=4.2e-05 tok/s=41,073 eta=3559.221853260571
step=7278 tokens=953942016/1100000000 loss=3.6187 lr=4.2e-05 tok/s=41,134 eta=3550.7920050830726
step=7279 tokens=954073088/1100000000 loss=3.6930 lr=4.2e-05 tok/s=41,082 eta=3552.0616909316254
step=7280 tokens=954204160/1100000000 loss=3.5008 lr=4.2e-05 tok/s=41,111 eta=3546.3686491770745
step=7281 tokens=954335232/1100000000 loss=3.6403 lr=4.19e-05 tok/s=41,093 eta=3544.7714187026772
step=7282 tokens=954466304/1100000000 loss=3.5646 lr=4.19e-05 tok/s=41,257 eta=3527.461615853751
step=7283 tokens=954597376/1100000000 loss=3.6589 lr=4.19e-05 tok/s=41,106 eta=3537.23625807128
step=7284 tokens=954728448/1100000000 loss=3.5953 lr=4.19e-05 tok/s=41,058 eta=3538.1891914685384
step=7285 tokens=954859520/1100000000 loss=3.5787 lr=4.19e-05 tok/s=41,081 eta=3533.0041636918813
step=7286 tokens=954990592/1100000000 loss=3.4695 lr=4.18e-05 tok/s=41,216 eta=3518.2407353922404
step=7287 tokens=955121664/1100000000 loss=3.5830 lr=4.18e-05 tok/s=41,218 eta=3514.89868604362
step=7288 tokens=955252736/1100000000 loss=3.6296 lr=4.18e-05 tok/s=41,278 eta=3506.6253363961673
step=7289 tokens=955383808/1100000000 loss=3.5460 lr=4.18e-05 tok/s=41,268 eta=3504.3376028056746
step=7290 tokens=955514880/1100000000 loss=3.5308 lr=4.17e-05 tok/s=41,180 eta=3508.6612710119366
step=7291 tokens=955645952/1100000000 loss=3.6041 lr=4.17e-05 tok/s=41,311 eta=3494.3641952854023
step=7292 tokens=955777024/1100000000 loss=3.5714 lr=4.17e-05 tok/s=41,507 eta=3474.6770121081113
step=7293 tokens=955908096/1100000000 loss=3.5728 lr=4.17e-05 tok/s=41,491 eta=3472.886459279912
step=7294 tokens=956039168/1100000000 loss=3.5546 lr=4.17e-05 tok/s=41,208 eta=3493.493807653049
step=7295 tokens=956170240/1100000000 loss=3.6074 lr=4.16e-05 tok/s=41,438 eta=3470.931392387941
step=7296 tokens=956301312/1100000000 loss=3.6346 lr=4.16e-05 tok/s=41,145 eta=3492.521890103779
step=7297 tokens=956432384/1100000000 loss=3.5454 lr=4.16e-05 tok/s=41,220 eta=3482.9623482121283
step=7298 tokens=956563456/1100000000 loss=3.5050 lr=4.16e-05 tok/s=41,670 eta=3442.2103591434197
step=7299 tokens=956694528/1100000000 loss=3.6388 lr=4.16e-05 tok/s=41,395 eta=3461.887057379584
step=7300 tokens=956825600/1100000000 loss=3.5479 lr=4.15e-05 tok/s=41,348 eta=3462.667771543569
step=7301 tokens=956956672/1100000000 loss=3.6398 lr=4.15e-05 tok/s=41,267 eta=3466.303611788203
step=7302 tokens=957087744/1100000000 loss=3.6559 lr=4.15e-05 tok/s=41,112 eta=3476.169480753887
step=7303 tokens=957218816/1100000000 loss=3.6040 lr=4.15e-05 tok/s=41,235 eta=3462.646377132906
step=7304 tokens=957349888/1100000000 loss=3.4992 lr=4.15e-05 tok/s=41,267 eta=3456.796817932937
step=7305 tokens=957480960/1100000000 loss=3.5108 lr=4.14e-05 tok/s=40,915 eta=3483.2776950895786
step=7306 tokens=957612032/1100000000 loss=3.6737 lr=4.14e-05 tok/s=41,234 eta=3453.1521885301804
step=7307 tokens=957743104/1100000000 loss=3.5866 lr=4.14e-05 tok/s=41,161 eta=3456.108312895476
step=7308 tokens=957874176/1100000000 loss=3.5788 lr=4.14e-05 tok/s=41,236 eta=3446.6456124185734
step=7309 tokens=958005248/1100000000 loss=3.6146 lr=4.14e-05 tok/s=41,354 eta=3433.64297983043
step=7310 tokens=958136320/1100000000 loss=3.5411 lr=4.13e-05 tok/s=41,467 eta=3421.131458434651
step=7311 tokens=958267392/1100000000 loss=3.6268 lr=4.13e-05 tok/s=41,220 eta=3438.4801437923857
step=7312 tokens=958398464/1100000000 loss=3.5693 lr=4.13e-05 tok/s=41,318 eta=3427.1508168254695
step=7313 tokens=958529536/1100000000 loss=3.7323 lr=4.13e-05 tok/s=41,273 eta=3427.6395979673093
step=7314 tokens=958660608/1100000000 loss=3.5371 lr=4.13e-05 tok/s=41,269 eta=3424.84571569743
step=7315 tokens=958791680/1100000000 loss=3.5561 lr=4.12e-05 tok/s=41,362 eta=3413.954802013692
step=7316 tokens=958922752/1100000000 loss=3.5723 lr=4.12e-05 tok/s=41,232 eta=3421.533210542167
step=7317 tokens=959053824/1100000000 loss=3.5158 lr=4.12e-05 tok/s=41,318 eta=3411.288080722247
step=7318 tokens=959184896/1100000000 loss=3.5082 lr=4.12e-05 tok/s=41,706 eta=3376.387838012634
step=7319 tokens=959315968/1100000000 loss=3.5411 lr=4.11e-05 tok/s=41,647 eta=3378.014536188964
step=7320 tokens=959447040/1100000000 loss=3.6073 lr=4.11e-05 tok/s=41,539 eta=3383.6220011341547
step=7321 tokens=959578112/1100000000 loss=3.5839 lr=4.11e-05 tok/s=41,514 eta=3382.5241976762923
step=7322 tokens=959709184/1100000000 loss=3.6736 lr=4.11e-05 tok/s=41,327 eta=3394.686826423788
step=7323 tokens=959840256/1100000000 loss=3.5523 lr=4.11e-05 tok/s=41,498 eta=3377.5345629416834
step=7324 tokens=959971328/1100000000 loss=3.6147 lr=4.1e-05 tok/s=41,373 eta=3384.560907692953
step=7325 tokens=960102400/1100000000 loss=3.6568 lr=4.1e-05 tok/s=29,826 eta=4690.5361119421295
step=7326 tokens=960233472/1100000000 loss=3.5037 lr=4.1e-05 tok/s=41,456 eta=3371.4090144975053
step=7327 tokens=960364544/1100000000 loss=3.6041 lr=4.1e-05 tok/s=41,177 eta=3391.062183090373
step=7328 tokens=960495616/1100000000 loss=3.4550 lr=4.1e-05 tok/s=41,563 eta=3356.448413030264
step=7329 tokens=960626688/1100000000 loss=3.6090 lr=4.09e-05 tok/s=41,655 eta=3345.8911206225894
step=7330 tokens=960757760/1100000000 loss=3.5543 lr=4.09e-05 tok/s=41,710 eta=3338.3597850285
step=7331 tokens=960888832/1100000000 loss=3.7063 lr=4.09e-05 tok/s=41,633 eta=3341.378775564514
step=7332 tokens=961019904/1100000000 loss=3.6180 lr=4.09e-05 tok/s=41,662 eta=3335.919314261797
step=7333 tokens=961150976/1100000000 loss=3.5796 lr=4.09e-05 tok/s=41,415 eta=3352.6271031780875
step=7334 tokens=961282048/1100000000 loss=3.5013 lr=4.08e-05 tok/s=41,384 eta=3351.994738865943
step=7335 tokens=961413120/1100000000 loss=3.5552 lr=4.08e-05 tok/s=41,353 eta=3351.2919040403035
step=7336 tokens=961544192/1100000000 loss=3.6518 lr=4.08e-05 tok/s=41,450 eta=3340.2768221066062
step=7337 tokens=961675264/1100000000 loss=3.6484 lr=4.08e-05 tok/s=41,202 eta=3357.2012814695204
step=7338 tokens=961806336/1100000000 loss=3.6630 lr=4.08e-05 tok/s=41,404 eta=3337.709349628461
step=7339 tokens=961937408/1100000000 loss=3.6185 lr=4.07e-05 tok/s=41,534 eta=3324.110567343506
step=7340 tokens=962068480/1100000000 loss=3.6145 lr=4.07e-05 tok/s=41,499 eta=3323.697438832793
step=7341 tokens=962199552/1100000000 loss=3.6092 lr=4.07e-05 tok/s=41,326 eta=3334.436437484706
step=7342 tokens=962330624/1100000000 loss=3.6472 lr=4.07e-05 tok/s=41,527 eta=3315.186023252208
step=7343 tokens=962461696/1100000000 loss=3.6232 lr=4.07e-05 tok/s=41,647 eta=3302.477351286352
step=7344 tokens=962592768/1100000000 loss=3.6143 lr=4.06e-05 tok/s=41,626 eta=3301.0293683797436
step=7345 tokens=962723840/1100000000 loss=3.6566 lr=4.06e-05 tok/s=41,375 eta=3317.8715168706644
step=7346 tokens=962854912/1100000000 loss=4.0328 lr=4.06e-05 tok/s=41,381 eta=3314.233506084684
step=7347 tokens=962985984/1100000000 loss=3.6328 lr=4.06e-05 tok/s=41,428 eta=3307.28243108416
step=7348 tokens=963117056/1100000000 loss=3.6554 lr=4.06e-05 tok/s=41,351 eta=3310.2983937106656
step=7349 tokens=963248128/1100000000 loss=3.8340 lr=4.05e-05 tok/s=41,455 eta=3298.788003305606
step=7350 tokens=963379200/1100000000 loss=3.7259 lr=4.05e-05 tok/s=41,359 eta=3303.2892336129494
step=7351 tokens=963510272/1100000000 loss=3.6140 lr=4.05e-05 tok/s=41,529 eta=3286.6094673018297
step=7352 tokens=963641344/1100000000 loss=3.5802 lr=4.05e-05 tok/s=41,651 eta=3273.8419858389225
step=7353 tokens=963772416/1100000000 loss=3.6185 lr=4.05e-05 tok/s=41,478 eta=3284.3278417502647
step=7354 tokens=963903488/1100000000 loss=3.7153 lr=4.04e-05 tok/s=41,550 eta=3275.463318861991
step=7355 tokens=964034560/1100000000 loss=3.6046 lr=4.04e-05 tok/s=41,677 eta=3262.3926601327976
step=7356 tokens=964165632/1100000000 loss=3.5960 lr=4.04e-05 tok/s=41,587 eta=3266.2952350344794
step=7357 tokens=964296704/1100000000 loss=3.7359 lr=4.04e-05 tok/s=41,366 eta=3280.5500225293945
step=7358 tokens=964427776/1100000000 loss=3.6850 lr=4.04e-05 tok/s=41,381 eta=3276.2290334235204
step=7359 tokens=964558848/1100000000 loss=3.5393 lr=4.03e-05 tok/s=41,494 eta=3264.1054018214327
step=7360 tokens=964689920/1100000000 loss=3.6133 lr=4.03e-05 tok/s=41,468 eta=3262.983606957989
step=7361 tokens=964820992/1100000000 loss=3.6184 lr=4.03e-05 tok/s=41,416 eta=3263.90934265582
step=7362 tokens=964952064/1100000000 loss=3.6387 lr=4.03e-05 tok/s=41,517 eta=3252.8311275263072
step=7363 tokens=965083136/1100000000 loss=3.5687 lr=4.03e-05 tok/s=41,475 eta=3252.9703710281174
step=7364 tokens=965214208/1100000000 loss=3.6514 lr=4.02e-05 tok/s=41,755 eta=3228.028566866214
step=7365 tokens=965345280/1100000000 loss=3.6536 lr=4.02e-05 tok/s=41,560 eta=3240.0310885852705
step=7366 tokens=965476352/1100000000 loss=3.6125 lr=4.02e-05 tok/s=41,661 eta=3228.997330376519
step=7367 tokens=965607424/1100000000 loss=3.6305 lr=4.02e-05 tok/s=41,500 eta=3238.3784251044044
step=7368 tokens=965738496/1100000000 loss=3.7659 lr=4.02e-05 tok/s=41,186 eta=3259.8666825386995
step=7369 tokens=965869568/1100000000 loss=3.6334 lr=4.01e-05 tok/s=41,428 eta=3237.685861979183
step=7370 tokens=966000640/1100000000 loss=3.5744 lr=4.01e-05 tok/s=41,522 eta=3227.188907247672
step=7371 tokens=966131712/1100000000 loss=3.7255 lr=4.01e-05 tok/s=41,529 eta=3223.5119011576307
step=7372 tokens=966262784/1100000000 loss=3.7302 lr=4.01e-05 tok/s=41,568 eta=3217.3255138324466
step=7373 tokens=966393856/1100000000 loss=3.6028 lr=4.01e-05 tok/s=41,612 eta=3210.7835358769134
step=7374 tokens=966524928/1100000000 loss=3.6927 lr=4e-05 tok/s=41,723 eta=3199.0568858864535
step=7375 tokens=966656000/1100000000 loss=3.6318 lr=4e-05 tok/s=41,530 eta=3210.788564539161
step=7376 tokens=966787072/1100000000 loss=3.7348 lr=4e-05 tok/s=41,439 eta=3214.657394107467
step=7377 tokens=966918144/1100000000 loss=3.6512 lr=4e-05 tok/s=41,593 eta=3199.605137525918
step=7378 tokens=967049216/1100000000 loss=3.5772 lr=4e-05 tok/s=41,550 eta=3199.7950672173465
step=7379 tokens=967180288/1100000000 loss=3.5972 lr=4e-05 tok/s=41,627 eta=3190.7385246382287
step=7380 tokens=967311360/1100000000 loss=3.6494 lr=3.99e-05 tok/s=41,544 eta=3193.966622228718
step=7381 tokens=967442432/1100000000 loss=3.5834 lr=3.99e-05 tok/s=41,351 eta=3205.668378725442
step=7382 tokens=967573504/1100000000 loss=3.5456 lr=3.99e-05 tok/s=41,452 eta=3194.710356396978
step=7383 tokens=967704576/1100000000 loss=3.5664 lr=3.99e-05 tok/s=41,699 eta=3172.5905533280743
step=7384 tokens=967835648/1100000000 loss=3.6455 lr=3.99e-05 tok/s=41,804 eta=3161.5306468549566
step=7385 tokens=967966720/1100000000 loss=3.5806 lr=3.98e-05 tok/s=41,555 eta=3177.278519941699
step=7386 tokens=968097792/1100000000 loss=3.5611 lr=3.98e-05 tok/s=41,331 eta=3191.355275183151
step=7387 tokens=968228864/1100000000 loss=3.5482 lr=3.98e-05 tok/s=41,518 eta=3173.803410789871
step=7388 tokens=968359936/1100000000 loss=3.6403 lr=3.98e-05 tok/s=41,586 eta=3165.494034461518
step=7389 tokens=968491008/1100000000 loss=3.5915 lr=3.98e-05 tok/s=41,722 eta=3152.008020910154
step=7390 tokens=968622080/1100000000 loss=3.6850 lr=3.97e-05 tok/s=41,653 eta=3154.0678774183098
step=7391 tokens=968753152/1100000000 loss=3.6223 lr=3.97e-05 tok/s=41,733 eta=3144.928796895616
step=7392 tokens=968884224/1100000000 loss=3.6442 lr=3.97e-05 tok/s=41,741 eta=3141.194717678998
step=7393 tokens=969015296/1100000000 loss=3.6602 lr=3.97e-05 tok/s=41,565 eta=3151.3178472998707
step=7394 tokens=969146368/1100000000 loss=3.5979 lr=3.97e-05 tok/s=41,548 eta=3149.4556793821885
step=7395 tokens=969277440/1100000000 loss=3.5850 lr=3.96e-05 tok/s=41,562 eta=3145.260411465679
step=7396 tokens=969408512/1100000000 loss=3.5958 lr=3.96e-05 tok/s=41,499 eta=3146.8573723563286
step=7397 tokens=969539584/1100000000 loss=3.5736 lr=3.96e-05 tok/s=41,445 eta=3147.801999407553
step=7398 tokens=969670656/1100000000 loss=3.5449 lr=3.96e-05 tok/s=41,415 eta=3146.9355171108914
step=7399 tokens=969801728/1100000000 loss=3.6523 lr=3.96e-05 tok/s=41,477 eta=3139.061866887058
step=7400 tokens=969932800/1100000000 loss=3.6457 lr=3.95e-05 tok/s=41,702 eta=3118.96566276368
step=7401 tokens=970063872/1100000000 loss=3.5503 lr=3.95e-05 tok/s=30,085 eta=4319.019139589434
step=7402 tokens=970194944/1100000000 loss=3.5482 lr=3.95e-05 tok/s=41,383 eta=3136.6696835336734
step=7403 tokens=970326016/1100000000 loss=3.6391 lr=3.95e-05 tok/s=41,396 eta=3132.5419593407014
step=7404 tokens=970457088/1100000000 loss=3.5316 lr=3.95e-05 tok/s=41,802 eta=3098.982405637662
step=7405 tokens=970588160/1100000000 loss=3.6712 lr=3.95e-05 tok/s=41,444 eta=3122.5524646348626
step=7406 tokens=970719232/1100000000 loss=3.5883 lr=3.94e-05 tok/s=41,777 eta=3094.5485271105545
step=7407 tokens=970850304/1100000000 loss=3.6345 lr=3.94e-05 tok/s=41,620 eta=3103.0808710390475
step=7408 tokens=970981376/1100000000 loss=3.6573 lr=3.94e-05 tok/s=41,309 eta=3123.2796546388954
step=7409 tokens=971112448/1100000000 loss=3.6240 lr=3.94e-05 tok/s=41,380 eta=3114.73498575171
step=7410 tokens=971243520/1100000000 loss=3.6059 lr=3.94e-05 tok/s=41,358 eta=3113.1915643152774
step=7411 tokens=971374592/1100000000 loss=3.5985 lr=3.93e-05 tok/s=41,436 eta=3104.2163607661078
step=7412 tokens=971505664/1100000000 loss=3.6931 lr=3.93e-05 tok/s=41,322 eta=3109.551680886953
step=7413 tokens=971636736/1100000000 loss=3.5766 lr=3.93e-05 tok/s=41,526 eta=3091.1697735952557
step=7414 tokens=971767808/1100000000 loss=3.5411 lr=3.93e-05 tok/s=41,643 eta=3079.3398724660615
step=7415 tokens=971898880/1100000000 loss=3.6895 lr=3.93e-05 tok/s=41,523 eta=3085.058422679682
step=7416 tokens=972029952/1100000000 loss=3.5998 lr=3.92e-05 tok/s=41,534 eta=3081.0977332793627
step=7417 tokens=972161024/1100000000 loss=3.5005 lr=3.92e-05 tok/s=41,418 eta=3086.5333303554457
step=7418 tokens=972292096/1100000000 loss=3.5983 lr=3.92e-05 tok/s=41,408 eta=3084.130824253927
step=7419 tokens=972423168/1100000000 loss=3.6483 lr=3.92e-05 tok/s=41,409 eta=3080.9153329475653
step=7420 tokens=972554240/1100000000 loss=3.5555 lr=3.92e-05 tok/s=41,353 eta=3081.8963990884863
step=7421 tokens=972685312/1100000000 loss=3.4732 lr=3.92e-05 tok/s=41,419 eta=3073.8084360345674
step=7422 tokens=972816384/1100000000 loss=3.4815 lr=3.91e-05 tok/s=41,462 eta=3067.5101731722316
step=7423 tokens=972947456/1100000000 loss=3.6388 lr=3.91e-05 tok/s=41,338 eta=3073.5286987094473
step=7424 tokens=973078528/1100000000 loss=3.6477 lr=3.91e-05 tok/s=41,414 eta=3064.7157766229057
step=7425 tokens=973209600/1100000000 loss=3.7186 lr=3.91e-05 tok/s=41,535 eta=3052.5933939606757
step=7426 tokens=973340672/1100000000 loss=3.6196 lr=3.91e-05 tok/s=41,565 eta=3047.223650829556
step=7427 tokens=973471744/1100000000 loss=3.7820 lr=3.9e-05 tok/s=41,623 eta=3039.8713809699457
step=7428 tokens=973602816/1100000000 loss=3.6087 lr=3.9e-05 tok/s=41,270 eta=3062.7198789538006
step=7429 tokens=973733888/1100000000 loss=3.6649 lr=3.9e-05 tok/s=41,329 eta=3055.145793281548
step=7430 tokens=973864960/1100000000 loss=3.7833 lr=3.9e-05 tok/s=41,533 eta=3037.0153381623522
step=7431 tokens=973996032/1100000000 loss=3.6094 lr=3.9e-05 tok/s=41,510 eta=3035.523806891435
step=7432 tokens=974127104/1100000000 loss=3.5708 lr=3.89e-05 tok/s=41,495 eta=3033.4662032985157
step=7433 tokens=974258176/1100000000 loss=3.5871 lr=3.89e-05 tok/s=41,249 eta=3048.364427811176
step=7434 tokens=974389248/1100000000 loss=3.7235 lr=3.89e-05 tok/s=41,614 eta=3018.472762541826
step=7435 tokens=974520320/1100000000 loss=3.6146 lr=3.89e-05 tok/s=41,677 eta=3010.739724670477
step=7436 tokens=974651392/1100000000 loss=3.5854 lr=3.89e-05 tok/s=41,658 eta=3008.965284806716
step=7437 tokens=974782464/1100000000 loss=3.7204 lr=3.89e-05 tok/s=41,707 eta=3002.3421322278127
step=7438 tokens=974913536/1100000000 loss=3.5558 lr=3.88e-05 tok/s=41,613 eta=3005.949971515495
step=7439 tokens=975044608/1100000000 loss=3.6342 lr=3.88e-05 tok/s=41,497 eta=3011.219258717927
step=7440 tokens=975175680/1100000000 loss=3.6748 lr=3.88e-05 tok/s=41,713 eta=2992.481443807466
step=7441 tokens=975306752/1100000000 loss=3.5506 lr=3.88e-05 tok/s=41,687 eta=2991.1663315599208
step=7442 tokens=975437824/1100000000 loss=3.6022 lr=3.88e-05 tok/s=41,571 eta=2996.40272296918
step=7443 tokens=975568896/1100000000 loss=3.6615 lr=3.87e-05 tok/s=41,691 eta=2984.604648516635
step=7444 tokens=975699968/1100000000 loss=3.6130 lr=3.87e-05 tok/s=41,425 eta=3000.6045638754567
step=7445 tokens=975831040/1100000000 loss=3.6949 lr=3.87e-05 tok/s=41,506 eta=2991.6127694490783
step=7446 tokens=975962112/1100000000 loss=3.6131 lr=3.87e-05 tok/s=41,595 eta=2982.0307891884618
step=7447 tokens=976093184/1100000000 loss=3.6356 lr=3.87e-05 tok/s=41,765 eta=2966.767008371191
step=7448 tokens=976224256/1100000000 loss=3.6420 lr=3.87e-05 tok/s=41,885 eta=2955.156030145325
step=7449 tokens=976355328/1100000000 loss=3.5674 lr=3.86e-05 tok/s=41,618 eta=2970.935773986194
step=7450 tokens=976486400/1100000000 loss=3.6573 lr=3.86e-05 tok/s=41,584 eta=2970.18459354543
step=7451 tokens=976617472/1100000000 loss=3.6281 lr=3.86e-05 tok/s=41,664 eta=2961.3430728305666
step=7452 tokens=976748544/1100000000 loss=3.7443 lr=3.86e-05 tok/s=41,599 eta=2962.824481543146
step=7453 tokens=976879616/1100000000 loss=3.6225 lr=3.86e-05 tok/s=41,691 eta=2953.1773765711846
step=7454 tokens=977010688/1100000000 loss=3.9192 lr=3.85e-05 tok/s=41,506 eta=2963.1595782823256
step=7455 tokens=977141760/1100000000 loss=3.5764 lr=3.85e-05 tok/s=41,687 eta=2947.179987976565
step=7456 tokens=977272832/1100000000 loss=3.6246 lr=3.85e-05 tok/s=41,907 eta=2928.538006899114
step=7457 tokens=977403904/1100000000 loss=3.5804 lr=3.85e-05 tok/s=41,856 eta=2928.982115961876
step=7458 tokens=977534976/1100000000 loss=3.5895 lr=3.85e-05 tok/s=41,748 eta=2933.440432928447
step=7459 tokens=977666048/1100000000 loss=3.6493 lr=3.85e-05 tok/s=41,896 eta=2919.9617853328077
step=7460 tokens=977797120/1100000000 loss=3.5652 lr=3.84e-05 tok/s=41,530 eta=2942.5080632817617
step=7461 tokens=977928192/1100000000 loss=3.6569 lr=3.84e-05 tok/s=41,603 eta=2934.211464392955
step=7462 tokens=978059264/1100000000 loss=3.5566 lr=3.84e-05 tok/s=41,222 eta=2958.1738240134882
step=7463 tokens=978190336/1100000000 loss=3.6578 lr=3.84e-05 tok/s=41,492 eta=2935.7447135492903
step=7464 tokens=978321408/1100000000 loss=3.5854 lr=3.84e-05 tok/s=41,583 eta=2926.1386315296522
step=7465 tokens=978452480/1100000000 loss=3.5909 lr=3.84e-05 tok/s=41,376 eta=2937.644549367234
step=7466 tokens=978583552/1100000000 loss=3.7104 lr=3.83e-05 tok/s=41,538 eta=2923.0070655255104
step=7467 tokens=978714624/1100000000 loss=3.5999 lr=3.83e-05 tok/s=41,441 eta=2926.6988218291885
step=7468 tokens=978845696/1100000000 loss=3.6943 lr=3.83e-05 tok/s=41,475 eta=2921.1457400143627
step=7469 tokens=978976768/1100000000 loss=3.6219 lr=3.83e-05 tok/s=41,592 eta=2909.757030636827
step=7470 tokens=979107840/1100000000 loss=3.6714 lr=3.83e-05 tok/s=41,657 eta=2902.0720752511857
step=7471 tokens=979238912/1100000000 loss=3.6456 lr=3.82e-05 tok/s=41,621 eta=2901.4167959845176
step=7472 tokens=979369984/1100000000 loss=3.5857 lr=3.82e-05 tok/s=41,476 eta=2908.4067671682114
step=7473 tokens=979501056/1100000000 loss=3.6011 lr=3.82e-05 tok/s=41,711 eta=2888.9253290485162
step=7474 tokens=979632128/1100000000 loss=3.5814 lr=3.82e-05 tok/s=41,256 eta=2917.5671853819076
step=7475 tokens=979763200/1100000000 loss=3.6649 lr=3.82e-05 tok/s=41,520 eta=2895.845308460527
step=7476 tokens=979894272/1100000000 loss=3.6338 lr=3.82e-05 tok/s=41,822 eta=2871.817732480767
step=7477 tokens=980025344/1100000000 loss=3.6960 lr=3.81e-05 tok/s=30,171 eta=3976.446146750909
step=7478 tokens=980156416/1100000000 loss=3.6484 lr=3.81e-05 tok/s=41,561 eta=2883.556624583858
step=7479 tokens=980287488/1100000000 loss=3.6700 lr=3.81e-05 tok/s=41,382 eta=2892.8853900008703
step=7480 tokens=980418560/1100000000 loss=3.7368 lr=3.81e-05 tok/s=41,346 eta=2892.203558559653
step=7481 tokens=980549632/1100000000 loss=3.6100 lr=3.81e-05 tok/s=41,198 eta=2899.398109754379
step=7482 tokens=980680704/1100000000 loss=3.1114 lr=3.81e-05 tok/s=41,474 eta=2876.98273034449
step=7483 tokens=980811776/1100000000 loss=3.6264 lr=3.8e-05 tok/s=41,392 eta=2879.5163028121233
step=7484 tokens=980942848/1100000000 loss=3.6464 lr=3.8e-05 tok/s=41,529 eta=2866.833309857583
step=7485 tokens=981073920/1100000000 loss=3.6848 lr=3.8e-05 tok/s=41,336 eta=2877.055078179406
step=7486 tokens=981204992/1100000000 loss=3.5909 lr=3.8e-05 tok/s=41,338 eta=2873.718640328885
step=7487 tokens=981336064/1100000000 loss=3.6024 lr=3.8e-05 tok/s=41,299 eta=2873.3030321815863
step=7488 tokens=981467136/1100000000 loss=3.5798 lr=3.79e-05 tok/s=41,327 eta=2868.1712045372255
step=7489 tokens=981598208/1100000000 loss=3.5669 lr=3.79e-05 tok/s=41,343 eta=2863.869331112661
step=7490 tokens=981729280/1100000000 loss=3.6583 lr=3.79e-05 tok/s=41,256 eta=2866.75902647094
step=7491 tokens=981860352/1100000000 loss=3.5661 lr=3.79e-05 tok/s=41,230 eta=2865.410631169513
step=7492 tokens=981991424/1100000000 loss=3.5422 lr=3.79e-05 tok/s=41,419 eta=2849.157811038132
step=7493 tokens=982122496/1100000000 loss=3.6604 lr=3.79e-05 tok/s=41,433 eta=2844.9821764556223
step=7494 tokens=982253568/1100000000 loss=3.6933 lr=3.78e-05 tok/s=41,028 eta=2869.9203335315597
step=7495 tokens=982384640/1100000000 loss=3.6430 lr=3.78e-05 tok/s=41,260 eta=2850.6145368197076
step=7496 tokens=982515712/1100000000 loss=3.5670 lr=3.78e-05 tok/s=41,385 eta=2838.806451811755
step=7497 tokens=982646784/1100000000 loss=3.6403 lr=3.78e-05 tok/s=41,503 eta=2827.552231701621
step=7498 tokens=982777856/1100000000 loss=3.6066 lr=3.78e-05 tok/s=41,240 eta=2842.4569169564966
step=7499 tokens=982908928/1100000000 loss=3.6059 lr=3.78e-05 tok/s=41,498 eta=2821.6336332833926
step=7500 tokens=983040000/1100000000 loss=3.7164 lr=3.77e-05 tok/s=41,354 eta=2828.2751091863465
step=7501 tokens=983171072/1100000000 loss=3.6459 lr=3.77e-05 tok/s=41,487 eta=2816.0676213205975
step=7502 tokens=983302144/1100000000 loss=3.6873 lr=3.77e-05 tok/s=41,569 eta=2807.3474065769296
step=7503 tokens=983433216/1100000000 loss=3.6818 lr=3.77e-05 tok/s=41,446 eta=2812.4729480051324
step=7504 tokens=983564288/1100000000 loss=3.5858 lr=3.77e-05 tok/s=41,465 eta=2808.020238783339
step=7505 tokens=983695360/1100000000 loss=3.5900 lr=3.77e-05 tok/s=41,129 eta=2827.830938881601
step=7506 tokens=983826432/1100000000 loss=3.7200 lr=3.76e-05 tok/s=41,137 eta=2824.076384025142
step=7507 tokens=983957504/1100000000 loss=3.7137 lr=3.76e-05 tok/s=41,217 eta=2815.4324880041067
step=7508 tokens=984088576/1100000000 loss=3.7201 lr=3.76e-05 tok/s=41,244 eta=2810.359708243153
step=7509 tokens=984219648/1100000000 loss=3.6730 lr=3.76e-05 tok/s=41,494 eta=2790.307524644071
step=7510 tokens=984350720/1100000000 loss=3.6680 lr=3.76e-05 tok/s=41,606 eta=2779.661812657826
step=7511 tokens=984481792/1100000000 loss=3.6669 lr=3.76e-05 tok/s=41,335 eta=2794.6638534743206
step=7512 tokens=984612864/1100000000 loss=3.6020 lr=3.75e-05 tok/s=41,344 eta=2790.9066923725795
step=7513 tokens=984743936/1100000000 loss=3.5993 lr=3.75e-05 tok/s=41,320 eta=2789.3795649848203
step=7514 tokens=984875008/1100000000 loss=3.5536 lr=3.75e-05 tok/s=41,380 eta=2782.1600007196366
step=7515 tokens=985006080/1100000000 loss=3.7171 lr=3.75e-05 tok/s=41,124 eta=2796.2436266451336
step=7516 tokens=985137152/1100000000 loss=3.6798 lr=3.75e-05 tok/s=41,251 eta=2784.4914316865047
step=7517 tokens=985268224/1100000000 loss=3.6056 lr=3.74e-05 tok/s=41,397 eta=2771.5088876671525
step=7518 tokens=985399296/1100000000 loss=3.6962 lr=3.74e-05 tok/s=41,418 eta=2766.923183231964
step=7519 tokens=985530368/1100000000 loss=3.8706 lr=3.74e-05 tok/s=41,387 eta=2765.839601306467
step=7520 tokens=985661440/1100000000 loss=3.7993 lr=3.74e-05 tok/s=41,500 eta=2755.166085349154
step=7521 tokens=985792512/1100000000 loss=3.5623 lr=3.74e-05 tok/s=41,229 eta=2770.047889473052
step=7522 tokens=985923584/1100000000 loss=3.6448 lr=3.74e-05 tok/s=41,367 eta=2757.646090140635
step=7523 tokens=986054656/1100000000 loss=3.6056 lr=3.73e-05 tok/s=41,365 eta=2754.644420921832
step=7524 tokens=986185728/1100000000 loss=3.6967 lr=3.73e-05 tok/s=41,173 eta=2764.2679153994854
step=7525 tokens=986316800/1100000000 loss=3.6107 lr=3.73e-05 tok/s=41,347 eta=2749.4922255404745
step=7526 tokens=986447872/1100000000 loss=3.6755 lr=3.73e-05 tok/s=41,382 eta=2744.0205806876015
step=7527 tokens=986578944/1100000000 loss=3.7005 lr=3.73e-05 tok/s=41,147 eta=2756.5067424171234
step=7528 tokens=986710016/1100000000 loss=3.6100 lr=3.73e-05 tok/s=41,477 eta=2731.3899703649286
step=7529 tokens=986841088/1100000000 loss=3.6540 lr=3.72e-05 tok/s=41,345 eta=2736.954220367115
step=7530 tokens=986972160/1100000000 loss=3.6351 lr=3.72e-05 tok/s=41,372 eta=2732.00523385088
step=7531 tokens=987103232/1100000000 loss=3.6885 lr=3.72e-05 tok/s=41,232 eta=2738.0950017249643
step=7532 tokens=987234304/1100000000 loss=3.7073 lr=3.72e-05 tok/s=41,266 eta=2732.6770201236814
checkpoint saved: runs/20260905-021323/checkpoints/step_000007532 (time)
step=7533 tokens=987365376/1100000000 loss=3.5917 lr=3.72e-05 tok/s=34,464 eta=3268.134946746866
step=7534 tokens=987496448/1100000000 loss=3.6575 lr=3.72e-05 tok/s=41,311 eta=2723.3517811442243
step=7535 tokens=987627520/1100000000 loss=3.5965 lr=3.71e-05 tok/s=41,211 eta=2726.737268589434
step=7536 tokens=987758592/1100000000 loss=3.6920 lr=3.71e-05 tok/s=41,113 eta=2730.0845651752106
step=7537 tokens=987889664/1100000000 loss=3.5735 lr=3.71e-05 tok/s=41,244 eta=2718.195034122863
step=7538 tokens=988020736/1100000000 loss=3.5817 lr=3.71e-05 tok/s=41,181 eta=2719.1712093177775
step=7539 tokens=988151808/1100000000 loss=3.5775 lr=3.71e-05 tok/s=41,170 eta=2716.717251352725
step=7540 tokens=988282880/1100000000 loss=3.6365 lr=3.71e-05 tok/s=41,292 eta=2705.559335323066
step=7541 tokens=988413952/1100000000 loss=3.6892 lr=3.7e-05 tok/s=41,261 eta=2704.4067229036305
step=7542 tokens=988545024/1100000000 loss=3.6013 lr=3.7e-05 tok/s=41,236 eta=2702.8822489171175
step=7543 tokens=988676096/1100000000 loss=3.6762 lr=3.7e-05 tok/s=41,362 eta=2691.4519439645237
step=7544 tokens=988807168/1100000000 loss=3.6702 lr=3.7e-05 tok/s=41,236 eta=2696.472344034172
step=7545 tokens=988938240/1100000000 loss=3.6482 lr=3.7e-05 tok/s=41,256 eta=2692.004474115683
step=7546 tokens=989069312/1100000000 loss=3.7066 lr=3.7e-05 tok/s=41,267 eta=2688.1277843997887
step=7547 tokens=989200384/1100000000 loss=3.7411 lr=3.7e-05 tok/s=41,189 eta=2690.0201735748124
step=7548 tokens=989331456/1100000000 loss=3.6961 lr=3.69e-05 tok/s=41,402 eta=2673.0494164373695
step=7549 tokens=989462528/1100000000 loss=3.6764 lr=3.69e-05 tok/s=41,110 eta=2688.8390978541543
step=7550 tokens=989593600/1100000000 loss=3.5813 lr=3.69e-05 tok/s=41,106 eta=2685.8919415889995
step=7551 tokens=989724672/1100000000 loss=3.7370 lr=3.69e-05 tok/s=41,206 eta=2676.187021076101
step=7552 tokens=989855744/1100000000 loss=3.6424 lr=3.69e-05 tok/s=41,225 eta=2671.7523010228615
step=7553 tokens=989986816/1100000000 loss=3.6588 lr=3.69e-05 tok/s=41,437 eta=2654.968542631627
step=7554 tokens=990117888/1100000000 loss=3.5803 lr=3.68e-05 tok/s=29,993 eta=3663.5396107665742
step=7555 tokens=990248960/1100000000 loss=3.5697 lr=3.68e-05 tok/s=41,498 eta=2644.7227356388767
step=7556 tokens=990380032/1100000000 loss=3.7416 lr=3.68e-05 tok/s=41,414 eta=2646.9034463443754
step=7557 tokens=990511104/1100000000 loss=4.1463 lr=3.68e-05 tok/s=41,494 eta=2638.692256386898
step=7558 tokens=990642176/1100000000 loss=3.5907 lr=3.68e-05 tok/s=41,468 eta=2637.1435104392745
step=7559 tokens=990773248/1100000000 loss=3.6343 lr=3.68e-05 tok/s=41,237 eta=2648.7268543107944
step=7560 tokens=990904320/1100000000 loss=3.6566 lr=3.67e-05 tok/s=41,254 eta=2644.455584163419
step=7561 tokens=991035392/1100000000 loss=3.6518 lr=3.67e-05 tok/s=41,529 eta=2623.8486391212346
step=7562 tokens=991166464/1100000000 loss=3.5509 lr=3.67e-05 tok/s=41,680 eta=2611.1732322095804
step=7563 tokens=991297536/1100000000 loss=3.7743 lr=3.67e-05 tok/s=41,602 eta=2612.890657868888
step=7564 tokens=991428608/1100000000 loss=3.4753 lr=3.67e-05 tok/s=41,772 eta=2599.1463016282305
step=7565 tokens=991559680/1100000000 loss=3.5131 lr=3.67e-05 tok/s=41,589 eta=2607.4199185265356
step=7566 tokens=991690752/1100000000 loss=3.5007 lr=3.66e-05 tok/s=41,440 eta=2613.6607566572893
step=7567 tokens=991821824/1100000000 loss=3.6939 lr=3.66e-05 tok/s=41,430 eta=2611.1320524909065
step=7568 tokens=991952896/1100000000 loss=3.4499 lr=3.66e-05 tok/s=41,600 eta=2597.312301910235
step=7569 tokens=992083968/1100000000 loss=3.5340 lr=3.66e-05 tok/s=41,715 eta=2587.0129299834366
step=7570 tokens=992215040/1100000000 loss=3.4485 lr=3.66e-05 tok/s=41,554 eta=2593.829220954031
step=7571 tokens=992346112/1100000000 loss=3.5098 lr=3.66e-05 tok/s=41,476 eta=2595.5426357961946
step=7572 tokens=992477184/1100000000 loss=3.5316 lr=3.65e-05 tok/s=41,368 eta=2599.204295433079
step=7573 tokens=992608256/1100000000 loss=3.5564 lr=3.65e-05 tok/s=41,118 eta=2611.7945773691417
step=7574 tokens=992739328/1100000000 loss=3.5196 lr=3.65e-05 tok/s=41,473 eta=2586.2651006628457
step=7575 tokens=992870400/1100000000 loss=3.4934 lr=3.65e-05 tok/s=41,419 eta=2586.4824669468535
step=7576 tokens=993001472/1100000000 loss=3.5063 lr=3.65e-05 tok/s=41,463 eta=2580.5515183582766
step=7577 tokens=993132544/1100000000 loss=3.5861 lr=3.65e-05 tok/s=41,333 eta=2585.501014036411
step=7578 tokens=993263616/1100000000 loss=3.5734 lr=3.65e-05 tok/s=41,102 eta=2596.838544257858
step=7579 tokens=993394688/1100000000 loss=3.5521 lr=3.64e-05 tok/s=41,334 eta=2579.1200487785377
step=7580 tokens=993525760/1100000000 loss=3.5244 lr=3.64e-05 tok/s=41,096 eta=2590.8570983322675
step=7581 tokens=993656832/1100000000 loss=3.5426 lr=3.64e-05 tok/s=41,159 eta=2583.71303773806
step=7582 tokens=993787904/1100000000 loss=3.5540 lr=3.64e-05 tok/s=41,221 eta=2576.6755654615154
step=7583 tokens=993918976/1100000000 loss=3.4819 lr=3.64e-05 tok/s=40,991 eta=2587.935051199157
step=7584 tokens=994050048/1100000000 loss=3.5184 lr=3.64e-05 tok/s=41,160 eta=2574.071163943255
step=7585 tokens=994181120/1100000000 loss=3.5501 lr=3.63e-05 tok/s=41,025 eta=2579.3856373844997
step=7586 tokens=994312192/1100000000 loss=3.4776 lr=3.63e-05 tok/s=41,350 eta=2555.9567813211993
step=7587 tokens=994443264/1100000000 loss=3.5440 lr=3.63e-05 tok/s=40,823 eta=2585.7456696115028
step=7588 tokens=994574336/1100000000 loss=3.5952 lr=3.63e-05 tok/s=41,127 eta=2563.396140545774
step=7589 tokens=994705408/1100000000 loss=3.5420 lr=3.63e-05 tok/s=41,130 eta=2560.063821594871
step=7590 tokens=994836480/1100000000 loss=3.4519 lr=3.63e-05 tok/s=41,171 eta=2554.3019494538316
step=7591 tokens=994967552/1100000000 loss=3.4960 lr=3.63e-05 tok/s=41,292 eta=2543.674558757016
step=7592 tokens=995098624/1100000000 loss=3.6224 lr=3.62e-05 tok/s=41,402 eta=2533.7303807334365
step=7593 tokens=995229696/1100000000 loss=3.5845 lr=3.62e-05 tok/s=41,311 eta=2536.163154582681
step=7594 tokens=995360768/1100000000 loss=3.6247 lr=3.62e-05 tok/s=41,240 eta=2537.3205940712705
step=7595 tokens=995491840/1100000000 loss=3.6871 lr=3.62e-05 tok/s=41,357 eta=2526.9926322706933
step=7596 tokens=995622912/1100000000 loss=3.6435 lr=3.62e-05 tok/s=41,243 eta=2530.8001351958096
step=7597 tokens=995753984/1100000000 loss=3.6764 lr=3.62e-05 tok/s=41,288 eta=2524.8306241652253
step=7598 tokens=995885056/1100000000 loss=3.6574 lr=3.61e-05 tok/s=41,320 eta=2519.707874797169
step=7599 tokens=996016128/1100000000 loss=3.6229 lr=3.61e-05 tok/s=41,235 eta=2521.7683354974038
step=7600 tokens=996147200/1100000000 loss=3.6868 lr=3.61e-05 tok/s=41,118 eta=2525.754084052949
step=7601 tokens=996278272/1100000000 loss=3.7188 lr=3.61e-05 tok/s=41,081 eta=2524.8151886647347
step=7602 tokens=996409344/1100000000 loss=3.8419 lr=3.61e-05 tok/s=41,129 eta=2518.706462997084
step=7603 tokens=996540416/1100000000 loss=3.5709 lr=3.61e-05 tok/s=41,155 eta=2513.9054699405433
step=7604 tokens=996671488/1100000000 loss=3.6465 lr=3.61e-05 tok/s=41,331 eta=2500.054485441555
step=7605 tokens=996802560/1100000000 loss=3.6943 lr=3.6e-05 tok/s=41,275 eta=2500.2624932926797
step=7606 tokens=996933632/1100000000 loss=3.5900 lr=3.6e-05 tok/s=40,981 eta=2514.9516657424015
step=7607 tokens=997064704/1100000000 loss=3.5253 lr=3.6e-05 tok/s=41,187 eta=2499.229976978784
step=7608 tokens=997195776/1100000000 loss=3.6491 lr=3.6e-05 tok/s=40,959 eta=2509.9013445731557
step=7609 tokens=997326848/1100000000 loss=3.5417 lr=3.6e-05 tok/s=41,155 eta=2494.7715259202705
step=7610 tokens=997457920/1100000000 loss=3.7585 lr=3.6e-05 tok/s=41,360 eta=2479.246806586812
step=7611 tokens=997588992/1100000000 loss=3.5754 lr=3.59e-05 tok/s=41,284 eta=2480.657471705906
step=7612 tokens=997720064/1100000000 loss=3.6191 lr=3.59e-05 tok/s=41,170 eta=2484.3339163091764
step=7613 tokens=997851136/1100000000 loss=3.5057 lr=3.59e-05 tok/s=41,256 eta=2475.9932108188377
step=7614 tokens=997982208/1100000000 loss=3.6217 lr=3.59e-05 tok/s=41,359 eta=2466.658464301823
step=7615 tokens=998113280/1100000000 loss=3.5627 lr=3.59e-05 tok/s=41,489 eta=2455.7453280061177
step=7616 tokens=998244352/1100000000 loss=3.5717 lr=3.59e-05 tok/s=41,504 eta=2451.7275341216546
step=7617 tokens=998375424/1100000000 loss=3.6422 lr=3.59e-05 tok/s=41,362 eta=2456.9726940348137
step=7618 tokens=998506496/1100000000 loss=3.7340 lr=3.58e-05 tok/s=41,586 eta=2440.5676517783127
step=7619 tokens=998637568/1100000000 loss=3.6081 lr=3.58e-05 tok/s=41,436 eta=2446.25299024516
step=7620 tokens=998768640/1100000000 loss=3.5798 lr=3.58e-05 tok/s=41,639 eta=2431.1840696502727
step=7621 tokens=998899712/1100000000 loss=3.5812 lr=3.58e-05 tok/s=41,334 eta=2445.9190716629037
step=7622 tokens=999030784/1100000000 loss=3.5609 lr=3.58e-05 tok/s=41,204 eta=2450.4422098732816
step=7623 tokens=999161856/1100000000 loss=3.6124 lr=3.58e-05 tok/s=41,351 eta=2438.5618531106584
step=7624 tokens=999292928/1100000000 loss=3.6475 lr=3.58e-05 tok/s=41,304 eta=2438.2194034731256
step=7625 tokens=999424000/1100000000 loss=3.5055 lr=3.57e-05 tok/s=41,416 eta=2428.4390574243557
step=7626 tokens=999555072/1100000000 loss=3.5594 lr=3.57e-05 tok/s=41,653 eta=2411.486975058265
step=7627 tokens=999686144/1100000000 loss=3.5068 lr=3.57e-05 tok/s=41,308 eta=2428.4111627650113
step=7628 tokens=999817216/1100000000 loss=3.5862 lr=3.57e-05 tok/s=41,270 eta=2427.4751711370377
step=7629 tokens=999948288/1100000000 loss=3.5199 lr=3.57e-05 tok/s=41,304 eta=2422.3403744118323
step=7630 tokens=1000079360/1100000000 loss=3.5511 lr=3.57e-05 tok/s=29,858 eta=3346.5458934148737
checkpoint saved: runs/20260905-021323/checkpoints/tokens_001000m (permanent_tokens)
step=7631 tokens=1000210432/1100000000 loss=3.5963 lr=3.56e-05 tok/s=34,515 eta=2891.206252294634
step=7632 tokens=1000341504/1100000000 loss=3.6194 lr=3.56e-05 tok/s=41,376 eta=2408.58626105528
step=7633 tokens=1000472576/1100000000 loss=3.8823 lr=3.56e-05 tok/s=41,129 eta=2419.8851862427987
step=7634 tokens=1000603648/1100000000 loss=3.6158 lr=3.56e-05 tok/s=41,123 eta=2417.063763793294
step=7635 tokens=1000734720/1100000000 loss=3.5655 lr=3.56e-05 tok/s=41,241 eta=2406.9553445092483
step=7636 tokens=1000865792/1100000000 loss=3.5936 lr=3.56e-05 tok/s=41,248 eta=2403.3855526981956
step=7637 tokens=1000996864/1100000000 loss=3.6357 lr=3.56e-05 tok/s=41,261 eta=2399.447674510535
step=7638 tokens=1001127936/1100000000 loss=3.6804 lr=3.55e-05 tok/s=41,308 eta=2393.523407457079
step=7639 tokens=1001259008/1100000000 loss=3.6601 lr=3.55e-05 tok/s=41,591 eta=2374.120694498252
step=7640 tokens=1001390080/1100000000 loss=3.6256 lr=3.55e-05 tok/s=41,612 eta=2369.7515555107902
step=7641 tokens=1001521152/1100000000 loss=3.5844 lr=3.55e-05 tok/s=41,296 eta=2384.6783760285575
step=7642 tokens=1001652224/1100000000 loss=3.7256 lr=3.55e-05 tok/s=41,416 eta=2374.6431148230376
step=7643 tokens=1001783296/1100000000 loss=3.6164 lr=3.55e-05 tok/s=41,151 eta=2386.715154179478
step=7644 tokens=1001914368/1100000000 loss=3.6182 lr=3.55e-05 tok/s=41,130 eta=2384.7625045170867
step=7645 tokens=1002045440/1100000000 loss=3.6736 lr=3.54e-05 tok/s=41,186 eta=2378.326011244947
step=7646 tokens=1002176512/1100000000 loss=3.6960 lr=3.54e-05 tok/s=41,173 eta=2375.908609144691
step=7647 tokens=1002307584/1100000000 loss=3.6057 lr=3.54e-05 tok/s=40,849 eta=2391.5313047086865
step=7648 tokens=1002438656/1100000000 loss=3.6283 lr=3.54e-05 tok/s=41,359 eta=2358.886180307335
step=7649 tokens=1002569728/1100000000 loss=3.6912 lr=3.54e-05 tok/s=41,236 eta=2362.735067146981
step=7650 tokens=1002700800/1100000000 loss=3.6074 lr=3.54e-05 tok/s=41,353 eta=2352.9112497641413
step=7651 tokens=1002831872/1100000000 loss=3.6500 lr=3.54e-05 tok/s=41,293 eta=2353.1503722243538
step=7652 tokens=1002962944/1100000000 loss=3.5729 lr=3.53e-05 tok/s=41,258 eta=2351.979126094574
step=7653 tokens=1003094016/1100000000 loss=3.5943 lr=3.53e-05 tok/s=41,194 eta=2352.417947014194
step=7654 tokens=1003225088/1100000000 loss=3.6423 lr=3.53e-05 tok/s=41,147 eta=2351.9371696391017
step=7655 tokens=1003356160/1100000000 loss=3.6730 lr=3.53e-05 tok/s=41,238 eta=2343.542543870031
step=7656 tokens=1003487232/1100000000 loss=3.6216 lr=3.53e-05 tok/s=41,182 eta=2343.5862299112637
step=7657 tokens=1003618304/1100000000 loss=3.7094 lr=3.53e-05 tok/s=40,894 eta=2356.863779281547
step=7658 tokens=1003749376/1100000000 loss=3.6901 lr=3.53e-05 tok/s=41,258 eta=2332.871818146888
step=7659 tokens=1003880448/1100000000 loss=3.5875 lr=3.52e-05 tok/s=41,270 eta=2329.0297334672555
step=7660 tokens=1004011520/1100000000 loss=3.6289 lr=3.52e-05 tok/s=41,189 eta=2330.462080279618
step=7661 tokens=1004142592/1100000000 loss=3.5458 lr=3.52e-05 tok/s=41,326 eta=2319.561157681011
step=7662 tokens=1004273664/1100000000 loss=3.6330 lr=3.52e-05 tok/s=41,159 eta=2325.777880807484
step=7663 tokens=1004404736/1100000000 loss=3.6057 lr=3.52e-05 tok/s=41,358 eta=2311.412825745488
step=7664 tokens=1004535808/1100000000 loss=3.5606 lr=3.52e-05 tok/s=41,015 eta=2327.521752871129
step=7665 tokens=1004666880/1100000000 loss=3.5576 lr=3.52e-05 tok/s=41,239 eta=2311.744766793159
step=7666 tokens=1004797952/1100000000 loss=3.5038 lr=3.51e-05 tok/s=41,444 eta=2297.142713494936
step=7667 tokens=1004929024/1100000000 loss=3.4766 lr=3.51e-05 tok/s=41,064 eta=2315.169628285592
step=7668 tokens=1005060096/1100000000 loss=3.5411 lr=3.51e-05 tok/s=41,304 eta=2298.540432918272
step=7669 tokens=1005191168/1100000000 loss=3.5188 lr=3.51e-05 tok/s=41,121 eta=2305.5950343925247
step=7670 tokens=1005322240/1100000000 loss=3.4757 lr=3.51e-05 tok/s=41,162 eta=2300.122108899624
step=7671 tokens=1005453312/1100000000 loss=3.5173 lr=3.51e-05 tok/s=41,232 eta=2293.046248498729
step=7672 tokens=1005584384/1100000000 loss=3.4403 lr=3.51e-05 tok/s=41,336 eta=2284.1026326947767
step=7673 tokens=1005715456/1100000000 loss=3.5077 lr=3.5e-05 tok/s=41,220 eta=2287.343802093907
step=7674 tokens=1005846528/1100000000 loss=3.4975 lr=3.5e-05 tok/s=41,407 eta=2273.842052152487
step=7675 tokens=1005977600/1100000000 loss=3.4942 lr=3.5e-05 tok/s=41,112 eta=2286.999249334566
step=7676 tokens=1006108672/1100000000 loss=3.4891 lr=3.5e-05 tok/s=41,169 eta=2280.6592175269866
step=7677 tokens=1006239744/1100000000 loss=3.5325 lr=3.5e-05 tok/s=41,324 eta=2268.9312921560354
step=7678 tokens=1006370816/1100000000 loss=3.5163 lr=3.5e-05 tok/s=41,343 eta=2264.678623109448
step=7679 tokens=1006501888/1100000000 loss=3.4038 lr=3.5e-05 tok/s=41,230 eta=2267.6934414748034
step=7680 tokens=1006632960/1100000000 loss=3.4490 lr=3.49e-05 tok/s=41,125 eta=2270.3492722469127
step=7681 tokens=1006764032/1100000000 loss=3.4657 lr=3.49e-05 tok/s=41,240 eta=2260.8036869367893
step=7682 tokens=1006895104/1100000000 loss=3.5053 lr=3.49e-05 tok/s=41,283 eta=2255.3091395402694
step=7683 tokens=1007026176/1100000000 loss=3.5518 lr=3.49e-05 tok/s=40,874 eta=2274.6319298367894
step=7684 tokens=1007157248/1100000000 loss=3.4948 lr=3.49e-05 tok/s=41,199 eta=2253.493055053213
step=7685 tokens=1007288320/1100000000 loss=3.4733 lr=3.49e-05 tok/s=41,247 eta=2247.736857757285
step=7686 tokens=1007419392/1100000000 loss=3.5101 lr=3.49e-05 tok/s=41,242 eta=2244.8404663042843
step=7687 tokens=1007550464/1100000000 loss=3.5716 lr=3.49e-05 tok/s=41,049 eta=2252.154351680494
step=7688 tokens=1007681536/1100000000 loss=3.4721 lr=3.48e-05 tok/s=41,161 eta=2242.8700451756395
step=7689 tokens=1007812608/1100000000 loss=3.6662 lr=3.48e-05 tok/s=41,259 eta=2234.3368101991355
step=7690 tokens=1007943680/1100000000 loss=3.7468 lr=3.48e-05 tok/s=41,158 eta=2236.6720435691377
step=7691 tokens=1008074752/1100000000 loss=3.7525 lr=3.48e-05 tok/s=41,093 eta=2237.0140530776825
step=7692 tokens=1008205824/1100000000 loss=3.7093 lr=3.48e-05 tok/s=41,109 eta=2232.947763253529
step=7693 tokens=1008336896/1100000000 loss=3.6720 lr=3.48e-05 tok/s=41,344 eta=2217.0572538797433
step=7694 tokens=1008467968/1100000000 loss=3.6573 lr=3.48e-05 tok/s=41,237 eta=2219.6658243829083
step=7695 tokens=1008599040/1100000000 loss=3.6109 lr=3.47e-05 tok/s=41,273 eta=2214.526966459794
step=7696 tokens=1008730112/1100000000 loss=3.7017 lr=3.47e-05 tok/s=41,270 eta=2211.5545618051806
step=7697 tokens=1008861184/1100000000 loss=3.6343 lr=3.47e-05 tok/s=41,194 eta=2212.442366527538
step=7698 tokens=1008992256/1100000000 loss=3.6644 lr=3.47e-05 tok/s=41,245 eta=2206.534532548073
step=7699 tokens=1009123328/1100000000 loss=3.6697 lr=3.47e-05 tok/s=41,186 eta=2206.4957687534547
step=7700 tokens=1009254400/1100000000 loss=3.5537 lr=3.47e-05 tok/s=41,262 eta=2199.2707213299977
step=7701 tokens=1009385472/1100000000 loss=3.6998 lr=3.47e-05 tok/s=41,486 eta=2184.2447402058715
step=7702 tokens=1009516544/1100000000 loss=3.6777 lr=3.46e-05 tok/s=41,547 eta=2177.8685464022255
step=7703 tokens=1009647616/1100000000 loss=3.6431 lr=3.46e-05 tok/s=41,703 eta=2166.5829410259794
step=7704 tokens=1009778688/1100000000 loss=3.5485 lr=3.46e-05 tok/s=41,302 eta=2184.425642361601
step=7705 tokens=1009909760/1100000000 loss=3.5277 lr=3.46e-05 tok/s=41,310 eta=2180.826353928036
step=7706 tokens=1010040832/1100000000 loss=3.5613 lr=3.46e-05 tok/s=30,107 eta=2987.9804523043813
step=7707 tokens=1010171904/1100000000 loss=3.5972 lr=3.46e-05 tok/s=41,332 eta=2173.3308927455428
step=7708 tokens=1010302976/1100000000 loss=3.5408 lr=3.46e-05 tok/s=41,164 eta=2179.0364814258587
step=7709 tokens=1010434048/1100000000 loss=3.5046 lr=3.46e-05 tok/s=41,251 eta=2171.239607781653
step=7710 tokens=1010565120/1100000000 loss=3.5847 lr=3.45e-05 tok/s=41,182 eta=2171.674652796225
step=7711 tokens=1010696192/1100000000 loss=3.6070 lr=3.45e-05 tok/s=41,375 eta=2158.4129995370813
step=7712 tokens=1010827264/1100000000 loss=3.6938 lr=3.45e-05 tok/s=41,385 eta=2154.6868361550937
step=7713 tokens=1010958336/1100000000 loss=3.4922 lr=3.45e-05 tok/s=41,182 eta=2162.1444882060346
step=7714 tokens=1011089408/1100000000 loss=3.4487 lr=3.45e-05 tok/s=41,084 eta=2164.098159436169
step=7715 tokens=1011220480/1100000000 loss=3.6140 lr=3.45e-05 tok/s=41,132 eta=2158.4106088771828
step=7716 tokens=1011351552/1100000000 loss=3.6074 lr=3.45e-05 tok/s=41,357 eta=2143.471183062786
step=7717 tokens=1011482624/1100000000 loss=3.5615 lr=3.45e-05 tok/s=41,135 eta=2151.900777810368
step=7718 tokens=1011613696/1100000000 loss=3.6261 lr=3.44e-05 tok/s=41,154 eta=2147.676139226
step=7719 tokens=1011744768/1100000000 loss=3.6107 lr=3.44e-05 tok/s=41,195 eta=2142.3692018532065
step=7720 tokens=1011875840/1100000000 loss=3.5131 lr=3.44e-05 tok/s=41,359 eta=2130.6924183412725
step=7721 tokens=1012006912/1100000000 loss=3.3538 lr=3.44e-05 tok/s=41,152 eta=2138.2632936974387
step=7722 tokens=1012137984/1100000000 loss=3.1928 lr=3.44e-05 tok/s=41,264 eta=2129.250240142423
step=7723 tokens=1012269056/1100000000 loss=3.1821 lr=3.44e-05 tok/s=41,417 eta=2118.243794446539
step=7724 tokens=1012400128/1100000000 loss=3.1930 lr=3.44e-05 tok/s=41,606 eta=2105.468224749159
step=7725 tokens=1012531200/1100000000 loss=3.1295 lr=3.43e-05 tok/s=41,364 eta=2114.590069156612
step=7726 tokens=1012662272/1100000000 loss=3.1035 lr=3.43e-05 tok/s=41,623 eta=2098.285649497173
step=7727 tokens=1012793344/1100000000 loss=3.1208 lr=3.43e-05 tok/s=41,696 eta=2091.479871558038
step=7728 tokens=1012924416/1100000000 loss=3.1050 lr=3.43e-05 tok/s=41,559 eta=2095.2478953021964
step=7729 tokens=1013055488/1100000000 loss=3.0554 lr=3.43e-05 tok/s=41,162 eta=2112.2304328933656
step=7730 tokens=1013186560/1100000000 loss=3.1104 lr=3.43e-05 tok/s=41,315 eta=2101.260476102305
step=7731 tokens=1013317632/1100000000 loss=3.0423 lr=3.43e-05 tok/s=41,271 eta=2100.3089158330954
step=7732 tokens=1013448704/1100000000 loss=3.1184 lr=3.43e-05 tok/s=41,382 eta=2091.5326696021816
step=7733 tokens=1013579776/1100000000 loss=3.1088 lr=3.42e-05 tok/s=41,120 eta=2101.6796036745895
step=7734 tokens=1013710848/1100000000 loss=3.0429 lr=3.42e-05 tok/s=41,245 eta=2092.105117855058
step=7735 tokens=1013841920/1100000000 loss=3.0106 lr=3.42e-05 tok/s=41,204 eta=2090.988669417083
step=7736 tokens=1013972992/1100000000 loss=3.0463 lr=3.42e-05 tok/s=41,164 eta=2089.8446436290187
step=7737 tokens=1014104064/1100000000 loss=3.0804 lr=3.42e-05 tok/s=41,260 eta=2081.842264752969
step=7738 tokens=1014235136/1100000000 loss=3.0427 lr=3.42e-05 tok/s=41,142 eta=2084.61573068066
step=7739 tokens=1014366208/1100000000 loss=3.0492 lr=3.42e-05 tok/s=41,302 eta=2073.3393888095484
step=7740 tokens=1014497280/1100000000 loss=3.0147 lr=3.42e-05 tok/s=41,453 eta=2062.6359582096643
step=7741 tokens=1014628352/1100000000 loss=3.0130 lr=3.41e-05 tok/s=41,268 eta=2068.7161411080506
step=7742 tokens=1014759424/1100000000 loss=3.0190 lr=3.41e-05 tok/s=41,096 eta=2074.159492489304
step=7743 tokens=1014890496/1100000000 loss=3.0243 lr=3.41e-05 tok/s=41,297 eta=2060.91024367911
step=7744 tokens=1015021568/1100000000 loss=3.0469 lr=3.41e-05 tok/s=41,173 eta=2063.9432014104273
step=7745 tokens=1015152640/1100000000 loss=3.0488 lr=3.41e-05 tok/s=41,243 eta=2057.246834662814
step=7746 tokens=1015283712/1100000000 loss=3.0040 lr=3.41e-05 tok/s=41,051 eta=2063.6997736980748
step=7747 tokens=1015414784/1100000000 loss=3.0339 lr=3.41e-05 tok/s=41,300 eta=2048.070610254934
step=7748 tokens=1015545856/1100000000 loss=3.0556 lr=3.41e-05 tok/s=41,403 eta=2039.8319581449016
step=7749 tokens=1015676928/1100000000 loss=3.0410 lr=3.4e-05 tok/s=41,297 eta=2041.8470826434223
step=7750 tokens=1015808000/1100000000 loss=3.0369 lr=3.4e-05 tok/s=41,246 eta=2041.2286494274028
step=7751 tokens=1015939072/1100000000 loss=3.0327 lr=3.4e-05 tok/s=41,397 eta=2030.6182144789072
step=7752 tokens=1016070144/1100000000 loss=3.0115 lr=3.4e-05 tok/s=41,591 eta=2018.0041473708027
step=7753 tokens=1016201216/1100000000 loss=3.4644 lr=3.4e-05 tok/s=41,176 eta=2035.1183906126982
step=7754 tokens=1016332288/1100000000 loss=3.6867 lr=3.4e-05 tok/s=41,291 eta=2026.2968857148603
step=7755 tokens=1016463360/1100000000 loss=3.6948 lr=3.4e-05 tok/s=41,435 eta=2016.1105098251548
step=7756 tokens=1016594432/1100000000 loss=3.6089 lr=3.4e-05 tok/s=41,568 eta=2006.5088075770293
step=7757 tokens=1016725504/1100000000 loss=3.5925 lr=3.39e-05 tok/s=41,378 eta=2012.5286208416637
step=7758 tokens=1016856576/1100000000 loss=3.6580 lr=3.39e-05 tok/s=41,537 eta=2001.685550516029
step=7759 tokens=1016987648/1100000000 loss=3.6570 lr=3.39e-05 tok/s=41,667 eta=1992.26774150584
step=7760 tokens=1017118720/1100000000 loss=3.6286 lr=3.39e-05 tok/s=41,375 eta=2003.1708739967485
step=7761 tokens=1017249792/1100000000 loss=3.6299 lr=3.39e-05 tok/s=41,451 eta=1996.3593422115973
step=7762 tokens=1017380864/1100000000 loss=3.5529 lr=3.39e-05 tok/s=41,361 eta=1997.497121835
step=7763 tokens=1017511936/1100000000 loss=3.5258 lr=3.39e-05 tok/s=41,443 eta=1990.3849075537041
step=7764 tokens=1017643008/1100000000 loss=3.9465 lr=3.39e-05 tok/s=41,345 eta=1991.9518650200746
step=7765 tokens=1017774080/1100000000 loss=3.5830 lr=3.38e-05 tok/s=41,496 eta=1981.5297419025178
step=7766 tokens=1017905152/1100000000 loss=3.5232 lr=3.38e-05 tok/s=41,335 eta=1986.089815101832
step=7767 tokens=1018036224/1100000000 loss=3.6352 lr=3.38e-05 tok/s=41,415 eta=1979.0944825248828
step=7768 tokens=1018167296/1100000000 loss=3.5592 lr=3.38e-05 tok/s=41,169 eta=1987.713910917927
step=7769 tokens=1018298368/1100000000 loss=3.6292 lr=3.38e-05 tok/s=41,603 eta=1963.8442767209785
step=7770 tokens=1018429440/1100000000 loss=3.6016 lr=3.38e-05 tok/s=41,538 eta=1963.7763134645606
step=7771 tokens=1018560512/1100000000 loss=3.5925 lr=3.38e-05 tok/s=41,545 eta=1960.2841867019895
step=7772 tokens=1018691584/1100000000 loss=3.5976 lr=3.38e-05 tok/s=41,582 eta=1955.3605026526425
step=7773 tokens=1018822656/1100000000 loss=3.5051 lr=3.37e-05 tok/s=41,695 eta=1946.9171147172733
step=7774 tokens=1018953728/1100000000 loss=3.7380 lr=3.37e-05 tok/s=41,726 eta=1942.3518958459404
step=7775 tokens=1019084800/1100000000 loss=3.4606 lr=3.37e-05 tok/s=41,512 eta=1949.1989579207739
step=7776 tokens=1019215872/1100000000 loss=3.5783 lr=3.37e-05 tok/s=41,635 eta=1940.3067296722006
step=7777 tokens=1019346944/1100000000 loss=3.6203 lr=3.37e-05 tok/s=41,761 eta=1931.2965730504177
step=7778 tokens=1019478016/1100000000 loss=3.5188 lr=3.37e-05 tok/s=41,765 eta=1927.966523435268
step=7779 tokens=1019609088/1100000000 loss=3.6528 lr=3.37e-05 tok/s=41,559 eta=1934.3911246490288
step=7780 tokens=1019740160/1100000000 loss=3.5670 lr=3.37e-05 tok/s=41,421 eta=1937.6697122086134
step=7781 tokens=1019871232/1100000000 loss=3.6681 lr=3.37e-05 tok/s=41,442 eta=1933.5032898672166
step=7782 tokens=1020002304/1100000000 loss=3.6920 lr=3.36e-05 tok/s=30,202 eta=2648.7141988418507
step=7783 tokens=1020133376/1100000000 loss=3.5860 lr=3.36e-05 tok/s=41,705 eta=1915.020139378115
step=7784 tokens=1020264448/1100000000 loss=3.6096 lr=3.36e-05 tok/s=41,418 eta=1925.1329957362552
step=7785 tokens=1020395520/1100000000 loss=3.5715 lr=3.36e-05 tok/s=41,173 eta=1933.4025627213382
step=7786 tokens=1020526592/1100000000 loss=3.5704 lr=3.36e-05 tok/s=41,285 eta=1925.0129891932181
step=7787 tokens=1020657664/1100000000 loss=3.6568 lr=3.36e-05 tok/s=41,343 eta=1919.1310266638873
step=7788 tokens=1020788736/1100000000 loss=3.7144 lr=3.36e-05 tok/s=41,351 eta=1915.5879594141575
step=7789 tokens=1020919808/1100000000 loss=3.6531 lr=3.36e-05 tok/s=41,068 eta=1925.5798794324753
step=7790 tokens=1021050880/1100000000 loss=3.6697 lr=3.35e-05 tok/s=41,429 eta=1905.6298990203904
step=7791 tokens=1021181952/1100000000 loss=3.6265 lr=3.35e-05 tok/s=41,444 eta=1901.798533428683
step=7792 tokens=1021313024/1100000000 loss=3.6294 lr=3.35e-05 tok/s=41,608 eta=1891.1360345075063
step=7793 tokens=1021444096/1100000000 loss=3.6190 lr=3.35e-05 tok/s=41,157 eta=1908.7027691849696
step=7794 tokens=1021575168/1100000000 loss=3.6251 lr=3.35e-05 tok/s=41,232 eta=1902.0398904997296
step=7795 tokens=1021706240/1100000000 loss=3.6485 lr=3.35e-05 tok/s=41,271 eta=1897.0496935966137
step=7796 tokens=1021837312/1100000000 loss=3.7682 lr=3.35e-05 tok/s=40,880 eta=1912.0248395108013
step=7797 tokens=1021968384/1100000000 loss=3.5799 lr=3.35e-05 tok/s=41,180 eta=1894.8984178392259
step=7798 tokens=1022099456/1100000000 loss=3.3768 lr=3.35e-05 tok/s=41,305 eta=1885.9940013150588
step=7799 tokens=1022230528/1100000000 loss=3.2223 lr=3.34e-05 tok/s=41,153 eta=1889.7527160699192
step=7800 tokens=1022361600/1100000000 loss=3.6011 lr=3.34e-05 tok/s=41,296 eta=1880.0249853563237
step=7801 tokens=1022492672/1100000000 loss=3.6035 lr=3.34e-05 tok/s=41,132 eta=1884.3720771612927
step=7802 tokens=1022623744/1100000000 loss=3.6270 lr=3.34e-05 tok/s=41,371 eta=1870.287836871054
step=7803 tokens=1022754816/1100000000 loss=3.5947 lr=3.34e-05 tok/s=41,310 eta=1869.9008458857186
step=7804 tokens=1022885888/1100000000 loss=3.5830 lr=3.34e-05 tok/s=41,353 eta=1864.782186668039
step=7805 tokens=1023016960/1100000000 loss=3.6293 lr=3.34e-05 tok/s=41,405 eta=1859.270923964052
step=7806 tokens=1023148032/1100000000 loss=3.5396 lr=3.34e-05 tok/s=41,391 eta=1856.725097290689
step=7807 tokens=1023279104/1100000000 loss=3.5610 lr=3.33e-05 tok/s=41,322 eta=1856.6440542203916
step=7808 tokens=1023410176/1100000000 loss=3.6276 lr=3.33e-05 tok/s=41,309 eta=1854.0894599446035
step=7809 tokens=1023541248/1100000000 loss=3.5143 lr=3.33e-05 tok/s=41,508 eta=1842.010927309109
step=7810 tokens=1023672320/1100000000 loss=3.6931 lr=3.33e-05 tok/s=41,406 eta=1843.386074491561
step=7811 tokens=1023803392/1100000000 loss=3.6669 lr=3.33e-05 tok/s=41,407 eta=1840.1975651910243
step=7812 tokens=1023934464/1100000000 loss=3.6664 lr=3.33e-05 tok/s=41,528 eta=1831.6753149425676
step=7813 tokens=1024065536/1100000000 loss=3.5995 lr=3.33e-05 tok/s=41,525 eta=1828.627847853149
step=7814 tokens=1024196608/1100000000 loss=3.5592 lr=3.33e-05 tok/s=41,503 eta=1826.4376537365583
step=7815 tokens=1024327680/1100000000 loss=3.5560 lr=3.33e-05 tok/s=41,462 eta=1825.113004073247
step=7816 tokens=1024458752/1100000000 loss=3.4345 lr=3.32e-05 tok/s=41,641 eta=1814.0857058310226
step=7817 tokens=1024589824/1100000000 loss=3.5577 lr=3.32e-05 tok/s=41,323 eta=1824.9058342716667
step=7818 tokens=1024720896/1100000000 loss=3.6401 lr=3.32e-05 tok/s=41,468 eta=1815.3562298965664
step=7819 tokens=1024851968/1100000000 loss=3.5801 lr=3.32e-05 tok/s=41,659 eta=1803.9062788505403
step=7820 tokens=1024983040/1100000000 loss=3.5816 lr=3.32e-05 tok/s=41,435 eta=1810.4672205792522
step=7821 tokens=1025114112/1100000000 loss=3.6055 lr=3.32e-05 tok/s=41,320 eta=1812.3192887983053
step=7822 tokens=1025245184/1100000000 loss=3.5605 lr=3.32e-05 tok/s=41,364 eta=1807.2348043945772
step=7823 tokens=1025376256/1100000000 loss=3.6091 lr=3.32e-05 tok/s=41,564 eta=1795.4103069539603
step=7824 tokens=1025507328/1100000000 loss=3.6915 lr=3.32e-05 tok/s=41,308 eta=1803.3410910525
step=7825 tokens=1025638400/1100000000 loss=3.5507 lr=3.31e-05 tok/s=41,485 eta=1792.510555711288
step=7826 tokens=1025769472/1100000000 loss=3.5426 lr=3.31e-05 tok/s=41,251 eta=1799.4770260287303
step=7827 tokens=1025900544/1100000000 loss=3.5324 lr=3.31e-05 tok/s=41,486 eta=1786.1358864680224
step=7828 tokens=1026031616/1100000000 loss=3.6082 lr=3.31e-05 tok/s=41,380 eta=1787.5331139018551
step=7829 tokens=1026162688/1100000000 loss=3.6468 lr=3.31e-05 tok/s=41,461 eta=1780.8677586073054
step=7830 tokens=1026293760/1100000000 loss=3.6211 lr=3.31e-05 tok/s=41,708 eta=1767.1794398295824
step=7831 tokens=1026424832/1100000000 loss=3.5663 lr=3.31e-05 tok/s=41,494 eta=1773.1574892326073
step=7832 tokens=1026555904/1100000000 loss=3.6012 lr=3.31e-05 tok/s=41,647 eta=1763.4952939266982
step=7833 tokens=1026686976/1100000000 loss=3.6508 lr=3.31e-05 tok/s=41,579 eta=1763.2105857921956
step=7834 tokens=1026818048/1100000000 loss=3.6021 lr=3.3e-05 tok/s=41,727 eta=1753.834545988021
step=7835 tokens=1026949120/1100000000 loss=3.6011 lr=3.3e-05 tok/s=41,639 eta=1754.4037827114569
step=7836 tokens=1027080192/1100000000 loss=3.5788 lr=3.3e-05 tok/s=41,535 eta=1755.6029495558455
step=7837 tokens=1027211264/1100000000 loss=3.6168 lr=3.3e-05 tok/s=41,398 eta=1758.2768538429523
step=7838 tokens=1027342336/1100000000 loss=3.5613 lr=3.3e-05 tok/s=41,710 eta=1741.9874421020902
step=7839 tokens=1027473408/1100000000 loss=3.6407 lr=3.3e-05 tok/s=41,858 eta=1732.6685275566438
step=7840 tokens=1027604480/1100000000 loss=3.6319 lr=3.3e-05 tok/s=41,709 eta=1735.7163037073256
step=7841 tokens=1027735552/1100000000 loss=3.5146 lr=3.3e-05 tok/s=41,489 eta=1741.767376629583
step=7842 tokens=1027866624/1100000000 loss=3.6286 lr=3.3e-05 tok/s=41,683 eta=1730.5243922171617
step=7843 tokens=1027997696/1100000000 loss=3.5375 lr=3.3e-05 tok/s=41,761 eta=1724.1544715360508
step=7844 tokens=1028128768/1100000000 loss=3.5419 lr=3.29e-05 tok/s=41,464 eta=1733.3561589751637
step=7845 tokens=1028259840/1100000000 loss=3.6132 lr=3.29e-05 tok/s=41,538 eta=1727.0821912800598
step=7846 tokens=1028390912/1100000000 loss=3.6292 lr=3.29e-05 tok/s=41,715 eta=1716.630686094619
step=7847 tokens=1028521984/1100000000 loss=3.5471 lr=3.29e-05 tok/s=41,272 eta=1731.8865311992452
step=7848 tokens=1028653056/1100000000 loss=3.6105 lr=3.29e-05 tok/s=41,572 eta=1716.2433785287365
step=7849 tokens=1028784128/1100000000 loss=3.5527 lr=3.29e-05 tok/s=41,384 eta=1720.8548232296162
step=7850 tokens=1028915200/1100000000 loss=3.5159 lr=3.29e-05 tok/s=41,534 eta=1711.4801979478864
step=7851 tokens=1029046272/1100000000 loss=3.4920 lr=3.29e-05 tok/s=41,448 eta=1711.8895473759499
step=7852 tokens=1029177344/1100000000 loss=3.6110 lr=3.29e-05 tok/s=41,133 eta=1721.805661633417
step=7853 tokens=1029308416/1100000000 loss=3.5836 lr=3.28e-05 tok/s=41,262 eta=1713.2309288406934
step=7854 tokens=1029439488/1100000000 loss=3.5569 lr=3.28e-05 tok/s=41,544 eta=1698.45923117684
step=7855 tokens=1029570560/1100000000 loss=3.6021 lr=3.28e-05 tok/s=41,207 eta=1709.1680209788933
step=7856 tokens=1029701632/1100000000 loss=3.5255 lr=3.28e-05 tok/s=41,343 eta=1700.3686130859614
step=7857 tokens=1029832704/1100000000 loss=3.6542 lr=3.28e-05 tok/s=41,069 eta=1708.519656316179
step=7858 tokens=1029963776/1100000000 loss=3.5926 lr=3.28e-05 tok/s=41,264 eta=1697.2556151600422
step=7859 tokens=1030094848/1100000000 loss=3.5736 lr=3.28e-05 tok/s=30,137 eta=2319.6067200829666
step=7860 tokens=1030225920/1100000000 loss=3.6787 lr=3.28e-05 tok/s=41,397 eta=1685.4740758768564
step=7861 tokens=1030356992/1100000000 loss=3.5986 lr=3.28e-05 tok/s=41,583 eta=1674.7841326302475
step=7862 tokens=1030488064/1100000000 loss=3.5100 lr=3.28e-05 tok/s=41,405 eta=1678.837977285046
step=7863 tokens=1030619136/1100000000 loss=3.5211 lr=3.27e-05 tok/s=41,220 eta=1683.1921020647992
step=7864 tokens=1030750208/1100000000 loss=3.6625 lr=3.27e-05 tok/s=41,276 eta=1677.734093772477
step=7865 tokens=1030881280/1100000000 loss=3.6094 lr=3.27e-05 tok/s=41,587 eta=1662.0178701338336
step=7866 tokens=1031012352/1100000000 loss=3.6577 lr=3.27e-05 tok/s=41,330 eta=1669.1836148296459
step=7867 tokens=1031143424/1100000000 loss=3.5677 lr=3.27e-05 tok/s=41,188 eta=1671.7818128231029
step=7868 tokens=1031274496/1100000000 loss=3.6421 lr=3.27e-05 tok/s=41,358 eta=1661.731929097469
step=7869 tokens=1031405568/1100000000 loss=3.5628 lr=3.27e-05 tok/s=41,397 eta=1656.9875083655659
step=7870 tokens=1031536640/1100000000 loss=3.5285 lr=3.27e-05 tok/s=41,555 eta=1647.5529473341908
step=7871 tokens=1031667712/1100000000 loss=3.5934 lr=3.27e-05 tok/s=41,121 eta=1661.7494768657637
step=7872 tokens=1031798784/1100000000 loss=3.5658 lr=3.26e-05 tok/s=41,167 eta=1656.7045066011874
step=7873 tokens=1031929856/1100000000 loss=3.5867 lr=3.26e-05 tok/s=41,406 eta=1643.9572745488335
step=7874 tokens=1032060928/1100000000 loss=3.5913 lr=3.26e-05 tok/s=41,329 eta=1643.852470582753
step=7875 tokens=1032192000/1100000000 loss=3.5300 lr=3.26e-05 tok/s=41,452 eta=1635.8351777421624
step=7876 tokens=1032323072/1100000000 loss=3.5708 lr=3.26e-05 tok/s=41,154 eta=1644.4703704056037
step=7877 tokens=1032454144/1100000000 loss=3.6284 lr=3.26e-05 tok/s=41,199 eta=1639.4911328786984
step=7878 tokens=1032585216/1100000000 loss=3.5404 lr=3.26e-05 tok/s=41,643 eta=1618.8555253941652
step=7879 tokens=1032716288/1100000000 loss=3.5862 lr=3.26e-05 tok/s=41,587 eta=1617.9129670693942
step=7880 tokens=1032847360/1100000000 loss=3.5432 lr=3.26e-05 tok/s=41,393 eta=1622.306437615675
step=7881 tokens=1032978432/1100000000 loss=3.5748 lr=3.26e-05 tok/s=41,379 eta=1619.6831945119613
step=7882 tokens=1033109504/1100000000 loss=3.6655 lr=3.25e-05 tok/s=41,749 eta=1602.201554150659
step=7883 tokens=1033240576/1100000000 loss=3.6333 lr=3.25e-05 tok/s=41,574 eta=1605.8032326420712
step=7884 tokens=1033371648/1100000000 loss=3.5926 lr=3.25e-05 tok/s=41,525 eta=1604.5434868977998
step=7885 tokens=1033502720/1100000000 loss=3.6434 lr=3.25e-05 tok/s=41,414 eta=1605.6770108736653
step=7886 tokens=1033633792/1100000000 loss=3.5584 lr=3.25e-05 tok/s=41,386 eta=1603.5928326293058
step=7887 tokens=1033764864/1100000000 loss=3.6044 lr=3.25e-05 tok/s=41,401 eta=1599.8624815660196
step=7888 tokens=1033895936/1100000000 loss=3.5988 lr=3.25e-05 tok/s=41,334 eta=1599.2534032988574
step=7889 tokens=1034027008/1100000000 loss=3.5450 lr=3.25e-05 tok/s=41,290 eta=1597.800378966268
step=7890 tokens=1034158080/1100000000 loss=3.5630 lr=3.25e-05 tok/s=41,204 eta=1597.9536979068153
step=7891 tokens=1034289152/1100000000 loss=3.5309 lr=3.25e-05 tok/s=41,330 eta=1589.89146791978
step=7892 tokens=1034420224/1100000000 loss=3.5543 lr=3.24e-05 tok/s=41,475 eta=1581.1946375763139
step=7893 tokens=1034551296/1100000000 loss=3.6403 lr=3.24e-05 tok/s=41,460 eta=1578.59656988758
step=7894 tokens=1034682368/1100000000 loss=3.5062 lr=3.24e-05 tok/s=41,062 eta=1590.6942863105642
step=7895 tokens=1034813440/1100000000 loss=3.5544 lr=3.24e-05 tok/s=41,079 eta=1586.843746856842
step=7896 tokens=1034944512/1100000000 loss=4.3239 lr=3.24e-05 tok/s=41,217 eta=1578.3689016337241
step=7897 tokens=1035075584/1100000000 loss=3.7967 lr=3.24e-05 tok/s=41,230 eta=1574.684985915045
step=7898 tokens=1035206656/1100000000 loss=3.7038 lr=3.24e-05 tok/s=41,423 eta=1564.1875035029068
step=7899 tokens=1035337728/1100000000 loss=3.4499 lr=3.24e-05 tok/s=41,388 eta=1562.3493900648807
step=7900 tokens=1035468800/1100000000 loss=3.5051 lr=3.24e-05 tok/s=41,440 eta=1557.2131023579354
step=7901 tokens=1035599872/1100000000 loss=3.6183 lr=3.24e-05 tok/s=41,452 eta=1553.6194232676844
step=7902 tokens=1035730944/1100000000 loss=3.5538 lr=3.24e-05 tok/s=41,468 eta=1549.8497402625978
step=7903 tokens=1035862016/1100000000 loss=3.6440 lr=3.23e-05 tok/s=41,298 eta=1553.0684878861161
step=7904 tokens=1035993088/1100000000 loss=3.5967 lr=3.23e-05 tok/s=41,199 eta=1553.60690960466
step=7905 tokens=1036124160/1100000000 loss=3.6177 lr=3.23e-05 tok/s=41,245 eta=1548.6745931843036
step=7906 tokens=1036255232/1100000000 loss=3.7051 lr=3.23e-05 tok/s=41,293 eta=1543.7241836118137
step=7907 tokens=1036386304/1100000000 loss=3.5421 lr=3.23e-05 tok/s=41,375 eta=1537.4770332031806
step=7908 tokens=1036517376/1100000000 loss=3.5299 lr=3.23e-05 tok/s=41,596 eta=1526.1894784283752
step=7909 tokens=1036648448/1100000000 loss=3.5729 lr=3.23e-05 tok/s=41,213 eta=1537.1690636551536
step=7910 tokens=1036779520/1100000000 loss=3.3965 lr=3.23e-05 tok/s=41,272 eta=1531.7891825756672
step=7911 tokens=1036910592/1100000000 loss=3.5574 lr=3.23e-05 tok/s=41,515 eta=1519.683084624534
step=7912 tokens=1037041664/1100000000 loss=3.6114 lr=3.23e-05 tok/s=41,503 eta=1516.9691062162876
step=7913 tokens=1037172736/1100000000 loss=3.2967 lr=3.22e-05 tok/s=41,349 eta=1519.420324718665
checkpoint saved: runs/20260905-021323/checkpoints/step_000007913 (time)
step=7914 tokens=1037303808/1100000000 loss=3.1745 lr=3.22e-05 tok/s=34,687 eta=1807.45929449837
step=7915 tokens=1037434880/1100000000 loss=3.1810 lr=3.22e-05 tok/s=41,514 eta=1507.0836647187941
step=7916 tokens=1037565952/1100000000 loss=3.1357 lr=3.22e-05 tok/s=41,550 eta=1502.6249892423953
step=7917 tokens=1037697024/1100000000 loss=3.1461 lr=3.22e-05 tok/s=41,580 eta=1498.3809743196257
step=7918 tokens=1037828096/1100000000 loss=3.1473 lr=3.22e-05 tok/s=41,115 eta=1512.1425939366854
step=7919 tokens=1037959168/1100000000 loss=3.0782 lr=3.22e-05 tok/s=41,260 eta=1503.6727154240068
step=7920 tokens=1038090240/1100000000 loss=3.0854 lr=3.22e-05 tok/s=41,365 eta=1496.6770307810002
step=7921 tokens=1038221312/1100000000 loss=3.1139 lr=3.22e-05 tok/s=41,009 eta=1506.4798433426963
step=7922 tokens=1038352384/1100000000 loss=3.0752 lr=3.22e-05 tok/s=41,198 eta=1496.3638796348055
step=7923 tokens=1038483456/1100000000 loss=3.0472 lr=3.22e-05 tok/s=41,328 eta=1488.4944712710076
step=7924 tokens=1038614528/1100000000 loss=3.0826 lr=3.21e-05 tok/s=41,500 eta=1479.1836382394304
step=7925 tokens=1038745600/1100000000 loss=3.0663 lr=3.21e-05 tok/s=41,649 eta=1470.7292366406023
step=7926 tokens=1038876672/1100000000 loss=3.0614 lr=3.21e-05 tok/s=41,356 eta=1477.9966109984025
step=7927 tokens=1039007744/1100000000 loss=3.0692 lr=3.21e-05 tok/s=41,528 eta=1468.713056872646
step=7928 tokens=1039138816/1100000000 loss=3.0534 lr=3.21e-05 tok/s=41,230 eta=1476.1430754958985
step=7929 tokens=1039269888/1100000000 loss=3.0671 lr=3.21e-05 tok/s=41,277 eta=1471.272603074588
step=7930 tokens=1039400960/1100000000 loss=3.0023 lr=3.21e-05 tok/s=41,328 eta=1466.2794012147433
step=7931 tokens=1039532032/1100000000 loss=2.9891 lr=3.21e-05 tok/s=41,209 eta=1467.3478203324685
step=7932 tokens=1039663104/1100000000 loss=3.0512 lr=3.21e-05 tok/s=41,137 eta=1466.7380506133634
step=7933 tokens=1039794176/1100000000 loss=3.0524 lr=3.21e-05 tok/s=41,146 eta=1463.2291273205628
step=7934 tokens=1039925248/1100000000 loss=3.0399 lr=3.21e-05 tok/s=41,363 eta=1452.3722735323306
step=7935 tokens=1040056320/1100000000 loss=3.0418 lr=3.2e-05 tok/s=29,886 eta=2005.7732305092218
step=7936 tokens=1040187392/1100000000 loss=3.0500 lr=3.2e-05 tok/s=41,322 eta=1447.4768619206818
step=7937 tokens=1040318464/1100000000 loss=3.0313 lr=3.2e-05 tok/s=41,322 eta=1444.3015671022545
step=7938 tokens=1040449536/1100000000 loss=2.9544 lr=3.2e-05 tok/s=41,204 eta=1445.2731821776617
step=7939 tokens=1040580608/1100000000 loss=3.0605 lr=3.2e-05 tok/s=41,452 eta=1433.4637927842693
step=7940 tokens=1040711680/1100000000 loss=3.0164 lr=3.2e-05 tok/s=41,250 eta=1437.3087551553094
step=7941 tokens=1040842752/1100000000 loss=3.0208 lr=3.2e-05 tok/s=41,179 eta=1436.5910380821306
step=7942 tokens=1040973824/1100000000 loss=2.9963 lr=3.2e-05 tok/s=41,432 eta=1424.6525167654017
step=7943 tokens=1041104896/1100000000 loss=3.0566 lr=3.2e-05 tok/s=41,204 eta=1429.3487656610216
step=7944 tokens=1041235968/1100000000 loss=3.0091 lr=3.2e-05 tok/s=41,248 eta=1424.6599260374126
step=7945 tokens=1041367040/1100000000 loss=3.4650 lr=3.2e-05 tok/s=40,944 eta=1432.0438456982124
step=7946 tokens=1041498112/1100000000 loss=3.7892 lr=3.2e-05 tok/s=41,255 eta=1418.0647186891479
step=7947 tokens=1041629184/1100000000 loss=3.6459 lr=3.19e-05 tok/s=41,191 eta=1417.0827034730544
step=7948 tokens=1041760256/1100000000 loss=3.6097 lr=3.19e-05 tok/s=41,328 eta=1409.196658015133
step=7949 tokens=1041891328/1100000000 loss=3.7018 lr=3.19e-05 tok/s=41,460 eta=1401.5601204739996
step=7950 tokens=1042022400/1100000000 loss=3.6468 lr=3.19e-05 tok/s=41,433 eta=1399.3201359079378
step=7951 tokens=1042153472/1100000000 loss=3.5920 lr=3.19e-05 tok/s=41,496 eta=1394.0156574562552
step=7952 tokens=1042284544/1100000000 loss=3.6750 lr=3.19e-05 tok/s=41,336 eta=1396.2437796464035
step=7953 tokens=1042415616/1100000000 loss=3.6185 lr=3.19e-05 tok/s=41,517 eta=1386.9948056252333
step=7954 tokens=1042546688/1100000000 loss=3.6260 lr=3.19e-05 tok/s=41,229 eta=1393.5202989453282
step=7955 tokens=1042677760/1100000000 loss=3.6369 lr=3.19e-05 tok/s=41,103 eta=1394.5918983549764
step=7956 tokens=1042808832/1100000000 loss=3.5950 lr=3.19e-05 tok/s=41,167 eta=1389.2453515090783
step=7957 tokens=1042939904/1100000000 loss=3.6775 lr=3.19e-05 tok/s=41,134 eta=1387.1926697789097
step=7958 tokens=1043070976/1100000000 loss=3.6585 lr=3.18e-05 tok/s=41,135 eta=1383.9425715966554
step=7959 tokens=1043202048/1100000000 loss=3.6578 lr=3.18e-05 tok/s=41,092 eta=1382.229783696124
step=7960 tokens=1043333120/1100000000 loss=3.7091 lr=3.18e-05 tok/s=41,334 eta=1370.9388590006288
step=7961 tokens=1043464192/1100000000 loss=3.5901 lr=3.18e-05 tok/s=41,446 eta=1364.0927926144723
step=7962 tokens=1043595264/1100000000 loss=3.6021 lr=3.18e-05 tok/s=41,431 eta=1361.4094540200672
step=7963 tokens=1043726336/1100000000 loss=3.6433 lr=3.18e-05 tok/s=41,484 eta=1356.5062810237157
step=7964 tokens=1043857408/1100000000 loss=3.6433 lr=3.18e-05 tok/s=41,118 eta=1365.3911925803354
step=7965 tokens=1043988480/1100000000 loss=3.5746 lr=3.18e-05 tok/s=41,081 eta=1363.4361231169887
step=7966 tokens=1044119552/1100000000 loss=3.5746 lr=3.18e-05 tok/s=41,481 eta=1347.1275995021776
step=7967 tokens=1044250624/1100000000 loss=3.8056 lr=3.18e-05 tok/s=41,028 eta=1358.8182815230261
step=7968 tokens=1044381696/1100000000 loss=3.6392 lr=3.18e-05 tok/s=41,156 eta=1351.4015202941969
step=7969 tokens=1044512768/1100000000 loss=3.5536 lr=3.18e-05 tok/s=41,055 eta=1351.5198229190942
step=7970 tokens=1044643840/1100000000 loss=3.6059 lr=3.17e-05 tok/s=41,212 eta=1343.2032853750868
step=7971 tokens=1044774912/1100000000 loss=3.6049 lr=3.17e-05 tok/s=41,078 eta=1344.3953314603796
step=7972 tokens=1044905984/1100000000 loss=3.6430 lr=3.17e-05 tok/s=41,262 eta=1335.2383432024835
step=7973 tokens=1045037056/1100000000 loss=3.6859 lr=3.17e-05 tok/s=41,310 eta=1330.4994831274464
step=7974 tokens=1045168128/1100000000 loss=3.5184 lr=3.17e-05 tok/s=41,431 eta=1323.4657667824374
step=7975 tokens=1045299200/1100000000 loss=3.6321 lr=3.17e-05 tok/s=41,423 eta=1320.5294779097314
step=7976 tokens=1045430272/1100000000 loss=3.6196 lr=3.17e-05 tok/s=41,301 eta=1321.2532763605936
step=7977 tokens=1045561344/1100000000 loss=3.5606 lr=3.17e-05 tok/s=41,157 eta=1322.7184387474724
step=7978 tokens=1045692416/1100000000 loss=3.4665 lr=3.17e-05 tok/s=41,190 eta=1318.4755479900568
step=7979 tokens=1045823488/1100000000 loss=3.5652 lr=3.17e-05 tok/s=41,175 eta=1315.7481412038078
step=7980 tokens=1045954560/1100000000 loss=3.5122 lr=3.17e-05 tok/s=41,221 eta=1311.1149550191924
step=7981 tokens=1046085632/1100000000 loss=3.3795 lr=3.17e-05 tok/s=41,172 eta=1309.4936650589634
step=7982 tokens=1046216704/1100000000 loss=3.6400 lr=3.16e-05 tok/s=41,291 eta=1302.5559202858979
step=7983 tokens=1046347776/1100000000 loss=3.7061 lr=3.16e-05 tok/s=41,178 eta=1302.923786996268
step=7984 tokens=1046478848/1100000000 loss=3.5310 lr=3.16e-05 tok/s=41,107 eta=1302.0052369829584
step=7985 tokens=1046609920/1100000000 loss=3.5358 lr=3.16e-05 tok/s=41,252 eta=1294.2548454964483
step=7986 tokens=1046740992/1100000000 loss=3.4751 lr=3.16e-05 tok/s=41,247 eta=1291.216456937876
step=7987 tokens=1046872064/1100000000 loss=3.3915 lr=3.16e-05 tok/s=40,906 eta=1298.7675355346014
step=7988 tokens=1047003136/1100000000 loss=3.5366 lr=3.16e-05 tok/s=41,316 eta=1282.7244922721104
step=7989 tokens=1047134208/1100000000 loss=3.5816 lr=3.16e-05 tok/s=41,230 eta=1282.2054663593824
step=7990 tokens=1047265280/1100000000 loss=3.5026 lr=3.16e-05 tok/s=41,373 eta=1274.604435075509
step=7991 tokens=1047396352/1100000000 loss=3.4321 lr=3.16e-05 tok/s=41,263 eta=1274.8510655857715
step=7992 tokens=1047527424/1100000000 loss=3.5286 lr=3.16e-05 tok/s=41,294 eta=1270.6973314919467
step=7993 tokens=1047658496/1100000000 loss=3.5302 lr=3.16e-05 tok/s=41,369 eta=1265.244865122106
step=7994 tokens=1047789568/1100000000 loss=3.5047 lr=3.16e-05 tok/s=41,082 eta=1270.8729314526727
step=7995 tokens=1047920640/1100000000 loss=3.4656 lr=3.15e-05 tok/s=41,202 eta=1263.996053998847
step=7996 tokens=1048051712/1100000000 loss=3.5765 lr=3.15e-05 tok/s=41,340 eta=1256.618324266076
step=7997 tokens=1048182784/1100000000 loss=3.4907 lr=3.15e-05 tok/s=41,164 eta=1258.792877949337
step=7998 tokens=1048313856/1100000000 loss=3.4917 lr=3.15e-05 tok/s=40,803 eta=1266.7333888976254
step=7999 tokens=1048444928/1100000000 loss=3.5408 lr=3.15e-05 tok/s=41,110 eta=1254.0624369490397
step=8000 tokens=1048576000/1100000000 loss=3.5494 lr=3.15e-05 tok/s=41,087 eta=1251.5818611221582
step=8001 tokens=1048707072/1100000000 loss=3.5555 lr=3.15e-05 tok/s=41,266 eta=1242.9852559844844
step=8002 tokens=1048838144/1100000000 loss=3.5786 lr=3.15e-05 tok/s=41,319 eta=1238.2122749630607
step=8003 tokens=1048969216/1100000000 loss=3.5821 lr=3.15e-05 tok/s=41,268 eta=1236.5561801009299
step=8004 tokens=1049100288/1100000000 loss=3.5892 lr=3.15e-05 tok/s=41,447 eta=1228.0738241654328
step=8005 tokens=1049231360/1100000000 loss=3.5984 lr=3.15e-05 tok/s=41,256 eta=1230.5686272753308
step=8006 tokens=1049362432/1100000000 loss=3.5975 lr=3.15e-05 tok/s=41,252 eta=1227.510932933155
step=8007 tokens=1049493504/1100000000 loss=3.7967 lr=3.15e-05 tok/s=41,163 eta=1226.9970562792619
step=8008 tokens=1049624576/1100000000 loss=3.6035 lr=3.14e-05 tok/s=41,418 eta=1216.2763493427713
step=8009 tokens=1049755648/1100000000 loss=3.5539 lr=3.14e-05 tok/s=41,287 eta=1216.9435997815522
step=8010 tokens=1049886720/1100000000 loss=3.5199 lr=3.14e-05 tok/s=41,329 eta=1212.5475036161743
step=8011 tokens=1050017792/1100000000 loss=3.5272 lr=3.14e-05 tok/s=29,708 eta=1682.463548317254
checkpoint saved: runs/20260905-021323/checkpoints/tokens_001050m (permanent_tokens)
step=8012 tokens=1050148864/1100000000 loss=3.4100 lr=3.14e-05 tok/s=34,773 eta=1433.5957390508872
step=8013 tokens=1050279936/1100000000 loss=3.5497 lr=3.14e-05 tok/s=41,369 eta=1201.8687379002565
step=8014 tokens=1050411008/1100000000 loss=3.5235 lr=3.14e-05 tok/s=41,453 eta=1196.279251234433
step=8015 tokens=1050542080/1100000000 loss=3.5853 lr=3.14e-05 tok/s=41,084 eta=1203.8247228887285
step=8016 tokens=1050673152/1100000000 loss=3.5501 lr=3.14e-05 tok/s=41,138 eta=1199.0576220819812
step=8017 tokens=1050804224/1100000000 loss=3.5912 lr=3.14e-05 tok/s=41,381 eta=1188.8584065910268
step=8018 tokens=1050935296/1100000000 loss=3.5205 lr=3.14e-05 tok/s=41,342 eta=1186.807570439984
step=8019 tokens=1051066368/1100000000 loss=3.5403 lr=3.14e-05 tok/s=41,353 eta=1183.3161040712093
step=8020 tokens=1051197440/1100000000 loss=3.4032 lr=3.14e-05 tok/s=41,408 eta=1178.5662794308666
step=8021 tokens=1051328512/1100000000 loss=3.5291 lr=3.14e-05 tok/s=41,352 eta=1176.999511812154
step=8022 tokens=1051459584/1100000000 loss=3.4246 lr=3.13e-05 tok/s=41,313 eta=1174.9364170015388
step=8023 tokens=1051590656/1100000000 loss=3.6300 lr=3.13e-05 tok/s=41,094 eta=1178.0162031990462
step=8024 tokens=1051721728/1100000000 loss=3.5355 lr=3.13e-05 tok/s=41,123 eta=1174.0026398359103
step=8025 tokens=1051852800/1100000000 loss=3.5506 lr=3.13e-05 tok/s=41,088 eta=1171.7933387614585
step=8026 tokens=1051983872/1100000000 loss=3.5051 lr=3.13e-05 tok/s=40,929 eta=1173.1498070467107
step=8027 tokens=1052114944/1100000000 loss=3.4784 lr=3.13e-05 tok/s=41,301 eta=1159.422813424425
step=8028 tokens=1052246016/1100000000 loss=3.4974 lr=3.13e-05 tok/s=41,409 eta=1153.2379888294486
step=8029 tokens=1052377088/1100000000 loss=3.5723 lr=3.13e-05 tok/s=41,445 eta=1149.0678974695234
step=8030 tokens=1052508160/1100000000 loss=3.6163 lr=3.13e-05 tok/s=41,484 eta=1144.8324455172358
step=8031 tokens=1052639232/1100000000 loss=3.4060 lr=3.13e-05 tok/s=41,275 eta=1147.4324976030732
step=8032 tokens=1052770304/1100000000 loss=3.5148 lr=3.13e-05 tok/s=41,375 eta=1141.4974546604917
step=8033 tokens=1052901376/1100000000 loss=3.5730 lr=3.13e-05 tok/s=41,401 eta=1137.6190038074872
step=8034 tokens=1053032448/1100000000 loss=3.5007 lr=3.13e-05 tok/s=41,359 eta=1135.5948567468658
step=8035 tokens=1053163520/1100000000 loss=3.4537 lr=3.13e-05 tok/s=41,388 eta=1131.649596858351
step=8036 tokens=1053294592/1100000000 loss=3.4565 lr=3.12e-05 tok/s=41,429 eta=1127.3574103306419
step=8037 tokens=1053425664/1100000000 loss=3.6364 lr=3.12e-05 tok/s=41,494 eta=1122.4235606968796
step=8038 tokens=1053556736/1100000000 loss=3.4894 lr=3.12e-05 tok/s=41,643 eta=1115.2844470120795
step=8039 tokens=1053687808/1100000000 loss=3.4719 lr=3.12e-05 tok/s=41,591 eta=1113.5275432162703
step=8040 tokens=1053818880/1100000000 loss=3.4648 lr=3.12e-05 tok/s=41,540 eta=1111.7179467340204
step=8041 tokens=1053949952/1100000000 loss=3.5679 lr=3.12e-05 tok/s=41,619 eta=1106.4586585454028
step=8042 tokens=1054081024/1100000000 loss=3.6089 lr=3.12e-05 tok/s=41,451 eta=1107.8025363521892
step=8043 tokens=1054212096/1100000000 loss=3.6414 lr=3.12e-05 tok/s=41,621 eta=1100.120034849396
step=8044 tokens=1054343168/1100000000 loss=3.6149 lr=3.12e-05 tok/s=41,705 eta=1094.758502652674
step=8045 tokens=1054474240/1100000000 loss=3.6547 lr=3.12e-05 tok/s=41,652 eta=1093.003561206307
step=8046 tokens=1054605312/1100000000 loss=3.6415 lr=3.12e-05 tok/s=41,578 eta=1091.8089797643047
step=8047 tokens=1054736384/1100000000 loss=3.6191 lr=3.12e-05 tok/s=41,528 eta=1089.9493326630675
step=8048 tokens=1054867456/1100000000 loss=3.6052 lr=3.12e-05 tok/s=41,397 eta=1090.22953891512
step=8049 tokens=1054998528/1100000000 loss=3.6123 lr=3.12e-05 tok/s=41,508 eta=1084.1669301994277
step=8050 tokens=1055129600/1100000000 loss=3.5652 lr=3.11e-05 tok/s=41,720 eta=1075.5052475823113
step=8051 tokens=1055260672/1100000000 loss=3.6464 lr=3.11e-05 tok/s=41,568 eta=1076.294034859146
step=8052 tokens=1055391744/1100000000 loss=3.6215 lr=3.11e-05 tok/s=41,612 eta=1072.0160141775434
step=8053 tokens=1055522816/1100000000 loss=3.6307 lr=3.11e-05 tok/s=41,599 eta=1069.194399222298
step=8054 tokens=1055653888/1100000000 loss=3.8011 lr=3.11e-05 tok/s=41,455 eta=1069.730691303496
step=8055 tokens=1055784960/1100000000 loss=3.6081 lr=3.11e-05 tok/s=41,405 eta=1067.8552540820313
step=8056 tokens=1055916032/1100000000 loss=3.6867 lr=3.11e-05 tok/s=41,654 eta=1058.345965684692
step=8057 tokens=1056047104/1100000000 loss=3.5687 lr=3.11e-05 tok/s=41,579 eta=1057.0842548598064
step=8058 tokens=1056178176/1100000000 loss=3.6131 lr=3.11e-05 tok/s=41,513 eta=1055.6214897330776
step=8059 tokens=1056309248/1100000000 loss=3.6498 lr=3.11e-05 tok/s=41,439 eta=1054.3505502756886
step=8060 tokens=1056440320/1100000000 loss=3.6194 lr=3.11e-05 tok/s=41,618 eta=1046.6571658081723
step=8061 tokens=1056571392/1100000000 loss=3.5677 lr=3.11e-05 tok/s=41,358 eta=1050.057725117106
step=8062 tokens=1056702464/1100000000 loss=3.6315 lr=3.11e-05 tok/s=41,439 eta=1044.8580797942282
step=8063 tokens=1056833536/1100000000 loss=3.5701 lr=3.11e-05 tok/s=41,376 eta=1043.283108693211
step=8064 tokens=1056964608/1100000000 loss=3.6576 lr=3.11e-05 tok/s=41,266 eta=1042.867854984445
step=8065 tokens=1057095680/1100000000 loss=3.6288 lr=3.11e-05 tok/s=41,400 eta=1036.339933325681
step=8066 tokens=1057226752/1100000000 loss=3.6067 lr=3.1e-05 tok/s=41,391 eta=1033.4047966530395
step=8067 tokens=1057357824/1100000000 loss=3.6687 lr=3.1e-05 tok/s=41,560 eta=1026.0495049061185
step=8068 tokens=1057488896/1100000000 loss=3.5799 lr=3.1e-05 tok/s=41,542 eta=1023.3183977094708
step=8069 tokens=1057619968/1100000000 loss=3.7547 lr=3.1e-05 tok/s=41,441 eta=1022.6534315126596
step=8070 tokens=1057751040/1100000000 loss=3.5692 lr=3.1e-05 tok/s=41,380 eta=1021.0090312220818
step=8071 tokens=1057882112/1100000000 loss=3.5902 lr=3.1e-05 tok/s=41,216 eta=1021.8870615722816
step=8072 tokens=1058013184/1100000000 loss=3.7222 lr=3.1e-05 tok/s=41,272 eta=1017.3289139426911
step=8073 tokens=1058144256/1100000000 loss=3.6254 lr=3.1e-05 tok/s=41,137 eta=1017.4809116933632
step=8074 tokens=1058275328/1100000000 loss=3.5892 lr=3.1e-05 tok/s=41,254 eta=1011.4033787751335
step=8075 tokens=1058406400/1100000000 loss=3.6884 lr=3.1e-05 tok/s=41,149 eta=1010.8018866453996
step=8076 tokens=1058537472/1100000000 loss=3.4463 lr=3.1e-05 tok/s=41,099 eta=1008.8440986703847
step=8077 tokens=1058668544/1100000000 loss=3.6566 lr=3.1e-05 tok/s=41,106 eta=1005.4902254789394
step=8078 tokens=1058799616/1100000000 loss=3.6353 lr=3.1e-05 tok/s=41,221 eta=999.509069702658
step=8079 tokens=1058930688/1100000000 loss=3.5775 lr=3.1e-05 tok/s=41,374 eta=992.6377579155496
step=8080 tokens=1059061760/1100000000 loss=3.6051 lr=3.1e-05 tok/s=41,321 eta=990.7465923594777
step=8081 tokens=1059192832/1100000000 loss=3.5117 lr=3.09e-05 tok/s=41,264 eta=988.9385370459738
step=8082 tokens=1059323904/1100000000 loss=3.5731 lr=3.09e-05 tok/s=41,118 eta=989.2415446520292
step=8083 tokens=1059454976/1100000000 loss=3.5653 lr=3.09e-05 tok/s=41,200 eta=984.0985554240801
step=8084 tokens=1059586048/1100000000 loss=3.6211 lr=3.09e-05 tok/s=41,072 eta=983.9821857351425
step=8085 tokens=1059717120/1100000000 loss=3.6172 lr=3.09e-05 tok/s=41,194 eta=977.8864587519716
step=8086 tokens=1059848192/1100000000 loss=3.5523 lr=3.09e-05 tok/s=41,189 eta=974.8298495347402
step=8087 tokens=1059979264/1100000000 loss=3.5701 lr=3.09e-05 tok/s=41,409 eta=966.4838100444168
step=8088 tokens=1060110336/1100000000 loss=3.5410 lr=3.09e-05 tok/s=29,743 eta=1341.1615124055688
step=8089 tokens=1060241408/1100000000 loss=3.5652 lr=3.09e-05 tok/s=41,158 eta=966.0094056238975
step=8090 tokens=1060372480/1100000000 loss=3.6005 lr=3.09e-05 tok/s=41,224 eta=961.2721389610074
step=8091 tokens=1060503552/1100000000 loss=3.5238 lr=3.09e-05 tok/s=41,131 eta=960.2557825744655
step=8092 tokens=1060634624/1100000000 loss=3.6170 lr=3.09e-05 tok/s=41,245 eta=954.4238984374789
step=8093 tokens=1060765696/1100000000 loss=3.5621 lr=3.09e-05 tok/s=41,308 eta=949.7970375940284
step=8094 tokens=1060896768/1100000000 loss=3.5949 lr=3.09e-05 tok/s=41,142 eta=950.4568359015103
step=8095 tokens=1061027840/1100000000 loss=3.5295 lr=3.09e-05 tok/s=41,098 eta=948.2751445458055
step=8096 tokens=1061158912/1100000000 loss=3.6488 lr=3.09e-05 tok/s=41,104 eta=944.9353328677158
step=8097 tokens=1061289984/1100000000 loss=3.6060 lr=3.09e-05 tok/s=41,129 eta=941.1836633297202
step=8098 tokens=1061421056/1100000000 loss=3.6133 lr=3.08e-05 tok/s=41,334 eta=933.3465811553186
step=8099 tokens=1061552128/1100000000 loss=3.6414 lr=3.08e-05 tok/s=41,231 eta=932.5008676449308
step=8100 tokens=1061683200/1100000000 loss=3.6700 lr=3.08e-05 tok/s=41,175 eta=930.5929991724084
step=8101 tokens=1061814272/1100000000 loss=3.5207 lr=3.08e-05 tok/s=41,183 eta=927.2096252382811
step=8102 tokens=1061945344/1100000000 loss=3.6385 lr=3.08e-05 tok/s=41,152 eta=924.7346587960106
step=8103 tokens=1062076416/1100000000 loss=3.5941 lr=3.08e-05 tok/s=41,446 eta=915.0058181074623
step=8104 tokens=1062207488/1100000000 loss=3.7828 lr=3.08e-05 tok/s=41,312 eta=914.8028815542558
step=8105 tokens=1062338560/1100000000 loss=3.4736 lr=3.08e-05 tok/s=40,852 eta=921.8974212511092
step=8106 tokens=1062469632/1100000000 loss=3.4748 lr=3.08e-05 tok/s=41,173 eta=911.5295514706778
step=8107 tokens=1062600704/1100000000 loss=3.4747 lr=3.08e-05 tok/s=41,085 eta=910.2851620462159
step=8108 tokens=1062731776/1100000000 loss=3.5287 lr=3.08e-05 tok/s=41,148 eta=905.707495127695
step=8109 tokens=1062862848/1100000000 loss=3.4663 lr=3.08e-05 tok/s=41,317 eta=898.8279463678383
step=8110 tokens=1062993920/1100000000 loss=3.5605 lr=3.08e-05 tok/s=41,412 eta=893.6089795456846
step=8111 tokens=1063124992/1100000000 loss=3.4880 lr=3.08e-05 tok/s=41,314 eta=892.5515362724892
step=8112 tokens=1063256064/1100000000 loss=3.7776 lr=3.08e-05 tok/s=41,244 eta=890.8942877458966
step=8113 tokens=1063387136/1100000000 loss=3.4516 lr=3.08e-05 tok/s=41,383 eta=884.7275900542344
step=8114 tokens=1063518208/1100000000 loss=3.5047 lr=3.08e-05 tok/s=41,389 eta=881.4458397465396
step=8115 tokens=1063649280/1100000000 loss=3.5035 lr=3.08e-05 tok/s=41,249 eta=881.2503488224986
step=8116 tokens=1063780352/1100000000 loss=3.5201 lr=3.07e-05 tok/s=41,488 eta=873.0183868766914
step=8117 tokens=1063911424/1100000000 loss=3.5766 lr=3.07e-05 tok/s=41,145 eta=877.1031548225499
step=8118 tokens=1064042496/1100000000 loss=3.4606 lr=3.07e-05 tok/s=41,241 eta=871.8969861000703
step=8119 tokens=1064173568/1100000000 loss=3.5435 lr=3.07e-05 tok/s=41,291 eta=867.6616769653696
step=8120 tokens=1064304640/1100000000 loss=3.6984 lr=3.07e-05 tok/s=41,414 eta=861.9245928244369
step=8121 tokens=1064435712/1100000000 loss=3.5221 lr=3.07e-05 tok/s=41,446 eta=858.0788562140153
step=8122 tokens=1064566784/1100000000 loss=3.4900 lr=3.07e-05 tok/s=41,464 eta=854.5529853577117
step=8123 tokens=1064697856/1100000000 loss=3.5538 lr=3.07e-05 tok/s=41,437 eta=851.9556382545917
step=8124 tokens=1064828928/1100000000 loss=3.4748 lr=3.07e-05 tok/s=41,418 eta=849.1827647620976
step=8125 tokens=1064960000/1100000000 loss=3.6076 lr=3.07e-05 tok/s=41,380 eta=846.7933007912975
step=8126 tokens=1065091072/1100000000 loss=3.5359 lr=3.07e-05 tok/s=41,230 eta=846.6925619749261
step=8127 tokens=1065222144/1100000000 loss=3.5234 lr=3.07e-05 tok/s=41,213 eta=843.8579381358638
step=8128 tokens=1065353216/1100000000 loss=3.4367 lr=3.07e-05 tok/s=41,491 eta=835.033842458066
step=8129 tokens=1065484288/1100000000 loss=3.5228 lr=3.07e-05 tok/s=41,166 eta=838.4451586080486
step=8130 tokens=1065615360/1100000000 loss=3.4605 lr=3.07e-05 tok/s=41,230 eta=833.9735500478604
step=8131 tokens=1065746432/1100000000 loss=3.4526 lr=3.07e-05 tok/s=41,180 eta=831.7911698054463
step=8132 tokens=1065877504/1100000000 loss=3.5279 lr=3.07e-05 tok/s=41,413 eta=823.9577884403279
step=8133 tokens=1066008576/1100000000 loss=3.5303 lr=3.07e-05 tok/s=41,645 eta=816.2159964709393
step=8134 tokens=1066139648/1100000000 loss=3.5419 lr=3.07e-05 tok/s=41,360 eta=818.6665608478881
step=8135 tokens=1066270720/1100000000 loss=3.6412 lr=3.06e-05 tok/s=41,298 eta=816.7208512826618
step=8136 tokens=1066401792/1100000000 loss=3.4675 lr=3.06e-05 tok/s=41,423 eta=811.1008445734113
step=8137 tokens=1066532864/1100000000 loss=3.5382 lr=3.06e-05 tok/s=41,438 eta=807.6467329451211
step=8138 tokens=1066663936/1100000000 loss=3.5922 lr=3.06e-05 tok/s=41,555 eta=802.2244706261803
step=8139 tokens=1066795008/1100000000 loss=3.5534 lr=3.06e-05 tok/s=41,485 eta=800.4070290824837
step=8140 tokens=1066926080/1100000000 loss=3.6029 lr=3.06e-05 tok/s=41,187 eta=803.0150665301273
step=8141 tokens=1067057152/1100000000 loss=3.5751 lr=3.06e-05 tok/s=41,147 eta=800.6098519721598
step=8142 tokens=1067188224/1100000000 loss=3.5366 lr=3.06e-05 tok/s=41,298 eta=794.5081363747989
step=8143 tokens=1067319296/1100000000 loss=3.5930 lr=3.06e-05 tok/s=41,147 eta=794.2481151104428
step=8144 tokens=1067450368/1100000000 loss=3.6139 lr=3.06e-05 tok/s=41,077 eta=792.3972229041892
step=8145 tokens=1067581440/1100000000 loss=3.5907 lr=3.06e-05 tok/s=41,267 eta=785.5717218769471
step=8146 tokens=1067712512/1100000000 loss=3.5930 lr=3.06e-05 tok/s=41,288 eta=782.0093401512307
step=8147 tokens=1067843584/1100000000 loss=3.6353 lr=3.06e-05 tok/s=41,280 eta=778.9748535309458
step=8148 tokens=1067974656/1100000000 loss=3.7803 lr=3.06e-05 tok/s=41,136 eta=778.5259901253993
step=8149 tokens=1068105728/1100000000 loss=3.6728 lr=3.06e-05 tok/s=41,131 eta=775.4310429064735
step=8150 tokens=1068236800/1100000000 loss=3.6547 lr=3.06e-05 tok/s=41,181 eta=771.3013617901964
step=8151 tokens=1068367872/1100000000 loss=3.5511 lr=3.06e-05 tok/s=41,622 eta=759.9834342917495
step=8152 tokens=1068498944/1100000000 loss=3.6406 lr=3.06e-05 tok/s=41,252 eta=763.6254472166928
step=8153 tokens=1068630016/1100000000 loss=3.4884 lr=3.06e-05 tok/s=41,179 eta=761.7978991136068
step=8154 tokens=1068761088/1100000000 loss=3.5900 lr=3.06e-05 tok/s=41,145 eta=759.2459355479874
step=8155 tokens=1068892160/1100000000 loss=3.5663 lr=3.06e-05 tok/s=41,196 eta=755.1111302529328
step=8156 tokens=1069023232/1100000000 loss=3.6000 lr=3.05e-05 tok/s=41,223 eta=751.4377614732146
step=8157 tokens=1069154304/1100000000 loss=3.7059 lr=3.05e-05 tok/s=40,980 eta=752.7025237243809
step=8158 tokens=1069285376/1100000000 loss=3.6477 lr=3.05e-05 tok/s=41,403 eta=741.8519420927737
step=8159 tokens=1069416448/1100000000 loss=3.5963 lr=3.05e-05 tok/s=41,402 eta=738.6897467046191
step=8160 tokens=1069547520/1100000000 loss=3.5777 lr=3.05e-05 tok/s=41,433 eta=734.987568896556
step=8161 tokens=1069678592/1100000000 loss=3.6365 lr=3.05e-05 tok/s=41,033 eta=738.960090643213
step=8162 tokens=1069809664/1100000000 loss=3.6484 lr=3.05e-05 tok/s=41,297 eta=731.0564792856906
step=8163 tokens=1069940736/1100000000 loss=3.6019 lr=3.05e-05 tok/s=41,192 eta=729.7317713210873
step=8164 tokens=1070071808/1100000000 loss=3.6478 lr=3.05e-05 tok/s=29,869 eta=1001.9850727589223
step=8165 tokens=1070202880/1100000000 loss=3.6239 lr=3.05e-05 tok/s=41,359 eta=720.4476342368714
step=8166 tokens=1070333952/1100000000 loss=3.6509 lr=3.05e-05 tok/s=41,404 eta=716.5030499262501
step=8167 tokens=1070465024/1100000000 loss=3.5337 lr=3.05e-05 tok/s=41,193 eta=716.9864140907631
step=8168 tokens=1070596096/1100000000 loss=3.6121 lr=3.05e-05 tok/s=41,233 eta=713.1107563053589
step=8169 tokens=1070727168/1100000000 loss=3.6220 lr=3.05e-05 tok/s=41,158 eta=711.2350418027353
step=8170 tokens=1070858240/1100000000 loss=3.6357 lr=3.05e-05 tok/s=41,246 eta=706.5439444155628
step=8171 tokens=1070989312/1100000000 loss=3.6452 lr=3.05e-05 tok/s=41,199 eta=704.1584621527203
step=8172 tokens=1071120384/1100000000 loss=3.6414 lr=3.05e-05 tok/s=41,096 eta=702.7277300581127
step=8173 tokens=1071251456/1100000000 loss=3.6498 lr=3.05e-05 tok/s=41,272 eta=696.5641365309662
step=8174 tokens=1071382528/1100000000 loss=3.6405 lr=3.05e-05 tok/s=41,233 eta=694.0446724501979
step=8175 tokens=1071513600/1100000000 loss=3.5634 lr=3.05e-05 tok/s=41,298 eta=689.7779561144318
step=8176 tokens=1071644672/1100000000 loss=3.6419 lr=3.05e-05 tok/s=41,055 eta=690.6685368208168
step=8177 tokens=1071775744/1100000000 loss=3.5870 lr=3.05e-05 tok/s=41,318 eta=683.0986260478084
step=8178 tokens=1071906816/1100000000 loss=3.7055 lr=3.05e-05 tok/s=41,171 eta=682.3521579605165
step=8179 tokens=1072037888/1100000000 loss=3.6974 lr=3.04e-05 tok/s=41,249 eta=677.8936388918792
step=8180 tokens=1072168960/1100000000 loss=3.6383 lr=3.04e-05 tok/s=41,373 eta=672.6821951060167
step=8181 tokens=1072300032/1100000000 loss=3.6611 lr=3.04e-05 tok/s=41,087 eta=674.1794333336263
step=8182 tokens=1072431104/1100000000 loss=3.6915 lr=3.04e-05 tok/s=41,172 eta=669.5989886791713
step=8183 tokens=1072562176/1100000000 loss=3.4613 lr=3.04e-05 tok/s=41,102 eta=667.5610379223374
step=8184 tokens=1072693248/1100000000 loss=3.5909 lr=3.04e-05 tok/s=41,160 eta=663.4229779806795
step=8185 tokens=1072824320/1100000000 loss=3.7226 lr=3.04e-05 tok/s=41,125 eta=660.8045910263966
step=8186 tokens=1072955392/1100000000 loss=3.6582 lr=3.04e-05 tok/s=41,374 eta=653.6629780126963
step=8187 tokens=1073086464/1100000000 loss=3.6351 lr=3.04e-05 tok/s=41,360 eta=650.7111303904644
step=8188 tokens=1073217536/1100000000 loss=3.6462 lr=3.04e-05 tok/s=41,216 eta=649.8090283000905
step=8189 tokens=1073348608/1100000000 loss=3.6513 lr=3.04e-05 tok/s=41,462 eta=642.7923777358657
step=8190 tokens=1073479680/1100000000 loss=3.6143 lr=3.04e-05 tok/s=40,998 eta=646.8624110961742
step=8191 tokens=1073610752/1100000000 loss=3.6115 lr=3.04e-05 tok/s=41,198 eta=640.5477846942044
step=8192 tokens=1073741824/1100000000 loss=3.6111 lr=3.04e-05 tok/s=41,135 eta=638.3484809363017
step=8193 tokens=1073872896/1100000000 loss=3.5933 lr=3.04e-05 tok/s=41,108 eta=635.5646456823791
step=8194 tokens=1074003968/1100000000 loss=3.6690 lr=3.04e-05 tok/s=41,303 eta=629.3937006862569
step=8195 tokens=1074135040/1100000000 loss=3.6520 lr=3.04e-05 tok/s=41,267 eta=626.7720277139728
step=8196 tokens=1074266112/1100000000 loss=3.5863 lr=3.04e-05 tok/s=41,240 eta=624.0039665019174
step=8197 tokens=1074397184/1100000000 loss=3.6161 lr=3.04e-05 tok/s=41,190 eta=621.5720333726132
step=8198 tokens=1074528256/1100000000 loss=3.5523 lr=3.04e-05 tok/s=41,209 eta=618.1132002780291
step=8199 tokens=1074659328/1100000000 loss=3.6015 lr=3.04e-05 tok/s=41,275 eta=613.9466091936657
step=8200 tokens=1074790400/1100000000 loss=3.6017 lr=3.04e-05 tok/s=41,304 eta=610.3403597179046
step=8201 tokens=1074921472/1100000000 loss=3.5477 lr=3.04e-05 tok/s=40,976 eta=612.0241964678436
step=8202 tokens=1075052544/1100000000 loss=3.5939 lr=3.04e-05 tok/s=41,420 eta=602.310182452234
step=8203 tokens=1075183616/1100000000 loss=3.6524 lr=3.04e-05 tok/s=41,447 eta=598.7541409981683
step=8204 tokens=1075314688/1100000000 loss=3.6138 lr=3.03e-05 tok/s=41,741 eta=591.3923152138047
step=8205 tokens=1075445760/1100000000 loss=3.5095 lr=3.03e-05 tok/s=41,344 eta=593.9024460514627
step=8206 tokens=1075576832/1100000000 loss=3.5853 lr=3.03e-05 tok/s=41,434 eta=589.4479363662869
step=8207 tokens=1075707904/1100000000 loss=3.6885 lr=3.03e-05 tok/s=41,726 eta=582.1881168531748
step=8208 tokens=1075838976/1100000000 loss=3.6045 lr=3.03e-05 tok/s=41,247 eta=585.7679721282369
step=8209 tokens=1075970048/1100000000 loss=3.8126 lr=3.03e-05 tok/s=41,213 eta=583.063166728017
step=8210 tokens=1076101120/1100000000 loss=3.6183 lr=3.03e-05 tok/s=41,523 eta=575.5525021794289
step=8211 tokens=1076232192/1100000000 loss=3.6199 lr=3.03e-05 tok/s=41,271 eta=575.902954263266
step=8212 tokens=1076363264/1100000000 loss=3.5827 lr=3.03e-05 tok/s=41,506 eta=569.483285512628
step=8213 tokens=1076494336/1100000000 loss=3.6355 lr=3.03e-05 tok/s=41,803 eta=562.2919579797938
step=8214 tokens=1076625408/1100000000 loss=3.5620 lr=3.03e-05 tok/s=41,265 eta=566.4473846766026
step=8215 tokens=1076756480/1100000000 loss=3.5839 lr=3.03e-05 tok/s=41,311 eta=562.6476406592263
step=8216 tokens=1076887552/1100000000 loss=3.6603 lr=3.03e-05 tok/s=41,315 eta=559.4178620438738
step=8217 tokens=1077018624/1100000000 loss=3.6577 lr=3.03e-05 tok/s=41,379 eta=555.3865993482344
step=8218 tokens=1077149696/1100000000 loss=3.5562 lr=3.03e-05 tok/s=41,496 eta=550.6693218097483
step=8219 tokens=1077280768/1100000000 loss=3.5626 lr=3.03e-05 tok/s=41,579 eta=546.408533535214
step=8220 tokens=1077411840/1100000000 loss=3.7087 lr=3.03e-05 tok/s=41,621 eta=542.7136221297393
step=8221 tokens=1077542912/1100000000 loss=3.5553 lr=3.03e-05 tok/s=41,410 eta=542.3147914122729
step=8222 tokens=1077673984/1100000000 loss=3.6198 lr=3.03e-05 tok/s=41,385 eta=539.476566571466
step=8223 tokens=1077805056/1100000000 loss=3.5444 lr=3.03e-05 tok/s=41,375 eta=536.4383928486917
step=8224 tokens=1077936128/1100000000 loss=3.6115 lr=3.03e-05 tok/s=41,655 eta=529.6847590251102
step=8225 tokens=1078067200/1100000000 loss=3.5875 lr=3.03e-05 tok/s=41,513 eta=528.3381653301007
step=8226 tokens=1078198272/1100000000 loss=3.6019 lr=3.03e-05 tok/s=41,341 eta=527.362443868151
step=8227 tokens=1078329344/1100000000 loss=3.5976 lr=3.03e-05 tok/s=41,436 eta=522.9909865964825
step=8228 tokens=1078460416/1100000000 loss=3.4731 lr=3.03e-05 tok/s=41,607 eta=517.6908286707647
step=8229 tokens=1078591488/1100000000 loss=3.7274 lr=3.03e-05 tok/s=41,528 eta=515.5226036565737
step=8230 tokens=1078722560/1100000000 loss=3.6628 lr=3.03e-05 tok/s=41,285 eta=515.3770011455049
step=8231 tokens=1078853632/1100000000 loss=3.6033 lr=3.03e-05 tok/s=41,255 eta=512.5832887337276
step=8232 tokens=1078984704/1100000000 loss=3.6637 lr=3.03e-05 tok/s=41,209 eta=509.9655743974761
step=8233 tokens=1079115776/1100000000 loss=3.5854 lr=3.02e-05 tok/s=41,341 eta=505.1654526499625
step=8234 tokens=1079246848/1100000000 loss=3.6525 lr=3.02e-05 tok/s=41,395 eta=501.3410962700655
step=8235 tokens=1079377920/1100000000 loss=3.6195 lr=3.02e-05 tok/s=41,213 eta=500.373128492635
step=8236 tokens=1079508992/1100000000 loss=3.5777 lr=3.02e-05 tok/s=41,419 eta=494.71993036248693
step=8237 tokens=1079640064/1100000000 loss=3.6139 lr=3.02e-05 tok/s=41,178 eta=494.43716940077474
step=8238 tokens=1079771136/1100000000 loss=3.5652 lr=3.02e-05 tok/s=41,225 eta=490.69887009546
step=8239 tokens=1079902208/1100000000 loss=3.6142 lr=3.02e-05 tok/s=41,173 eta=488.1302897879554
step=8240 tokens=1080033280/1100000000 loss=3.5864 lr=3.02e-05 tok/s=29,793 eta=670.1881439260898
step=8241 tokens=1080164352/1100000000 loss=3.6131 lr=3.02e-05 tok/s=40,992 eta=483.89552921894466
step=8242 tokens=1080295424/1100000000 loss=3.6060 lr=3.02e-05 tok/s=41,200 eta=478.26972078288844
step=8243 tokens=1080426496/1100000000 loss=3.6227 lr=3.02e-05 tok/s=41,192 eta=475.181694167383
step=8244 tokens=1080557568/1100000000 loss=3.6187 lr=3.02e-05 tok/s=41,148 eta=472.500840957584
step=8245 tokens=1080688640/1100000000 loss=3.5393 lr=3.02e-05 tok/s=41,205 eta=468.66083343679645
step=8246 tokens=1080819712/1100000000 loss=3.6377 lr=3.02e-05 tok/s=41,374 eta=463.58596840719594
step=8247 tokens=1080950784/1100000000 loss=3.5812 lr=3.02e-05 tok/s=41,196 eta=462.4001192400279
step=8248 tokens=1081081856/1100000000 loss=3.5608 lr=3.02e-05 tok/s=41,033 eta=461.04912926333026
step=8249 tokens=1081212928/1100000000 loss=3.5420 lr=3.02e-05 tok/s=41,073 eta=457.40556092443506
step=8250 tokens=1081344000/1100000000 loss=3.5476 lr=3.02e-05 tok/s=41,114 eta=453.76110414282783
step=8251 tokens=1081475072/1100000000 loss=3.5798 lr=3.02e-05 tok/s=41,139 eta=450.3001845460127
step=8252 tokens=1081606144/1100000000 loss=3.5875 lr=3.02e-05 tok/s=41,029 eta=448.31312741439007
step=8253 tokens=1081737216/1100000000 loss=3.5428 lr=3.02e-05 tok/s=41,078 eta=444.5890239241526
step=8254 tokens=1081868288/1100000000 loss=3.6195 lr=3.02e-05 tok/s=41,251 eta=439.5477877094258
step=8255 tokens=1081999360/1100000000 loss=3.6113 lr=3.02e-05 tok/s=41,060 eta=438.40059181371214
step=8256 tokens=1082130432/1100000000 loss=3.5453 lr=3.02e-05 tok/s=41,176 eta=433.9803153607907
step=8257 tokens=1082261504/1100000000 loss=3.6067 lr=3.02e-05 tok/s=41,063 eta=431.98686482021
step=8258 tokens=1082392576/1100000000 loss=3.5316 lr=3.02e-05 tok/s=41,193 eta=427.44109457994705
step=8259 tokens=1082523648/1100000000 loss=3.5515 lr=3.02e-05 tok/s=41,060 eta=425.62462490015116
step=8260 tokens=1082654720/1100000000 loss=3.5643 lr=3.02e-05 tok/s=41,221 eta=420.79191536879733
step=8261 tokens=1082785792/1100000000 loss=3.6248 lr=3.02e-05 tok/s=41,119 eta=418.6453915579116
step=8262 tokens=1082916864/1100000000 loss=3.5934 lr=3.02e-05 tok/s=41,198 eta=414.66333283360706
step=8263 tokens=1083047936/1100000000 loss=3.5125 lr=3.02e-05 tok/s=41,247 eta=410.9935515430096
step=8264 tokens=1083179008/1100000000 loss=3.5851 lr=3.02e-05 tok/s=40,949 eta=410.7793783856079
step=8265 tokens=1083310080/1100000000 loss=3.6192 lr=3.02e-05 tok/s=41,093 eta=406.1479460320758
step=8266 tokens=1083441152/1100000000 loss=3.6140 lr=3.02e-05 tok/s=41,139 eta=402.5115402900604
step=8267 tokens=1083572224/1100000000 loss=3.5942 lr=3.02e-05 tok/s=41,173 eta=398.9985337567402
step=8268 tokens=1083703296/1100000000 loss=3.5959 lr=3.02e-05 tok/s=41,080 eta=396.7085699468481
step=8269 tokens=1083834368/1100000000 loss=3.5451 lr=3.01e-05 tok/s=41,047 eta=393.82981139510684
step=8270 tokens=1083965440/1100000000 loss=3.5501 lr=3.01e-05 tok/s=41,082 eta=390.3070277044293
step=8271 tokens=1084096512/1100000000 loss=3.4813 lr=3.01e-05 tok/s=41,397 eta=384.1716152384768
step=8272 tokens=1084227584/1100000000 loss=3.5317 lr=3.01e-05 tok/s=41,325 eta=381.6686066545797
step=8273 tokens=1084358656/1100000000 loss=3.6036 lr=3.01e-05 tok/s=41,041 eta=381.1104745370851
step=8274 tokens=1084489728/1100000000 loss=3.7018 lr=3.01e-05 tok/s=40,773 eta=380.40269171899115
step=8275 tokens=1084620800/1100000000 loss=3.5260 lr=3.01e-05 tok/s=41,190 eta=373.36846839351597
step=8276 tokens=1084751872/1100000000 loss=3.6593 lr=3.01e-05 tok/s=41,171 eta=370.36418410373335
step=8277 tokens=1084882944/1100000000 loss=3.6119 lr=3.01e-05 tok/s=41,384 eta=365.289381507966
step=8278 tokens=1085014016/1100000000 loss=3.5926 lr=3.01e-05 tok/s=41,180 eta=363.9116511710166
step=8279 tokens=1085145088/1100000000 loss=3.6117 lr=3.01e-05 tok/s=41,223 eta=360.35382233461394
step=8280 tokens=1085276160/1100000000 loss=3.5008 lr=3.01e-05 tok/s=41,146 eta=357.84196563413303
step=8281 tokens=1085407232/1100000000 loss=3.6035 lr=3.01e-05 tok/s=41,324 eta=353.12636276466304
step=8282 tokens=1085538304/1100000000 loss=3.6323 lr=3.01e-05 tok/s=41,234 eta=350.7214517456794
step=8283 tokens=1085669376/1100000000 loss=3.4973 lr=3.01e-05 tok/s=41,228 eta=347.5985744638798
step=8284 tokens=1085800448/1100000000 loss=3.5630 lr=3.01e-05 tok/s=41,196 eta=344.68545558933073
step=8285 tokens=1085931520/1100000000 loss=3.4572 lr=3.01e-05 tok/s=41,263 eta=340.9484516604125
step=8286 tokens=1086062592/1100000000 loss=3.5624 lr=3.01e-05 tok/s=41,134 eta=338.8275216132889
step=8287 tokens=1086193664/1100000000 loss=3.6782 lr=3.01e-05 tok/s=41,127 eta=335.6974494119797
step=8288 tokens=1086324736/1100000000 loss=3.6507 lr=3.01e-05 tok/s=41,231 eta=331.6764882844524
step=8289 tokens=1086455808/1100000000 loss=3.5944 lr=3.01e-05 tok/s=41,212 eta=328.6466018870895
step=8290 tokens=1086586880/1100000000 loss=3.5015 lr=3.01e-05 tok/s=41,314 eta=324.66075110903574
step=8291 tokens=1086717952/1100000000 loss=3.6033 lr=3.01e-05 tok/s=41,369 eta=321.06155857913916
step=8292 tokens=1086849024/1100000000 loss=3.5254 lr=3.01e-05 tok/s=41,453 eta=317.2539659276835
step=8293 tokens=1086980096/1100000000 loss=3.5331 lr=3.01e-05 tok/s=41,554 eta=313.32287334514297
step=8294 tokens=1087111168/1100000000 loss=3.6489 lr=3.01e-05 tok/s=41,380 eta=311.47245231711963
checkpoint saved: runs/20260905-021323/checkpoints/step_000008294 (time)
step=8295 tokens=1087242240/1100000000 loss=3.6219 lr=3.01e-05 tok/s=34,706 eta=367.5947486045973
step=8296 tokens=1087373312/1100000000 loss=3.5825 lr=3.01e-05 tok/s=41,087 eta=307.31530895527425
step=8297 tokens=1087504384/1100000000 loss=3.6245 lr=3.01e-05 tok/s=41,186 eta=303.391800904751
step=8298 tokens=1087635456/1100000000 loss=3.7850 lr=3.01e-05 tok/s=41,170 eta=300.32776097193357
step=8299 tokens=1087766528/1100000000 loss=3.5996 lr=3.01e-05 tok/s=41,443 eta=295.18559747737993
step=8300 tokens=1087897600/1100000000 loss=3.5707 lr=3.01e-05 tok/s=41,205 eta=293.71211376751415
step=8301 tokens=1088028672/1100000000 loss=3.6811 lr=3.01e-05 tok/s=41,469 eta=288.6825847624571
step=8302 tokens=1088159744/1100000000 loss=3.5891 lr=3.01e-05 tok/s=41,208 eta=287.3302041788797
step=8303 tokens=1088290816/1100000000 loss=3.6218 lr=3.01e-05 tok/s=41,271 eta=283.7169367684633
step=8304 tokens=1088421888/1100000000 loss=3.7136 lr=3.01e-05 tok/s=41,130 eta=281.50153202576143
step=8305 tokens=1088552960/1100000000 loss=3.6680 lr=3.01e-05 tok/s=41,378 eta=276.6464977114317
step=8306 tokens=1088684032/1100000000 loss=3.5638 lr=3.01e-05 tok/s=41,149 eta=274.99927066165714
step=8307 tokens=1088815104/1100000000 loss=3.5749 lr=3.01e-05 tok/s=41,237 eta=271.23135537372724
step=8308 tokens=1088946176/1100000000 loss=3.5593 lr=3.01e-05 tok/s=41,113 eta=268.8629094474652
step=8309 tokens=1089077248/1100000000 loss=3.5965 lr=3.01e-05 tok/s=41,096 eta=265.78780861690404
step=8310 tokens=1089208320/1100000000 loss=3.5528 lr=3.01e-05 tok/s=41,091 eta=262.6297865421235
step=8311 tokens=1089339392/1100000000 loss=3.7064 lr=3.01e-05 tok/s=41,078 eta=259.518328255295
step=8312 tokens=1089470464/1100000000 loss=3.5797 lr=3.01e-05 tok/s=41,348 eta=254.6588181142152
step=8313 tokens=1089601536/1100000000 loss=3.6481 lr=3.01e-05 tok/s=41,238 eta=252.15680377555128
step=8314 tokens=1089732608/1100000000 loss=3.5987 lr=3.01e-05 tok/s=41,287 eta=248.68231945897875
step=8315 tokens=1089863680/1100000000 loss=3.5219 lr=3.01e-05 tok/s=41,362 eta=245.06174218639316
step=8316 tokens=1089994752/1100000000 loss=3.5485 lr=3.01e-05 tok/s=41,297 eta=242.2769215452664
step=8317 tokens=1090125824/1100000000 loss=3.5661 lr=3.01e-05 tok/s=29,681 eta=332.6761822714467
step=8318 tokens=1090256896/1100000000 loss=3.5269 lr=3.01e-05 tok/s=41,318 eta=235.80892570750893
step=8319 tokens=1090387968/1100000000 loss=3.6646 lr=3.01e-05 tok/s=41,333 eta=232.5483645756134
step=8320 tokens=1090519040/1100000000 loss=3.6061 lr=3.01e-05 tok/s=41,426 eta=228.86555066389715
step=8321 tokens=1090650112/1100000000 loss=3.6579 lr=3e-05 tok/s=41,121 eta=227.3753761619504
step=8322 tokens=1090781184/1100000000 loss=3.5903 lr=3e-05 tok/s=41,175 eta=223.89291918033229
step=8323 tokens=1090912256/1100000000 loss=3.6107 lr=3e-05 tok/s=41,279 eta=220.15153482443648
step=8324 tokens=1091043328/1100000000 loss=3.6160 lr=3e-05 tok/s=41,526 eta=215.68722093240007
step=8325 tokens=1091174400/1100000000 loss=3.5413 lr=3e-05 tok/s=41,185 eta=214.29208034121882
step=8326 tokens=1091305472/1100000000 loss=3.7097 lr=3e-05 tok/s=41,275 eta=210.6487987461743
step=8327 tokens=1091436544/1100000000 loss=3.8476 lr=3e-05 tok/s=41,186 eta=207.9212989667219
step=8328 tokens=1091567616/1100000000 loss=3.5880 lr=3e-05 tok/s=41,468 eta=203.346426903385
step=8329 tokens=1091698688/1100000000 loss=3.5617 lr=3e-05 tok/s=40,892 eta=203.00617060562558
step=8330 tokens=1091829760/1100000000 loss=3.5675 lr=3e-05 tok/s=41,290 eta=197.87444053850066
step=8331 tokens=1091960832/1100000000 loss=3.5299 lr=3e-05 tok/s=41,271 eta=194.78945869214508
step=8332 tokens=1092091904/1100000000 loss=3.4717 lr=3e-05 tok/s=41,327 eta=191.35338676746176
step=8333 tokens=1092222976/1100000000 loss=3.5918 lr=3e-05 tok/s=41,269 eta=188.44560824593103
step=8334 tokens=1092354048/1100000000 loss=3.6076 lr=3e-05 tok/s=41,401 eta=184.68019306520998
step=8335 tokens=1092485120/1100000000 loss=3.6246 lr=3e-05 tok/s=41,469 eta=181.21727459108428
step=8336 tokens=1092616192/1100000000 loss=3.6232 lr=3e-05 tok/s=41,582 eta=177.57173379538412
step=8337 tokens=1092747264/1100000000 loss=3.6528 lr=3e-05 tok/s=41,574 eta=174.45176351601728
step=8338 tokens=1092878336/1100000000 loss=3.6163 lr=3e-05 tok/s=41,834 eta=170.2381762564185
step=8339 tokens=1093009408/1100000000 loss=3.6076 lr=3e-05 tok/s=41,618 eta=167.96855197182214
step=8340 tokens=1093140480/1100000000 loss=3.6384 lr=3e-05 tok/s=41,526 eta=165.18423336833223
step=8341 tokens=1093271552/1100000000 loss=3.6024 lr=3e-05 tok/s=41,543 eta=161.96219467922197
step=8342 tokens=1093402624/1100000000 loss=3.8203 lr=3e-05 tok/s=41,383 eta=159.4241125296115
step=8343 tokens=1093533696/1100000000 loss=3.6494 lr=3e-05 tok/s=41,413 eta=156.14291407406185
step=8344 tokens=1093664768/1100000000 loss=3.7479 lr=3e-05 tok/s=41,462 eta=152.79642015842177
step=8345 tokens=1093795840/1100000000 loss=3.6211 lr=3e-05 tok/s=41,532 eta=149.3828144395748
step=8346 tokens=1093926912/1100000000 loss=3.5738 lr=3e-05 tok/s=41,430 eta=146.58760130312228
step=8347 tokens=1094057984/1100000000 loss=3.6008 lr=3e-05 tok/s=41,139 eta=144.4368401815806
step=8348 tokens=1094189056/1100000000 loss=3.5420 lr=3e-05 tok/s=41,271 eta=140.80001466738068
step=8349 tokens=1094320128/1100000000 loss=3.7118 lr=3e-05 tok/s=41,303 eta=137.51806349544398
step=8350 tokens=1094451200/1100000000 loss=3.6699 lr=3e-05 tok/s=41,429 eta=133.93598700790648
step=8351 tokens=1094582272/1100000000 loss=3.6523 lr=3e-05 tok/s=41,415 eta=130.81461394045064
step=8352 tokens=1094713344/1100000000 loss=3.6416 lr=3e-05 tok/s=41,408 eta=127.67145296282816
step=8353 tokens=1094844416/1100000000 loss=3.5623 lr=3e-05 tok/s=41,310 eta=124.8033353424749
step=8354 tokens=1094975488/1100000000 loss=3.6692 lr=3e-05 tok/s=41,093 eta=122.27262159409815
step=8355 tokens=1095106560/1100000000 loss=3.6838 lr=3e-05 tok/s=41,092 eta=119.08499516883298
step=8356 tokens=1095237632/1100000000 loss=3.6013 lr=3e-05 tok/s=41,288 eta=115.34510756197994
step=8357 tokens=1095368704/1100000000 loss=3.6814 lr=3e-05 tok/s=41,256 eta=112.25824980924854
step=8358 tokens=1095499776/1100000000 loss=3.6154 lr=3e-05 tok/s=41,289 eta=108.9921590535898
step=8359 tokens=1095630848/1100000000 loss=3.5551 lr=3e-05 tok/s=41,167 eta=106.13255786096873
step=8360 tokens=1095761920/1100000000 loss=3.4664 lr=3e-05 tok/s=41,298 eta=102.62069260893227
step=8361 tokens=1095892992/1100000000 loss=3.6132 lr=3e-05 tok/s=41,173 eta=99.74905321450953
step=8362 tokens=1096024064/1100000000 loss=3.5076 lr=3e-05 tok/s=41,201 eta=96.50049318765815
step=8363 tokens=1096155136/1100000000 loss=3.5411 lr=3e-05 tok/s=41,308 eta=93.07717606875838
step=8364 tokens=1096286208/1100000000 loss=3.6309 lr=3e-05 tok/s=41,332 eta=89.85284367962647
step=8365 tokens=1096417280/1100000000 loss=3.6800 lr=3e-05 tok/s=41,421 eta=86.49626653325186
step=8366 tokens=1096548352/1100000000 loss=3.6325 lr=3e-05 tok/s=41,669 eta=82.83472113565153
step=8367 tokens=1096679424/1100000000 loss=3.5601 lr=3e-05 tok/s=41,275 eta=80.44948487015313
step=8368 tokens=1096810496/1100000000 loss=3.5940 lr=3e-05 tok/s=41,539 eta=76.78373260450209
step=8369 tokens=1096941568/1100000000 loss=3.7397 lr=3e-05 tok/s=41,495 eta=73.70655654059385
step=8370 tokens=1097072640/1100000000 loss=3.6412 lr=3e-05 tok/s=41,606 eta=70.35833511785015
step=8371 tokens=1097203712/1100000000 loss=3.5999 lr=3e-05 tok/s=41,659 eta=67.12398936980875
step=8372 tokens=1097334784/1100000000 loss=3.6295 lr=3e-05 tok/s=41,567 eta=64.1189321227053
step=8373 tokens=1097465856/1100000000 loss=3.6694 lr=3e-05 tok/s=41,605 eta=60.909680764341324
step=8374 tokens=1097596928/1100000000 loss=3.6787 lr=3e-05 tok/s=41,352 eta=58.113133524889776
step=8375 tokens=1097728000/1100000000 loss=3.5989 lr=3e-05 tok/s=41,644 eta=54.558021992903605
step=8376 tokens=1097859072/1100000000 loss=3.7011 lr=3e-05 tok/s=41,633 eta=51.42431595342729
step=8377 tokens=1097990144/1100000000 loss=3.6125 lr=3e-05 tok/s=41,608 eta=48.304483748064655
step=8378 tokens=1098121216/1100000000 loss=3.5636 lr=3e-05 tok/s=41,510 eta=45.26135278728765
step=8379 tokens=1098252288/1100000000 loss=3.6081 lr=3e-05 tok/s=41,517 eta=42.09586605513351
step=8380 tokens=1098383360/1100000000 loss=3.6287 lr=3e-05 tok/s=41,570 eta=38.889785311389744
step=8381 tokens=1098514432/1100000000 loss=3.6086 lr=3e-05 tok/s=41,479 eta=35.81497404433955
step=8382 tokens=1098645504/1100000000 loss=3.5776 lr=3e-05 tok/s=41,613 eta=32.549959213894596
step=8383 tokens=1098776576/1100000000 loss=3.7116 lr=3e-05 tok/s=41,527 eta=29.460858037696514
step=8384 tokens=1098907648/1100000000 loss=3.5854 lr=3e-05 tok/s=41,469 eta=26.341211463001258
step=8385 tokens=1099038720/1100000000 loss=3.6526 lr=3e-05 tok/s=41,534 eta=23.144197649304488
step=8386 tokens=1099169792/1100000000 loss=3.5563 lr=3e-05 tok/s=41,633 eta=19.941285978508006
step=8387 tokens=1099300864/1100000000 loss=3.5272 lr=3e-05 tok/s=41,000 eta=17.05193855075663
step=8388 tokens=1099431936/1100000000 loss=3.6124 lr=3e-05 tok/s=41,219 eta=13.78166344233523
step=8389 tokens=1099563008/1100000000 loss=3.6019 lr=3e-05 tok/s=41,289 eta=10.583832344422746
step=8390 tokens=1099694080/1100000000 loss=3.5402 lr=3e-05 tok/s=41,368 eta=7.395115180661805
step=8391 tokens=1099825152/1100000000 loss=3.5802 lr=3e-05 tok/s=41,314 eta=4.23218500137196
step=8392 tokens=1099956224/1100000000 loss=3.5792 lr=3e-05 tok/s=41,043 eta=1.0665847101592476
step=8393 tokens=1100087296/1100000000 loss=3.5158 lr=3e-05 tok/s=29,832 eta=0.0
checkpoint saved: runs/20260905-021323/checkpoints/tokens_001100m (permanent_tokens)
checkpoint saved: runs/20260905-021323/checkpoints/step_000008393 (final)
